,TEAM_NAME,FG3M,FG3A,FG3_PCT,FTM,FTA,FT_PCT,OREB,DREB,REB,AST,STL,BLK,TO,PF,PTS,FG2M,FG2A,FG2_PCT,OUTCOME,DEFICIT_FGM,DEFICIT_FGA,DEFICIT_FG3M,DEFICIT_FG3A,DEFICIT_FTM,DEFICIT_FTA,DEFICIT_OREB,DEFICIT_DREB,DEFICIT_REB,DEFICIT_AST,DEFICIT_STL,DEFICIT_BLK,DEFICIT_TO,DEFICIT_PF,DEFICIT_FG2M,DEFICIT_FG2A
0,Trail Blazers,18,36,0.5,17,20,0.85,15,33,48,26,11,3,15,20,123,26,49,0.530612244898,1,0.536585365854,0.491329479769,0.58064516129,0.545454545455,0.435897435897,0.454545454545,0.5,0.559322033898,0.539325842697,0.590909090909,0.733333333333,0.5,0.555555555556,0.540540540541,0.509803921569,0.457943925234
1,Pacers,13,30,0.433,22,24,0.917,15,26,41,18,4,3,12,17,111,25,58,0.431034482759,0,0.463414634146,0.508670520231,0.41935483871,0.454545454545,0.564102564103,0.545454545455,0.5,0.440677966102,0.460674157303,0.409090909091,0.266666666667,0.5,0.444444444444,0.459459459459,0.490196078431,0.542056074766
