,TEAM_NAME,FG3M,FG3A,FG3_PCT,FTM,FTA,FT_PCT,OREB,DREB,REB,AST,STL,BLK,TO,PF,PTS,FG2M,FG2A,FG2_PCT,OUTCOME,DEFICIT_FGM,DEFICIT_FGA,DEFICIT_FG3M,DEFICIT_FG3A,DEFICIT_FTM,DEFICIT_FTA,DEFICIT_OREB,DEFICIT_DREB,DEFICIT_REB,DEFICIT_AST,DEFICIT_STL,DEFICIT_BLK,DEFICIT_TO,DEFICIT_PF,DEFICIT_FG2M,DEFICIT_FG2A
0,Spurs,9,27,0.333,17,27,0.63,13,28,41,23,8,11,13,23,100,28,58,0.48275862069,1,0.528571428571,0.512048192771,0.6,0.5625,0.425,0.5,0.5,0.459016393443,0.471264367816,0.522727272727,0.533333333333,0.785714285714,0.41935483871,0.522727272727,0.509090909091,0.491525423729
1,Thunder,6,21,0.286,23,27,0.852,13,33,46,21,7,3,18,21,95,27,60,0.45,0,0.471428571429,0.487951807229,0.4,0.4375,0.575,0.5,0.5,0.540983606557,0.528735632184,0.477272727273,0.466666666667,0.214285714286,0.58064516129,0.477272727273,0.490909090909,0.508474576271
