,TEAM_NAME,FG3M,FG3A,FG3_PCT,FTM,FTA,FT_PCT,OREB,DREB,REB,AST,STL,BLK,TO,PF,PTS,FG2M,FG2A,FG2_PCT,OUTCOME,DEFICIT_FGM,DEFICIT_FGA,DEFICIT_FG3M,DEFICIT_FG3A,DEFICIT_FTM,DEFICIT_FTA,DEFICIT_OREB,DEFICIT_DREB,DEFICIT_REB,DEFICIT_AST,DEFICIT_STL,DEFICIT_BLK,DEFICIT_TO,DEFICIT_PF,DEFICIT_FG2M,DEFICIT_FG2A
0,Magic,12,30,0.4,24,25,0.96,11,37,48,28,9,4,9,21,116,28,68,0.411764705882,0,0.512820512821,0.538461538462,0.5,0.47619047619,0.452830188679,0.423728813559,0.6875,0.480519480519,0.516129032258,0.509090909091,0.6,0.444444444444,0.45,0.538461538462,0.518518518519,0.571428571429
1,Celtics,12,33,0.364,29,34,0.853,5,40,45,27,6,5,11,18,117,26,51,0.509803921569,1,0.487179487179,0.461538461538,0.5,0.52380952381,0.547169811321,0.576271186441,0.3125,0.519480519481,0.483870967742,0.490909090909,0.4,0.555555555556,0.55,0.461538461538,0.481481481481,0.428571428571
