,TEAM_NAME,FG3M,FG3A,FG3_PCT,FTM,FTA,FT_PCT,OREB,DREB,REB,AST,STL,BLK,TO,PF,PTS,FG2M,FG2A,FG2_PCT,OUTCOME,DEFICIT_FGM,DEFICIT_FGA,DEFICIT_FG3M,DEFICIT_FG3A,DEFICIT_FTM,DEFICIT_FTA,DEFICIT_OREB,DEFICIT_DREB,DEFICIT_REB,DEFICIT_AST,DEFICIT_STL,DEFICIT_BLK,DEFICIT_TO,DEFICIT_PF,DEFICIT_FG2M,DEFICIT_FG2A
0,Thunder,6,20,0.3,22,31,0.71,6,35,41,24,8,6,13,20,102,31,60,0.5166666666666667,1,0.5138888888888888,0.5,0.46153846153846156,0.43478260869565216,0.6111111111111112,0.6078431372549019,0.35294117647058826,0.5384615384615384,0.5,0.5581395348837209,0.6666666666666666,0.375,0.43333333333333335,0.43478260869565216,0.5254237288135594,0.5263157894736842
1,Nuggets,7,26,0.269,14,20,0.7,11,30,41,19,4,10,17,26,91,28,54,0.5185185185185185,0,0.4861111111111111,0.5,0.5384615384615384,0.5652173913043478,0.3888888888888889,0.39215686274509803,0.6470588235294118,0.46153846153846156,0.5,0.4418604651162791,0.3333333333333333,0.625,0.5666666666666667,0.5652173913043478,0.4745762711864407,0.47368421052631576
