,TEAM_NAME,FG3M,FG3A,FG3_PCT,FTM,FTA,FT_PCT,OREB,DREB,REB,AST,STL,BLK,TO,PF,PTS,FG2M,FG2A,FG2_PCT,OUTCOME,DEFICIT_FGM,DEFICIT_FGA,DEFICIT_FG3M,DEFICIT_FG3A,DEFICIT_FTM,DEFICIT_FTA,DEFICIT_OREB,DEFICIT_DREB,DEFICIT_REB,DEFICIT_AST,DEFICIT_STL,DEFICIT_BLK,DEFICIT_TO,DEFICIT_PF,DEFICIT_FG2M,DEFICIT_FG2A
0,Grizzlies,3,11,0.273,10,13,0.769,9,36,45,16,8,0,18,22,71,26,69,0.376811594203,1,0.527272727273,0.526315789474,0.428571428571,0.44,0.434782608696,0.41935483871,0.642857142857,0.48,0.505617977528,0.484848484848,0.444444444444,0.0,0.473684210526,0.578947368421,0.541666666667,0.543307086614
1,Hornets,4,14,0.286,13,18,0.722,5,39,44,17,10,4,20,16,69,22,58,0.379310344828,0,0.472727272727,0.473684210526,0.571428571429,0.56,0.565217391304,0.58064516129,0.357142857143,0.52,0.494382022472,0.515151515152,0.555555555556,1.0,0.526315789474,0.421052631579,0.458333333333,0.456692913386
