,TEAM_NAME,FG3M,FG3A,FG3_PCT,FTM,FTA,FT_PCT,OREB,DREB,REB,AST,STL,BLK,TO,PF,PTS,FG2M,FG2A,FG2_PCT,OUTCOME,DEFICIT_FGM,DEFICIT_FGA,DEFICIT_FG3M,DEFICIT_FG3A,DEFICIT_FTM,DEFICIT_FTA,DEFICIT_OREB,DEFICIT_DREB,DEFICIT_REB,DEFICIT_AST,DEFICIT_STL,DEFICIT_BLK,DEFICIT_TO,DEFICIT_PF,DEFICIT_FG2M,DEFICIT_FG2A
0,Raptors,4,21,0.19,38,48,0.792,15,35,50,13,4,4,7,21,108,29,62,0.46774193548387094,1,0.4647887323943662,0.5060975609756098,0.36363636363636365,0.5121951219512195,0.76,0.6666666666666666,0.625,0.5303030303030303,0.5555555555555556,0.34210526315789475,0.5714285714285714,0.36363636363636365,0.3333333333333333,0.3620689655172414,0.48333333333333334,0.5040650406504065
1,Magic,7,20,0.35,12,24,0.5,9,31,40,25,3,7,14,37,95,31,61,0.5081967213114754,0,0.5352112676056338,0.49390243902439024,0.6363636363636364,0.4878048780487805,0.24,0.3333333333333333,0.375,0.4696969696969697,0.4444444444444444,0.6578947368421053,0.42857142857142855,0.6363636363636364,0.6666666666666666,0.6379310344827587,0.5166666666666667,0.4959349593495935
