,TEAM_NAME,FG3M,FG3A,FG3_PCT,FTM,FTA,FT_PCT,OREB,DREB,REB,AST,STL,BLK,TO,PF,PTS,FG2M,FG2A,FG2_PCT,OUTCOME,DEFICIT_FGM,DEFICIT_FGA,DEFICIT_FG3M,DEFICIT_FG3A,DEFICIT_FTM,DEFICIT_FTA,DEFICIT_OREB,DEFICIT_DREB,DEFICIT_REB,DEFICIT_AST,DEFICIT_STL,DEFICIT_BLK,DEFICIT_TO,DEFICIT_PF,DEFICIT_FG2M,DEFICIT_FG2A
0,Timberwolves,4,12,0.333,25,31,0.806,13,29,42,26,9,4,10,29,105,34,73,0.465753424658,0,0.535211267606,0.551948051948,0.307692307692,0.342857142857,0.446428571429,0.43661971831,0.722222222222,0.467741935484,0.525,0.634146341463,0.75,0.333333333333,0.416666666667,0.547169811321,0.586206896552,0.613445378151
1,Bulls,9,23,0.391,31,40,0.775,5,33,38,15,3,8,14,24,106,24,46,0.521739130435,1,0.464788732394,0.448051948052,0.692307692308,0.657142857143,0.553571428571,0.56338028169,0.277777777778,0.532258064516,0.475,0.365853658537,0.25,0.666666666667,0.583333333333,0.452830188679,0.413793103448,0.386554621849
