,TEAM_NAME,FG3M,FG3A,FG3_PCT,FTM,FTA,FT_PCT,OREB,DREB,REB,AST,STL,BLK,TO,PF,PTS,FG2M,FG2A,FG2_PCT,OUTCOME,DEFICIT_FGM,DEFICIT_FGA,DEFICIT_FG3M,DEFICIT_FG3A,DEFICIT_FTM,DEFICIT_FTA,DEFICIT_OREB,DEFICIT_DREB,DEFICIT_REB,DEFICIT_AST,DEFICIT_STL,DEFICIT_BLK,DEFICIT_TO,DEFICIT_PF,DEFICIT_FG2M,DEFICIT_FG2A
0,Pelicans,7,19,0.368,21,28,0.75,14,33,47,24,8,4,13,19,104,31,70,0.44285714285714284,0,0.4523809523809524,0.5,0.5384615384615384,0.4318181818181818,0.65625,0.5957446808510638,0.56,0.5,0.5164835164835165,0.4897959183673469,0.6666666666666666,0.4,0.52,0.4318181818181818,0.43661971830985913,0.5223880597014925
1,Mavericks,6,25,0.24,11,19,0.579,11,33,44,25,4,6,12,25,109,40,64,0.625,1,0.5476190476190477,0.5,0.46153846153846156,0.5681818181818182,0.34375,0.40425531914893614,0.44,0.5,0.4835164835164835,0.5102040816326531,0.3333333333333333,0.6,0.48,0.5681818181818182,0.5633802816901409,0.47761194029850745
