,TEAM_NAME,FG3M,FG3A,FG3_PCT,FTM,FTA,FT_PCT,OREB,DREB,REB,AST,STL,BLK,TO,PF,PTS,FG2M,FG2A,FG2_PCT,OUTCOME,DEFICIT_FGM,DEFICIT_FGA,DEFICIT_FG3M,DEFICIT_FG3A,DEFICIT_FTM,DEFICIT_FTA,DEFICIT_OREB,DEFICIT_DREB,DEFICIT_REB,DEFICIT_AST,DEFICIT_STL,DEFICIT_BLK,DEFICIT_TO,DEFICIT_PF,DEFICIT_FG2M,DEFICIT_FG2A
0,Wizards,4,13,0.308,24,33,0.727,6,28,34,28,18,5,19,21,108,36,60,0.6,1,0.5405405405405406,0.477124183006536,0.3076923076923077,0.37142857142857144,0.5454545454545454,0.5789473684210527,0.2727272727272727,0.5185185185185185,0.4473684210526316,0.6086956521739131,0.6206896551724138,0.625,0.41304347826086957,0.42857142857142855,0.5901639344262295,0.5084745762711864
1,Bucks,9,22,0.409,20,24,0.833,16,26,42,18,11,3,27,28,97,25,58,0.43103448275862066,0,0.4594594594594595,0.5228758169934641,0.6923076923076923,0.6285714285714286,0.45454545454545453,0.42105263157894735,0.7272727272727273,0.48148148148148145,0.5526315789473685,0.391304347826087,0.3793103448275862,0.375,0.5869565217391305,0.5714285714285714,0.4098360655737705,0.4915254237288136
