,TEAM_NAME,FG3M,FG3A,FG3_PCT,FTM,FTA,FT_PCT,OREB,DREB,REB,AST,STL,BLK,TO,PF,PTS,FG2M,FG2A,FG2_PCT,OUTCOME,DEFICIT_FGM,DEFICIT_FGA,DEFICIT_FG3M,DEFICIT_FG3A,DEFICIT_FTM,DEFICIT_FTA,DEFICIT_OREB,DEFICIT_DREB,DEFICIT_REB,DEFICIT_AST,DEFICIT_STL,DEFICIT_BLK,DEFICIT_TO,DEFICIT_PF,DEFICIT_FG2M,DEFICIT_FG2A
0,Thunder,6,20,0.3,22,31,0.71,6,35,41,24,8,6,13,20,102,31,60,0.516666666667,1,0.513888888889,0.5,0.461538461538,0.434782608696,0.611111111111,0.607843137255,0.352941176471,0.538461538462,0.5,0.558139534884,0.666666666667,0.375,0.433333333333,0.434782608696,0.525423728814,0.526315789474
1,Nuggets,7,26,0.269,14,20,0.7,11,30,41,19,4,10,17,26,91,28,54,0.518518518519,0,0.486111111111,0.5,0.538461538462,0.565217391304,0.388888888889,0.392156862745,0.647058823529,0.461538461538,0.5,0.441860465116,0.333333333333,0.625,0.566666666667,0.565217391304,0.474576271186,0.473684210526
