,TEAM_NAME,FG3M,FG3A,FG3_PCT,FTM,FTA,FT_PCT,OREB,DREB,REB,AST,STL,BLK,TO,PF,PTS,FG2M,FG2A,FG2_PCT,OUTCOME,DEFICIT_FGM,DEFICIT_FGA,DEFICIT_FG3M,DEFICIT_FG3A,DEFICIT_FTM,DEFICIT_FTA,DEFICIT_OREB,DEFICIT_DREB,DEFICIT_REB,DEFICIT_AST,DEFICIT_STL,DEFICIT_BLK,DEFICIT_TO,DEFICIT_PF,DEFICIT_FG2M,DEFICIT_FG2A
0,Pacers,12,32,0.375,18,21,0.857,11,33,44,25,5,5,18,26,92,19,49,0.3877551020408163,0,0.4696969696969697,0.54,0.631578947368421,0.6153846153846154,0.4186046511627907,0.3888888888888889,0.7857142857142857,0.4925373134328358,0.5432098765432098,0.49019607843137253,0.3333333333333333,0.45454545454545453,0.6,0.5652173913043478,0.40425531914893614,0.5
1,Hawks,7,20,0.35,25,33,0.758,3,34,37,26,10,6,12,20,102,28,49,0.5714285714285714,1,0.5303030303030303,0.46,0.3684210526315789,0.38461538461538464,0.5813953488372093,0.6111111111111112,0.21428571428571427,0.5074626865671642,0.4567901234567901,0.5098039215686274,0.6666666666666666,0.5454545454545454,0.4,0.43478260869565216,0.5957446808510638,0.5
