,TEAM_NAME,FG3M,FG3A,FG3_PCT,FTM,FTA,FT_PCT,OREB,DREB,REB,AST,STL,BLK,TO,PF,PTS,FG2M,FG2A,FG2_PCT,OUTCOME,DEFICIT_FGM,DEFICIT_FGA,DEFICIT_FG3M,DEFICIT_FG3A,DEFICIT_FTM,DEFICIT_FTA,DEFICIT_OREB,DEFICIT_DREB,DEFICIT_REB,DEFICIT_AST,DEFICIT_STL,DEFICIT_BLK,DEFICIT_TO,DEFICIT_PF,DEFICIT_FG2M,DEFICIT_FG2A
0,Grizzlies,3,11,0.273,10,13,0.769,9,36,45,16,8,0,18,22,71,26,69,0.37681159420289856,1,0.5272727272727272,0.5263157894736842,0.42857142857142855,0.44,0.43478260869565216,0.41935483870967744,0.6428571428571429,0.48,0.5056179775280899,0.48484848484848486,0.4444444444444444,0.0,0.47368421052631576,0.5789473684210527,0.5416666666666666,0.5433070866141733
1,Hornets,4,14,0.286,13,18,0.722,5,39,44,17,10,4,20,16,69,22,58,0.3793103448275862,0,0.4727272727272727,0.47368421052631576,0.5714285714285714,0.56,0.5652173913043478,0.5806451612903226,0.35714285714285715,0.52,0.4943820224719101,0.5151515151515151,0.5555555555555556,1.0,0.5263157894736842,0.42105263157894735,0.4583333333333333,0.4566929133858268
