,TEAM_NAME,FG3M,FG3A,FG3_PCT,FTM,FTA,FT_PCT,OREB,DREB,REB,AST,STL,BLK,TO,PF,PTS,FG2M,FG2A,FG2_PCT,OUTCOME,DEFICIT_FGM,DEFICIT_FGA,DEFICIT_FG3M,DEFICIT_FG3A,DEFICIT_FTM,DEFICIT_FTA,DEFICIT_OREB,DEFICIT_DREB,DEFICIT_REB,DEFICIT_AST,DEFICIT_STL,DEFICIT_BLK,DEFICIT_TO,DEFICIT_PF,DEFICIT_FG2M,DEFICIT_FG2A
0,76ers,7,23,0.304,19,26,0.731,4,33,37,28,9,10,24,21,96,28,44,0.636363636364,0,0.460526315789,0.446666666667,0.368421052632,0.489361702128,0.487179487179,0.472727272727,0.307692307692,0.559322033898,0.513888888889,0.459016393443,0.36,1.0,0.6,0.512195121951,0.491228070175,0.427184466019
1,Heat,12,24,0.5,20,29,0.69,9,26,35,33,16,0,16,20,114,29,59,0.491525423729,1,0.539473684211,0.553333333333,0.631578947368,0.510638297872,0.512820512821,0.527272727273,0.692307692308,0.440677966102,0.486111111111,0.540983606557,0.64,0.0,0.4,0.487804878049,0.508771929825,0.572815533981
