,TEAM_NAME,FG3M,FG3A,FG3_PCT,FTM,FTA,FT_PCT,OREB,DREB,REB,AST,STL,BLK,TO,PF,PTS,FG2M,FG2A,FG2_PCT,OUTCOME,DEFICIT_FGM,DEFICIT_FGA,DEFICIT_FG3M,DEFICIT_FG3A,DEFICIT_FTM,DEFICIT_FTA,DEFICIT_OREB,DEFICIT_DREB,DEFICIT_REB,DEFICIT_AST,DEFICIT_STL,DEFICIT_BLK,DEFICIT_TO,DEFICIT_PF,DEFICIT_FG2M,DEFICIT_FG2A
0,Rockets,12,34,0.353,28,40,0.7,10,39,49,20,9,8,17,24,104,20,42,0.47619047619,1,0.463768115942,0.436781609195,0.923076923077,0.576271186441,0.651162790698,0.689655172414,0.416666666667,0.565217391304,0.52688172043,0.5,0.473684210526,0.5,0.62962962963,0.48,0.357142857143,0.365217391304
1,Celtics,1,25,0.04,15,18,0.833,14,30,44,20,10,8,10,26,90,36,73,0.493150684932,0,0.536231884058,0.563218390805,0.0769230769231,0.423728813559,0.348837209302,0.310344827586,0.583333333333,0.434782608696,0.47311827957,0.5,0.526315789474,0.5,0.37037037037,0.52,0.642857142857,0.634782608696
