,TEAM_NAME,FG3M,FG3A,FG3_PCT,FTM,FTA,FT_PCT,OREB,DREB,REB,AST,STL,BLK,TO,PF,PTS,FG2M,FG2A,FG2_PCT,OUTCOME,DEFICIT_FGM,DEFICIT_FGA,DEFICIT_FG3M,DEFICIT_FG3A,DEFICIT_FTM,DEFICIT_FTA,DEFICIT_OREB,DEFICIT_DREB,DEFICIT_REB,DEFICIT_AST,DEFICIT_STL,DEFICIT_BLK,DEFICIT_TO,DEFICIT_PF,DEFICIT_FG2M,DEFICIT_FG2A
0,76ers,11,28,0.393,15,20,0.75,10,27,37,18,10,4,23,20,70,11,41,0.2682926829268293,0,0.3793103448275862,0.46,0.6875,0.5833333333333334,0.5769230769230769,0.5405405405405406,0.43478260869565216,0.4426229508196721,0.44047619047619047,0.4186046511627907,0.38461538461538464,0.4444444444444444,0.575,0.5714285714285714,0.2619047619047619,0.4019607843137255
1,Nets,5,20,0.25,11,17,0.647,13,34,47,25,16,5,17,15,88,31,61,0.5081967213114754,1,0.6206896551724138,0.54,0.3125,0.4166666666666667,0.4230769230769231,0.4594594594594595,0.5652173913043478,0.5573770491803278,0.5595238095238095,0.5813953488372093,0.6153846153846154,0.5555555555555556,0.425,0.42857142857142855,0.7380952380952381,0.5980392156862745
