,TEAM_NAME,FG3M,FG3A,FG3_PCT,FTM,FTA,FT_PCT,OREB,DREB,REB,AST,STL,BLK,TO,PF,PTS,FG2M,FG2A,FG2_PCT,OUTCOME,DEFICIT_FGM,DEFICIT_FGA,DEFICIT_FG3M,DEFICIT_FG3A,DEFICIT_FTM,DEFICIT_FTA,DEFICIT_OREB,DEFICIT_DREB,DEFICIT_REB,DEFICIT_AST,DEFICIT_STL,DEFICIT_BLK,DEFICIT_TO,DEFICIT_PF,DEFICIT_FG2M,DEFICIT_FG2A
0,Suns,10,31,0.323,15,19,0.789,10,27,37,16,11,5,17,24,103,29,52,0.557692307692,0,0.493670886076,0.497005988024,0.714285714286,0.673913043478,0.416666666667,0.413043478261,0.434782608696,0.44262295082,0.440476190476,0.484848484848,0.5,0.625,0.485714285714,0.571428571429,0.446153846154,0.429752066116
1,Pistons,4,15,0.267,21,27,0.778,13,34,47,17,11,3,18,18,105,36,69,0.521739130435,1,0.506329113924,0.502994011976,0.285714285714,0.326086956522,0.583333333333,0.586956521739,0.565217391304,0.55737704918,0.559523809524,0.515151515152,0.5,0.375,0.514285714286,0.428571428571,0.553846153846,0.570247933884
