,TEAM_NAME,FG3M,FG3A,FG3_PCT,FTM,FTA,FT_PCT,OREB,DREB,REB,AST,STL,BLK,TO,PF,PTS,FG2M,FG2A,FG2_PCT,OUTCOME,DEFICIT_FGM,DEFICIT_FGA,DEFICIT_FG3M,DEFICIT_FG3A,DEFICIT_FTM,DEFICIT_FTA,DEFICIT_OREB,DEFICIT_DREB,DEFICIT_REB,DEFICIT_AST,DEFICIT_STL,DEFICIT_BLK,DEFICIT_TO,DEFICIT_PF,DEFICIT_FG2M,DEFICIT_FG2A
0,Knicks,6,16,0.375,15,18,0.833,11,29,40,26,13,5,13,20,101,34,65,0.5230769230769231,1,0.5194805194805194,0.4879518072289157,0.46153846153846156,0.42105263157894735,0.5172413793103449,0.5,0.4782608695652174,0.5,0.49382716049382713,0.48148148148148145,0.8125,0.625,0.43333333333333335,0.5263157894736842,0.53125,0.5078125
1,Celtics,7,22,0.318,14,18,0.778,12,29,41,28,3,3,17,18,95,30,63,0.47619047619047616,0,0.4805194805194805,0.5120481927710844,0.5384615384615384,0.5789473684210527,0.4827586206896552,0.5,0.5217391304347826,0.5,0.5061728395061729,0.5185185185185185,0.1875,0.375,0.5666666666666667,0.47368421052631576,0.46875,0.4921875
