,TEAM_NAME,FG3M,FG3A,FG3_PCT,FTM,FTA,FT_PCT,OREB,DREB,REB,AST,STL,BLK,TO,PF,PTS,FG2M,FG2A,FG2_PCT,OUTCOME,DEFICIT_FGM,DEFICIT_FGA,DEFICIT_FG3M,DEFICIT_FG3A,DEFICIT_FTM,DEFICIT_FTA,DEFICIT_OREB,DEFICIT_DREB,DEFICIT_REB,DEFICIT_AST,DEFICIT_STL,DEFICIT_BLK,DEFICIT_TO,DEFICIT_PF,DEFICIT_FG2M,DEFICIT_FG2A
0,Magic,9,26,0.346,12,16,0.75,9,37,46,14,3,4,18,27,81,21,51,0.4117647058823529,0,0.5084745762711864,0.4967741935483871,0.5,0.4727272727272727,0.375,0.37209302325581395,0.6428571428571429,0.5,0.5227272727272727,0.3684210526315789,0.2,0.5714285714285714,0.6,0.6923076923076923,0.5121951219512195,0.51
1,Hawks,9,29,0.31,20,27,0.741,5,37,42,24,12,3,12,12,87,20,49,0.40816326530612246,1,0.4915254237288136,0.5032258064516129,0.5,0.5272727272727272,0.625,0.627906976744186,0.35714285714285715,0.5,0.4772727272727273,0.631578947368421,0.8,0.42857142857142855,0.4,0.3076923076923077,0.4878048780487805,0.49
