,TEAM_NAME,FG3M,FG3A,FG3_PCT,FTM,FTA,FT_PCT,OREB,DREB,REB,AST,STL,BLK,TO,PF,PTS,FG2M,FG2A,FG2_PCT,OUTCOME,DEFICIT_FGM,DEFICIT_FGA,DEFICIT_FG3M,DEFICIT_FG3A,DEFICIT_FTM,DEFICIT_FTA,DEFICIT_OREB,DEFICIT_DREB,DEFICIT_REB,DEFICIT_AST,DEFICIT_STL,DEFICIT_BLK,DEFICIT_TO,DEFICIT_PF,DEFICIT_FG2M,DEFICIT_FG2A
0,Knicks,6,16,0.375,15,18,0.833,11,29,40,26,13,5,13,20,101,34,65,0.523076923077,1,0.519480519481,0.487951807229,0.461538461538,0.421052631579,0.51724137931,0.5,0.478260869565,0.5,0.493827160494,0.481481481481,0.8125,0.625,0.433333333333,0.526315789474,0.53125,0.5078125
1,Celtics,7,22,0.318,14,18,0.778,12,29,41,28,3,3,17,18,95,30,63,0.47619047619,0,0.480519480519,0.512048192771,0.538461538462,0.578947368421,0.48275862069,0.5,0.521739130435,0.5,0.506172839506,0.518518518519,0.1875,0.375,0.566666666667,0.473684210526,0.46875,0.4921875
