,TEAM_NAME,FG3M,FG3A,FG3_PCT,FTM,FTA,FT_PCT,OREB,DREB,REB,AST,STL,BLK,TO,PF,PTS,FG2M,FG2A,FG2_PCT,OUTCOME,DEFICIT_FGM,DEFICIT_FGA,DEFICIT_FG3M,DEFICIT_FG3A,DEFICIT_FTM,DEFICIT_FTA,DEFICIT_OREB,DEFICIT_DREB,DEFICIT_REB,DEFICIT_AST,DEFICIT_STL,DEFICIT_BLK,DEFICIT_TO,DEFICIT_PF,DEFICIT_FG2M,DEFICIT_FG2A
0,Thunder,6,24,0.25,15,20,0.75,16,31,47,23,11,6,17,23,111,39,64,0.609375,1,0.5555555555555556,0.5301204819277109,0.8571428571428571,0.7741935483870968,0.4411764705882353,0.40816326530612246,0.64,0.5849056603773585,0.6025641025641025,0.5227272727272727,0.5,0.4,0.53125,0.5897435897435898,0.527027027027027,0.4740740740740741
1,Timberwolves,1,7,0.143,19,29,0.655,9,22,31,21,11,9,15,16,92,35,71,0.49295774647887325,0,0.4444444444444444,0.46987951807228917,0.14285714285714285,0.22580645161290322,0.5588235294117647,0.5918367346938775,0.36,0.41509433962264153,0.3974358974358974,0.4772727272727273,0.5,0.6,0.46875,0.41025641025641024,0.47297297297297297,0.5259259259259259
