,TEAM_NAME,FG3M,FG3A,FG3_PCT,FTM,FTA,FT_PCT,OREB,DREB,REB,AST,STL,BLK,TO,PF,PTS,FG2M,FG2A,FG2_PCT,OUTCOME,DEFICIT_FGM,DEFICIT_FGA,DEFICIT_FG3M,DEFICIT_FG3A,DEFICIT_FTM,DEFICIT_FTA,DEFICIT_OREB,DEFICIT_DREB,DEFICIT_REB,DEFICIT_AST,DEFICIT_STL,DEFICIT_BLK,DEFICIT_TO,DEFICIT_PF,DEFICIT_FG2M,DEFICIT_FG2A
0,Spurs,12,31,0.387,14,21,0.667,12,35,47,23,10,5,19,16,110,30,59,0.5084745762711864,0,0.4883720930232558,0.4838709677419355,0.5,0.5636363636363636,0.5384615384615384,0.5833333333333334,0.46153846153846156,0.5,0.4895833333333333,0.46,0.47619047619047616,0.5555555555555556,0.5757575757575758,0.45714285714285713,0.4838709677419355,0.45038167938931295
1,Lakers,12,24,0.5,12,15,0.8,14,35,49,27,11,4,14,19,112,32,72,0.4444444444444444,1,0.5116279069767442,0.5161290322580645,0.5,0.43636363636363634,0.46153846153846156,0.4166666666666667,0.5384615384615384,0.5,0.5104166666666666,0.54,0.5238095238095238,0.4444444444444444,0.42424242424242425,0.5428571428571428,0.5161290322580645,0.549618320610687
