,TEAM_NAME,FG3M,FG3A,FG3_PCT,FTM,FTA,FT_PCT,OREB,DREB,REB,AST,STL,BLK,TO,PF,PTS,FG2M,FG2A,FG2_PCT,OUTCOME,DEFICIT_FGM,DEFICIT_FGA,DEFICIT_FG3M,DEFICIT_FG3A,DEFICIT_FTM,DEFICIT_FTA,DEFICIT_OREB,DEFICIT_DREB,DEFICIT_REB,DEFICIT_AST,DEFICIT_STL,DEFICIT_BLK,DEFICIT_TO,DEFICIT_PF,DEFICIT_FG2M,DEFICIT_FG2A
0,Jazz,5,24,0.208,14,20,0.7,16,31,47,17,2,6,9,18,89,30,57,0.5263157894736842,0,0.5072463768115942,0.5159235668789809,0.35714285714285715,0.48,0.45161290322580644,0.4444444444444444,0.6153846153846154,0.5344827586206896,0.5595238095238095,0.5666666666666667,0.2222222222222222,0.5,0.5294117647058824,0.47368421052631576,0.5454545454545454,0.5327102803738317
1,Clippers,9,26,0.346,17,25,0.68,10,27,37,13,7,6,8,20,94,25,50,0.5,1,0.4927536231884058,0.4840764331210191,0.6428571428571429,0.52,0.5483870967741935,0.5555555555555556,0.38461538461538464,0.46551724137931033,0.44047619047619047,0.43333333333333335,0.7777777777777778,0.5,0.47058823529411764,0.5263157894736842,0.45454545454545453,0.4672897196261682
