,TEAM_NAME,FG3M,FG3A,FG3_PCT,FTM,FTA,FT_PCT,OREB,DREB,REB,AST,STL,BLK,TO,PF,PTS,FG2M,FG2A,FG2_PCT,OUTCOME,DEFICIT_FGM,DEFICIT_FGA,DEFICIT_FG3M,DEFICIT_FG3A,DEFICIT_FTM,DEFICIT_FTA,DEFICIT_OREB,DEFICIT_DREB,DEFICIT_REB,DEFICIT_AST,DEFICIT_STL,DEFICIT_BLK,DEFICIT_TO,DEFICIT_PF,DEFICIT_FG2M,DEFICIT_FG2A
0,Pelicans,3,15,0.2,18,24,0.75,17,31,48,15,2,6,9,15,85,29,67,0.43283582089552236,0,0.4507042253521127,0.49101796407185627,0.23076923076923078,0.46875,0.782608695652174,0.7741935483870968,0.68,0.5,0.5517241379310345,0.3333333333333333,0.3333333333333333,0.46153846153846156,0.5294117647058824,0.40540540540540543,0.5,0.4962962962962963
1,Nuggets,10,17,0.588,5,7,0.714,8,31,39,30,4,7,8,22,93,29,68,0.4264705882352941,1,0.5492957746478874,0.5089820359281437,0.7692307692307693,0.53125,0.21739130434782608,0.22580645161290322,0.32,0.5,0.4482758620689655,0.6666666666666666,0.6666666666666666,0.5384615384615384,0.47058823529411764,0.5945945945945946,0.5,0.5037037037037037
