,TEAM_NAME,FG3M,FG3A,FG3_PCT,FTM,FTA,FT_PCT,OREB,DREB,REB,AST,STL,BLK,TO,PF,PTS,FG2M,FG2A,FG2_PCT,OUTCOME,DEFICIT_FGM,DEFICIT_FGA,DEFICIT_FG3M,DEFICIT_FG3A,DEFICIT_FTM,DEFICIT_FTA,DEFICIT_OREB,DEFICIT_DREB,DEFICIT_REB,DEFICIT_AST,DEFICIT_STL,DEFICIT_BLK,DEFICIT_TO,DEFICIT_PF,DEFICIT_FG2M,DEFICIT_FG2A
0,76ers,7,21,0.333,8,12,0.667,13,35,48,27,11,10,19,19,89,30,57,0.5263157894736842,1,0.6166666666666667,0.5098039215686274,0.7777777777777778,0.5121951219512195,0.27586206896551724,0.34285714285714286,0.48148148148148145,0.5932203389830508,0.5581395348837209,0.6428571428571429,0.4782608695652174,0.6666666666666666,0.5277777777777778,0.5428571428571428,0.5882352941176471,0.5089285714285714
1,Pistons,2,20,0.1,21,23,0.913,14,24,38,15,12,5,17,16,69,21,55,0.38181818181818183,0,0.38333333333333336,0.49019607843137253,0.2222222222222222,0.4878048780487805,0.7241379310344828,0.6571428571428571,0.5185185185185185,0.4067796610169492,0.4418604651162791,0.35714285714285715,0.5217391304347826,0.3333333333333333,0.4722222222222222,0.45714285714285713,0.4117647058823529,0.49107142857142855
