,TEAM_NAME,FG3M,FG3A,FG3_PCT,FTM,FTA,FT_PCT,OREB,DREB,REB,AST,STL,BLK,TO,PF,PTS,FG2M,FG2A,FG2_PCT,OUTCOME,DEFICIT_FGM,DEFICIT_FGA,DEFICIT_FG3M,DEFICIT_FG3A,DEFICIT_FTM,DEFICIT_FTA,DEFICIT_OREB,DEFICIT_DREB,DEFICIT_REB,DEFICIT_AST,DEFICIT_STL,DEFICIT_BLK,DEFICIT_TO,DEFICIT_PF,DEFICIT_FG2M,DEFICIT_FG2A
0,Spurs,10,29,0.345,15,18,0.833,10,39,49,23,7,8,14,14,95,25,54,0.46296296296296297,1,0.5072463768115942,0.5,0.625,0.6170212765957447,0.5555555555555556,0.5625,0.5555555555555556,0.527027027027027,0.532608695652174,0.5,0.5,0.6666666666666666,0.5384615384615384,0.45161290322580644,0.4716981132075472,0.453781512605042
1,Hornets,6,18,0.333,12,14,0.857,8,35,43,23,7,4,12,17,86,28,65,0.4307692307692308,0,0.4927536231884058,0.5,0.375,0.3829787234042553,0.4444444444444444,0.4375,0.4444444444444444,0.47297297297297297,0.4673913043478261,0.5,0.5,0.3333333333333333,0.46153846153846156,0.5483870967741935,0.5283018867924528,0.5462184873949579
