,TEAM_NAME,FG3M,FG3A,FG3_PCT,FTM,FTA,FT_PCT,OREB,DREB,REB,AST,STL,BLK,TO,PF,PTS,FG2M,FG2A,FG2_PCT,OUTCOME,DEFICIT_FGM,DEFICIT_FGA,DEFICIT_FG3M,DEFICIT_FG3A,DEFICIT_FTM,DEFICIT_FTA,DEFICIT_OREB,DEFICIT_DREB,DEFICIT_REB,DEFICIT_AST,DEFICIT_STL,DEFICIT_BLK,DEFICIT_TO,DEFICIT_PF,DEFICIT_FG2M,DEFICIT_FG2A
0,Raptors,17,34,0.5,16,19,0.842,11,28,39,29,12,4,16,24,119,26,50,0.52,1,0.551282051282,0.535031847134,0.708333333333,0.666666666667,0.390243902439,0.395833333333,0.647058823529,0.528301886792,0.557142857143,0.630434782609,0.666666666667,0.5,0.484848484848,0.571428571429,0.481481481481,0.471698113208
1,Kings,7,17,0.412,25,29,0.862,6,25,31,17,6,4,17,18,102,28,56,0.5,0,0.448717948718,0.464968152866,0.291666666667,0.333333333333,0.609756097561,0.604166666667,0.352941176471,0.471698113208,0.442857142857,0.369565217391,0.333333333333,0.5,0.515151515152,0.428571428571,0.518518518519,0.528301886792
