,TEAM_NAME,FG3M,FG3A,FG3_PCT,FTM,FTA,FT_PCT,OREB,DREB,REB,AST,STL,BLK,TO,PF,PTS,FG2M,FG2A,FG2_PCT,OUTCOME,DEFICIT_FGM,DEFICIT_FGA,DEFICIT_FG3M,DEFICIT_FG3A,DEFICIT_FTM,DEFICIT_FTA,DEFICIT_OREB,DEFICIT_DREB,DEFICIT_REB,DEFICIT_AST,DEFICIT_STL,DEFICIT_BLK,DEFICIT_TO,DEFICIT_PF,DEFICIT_FG2M,DEFICIT_FG2A
0,Rockets,14,35,0.4,13,15,0.867,11,28,39,21,14,7,16,19,99,22,53,0.41509433962264153,1,0.5070422535211268,0.5176470588235295,0.5833333333333334,0.5833333333333334,0.48148148148148145,0.4838709677419355,0.5238095238095238,0.4375,0.4588235294117647,0.5675675675675675,0.5833333333333334,0.5,0.41025641025641024,0.5428571428571428,0.46808510638297873,0.4818181818181818
1,Mavericks,10,25,0.4,14,16,0.875,10,36,46,16,10,7,23,16,94,25,57,0.43859649122807015,0,0.49295774647887325,0.4823529411764706,0.4166666666666667,0.4166666666666667,0.5185185185185185,0.5161290322580645,0.47619047619047616,0.5625,0.5411764705882353,0.43243243243243246,0.4166666666666667,0.5,0.5897435897435898,0.45714285714285713,0.5319148936170213,0.5181818181818182
