,TEAM_NAME,FG3M,FG3A,FG3_PCT,FTM,FTA,FT_PCT,OREB,DREB,REB,AST,STL,BLK,TO,PF,PTS,FG2M,FG2A,FG2_PCT,OUTCOME,DEFICIT_FGM,DEFICIT_FGA,DEFICIT_FG3M,DEFICIT_FG3A,DEFICIT_FTM,DEFICIT_FTA,DEFICIT_OREB,DEFICIT_DREB,DEFICIT_REB,DEFICIT_AST,DEFICIT_STL,DEFICIT_BLK,DEFICIT_TO,DEFICIT_PF,DEFICIT_FG2M,DEFICIT_FG2A
0,76ers,7,21,0.333,8,12,0.667,13,35,48,27,11,10,19,19,89,30,57,0.526315789474,1,0.616666666667,0.509803921569,0.777777777778,0.512195121951,0.275862068966,0.342857142857,0.481481481481,0.593220338983,0.558139534884,0.642857142857,0.478260869565,0.666666666667,0.527777777778,0.542857142857,0.588235294118,0.508928571429
1,Pistons,2,20,0.1,21,23,0.913,14,24,38,15,12,5,17,16,69,21,55,0.381818181818,0,0.383333333333,0.490196078431,0.222222222222,0.487804878049,0.724137931034,0.657142857143,0.518518518519,0.406779661017,0.441860465116,0.357142857143,0.521739130435,0.333333333333,0.472222222222,0.457142857143,0.411764705882,0.491071428571
