,TEAM_NAME,FG3M,FG3A,FG3_PCT,FTM,FTA,FT_PCT,OREB,DREB,REB,AST,STL,BLK,TO,PF,PTS,FG2M,FG2A,FG2_PCT,OUTCOME,DEFICIT_FGM,DEFICIT_FGA,DEFICIT_FG3M,DEFICIT_FG3A,DEFICIT_FTM,DEFICIT_FTA,DEFICIT_OREB,DEFICIT_DREB,DEFICIT_REB,DEFICIT_AST,DEFICIT_STL,DEFICIT_BLK,DEFICIT_TO,DEFICIT_PF,DEFICIT_FG2M,DEFICIT_FG2A
0,Thunder,14,21,0.667,24,33,0.727,8,38,46,15,3,6,28,36,94,14,45,0.311111111111,0,0.459016393443,0.442953020134,0.583333333333,0.477272727273,0.413793103448,0.428571428571,0.533333333333,0.567164179104,0.560975609756,0.483870967742,0.214285714286,0.857142857143,0.717948717949,0.590163934426,0.378378378378,0.428571428571
1,Grizzlies,10,23,0.435,34,44,0.773,7,29,36,16,11,1,11,25,110,23,60,0.383333333333,1,0.540983606557,0.557046979866,0.416666666667,0.522727272727,0.586206896552,0.571428571429,0.466666666667,0.432835820896,0.439024390244,0.516129032258,0.785714285714,0.142857142857,0.282051282051,0.409836065574,0.621621621622,0.571428571429
