,TEAM_NAME,FG3M,FG3A,FG3_PCT,FTM,FTA,FT_PCT,OREB,DREB,REB,AST,STL,BLK,TO,PF,PTS,FG2M,FG2A,FG2_PCT,OUTCOME,DEFICIT_FGM,DEFICIT_FGA,DEFICIT_FG3M,DEFICIT_FG3A,DEFICIT_FTM,DEFICIT_FTA,DEFICIT_OREB,DEFICIT_DREB,DEFICIT_REB,DEFICIT_AST,DEFICIT_STL,DEFICIT_BLK,DEFICIT_TO,DEFICIT_PF,DEFICIT_FG2M,DEFICIT_FG2A
0,Jazz,7,21,0.333,12,17,0.706,10,30,40,21,7,7,17,15,97,32,55,0.5818181818181818,1,0.5131578947368421,0.5,0.4666666666666667,0.4883720930232558,0.46153846153846156,0.5,0.5555555555555556,0.5454545454545454,0.547945205479452,0.44680851063829785,0.4375,0.5833333333333334,0.53125,0.4838709677419355,0.5245901639344263,0.5045871559633027
1,Hawks,8,22,0.364,14,17,0.824,8,25,33,26,9,5,15,16,96,29,54,0.5370370370370371,0,0.4868421052631579,0.5,0.5333333333333333,0.5116279069767442,0.5384615384615384,0.5,0.4444444444444444,0.45454545454545453,0.4520547945205479,0.5531914893617021,0.5625,0.4166666666666667,0.46875,0.5161290322580645,0.47540983606557374,0.4954128440366973
