,TEAM_NAME,FG3M,FG3A,FG3_PCT,FTM,FTA,FT_PCT,OREB,DREB,REB,AST,STL,BLK,TO,PF,PTS,FG2M,FG2A,FG2_PCT,OUTCOME,DEFICIT_FGM,DEFICIT_FGA,DEFICIT_FG3M,DEFICIT_FG3A,DEFICIT_FTM,DEFICIT_FTA,DEFICIT_OREB,DEFICIT_DREB,DEFICIT_REB,DEFICIT_AST,DEFICIT_STL,DEFICIT_BLK,DEFICIT_TO,DEFICIT_PF,DEFICIT_FG2M,DEFICIT_FG2A
0,Raptors,15,31,0.484,10,14,0.714,7,29,36,18,13,1,15,20,101,23,56,0.4107142857142857,0,0.4935064935064935,0.5337423312883436,0.6,0.5535714285714286,0.3448275862068966,0.3684210526315789,0.4375,0.46774193548387094,0.46153846153846156,0.43902439024390244,0.6190476190476191,0.16666666666666666,0.4411764705882353,0.5128205128205128,0.4423076923076923,0.5233644859813084
1,Kings,10,25,0.4,19,24,0.792,9,33,42,23,8,5,19,19,107,29,51,0.5686274509803921,1,0.5064935064935064,0.4662576687116564,0.4,0.44642857142857145,0.6551724137931034,0.631578947368421,0.5625,0.532258064516129,0.5384615384615384,0.5609756097560976,0.38095238095238093,0.8333333333333334,0.5588235294117647,0.48717948717948717,0.5576923076923077,0.4766355140186916
