,TEAM_NAME,FG3M,FG3A,FG3_PCT,FTM,FTA,FT_PCT,OREB,DREB,REB,AST,STL,BLK,TO,PF,PTS,FG2M,FG2A,FG2_PCT,OUTCOME,DEFICIT_FGM,DEFICIT_FGA,DEFICIT_FG3M,DEFICIT_FG3A,DEFICIT_FTM,DEFICIT_FTA,DEFICIT_OREB,DEFICIT_DREB,DEFICIT_REB,DEFICIT_AST,DEFICIT_STL,DEFICIT_BLK,DEFICIT_TO,DEFICIT_PF,DEFICIT_FG2M,DEFICIT_FG2A
0,Raptors,15,31,0.484,10,14,0.714,7,29,36,18,13,1,15,20,101,23,56,0.410714285714,0,0.493506493506,0.533742331288,0.6,0.553571428571,0.344827586207,0.368421052632,0.4375,0.467741935484,0.461538461538,0.439024390244,0.619047619048,0.166666666667,0.441176470588,0.512820512821,0.442307692308,0.523364485981
1,Kings,10,25,0.4,19,24,0.792,9,33,42,23,8,5,19,19,107,29,51,0.56862745098,1,0.506493506494,0.466257668712,0.4,0.446428571429,0.655172413793,0.631578947368,0.5625,0.532258064516,0.538461538462,0.560975609756,0.380952380952,0.833333333333,0.558823529412,0.487179487179,0.557692307692,0.476635514019
