,TEAM_NAME,FG3M,FG3A,FG3_PCT,FTM,FTA,FT_PCT,OREB,DREB,REB,AST,STL,BLK,TO,PF,PTS,FG2M,FG2A,FG2_PCT,OUTCOME,DEFICIT_FGM,DEFICIT_FGA,DEFICIT_FG3M,DEFICIT_FG3A,DEFICIT_FTM,DEFICIT_FTA,DEFICIT_OREB,DEFICIT_DREB,DEFICIT_REB,DEFICIT_AST,DEFICIT_STL,DEFICIT_BLK,DEFICIT_TO,DEFICIT_PF,DEFICIT_FG2M,DEFICIT_FG2A
0,Knicks,4,18,0.222,15,19,0.789,10,31,41,18,8,4,9,20,95,34,70,0.485714285714,1,0.542857142857,0.553459119497,0.4,0.461538461538,0.46875,0.5,0.714285714286,0.492063492063,0.532467532468,0.529411764706,0.615384615385,0.444444444444,0.333333333333,0.47619047619,0.566666666667,0.583333333333
1,Pelicans,6,21,0.286,17,19,0.895,4,32,36,16,5,5,18,22,87,26,50,0.52,0,0.457142857143,0.446540880503,0.6,0.538461538462,0.53125,0.5,0.285714285714,0.507936507937,0.467532467532,0.470588235294,0.384615384615,0.555555555556,0.666666666667,0.52380952381,0.433333333333,0.416666666667
