,TEAM_NAME,FG3M,FG3A,FG3_PCT,FTM,FTA,FT_PCT,OREB,DREB,REB,AST,STL,BLK,TO,PF,PTS,FG2M,FG2A,FG2_PCT,OUTCOME,DEFICIT_FGM,DEFICIT_FGA,DEFICIT_FG3M,DEFICIT_FG3A,DEFICIT_FTM,DEFICIT_FTA,DEFICIT_OREB,DEFICIT_DREB,DEFICIT_REB,DEFICIT_AST,DEFICIT_STL,DEFICIT_BLK,DEFICIT_TO,DEFICIT_PF,DEFICIT_FG2M,DEFICIT_FG2A
0,Warriors,12,34,0.353,14,17,0.824,15,40,55,19,4,8,10,18,106,28,61,0.459016393443,1,0.5,0.46568627451,0.6,0.523076923077,0.518518518519,0.5,0.416666666667,0.506329113924,0.478260869565,0.475,0.5,0.727272727273,0.555555555556,0.514285714286,0.466666666667,0.438848920863
1,Celtics,8,31,0.258,13,17,0.765,21,39,60,21,4,3,8,17,101,32,78,0.410256410256,0,0.5,0.53431372549,0.4,0.476923076923,0.481481481481,0.5,0.583333333333,0.493670886076,0.521739130435,0.525,0.5,0.272727272727,0.444444444444,0.485714285714,0.533333333333,0.561151079137
