,TEAM_NAME,FG3M,FG3A,FG3_PCT,FTM,FTA,FT_PCT,OREB,DREB,REB,AST,STL,BLK,TO,PF,PTS,FG2M,FG2A,FG2_PCT,OUTCOME,DEFICIT_FGM,DEFICIT_FGA,DEFICIT_FG3M,DEFICIT_FG3A,DEFICIT_FTM,DEFICIT_FTA,DEFICIT_OREB,DEFICIT_DREB,DEFICIT_REB,DEFICIT_AST,DEFICIT_STL,DEFICIT_BLK,DEFICIT_TO,DEFICIT_PF,DEFICIT_FG2M,DEFICIT_FG2A
0,Rockets,11,30,0.367,26,33,0.788,8,28,36,21,11,5,19,20,105,23,44,0.522727272727,1,0.459459459459,0.43023255814,0.478260869565,0.428571428571,0.702702702703,0.611111111111,0.266666666667,0.474576271186,0.404494382022,0.525,0.5,0.5,0.558823529412,0.408163265306,0.450980392157,0.43137254902
1,Cavaliers,12,40,0.3,11,21,0.524,22,31,53,19,11,5,15,29,103,28,58,0.48275862069,0,0.540540540541,0.56976744186,0.521739130435,0.571428571429,0.297297297297,0.388888888889,0.733333333333,0.525423728814,0.595505617978,0.475,0.5,0.5,0.441176470588,0.591836734694,0.549019607843,0.56862745098
