,TEAM_NAME,FG3M,FG3A,FG3_PCT,FTM,FTA,FT_PCT,OREB,DREB,REB,AST,STL,BLK,TO,PF,PTS,FG2M,FG2A,FG2_PCT,OUTCOME,DEFICIT_FGM,DEFICIT_FGA,DEFICIT_FG3M,DEFICIT_FG3A,DEFICIT_FTM,DEFICIT_FTA,DEFICIT_OREB,DEFICIT_DREB,DEFICIT_REB,DEFICIT_AST,DEFICIT_STL,DEFICIT_BLK,DEFICIT_TO,DEFICIT_PF,DEFICIT_FG2M,DEFICIT_FG2A
0,76ers,8,27,0.296,23,27,0.852,6,40,46,19,11,5,13,17,105,29,67,0.432835820896,1,0.506849315068,0.546511627907,0.444444444444,0.5,0.638888888889,0.613636363636,0.6,0.526315789474,0.53488372093,0.475,0.647058823529,0.384615384615,0.371428571429,0.425,0.527272727273,0.567796610169
1,Nets,10,27,0.37,13,17,0.765,4,36,40,21,6,8,22,23,95,26,51,0.509803921569,0,0.493150684932,0.453488372093,0.555555555556,0.5,0.361111111111,0.386363636364,0.4,0.473684210526,0.46511627907,0.525,0.352941176471,0.615384615385,0.628571428571,0.575,0.472727272727,0.432203389831
