,TEAM_NAME,FG3M,FG3A,FG3_PCT,FTM,FTA,FT_PCT,OREB,DREB,REB,AST,STL,BLK,TO,PF,PTS,FG2M,FG2A,FG2_PCT,OUTCOME,DEFICIT_FGM,DEFICIT_FGA,DEFICIT_FG3M,DEFICIT_FG3A,DEFICIT_FTM,DEFICIT_FTA,DEFICIT_OREB,DEFICIT_DREB,DEFICIT_REB,DEFICIT_AST,DEFICIT_STL,DEFICIT_BLK,DEFICIT_TO,DEFICIT_PF,DEFICIT_FG2M,DEFICIT_FG2A
0,Kings,5,18,0.278,21,26,0.808,22,32,54,18,3,2,17,25,108,36,71,0.5070422535211268,0,0.4823529411764706,0.49171270718232046,0.35714285714285715,0.391304347826087,0.5121951219512195,0.45614035087719296,0.6666666666666666,0.5818181818181818,0.6136363636363636,0.42857142857142855,0.3,0.25,0.7727272727272727,0.5319148936170213,0.5070422535211268,0.5259259259259259
1,Clippers,9,28,0.321,20,31,0.645,11,23,34,24,7,6,5,22,117,35,64,0.546875,1,0.5176470588235295,0.5082872928176796,0.6428571428571429,0.6086956521739131,0.4878048780487805,0.543859649122807,0.3333333333333333,0.41818181818181815,0.38636363636363635,0.5714285714285714,0.7,0.75,0.22727272727272727,0.46808510638297873,0.49295774647887325,0.4740740740740741
