,TEAM_NAME,FG3M,FG3A,FG3_PCT,FTM,FTA,FT_PCT,OREB,DREB,REB,AST,STL,BLK,TO,PF,PTS,FG2M,FG2A,FG2_PCT,OUTCOME,DEFICIT_FGM,DEFICIT_FGA,DEFICIT_FG3M,DEFICIT_FG3A,DEFICIT_FTM,DEFICIT_FTA,DEFICIT_OREB,DEFICIT_DREB,DEFICIT_REB,DEFICIT_AST,DEFICIT_STL,DEFICIT_BLK,DEFICIT_TO,DEFICIT_PF,DEFICIT_FG2M,DEFICIT_FG2A
0,Timberwolves,8,19,0.421,19,21,0.905,8,35,43,24,6,5,15,18,113,35,61,0.573770491803,1,0.530864197531,0.46511627907,0.444444444444,0.38,0.5,0.488372093023,0.380952380952,0.573770491803,0.524390243902,0.533333333333,0.375,0.555555555556,0.6,0.473684210526,0.555555555556,0.5
1,Nuggets,10,31,0.323,19,22,0.864,13,26,39,21,10,4,10,20,105,28,61,0.459016393443,0,0.469135802469,0.53488372093,0.555555555556,0.62,0.5,0.511627906977,0.619047619048,0.426229508197,0.475609756098,0.466666666667,0.625,0.444444444444,0.4,0.526315789474,0.444444444444,0.5
