,TEAM_NAME,FG3M,FG3A,FG3_PCT,FTM,FTA,FT_PCT,OREB,DREB,REB,AST,STL,BLK,TO,PF,PTS,FG2M,FG2A,FG2_PCT,OUTCOME,DEFICIT_FGM,DEFICIT_FGA,DEFICIT_FG3M,DEFICIT_FG3A,DEFICIT_FTM,DEFICIT_FTA,DEFICIT_OREB,DEFICIT_DREB,DEFICIT_REB,DEFICIT_AST,DEFICIT_STL,DEFICIT_BLK,DEFICIT_TO,DEFICIT_PF,DEFICIT_FG2M,DEFICIT_FG2A
0,Pacers,2,21,0.095,9,13,0.692,7,49,56,18,5,10,19,23,71,28,63,0.4444444444444444,0,0.4918032786885246,0.4540540540540541,0.5,0.5833333333333334,0.36,0.34210526315789475,0.3333333333333333,0.5268817204301075,0.49122807017543857,0.5294117647058824,0.4166666666666667,0.6666666666666666,0.7307692307692307,0.5897435897435898,0.49122807017543857,0.4228187919463087
1,Hornets,2,15,0.133,16,25,0.64,14,44,58,16,7,5,7,16,80,29,86,0.3372093023255814,1,0.5081967213114754,0.5459459459459459,0.5,0.4166666666666667,0.64,0.6578947368421053,0.6666666666666666,0.4731182795698925,0.5087719298245614,0.47058823529411764,0.5833333333333334,0.3333333333333333,0.2692307692307692,0.41025641025641024,0.5087719298245614,0.5771812080536913
