,TEAM_NAME,FG3M,FG3A,FG3_PCT,FTM,FTA,FT_PCT,OREB,DREB,REB,AST,STL,BLK,TO,PF,PTS,FG2M,FG2A,FG2_PCT,OUTCOME,DEFICIT_FGM,DEFICIT_FGA,DEFICIT_FG3M,DEFICIT_FG3A,DEFICIT_FTM,DEFICIT_FTA,DEFICIT_OREB,DEFICIT_DREB,DEFICIT_REB,DEFICIT_AST,DEFICIT_STL,DEFICIT_BLK,DEFICIT_TO,DEFICIT_PF,DEFICIT_FG2M,DEFICIT_FG2A
0,Bulls,9,26,0.346,16,20,0.8,7,36,43,25,5,5,13,21,99,28,54,0.5185185185185185,0,0.4805194805194805,0.4878048780487805,0.45,0.5,0.5,0.4878048780487805,0.4375,0.5373134328358209,0.5180722891566265,0.44642857142857145,0.3333333333333333,0.4166666666666667,0.5909090909090909,0.525,0.49122807017543857,0.48214285714285715
1,Hawks,11,26,0.423,16,21,0.762,9,31,40,31,10,7,9,19,107,29,58,0.5,1,0.5194805194805194,0.5121951219512195,0.55,0.5,0.5,0.5121951219512195,0.5625,0.4626865671641791,0.4819277108433735,0.5535714285714286,0.6666666666666666,0.5833333333333334,0.4090909090909091,0.475,0.5087719298245614,0.5178571428571429
