,TEAM_NAME,FG3M,FG3A,FG3_PCT,FTM,FTA,FT_PCT,OREB,DREB,REB,AST,STL,BLK,TO,PF,PTS,FG2M,FG2A,FG2_PCT,OUTCOME,DEFICIT_FGM,DEFICIT_FGA,DEFICIT_FG3M,DEFICIT_FG3A,DEFICIT_FTM,DEFICIT_FTA,DEFICIT_OREB,DEFICIT_DREB,DEFICIT_REB,DEFICIT_AST,DEFICIT_STL,DEFICIT_BLK,DEFICIT_TO,DEFICIT_PF,DEFICIT_FG2M,DEFICIT_FG2A
0,Wizards,5,16,0.313,14,27,0.519,13,36,49,23,7,5,13,15,99,35,61,0.5737704918032787,1,0.5263157894736842,0.48427672955974843,0.5555555555555556,0.48484848484848486,0.5,0.6,0.5416666666666666,0.5538461538461539,0.550561797752809,0.575,0.5384615384615384,1.0,0.5652173913043478,0.42857142857142855,0.5223880597014925,0.48412698412698413
1,Nets,4,17,0.235,14,18,0.778,11,29,40,17,6,0,10,20,90,32,65,0.49230769230769234,0,0.47368421052631576,0.5157232704402516,0.4444444444444444,0.5151515151515151,0.5,0.4,0.4583333333333333,0.4461538461538462,0.449438202247191,0.425,0.46153846153846156,0.0,0.43478260869565216,0.5714285714285714,0.47761194029850745,0.5158730158730159
