,TEAM_NAME,FG3M,FG3A,FG3_PCT,FTM,FTA,FT_PCT,OREB,DREB,REB,AST,STL,BLK,TO,PF,PTS,FG2M,FG2A,FG2_PCT,OUTCOME,DEFICIT_FGM,DEFICIT_FGA,DEFICIT_FG3M,DEFICIT_FG3A,DEFICIT_FTM,DEFICIT_FTA,DEFICIT_OREB,DEFICIT_DREB,DEFICIT_REB,DEFICIT_AST,DEFICIT_STL,DEFICIT_BLK,DEFICIT_TO,DEFICIT_PF,DEFICIT_FG2M,DEFICIT_FG2A
0,Bulls,9,26,0.346,16,20,0.8,7,36,43,25,5,5,13,21,99,28,54,0.518518518519,0,0.480519480519,0.487804878049,0.45,0.5,0.5,0.487804878049,0.4375,0.537313432836,0.518072289157,0.446428571429,0.333333333333,0.416666666667,0.590909090909,0.525,0.491228070175,0.482142857143
1,Hawks,11,26,0.423,16,21,0.762,9,31,40,31,10,7,9,19,107,29,58,0.5,1,0.519480519481,0.512195121951,0.55,0.5,0.5,0.512195121951,0.5625,0.462686567164,0.481927710843,0.553571428571,0.666666666667,0.583333333333,0.409090909091,0.475,0.508771929825,0.517857142857
