,TEAM_NAME,FG3M,FG3A,FG3_PCT,FTM,FTA,FT_PCT,OREB,DREB,REB,AST,STL,BLK,TO,PF,PTS,FG2M,FG2A,FG2_PCT,OUTCOME,DEFICIT_FGM,DEFICIT_FGA,DEFICIT_FG3M,DEFICIT_FG3A,DEFICIT_FTM,DEFICIT_FTA,DEFICIT_OREB,DEFICIT_DREB,DEFICIT_REB,DEFICIT_AST,DEFICIT_STL,DEFICIT_BLK,DEFICIT_TO,DEFICIT_PF,DEFICIT_FG2M,DEFICIT_FG2A
0,Rockets,7,23,0.304,25,34,0.735,10,29,39,22,10,2,17,24,106,30,65,0.461538461538,0,0.425287356322,0.491620111732,0.4375,0.511111111111,0.531914893617,0.507462686567,0.454545454545,0.439393939394,0.443181818182,0.407407407407,0.47619047619,0.153846153846,0.548387096774,0.533333333333,0.422535211268,0.485074626866
1,Warriors,9,22,0.409,22,33,0.667,12,37,49,32,11,11,14,21,131,41,69,0.594202898551,1,0.574712643678,0.508379888268,0.5625,0.488888888889,0.468085106383,0.492537313433,0.545454545455,0.560606060606,0.556818181818,0.592592592593,0.52380952381,0.846153846154,0.451612903226,0.466666666667,0.577464788732,0.514925373134
