,TEAM_NAME,FG3M,FG3A,FG3_PCT,FTM,FTA,FT_PCT,OREB,DREB,REB,AST,STL,BLK,TO,PF,PTS,FG2M,FG2A,FG2_PCT,OUTCOME,DEFICIT_FGM,DEFICIT_FGA,DEFICIT_FG3M,DEFICIT_FG3A,DEFICIT_FTM,DEFICIT_FTA,DEFICIT_OREB,DEFICIT_DREB,DEFICIT_REB,DEFICIT_AST,DEFICIT_STL,DEFICIT_BLK,DEFICIT_TO,DEFICIT_PF,DEFICIT_FG2M,DEFICIT_FG2A
0,Jazz,7,18,0.389,22,30,0.733,14,34,48,18,3,6,14,15,101,29,66,0.439393939394,0,0.467532467532,0.491228070175,0.4375,0.409090909091,0.647058823529,0.63829787234,0.636363636364,0.523076923077,0.551724137931,0.439024390244,0.3,0.5,0.583333333333,0.405405405405,0.475409836066,0.51968503937
1,Nuggets,9,26,0.346,12,17,0.706,8,31,39,23,7,6,10,22,103,32,61,0.524590163934,1,0.532467532468,0.508771929825,0.5625,0.590909090909,0.352941176471,0.36170212766,0.363636363636,0.476923076923,0.448275862069,0.560975609756,0.7,0.5,0.416666666667,0.594594594595,0.524590163934,0.48031496063
