,TEAM_NAME,FG3M,FG3A,FG3_PCT,FTM,FTA,FT_PCT,OREB,DREB,REB,AST,STL,BLK,TO,PF,PTS,FG2M,FG2A,FG2_PCT,OUTCOME,DEFICIT_FGM,DEFICIT_FGA,DEFICIT_FG3M,DEFICIT_FG3A,DEFICIT_FTM,DEFICIT_FTA,DEFICIT_OREB,DEFICIT_DREB,DEFICIT_REB,DEFICIT_AST,DEFICIT_STL,DEFICIT_BLK,DEFICIT_TO,DEFICIT_PF,DEFICIT_FG2M,DEFICIT_FG2A
0,Wizards,10,19,0.526,19,24,0.792,7,35,42,29,7,3,12,23,107,29,53,0.5471698113207547,1,0.5416666666666666,0.5,0.8333333333333334,0.4634146341463415,0.5135135135135135,0.4444444444444444,0.5,0.5737704918032787,0.56,0.7073170731707317,0.5833333333333334,0.6,0.5217391304347826,0.5348837209302325,0.48333333333333334,0.5145631067961165
1,Heat,2,22,0.091,18,30,0.6,7,26,33,12,5,2,11,20,86,31,50,0.62,0,0.4583333333333333,0.5,0.16666666666666666,0.5365853658536586,0.4864864864864865,0.5555555555555556,0.5,0.4262295081967213,0.44,0.2926829268292683,0.4166666666666667,0.4,0.4782608695652174,0.46511627906976744,0.5166666666666667,0.4854368932038835
