,TEAM_NAME,FG3M,FG3A,FG3_PCT,FTM,FTA,FT_PCT,OREB,DREB,REB,AST,STL,BLK,TO,PF,PTS,FG2M,FG2A,FG2_PCT,OUTCOME,DEFICIT_FGM,DEFICIT_FGA,DEFICIT_FG3M,DEFICIT_FG3A,DEFICIT_FTM,DEFICIT_FTA,DEFICIT_OREB,DEFICIT_DREB,DEFICIT_REB,DEFICIT_AST,DEFICIT_STL,DEFICIT_BLK,DEFICIT_TO,DEFICIT_PF,DEFICIT_FG2M,DEFICIT_FG2A
0,Nuggets,14,25,0.56,11,17,0.647,10,35,45,28,4,8,16,18,109,28,61,0.459016393443,1,0.494117647059,0.477777777778,0.636363636364,0.490196078431,0.458333333333,0.472222222222,0.434782608696,0.514705882353,0.494505494505,0.474576271186,0.266666666667,0.470588235294,0.592592592593,0.439024390244,0.444444444444,0.472868217054
1,Hawks,8,26,0.308,13,19,0.684,13,33,46,31,11,9,11,23,107,35,68,0.514705882353,0,0.505882352941,0.522222222222,0.363636363636,0.509803921569,0.541666666667,0.527777777778,0.565217391304,0.485294117647,0.505494505495,0.525423728814,0.733333333333,0.529411764706,0.407407407407,0.560975609756,0.555555555556,0.527131782946
