,TEAM_NAME,FG3M,FG3A,FG3_PCT,FTM,FTA,FT_PCT,OREB,DREB,REB,AST,STL,BLK,TO,PF,PTS,FG2M,FG2A,FG2_PCT,OUTCOME,DEFICIT_FGM,DEFICIT_FGA,DEFICIT_FG3M,DEFICIT_FG3A,DEFICIT_FTM,DEFICIT_FTA,DEFICIT_OREB,DEFICIT_DREB,DEFICIT_REB,DEFICIT_AST,DEFICIT_STL,DEFICIT_BLK,DEFICIT_TO,DEFICIT_PF,DEFICIT_FG2M,DEFICIT_FG2A
0,Jazz,5,16,0.313,25,31,0.806,10,34,44,14,7,7,9,26,98,29,62,0.467741935484,1,0.53125,0.493670886076,0.357142857143,0.4,0.555555555556,0.543859649123,0.454545454545,0.55737704918,0.530120481928,0.424242424242,0.7,0.538461538462,0.473684210526,0.530612244898,0.58,0.525423728814
1,Suns,9,24,0.375,20,26,0.769,12,27,39,19,3,6,10,23,89,21,56,0.375,0,0.46875,0.506329113924,0.642857142857,0.6,0.444444444444,0.456140350877,0.545454545455,0.44262295082,0.469879518072,0.575757575758,0.3,0.461538461538,0.526315789474,0.469387755102,0.42,0.474576271186
