,TEAM_NAME,FG3M,FG3A,FG3_PCT,FTM,FTA,FT_PCT,OREB,DREB,REB,AST,STL,BLK,TO,PF,PTS,FG2M,FG2A,FG2_PCT,OUTCOME,DEFICIT_FGM,DEFICIT_FGA,DEFICIT_FG3M,DEFICIT_FG3A,DEFICIT_FTM,DEFICIT_FTA,DEFICIT_OREB,DEFICIT_DREB,DEFICIT_REB,DEFICIT_AST,DEFICIT_STL,DEFICIT_BLK,DEFICIT_TO,DEFICIT_PF,DEFICIT_FG2M,DEFICIT_FG2A
0,Suns,5,22,0.227,16,18,0.889,7,34,41,28,11,4,20,20,103,36,69,0.521739130435,0,0.471264367816,0.508379888268,0.25,0.407407407407,0.432432432432,0.4,0.4375,0.459459459459,0.455555555556,0.466666666667,0.478260869565,0.5,0.540540540541,0.540540540541,0.537313432836,0.552
1,Warriors,15,32,0.469,21,27,0.778,9,40,49,32,12,4,17,17,128,31,56,0.553571428571,1,0.528735632184,0.491620111732,0.75,0.592592592593,0.567567567568,0.6,0.5625,0.540540540541,0.544444444444,0.533333333333,0.521739130435,0.5,0.459459459459,0.459459459459,0.462686567164,0.448
