,TEAM_NAME,FG3M,FG3A,FG3_PCT,FTM,FTA,FT_PCT,OREB,DREB,REB,AST,STL,BLK,TO,PF,PTS,FG2M,FG2A,FG2_PCT,OUTCOME,DEFICIT_FGM,DEFICIT_FGA,DEFICIT_FG3M,DEFICIT_FG3A,DEFICIT_FTM,DEFICIT_FTA,DEFICIT_OREB,DEFICIT_DREB,DEFICIT_REB,DEFICIT_AST,DEFICIT_STL,DEFICIT_BLK,DEFICIT_TO,DEFICIT_PF,DEFICIT_FG2M,DEFICIT_FG2A
0,Trail Blazers,11,26,0.423,15,18,0.833,17,30,47,13,6,3,18,28,90,21,66,0.318181818182,0,0.457142857143,0.538011695906,0.846153846154,0.65,0.348837209302,0.327272727273,0.548387096774,0.44776119403,0.479591836735,0.5,0.5,0.272727272727,0.5,0.583333333333,0.368421052632,0.503816793893
1,Thunder,2,14,0.143,28,37,0.757,14,37,51,13,6,8,18,20,106,36,65,0.553846153846,1,0.542857142857,0.461988304094,0.153846153846,0.35,0.651162790698,0.672727272727,0.451612903226,0.55223880597,0.520408163265,0.5,0.5,0.727272727273,0.5,0.416666666667,0.631578947368,0.496183206107
