,TEAM_NAME,FG3M,FG3A,FG3_PCT,FTM,FTA,FT_PCT,OREB,DREB,REB,AST,STL,BLK,TO,PF,PTS,FG2M,FG2A,FG2_PCT,OUTCOME,DEFICIT_FGM,DEFICIT_FGA,DEFICIT_FG3M,DEFICIT_FG3A,DEFICIT_FTM,DEFICIT_FTA,DEFICIT_OREB,DEFICIT_DREB,DEFICIT_REB,DEFICIT_AST,DEFICIT_STL,DEFICIT_BLK,DEFICIT_TO,DEFICIT_PF,DEFICIT_FG2M,DEFICIT_FG2A
0,Wizards,3,15,0.2,22,25,0.88,10,28,38,22,6,4,12,18,95,32,69,0.463768115942,0,0.443037974684,0.502994011976,0.272727272727,0.405405405405,0.55,0.520833333333,0.555555555556,0.444444444444,0.469135802469,0.43137254902,0.375,0.307692307692,0.521739130435,0.461538461538,0.470588235294,0.530769230769
1,Spurs,8,22,0.364,18,23,0.783,8,35,43,29,10,9,11,21,114,36,61,0.590163934426,1,0.556962025316,0.497005988024,0.727272727273,0.594594594595,0.45,0.479166666667,0.444444444444,0.555555555556,0.530864197531,0.56862745098,0.625,0.692307692308,0.478260869565,0.538461538462,0.529411764706,0.469230769231
