,TEAM_NAME,FG3M,FG3A,FG3_PCT,FTM,FTA,FT_PCT,OREB,DREB,REB,AST,STL,BLK,TO,PF,PTS,FG2M,FG2A,FG2_PCT,OUTCOME,DEFICIT_FGM,DEFICIT_FGA,DEFICIT_FG3M,DEFICIT_FG3A,DEFICIT_FTM,DEFICIT_FTA,DEFICIT_OREB,DEFICIT_DREB,DEFICIT_REB,DEFICIT_AST,DEFICIT_STL,DEFICIT_BLK,DEFICIT_TO,DEFICIT_PF,DEFICIT_FG2M,DEFICIT_FG2A
0,Bucks,7,18,0.389,22,25,0.88,14,30,44,25,14,4,9,14,103,30,71,0.422535211268,1,0.493333333333,0.539393939394,0.4375,0.418604651163,0.647058823529,0.568181818182,0.636363636364,0.5,0.536585365854,0.5,0.823529411765,0.333333333333,0.375,0.451612903226,0.508474576271,0.581967213115
1,Nets,9,25,0.36,12,19,0.632,8,30,38,25,3,8,15,17,97,29,51,0.56862745098,0,0.506666666667,0.460606060606,0.5625,0.581395348837,0.352941176471,0.431818181818,0.363636363636,0.5,0.463414634146,0.5,0.176470588235,0.666666666667,0.625,0.548387096774,0.491525423729,0.418032786885
