,TEAM_NAME,FG3M,FG3A,FG3_PCT,FTM,FTA,FT_PCT,OREB,DREB,REB,AST,STL,BLK,TO,PF,PTS,FG2M,FG2A,FG2_PCT,OUTCOME,DEFICIT_FGM,DEFICIT_FGA,DEFICIT_FG3M,DEFICIT_FG3A,DEFICIT_FTM,DEFICIT_FTA,DEFICIT_OREB,DEFICIT_DREB,DEFICIT_REB,DEFICIT_AST,DEFICIT_STL,DEFICIT_BLK,DEFICIT_TO,DEFICIT_PF,DEFICIT_FG2M,DEFICIT_FG2A
0,76ers,7,24,0.292,11,14,0.786,10,42,52,21,9,4,27,19,84,26,55,0.472727272727,0,0.492537313433,0.481707317073,0.5,0.452830188679,0.44,0.424242424242,0.625,0.552631578947,0.565217391304,0.446808510638,0.375,0.444444444444,0.658536585366,0.575757575758,0.490566037736,0.495495495495
1,Warriors,7,29,0.241,14,19,0.737,6,34,40,26,15,5,14,14,89,27,56,0.482142857143,1,0.507462686567,0.518292682927,0.5,0.547169811321,0.56,0.575757575758,0.375,0.447368421053,0.434782608696,0.553191489362,0.625,0.555555555556,0.341463414634,0.424242424242,0.509433962264,0.504504504505
