,TEAM_NAME,FG3M,FG3A,FG3_PCT,FTM,FTA,FT_PCT,OREB,DREB,REB,AST,STL,BLK,TO,PF,PTS,FG2M,FG2A,FG2_PCT,OUTCOME,DEFICIT_FGM,DEFICIT_FGA,DEFICIT_FG3M,DEFICIT_FG3A,DEFICIT_FTM,DEFICIT_FTA,DEFICIT_OREB,DEFICIT_DREB,DEFICIT_REB,DEFICIT_AST,DEFICIT_STL,DEFICIT_BLK,DEFICIT_TO,DEFICIT_PF,DEFICIT_FG2M,DEFICIT_FG2A
0,Spurs,6,25,0.24,15,17,0.882,8,34,42,18,8,7,7,13,95,31,64,0.484375,1,0.5068493150684932,0.5028248587570622,0.42857142857142855,0.5434782608695652,0.5357142857142857,0.5666666666666667,0.42105263157894735,0.4657534246575342,0.45652173913043476,0.42857142857142855,0.6666666666666666,0.5384615384615384,0.3684210526315789,0.4642857142857143,0.5254237288135594,0.48854961832061067
1,Pacers,8,21,0.381,13,13,1.0,11,39,50,24,4,6,12,15,93,28,67,0.417910447761194,0,0.4931506849315068,0.4971751412429379,0.5714285714285714,0.45652173913043476,0.4642857142857143,0.43333333333333335,0.5789473684210527,0.5342465753424658,0.5434782608695652,0.5714285714285714,0.3333333333333333,0.46153846153846156,0.631578947368421,0.5357142857142857,0.4745762711864407,0.5114503816793893
