,TEAM_NAME,FG3M,FG3A,FG3_PCT,FTM,FTA,FT_PCT,OREB,DREB,REB,AST,STL,BLK,TO,PF,PTS,FG2M,FG2A,FG2_PCT,OUTCOME,DEFICIT_FGM,DEFICIT_FGA,DEFICIT_FG3M,DEFICIT_FG3A,DEFICIT_FTM,DEFICIT_FTA,DEFICIT_OREB,DEFICIT_DREB,DEFICIT_REB,DEFICIT_AST,DEFICIT_STL,DEFICIT_BLK,DEFICIT_TO,DEFICIT_PF,DEFICIT_FG2M,DEFICIT_FG2A
0,Timberwolves,5,16,0.313,16,22,0.727,23,27,50,24,6,8,16,19,105,37,77,0.4805194805194805,0,0.4883720930232558,0.5195530726256983,0.3333333333333333,0.43243243243243246,0.45714285714285713,0.5238095238095238,0.696969696969697,0.5094339622641509,0.5813953488372093,0.48,0.3,0.5714285714285714,0.6153846153846154,0.475,0.5211267605633803,0.5422535211267606
1,Hawks,10,21,0.476,19,20,0.95,10,26,36,26,14,6,10,21,117,34,65,0.5230769230769231,1,0.5116279069767442,0.48044692737430167,0.6666666666666666,0.5675675675675675,0.5428571428571428,0.47619047619047616,0.30303030303030304,0.49056603773584906,0.4186046511627907,0.52,0.7,0.42857142857142855,0.38461538461538464,0.525,0.4788732394366197,0.45774647887323944
