,TEAM_NAME,FG3M,FG3A,FG3_PCT,FTM,FTA,FT_PCT,OREB,DREB,REB,AST,STL,BLK,TO,PF,PTS,FG2M,FG2A,FG2_PCT,OUTCOME,DEFICIT_FGM,DEFICIT_FGA,DEFICIT_FG3M,DEFICIT_FG3A,DEFICIT_FTM,DEFICIT_FTA,DEFICIT_OREB,DEFICIT_DREB,DEFICIT_REB,DEFICIT_AST,DEFICIT_STL,DEFICIT_BLK,DEFICIT_TO,DEFICIT_PF,DEFICIT_FG2M,DEFICIT_FG2A
0,Thunder,12,24,0.5,26,35,0.743,9,31,40,24,4,5,12,23,124,31,56,0.5535714285714286,1,0.5058823529411764,0.47904191616766467,0.5714285714285714,0.46153846153846156,0.5531914893617021,0.546875,0.42857142857142855,0.543859649122807,0.5128205128205128,0.5454545454545454,0.36363636363636365,0.5555555555555556,0.5454545454545454,0.4791666666666667,0.484375,0.48695652173913045
1,Nuggets,9,28,0.321,21,29,0.724,12,26,38,20,7,4,10,25,114,33,59,0.559322033898305,0,0.49411764705882355,0.5209580838323353,0.42857142857142855,0.5384615384615384,0.44680851063829785,0.453125,0.5714285714285714,0.45614035087719296,0.48717948717948717,0.45454545454545453,0.6363636363636364,0.4444444444444444,0.45454545454545453,0.5208333333333334,0.515625,0.5130434782608696
