,TEAM_NAME,FG3M,FG3A,FG3_PCT,FTM,FTA,FT_PCT,OREB,DREB,REB,AST,STL,BLK,TO,PF,PTS,FG2M,FG2A,FG2_PCT,OUTCOME,DEFICIT_FGM,DEFICIT_FGA,DEFICIT_FG3M,DEFICIT_FG3A,DEFICIT_FTM,DEFICIT_FTA,DEFICIT_OREB,DEFICIT_DREB,DEFICIT_REB,DEFICIT_AST,DEFICIT_STL,DEFICIT_BLK,DEFICIT_TO,DEFICIT_PF,DEFICIT_FG2M,DEFICIT_FG2A
0,Spurs,6,25,0.24,15,17,0.882,8,34,42,18,8,7,7,13,95,31,64,0.484375,1,0.506849315068,0.502824858757,0.428571428571,0.54347826087,0.535714285714,0.566666666667,0.421052631579,0.465753424658,0.45652173913,0.428571428571,0.666666666667,0.538461538462,0.368421052632,0.464285714286,0.525423728814,0.488549618321
1,Pacers,8,21,0.381,13,13,1.0,11,39,50,24,4,6,12,15,93,28,67,0.417910447761,0,0.493150684932,0.497175141243,0.571428571429,0.45652173913,0.464285714286,0.433333333333,0.578947368421,0.534246575342,0.54347826087,0.571428571429,0.333333333333,0.461538461538,0.631578947368,0.535714285714,0.474576271186,0.511450381679
