,TEAM_NAME,FG3M,FG3A,FG3_PCT,FTM,FTA,FT_PCT,OREB,DREB,REB,AST,STL,BLK,TO,PF,PTS,FG2M,FG2A,FG2_PCT,OUTCOME,DEFICIT_FGM,DEFICIT_FGA,DEFICIT_FG3M,DEFICIT_FG3A,DEFICIT_FTM,DEFICIT_FTA,DEFICIT_OREB,DEFICIT_DREB,DEFICIT_REB,DEFICIT_AST,DEFICIT_STL,DEFICIT_BLK,DEFICIT_TO,DEFICIT_PF,DEFICIT_FG2M,DEFICIT_FG2A
0,Kings,8,21,0.381,25,31,0.806,11,37,48,27,4,5,7,20,115,33,67,0.492537313433,1,0.506172839506,0.488888888889,0.470588235294,0.42,0.595238095238,0.563636363636,0.423076923077,0.513888888889,0.489795918367,0.5,0.571428571429,0.333333333333,0.411764705882,0.47619047619,0.515625,0.515384615385
1,Nuggets,9,29,0.31,17,24,0.708,15,35,50,27,3,10,10,22,106,31,63,0.492063492063,0,0.493827160494,0.511111111111,0.529411764706,0.58,0.404761904762,0.436363636364,0.576923076923,0.486111111111,0.510204081633,0.5,0.428571428571,0.666666666667,0.588235294118,0.52380952381,0.484375,0.484615384615
