,TEAM_NAME,FG3M,FG3A,FG3_PCT,FTM,FTA,FT_PCT,OREB,DREB,REB,AST,STL,BLK,TO,PF,PTS,FG2M,FG2A,FG2_PCT,OUTCOME,DEFICIT_FGM,DEFICIT_FGA,DEFICIT_FG3M,DEFICIT_FG3A,DEFICIT_FTM,DEFICIT_FTA,DEFICIT_OREB,DEFICIT_DREB,DEFICIT_REB,DEFICIT_AST,DEFICIT_STL,DEFICIT_BLK,DEFICIT_TO,DEFICIT_PF,DEFICIT_FG2M,DEFICIT_FG2A
0,Knicks,5,21,0.238,8,10,0.8,10,25,35,23,11,5,12,13,87,32,63,0.507936507937,0,0.46835443038,0.502994011976,0.25,0.388888888889,0.5,0.555555555556,0.5,0.446428571429,0.460526315789,0.433962264151,0.55,0.555555555556,0.413793103448,0.481481481481,0.542372881356,0.557522123894
1,Mavericks,15,33,0.455,8,8,1.0,10,31,41,30,9,4,17,14,107,27,50,0.54,1,0.53164556962,0.497005988024,0.75,0.611111111111,0.5,0.444444444444,0.5,0.553571428571,0.539473684211,0.566037735849,0.45,0.444444444444,0.586206896552,0.518518518519,0.457627118644,0.442477876106
