,TEAM_NAME,FG3M,FG3A,FG3_PCT,FTM,FTA,FT_PCT,OREB,DREB,REB,AST,STL,BLK,TO,PF,PTS,FG2M,FG2A,FG2_PCT,OUTCOME,DEFICIT_FGM,DEFICIT_FGA,DEFICIT_FG3M,DEFICIT_FG3A,DEFICIT_FTM,DEFICIT_FTA,DEFICIT_OREB,DEFICIT_DREB,DEFICIT_REB,DEFICIT_AST,DEFICIT_STL,DEFICIT_BLK,DEFICIT_TO,DEFICIT_PF,DEFICIT_FG2M,DEFICIT_FG2A
0,Grizzlies,5,14,0.357,16,19,0.842,10,38,48,24,9,4,12,16,105,37,78,0.47435897435897434,1,0.5185185185185185,0.4919786096256685,0.35714285714285715,0.3111111111111111,0.5925925925925926,0.6129032258064516,0.4,0.5277777777777778,0.4948453608247423,0.5714285714285714,0.5,0.26666666666666666,0.46153846153846156,0.45714285714285713,0.5522388059701493,0.5492957746478874
1,Warriors,9,31,0.29,11,12,0.917,15,34,49,18,9,11,14,19,98,30,64,0.46875,0,0.48148148148148145,0.5080213903743316,0.6428571428571429,0.6888888888888889,0.4074074074074074,0.3870967741935484,0.6,0.4722222222222222,0.5051546391752577,0.42857142857142855,0.5,0.7333333333333333,0.5384615384615384,0.5428571428571428,0.44776119402985076,0.4507042253521127
