,TEAM_NAME,FG3M,FG3A,FG3_PCT,FTM,FTA,FT_PCT,OREB,DREB,REB,AST,STL,BLK,TO,PF,PTS,FG2M,FG2A,FG2_PCT,OUTCOME,DEFICIT_FGM,DEFICIT_FGA,DEFICIT_FG3M,DEFICIT_FG3A,DEFICIT_FTM,DEFICIT_FTA,DEFICIT_OREB,DEFICIT_DREB,DEFICIT_REB,DEFICIT_AST,DEFICIT_STL,DEFICIT_BLK,DEFICIT_TO,DEFICIT_PF,DEFICIT_FG2M,DEFICIT_FG2A
0,Kings,5,18,0.278,15,17,0.882,13,35,48,21,7,3,17,21,92,31,66,0.469696969697,0,0.467532467532,0.491228070175,0.454545454545,0.473684210526,0.483870967742,0.414634146341,0.52,0.546875,0.539325842697,0.538461538462,0.4375,0.25,0.62962962963,0.512195121951,0.469696969697,0.496240601504
1,Thunder,6,20,0.3,16,24,0.667,12,29,41,18,9,9,10,20,104,35,67,0.522388059701,1,0.532467532468,0.508771929825,0.545454545455,0.526315789474,0.516129032258,0.585365853659,0.48,0.453125,0.460674157303,0.461538461538,0.5625,0.75,0.37037037037,0.487804878049,0.530303030303,0.503759398496
