,TEAM_NAME,FG3M,FG3A,FG3_PCT,FTM,FTA,FT_PCT,OREB,DREB,REB,AST,STL,BLK,TO,PF,PTS,FG2M,FG2A,FG2_PCT,OUTCOME,DEFICIT_FGM,DEFICIT_FGA,DEFICIT_FG3M,DEFICIT_FG3A,DEFICIT_FTM,DEFICIT_FTA,DEFICIT_OREB,DEFICIT_DREB,DEFICIT_REB,DEFICIT_AST,DEFICIT_STL,DEFICIT_BLK,DEFICIT_TO,DEFICIT_PF,DEFICIT_FG2M,DEFICIT_FG2A
0,Jazz,5,15,0.333,16,19,0.842,18,19,37,19,6,7,15,18,111,40,75,0.5333333333333333,0,0.4891304347826087,0.5325443786982249,0.38461538461538464,0.4838709677419355,0.48484848484848486,0.5135135135135135,0.6666666666666666,0.4523809523809524,0.5362318840579711,0.4418604651162791,0.4,0.4375,0.4838709677419355,0.47368421052631576,0.5063291139240507,0.5434782608695652
1,Pelicans,8,16,0.5,17,18,0.944,9,23,32,24,9,9,16,20,119,39,63,0.6190476190476191,1,0.5108695652173914,0.46745562130177515,0.6153846153846154,0.5161290322580645,0.5151515151515151,0.4864864864864865,0.3333333333333333,0.5476190476190477,0.463768115942029,0.5581395348837209,0.6,0.5625,0.5161290322580645,0.5263157894736842,0.4936708860759494,0.45652173913043476
