,TEAM_NAME,FG3M,FG3A,FG3_PCT,FTM,FTA,FT_PCT,OREB,DREB,REB,AST,STL,BLK,TO,PF,PTS,FG2M,FG2A,FG2_PCT,OUTCOME,DEFICIT_FGM,DEFICIT_FGA,DEFICIT_FG3M,DEFICIT_FG3A,DEFICIT_FTM,DEFICIT_FTA,DEFICIT_OREB,DEFICIT_DREB,DEFICIT_REB,DEFICIT_AST,DEFICIT_STL,DEFICIT_BLK,DEFICIT_TO,DEFICIT_PF,DEFICIT_FG2M,DEFICIT_FG2A
0,Wizards,6,17,0.353,12,17,0.706,14,35,49,11,4,5,10,23,86,28,69,0.405797101449,0,0.523076923077,0.524390243902,0.4,0.377777777778,0.413793103448,0.386363636364,0.583333333333,0.514705882353,0.532608695652,0.34375,0.5,0.454545454545,0.555555555556,0.589743589744,0.56,0.579831932773
1,Magic,9,28,0.321,17,27,0.63,10,33,43,21,4,6,8,16,88,22,50,0.44,1,0.476923076923,0.475609756098,0.6,0.622222222222,0.586206896552,0.613636363636,0.416666666667,0.485294117647,0.467391304348,0.65625,0.5,0.545454545455,0.444444444444,0.410256410256,0.44,0.420168067227
