,TEAM_NAME,FG3M,FG3A,FG3_PCT,FTM,FTA,FT_PCT,OREB,DREB,REB,AST,STL,BLK,TO,PF,PTS,FG2M,FG2A,FG2_PCT,OUTCOME,DEFICIT_FGM,DEFICIT_FGA,DEFICIT_FG3M,DEFICIT_FG3A,DEFICIT_FTM,DEFICIT_FTA,DEFICIT_OREB,DEFICIT_DREB,DEFICIT_REB,DEFICIT_AST,DEFICIT_STL,DEFICIT_BLK,DEFICIT_TO,DEFICIT_PF,DEFICIT_FG2M,DEFICIT_FG2A
0,Rockets,12,36,0.333,11,13,0.846,12,31,43,22,9,7,26,26,97,25,49,0.510204081633,0,0.451219512195,0.5,0.6,0.642857142857,0.44,0.351351351351,0.48,0.5,0.494252873563,0.43137254902,0.346153846154,0.538461538462,0.577777777778,0.666666666667,0.403225806452,0.429824561404
1,Hawks,8,20,0.4,14,24,0.583,13,31,44,29,17,6,19,13,112,37,65,0.569230769231,1,0.548780487805,0.5,0.4,0.357142857143,0.56,0.648648648649,0.52,0.5,0.505747126437,0.56862745098,0.653846153846,0.461538461538,0.422222222222,0.333333333333,0.596774193548,0.570175438596
