,TEAM_NAME,FG3M,FG3A,FG3_PCT,FTM,FTA,FT_PCT,OREB,DREB,REB,AST,STL,BLK,TO,PF,PTS,FG2M,FG2A,FG2_PCT,OUTCOME,DEFICIT_FGM,DEFICIT_FGA,DEFICIT_FG3M,DEFICIT_FG3A,DEFICIT_FTM,DEFICIT_FTA,DEFICIT_OREB,DEFICIT_DREB,DEFICIT_REB,DEFICIT_AST,DEFICIT_STL,DEFICIT_BLK,DEFICIT_TO,DEFICIT_PF,DEFICIT_FG2M,DEFICIT_FG2A
0,Kings,10,28,0.357,15,19,0.789,13,23,36,27,8,3,14,19,91,23,56,0.410714285714,0,0.445945945946,0.506024096386,0.416666666667,0.459016393443,0.416666666667,0.431818181818,0.433333333333,0.389830508475,0.404494382022,0.490909090909,0.4,0.230769230769,0.48275862069,0.463414634146,0.46,0.533333333333
1,Bucks,14,33,0.424,21,25,0.84,17,36,53,28,12,10,15,22,117,27,49,0.551020408163,1,0.554054054054,0.493975903614,0.583333333333,0.540983606557,0.583333333333,0.568181818182,0.566666666667,0.610169491525,0.595505617978,0.509090909091,0.6,0.769230769231,0.51724137931,0.536585365854,0.54,0.466666666667
