,TEAM_NAME,FG3M,FG3A,FG3_PCT,FTM,FTA,FT_PCT,OREB,DREB,REB,AST,STL,BLK,TO,PF,PTS,FG2M,FG2A,FG2_PCT,OUTCOME,DEFICIT_FGM,DEFICIT_FGA,DEFICIT_FG3M,DEFICIT_FG3A,DEFICIT_FTM,DEFICIT_FTA,DEFICIT_OREB,DEFICIT_DREB,DEFICIT_REB,DEFICIT_AST,DEFICIT_STL,DEFICIT_BLK,DEFICIT_TO,DEFICIT_PF,DEFICIT_FG2M,DEFICIT_FG2A
0,Magic,10,33,0.303,12,17,0.706,7,37,44,16,9,3,21,20,84,21,45,0.466666666667,0,0.476923076923,0.503225806452,0.47619047619,0.568965517241,0.4,0.435897435897,0.538461538462,0.506849315068,0.511627906977,0.390243902439,0.428571428571,0.428571428571,0.538461538462,0.555555555556,0.477272727273,0.463917525773
1,Pacers,11,25,0.44,18,22,0.818,6,36,42,25,12,4,18,16,97,23,52,0.442307692308,1,0.523076923077,0.496774193548,0.52380952381,0.431034482759,0.6,0.564102564103,0.461538461538,0.493150684932,0.488372093023,0.609756097561,0.571428571429,0.571428571429,0.461538461538,0.444444444444,0.522727272727,0.536082474227
