,TEAM_NAME,FG3M,FG3A,FG3_PCT,FTM,FTA,FT_PCT,OREB,DREB,REB,AST,STL,BLK,TO,PF,PTS,FG2M,FG2A,FG2_PCT,OUTCOME,DEFICIT_FGM,DEFICIT_FGA,DEFICIT_FG3M,DEFICIT_FG3A,DEFICIT_FTM,DEFICIT_FTA,DEFICIT_OREB,DEFICIT_DREB,DEFICIT_REB,DEFICIT_AST,DEFICIT_STL,DEFICIT_BLK,DEFICIT_TO,DEFICIT_PF,DEFICIT_FG2M,DEFICIT_FG2A
0,76ers,5,25,0.2,13,23,0.565,15,37,52,19,6,9,13,13,88,30,75,0.4,0,0.4605263157894737,0.5102040816326531,0.3333333333333333,0.5,0.40625,0.5,0.5357142857142857,0.45121951219512196,0.4727272727272727,0.40425531914893614,0.5,0.47368421052631576,0.48148148148148145,0.40625,0.4918032786885246,0.5136986301369864
1,Bulls,10,25,0.4,19,23,0.826,13,45,58,28,6,10,14,19,111,31,71,0.43661971830985913,1,0.5394736842105263,0.4897959183673469,0.6666666666666666,0.5,0.59375,0.5,0.4642857142857143,0.5487804878048781,0.5272727272727272,0.5957446808510638,0.5,0.5263157894736842,0.5185185185185185,0.59375,0.5081967213114754,0.4863013698630137
