,TEAM_NAME,FG3M,FG3A,FG3_PCT,FTM,FTA,FT_PCT,OREB,DREB,REB,AST,STL,BLK,TO,PF,PTS,FG2M,FG2A,FG2_PCT,OUTCOME,DEFICIT_FGM,DEFICIT_FGA,DEFICIT_FG3M,DEFICIT_FG3A,DEFICIT_FTM,DEFICIT_FTA,DEFICIT_OREB,DEFICIT_DREB,DEFICIT_REB,DEFICIT_AST,DEFICIT_STL,DEFICIT_BLK,DEFICIT_TO,DEFICIT_PF,DEFICIT_FG2M,DEFICIT_FG2A
0,Wizards,9,20,0.45,20,23,0.87,5,33,38,26,10,4,14,14,109,31,59,0.525423728814,1,0.506329113924,0.459302325581,0.473684210526,0.377358490566,0.606060606061,0.589743589744,0.217391304348,0.5,0.426966292135,0.530612244898,0.555555555556,0.5,0.451612903226,0.411764705882,0.516666666667,0.495798319328
1,Hornets,10,33,0.303,13,16,0.813,18,33,51,23,8,4,17,20,101,29,60,0.483333333333,0,0.493670886076,0.540697674419,0.526315789474,0.622641509434,0.393939393939,0.410256410256,0.782608695652,0.5,0.573033707865,0.469387755102,0.444444444444,0.5,0.548387096774,0.588235294118,0.483333333333,0.504201680672
