,TEAM_NAME,FG3M,FG3A,FG3_PCT,FTM,FTA,FT_PCT,OREB,DREB,REB,AST,STL,BLK,TO,PF,PTS,FG2M,FG2A,FG2_PCT,OUTCOME,DEFICIT_FGM,DEFICIT_FGA,DEFICIT_FG3M,DEFICIT_FG3A,DEFICIT_FTM,DEFICIT_FTA,DEFICIT_OREB,DEFICIT_DREB,DEFICIT_REB,DEFICIT_AST,DEFICIT_STL,DEFICIT_BLK,DEFICIT_TO,DEFICIT_PF,DEFICIT_FG2M,DEFICIT_FG2A
0,Grizzlies,5,19,0.263,17,21,0.81,9,37,46,21,9,6,9,20,96,32,64,0.5,1,0.55223880597,0.51875,0.5,0.404255319149,0.472222222222,0.45652173913,0.409090909091,0.536231884058,0.505494505495,0.636363636364,0.529411764706,0.75,0.346153846154,0.5,0.561403508772,0.566371681416
1,Pacers,5,28,0.179,19,25,0.76,13,32,45,12,8,2,17,20,84,25,49,0.510204081633,0,0.44776119403,0.48125,0.5,0.595744680851,0.527777777778,0.54347826087,0.590909090909,0.463768115942,0.494505494505,0.363636363636,0.470588235294,0.25,0.653846153846,0.5,0.438596491228,0.433628318584
