,TEAM_NAME,FG3M,FG3A,FG3_PCT,FTM,FTA,FT_PCT,OREB,DREB,REB,AST,STL,BLK,TO,PF,PTS,FG2M,FG2A,FG2_PCT,OUTCOME,DEFICIT_FGM,DEFICIT_FGA,DEFICIT_FG3M,DEFICIT_FG3A,DEFICIT_FTM,DEFICIT_FTA,DEFICIT_OREB,DEFICIT_DREB,DEFICIT_REB,DEFICIT_AST,DEFICIT_STL,DEFICIT_BLK,DEFICIT_TO,DEFICIT_PF,DEFICIT_FG2M,DEFICIT_FG2A
0,Kings,11,27,0.407,20,26,0.769,15,35,50,25,11,3,14,16,111,29,67,0.432835820896,1,0.487804878049,0.513661202186,0.578947368421,0.5625,0.540540540541,0.553191489362,0.625,0.5,0.531914893617,0.510204081633,0.611111111111,0.428571428571,0.48275862069,0.4,0.460317460317,0.496296296296
1,Nets,8,21,0.381,17,21,0.81,9,35,44,24,7,4,15,24,109,34,68,0.5,0,0.512195121951,0.486338797814,0.421052631579,0.4375,0.459459459459,0.446808510638,0.375,0.5,0.468085106383,0.489795918367,0.388888888889,0.571428571429,0.51724137931,0.6,0.539682539683,0.503703703704
