,TEAM_NAME,FG3M,FG3A,FG3_PCT,FTM,FTA,FT_PCT,OREB,DREB,REB,AST,STL,BLK,TO,PF,PTS,FG2M,FG2A,FG2_PCT,OUTCOME,DEFICIT_FGM,DEFICIT_FGA,DEFICIT_FG3M,DEFICIT_FG3A,DEFICIT_FTM,DEFICIT_FTA,DEFICIT_OREB,DEFICIT_DREB,DEFICIT_REB,DEFICIT_AST,DEFICIT_STL,DEFICIT_BLK,DEFICIT_TO,DEFICIT_PF,DEFICIT_FG2M,DEFICIT_FG2A
0,Trail Blazers,8,22,0.364,26,29,0.897,10,33,43,17,5,10,22,22,100,25,47,0.5319148936170213,0,0.4782608695652174,0.44516129032258067,0.5714285714285714,0.5789473684210527,0.5306122448979592,0.5178571428571429,0.4166666666666667,0.6111111111111112,0.5512820512820513,0.4358974358974359,0.3333333333333333,1.0,0.7333333333333333,0.5116279069767442,0.45454545454545453,0.4017094017094017
1,Grizzlies,6,16,0.375,23,27,0.852,14,21,35,22,10,0,8,21,101,30,70,0.42857142857142855,1,0.5217391304347826,0.5548387096774193,0.42857142857142855,0.42105263157894735,0.46938775510204084,0.48214285714285715,0.5833333333333334,0.3888888888888889,0.44871794871794873,0.5641025641025641,0.6666666666666666,0.0,0.26666666666666666,0.4883720930232558,0.5454545454545454,0.5982905982905983
