,TEAM_NAME,FG3M,FG3A,FG3_PCT,FTM,FTA,FT_PCT,OREB,DREB,REB,AST,STL,BLK,TO,PF,PTS,FG2M,FG2A,FG2_PCT,OUTCOME,DEFICIT_FGM,DEFICIT_FGA,DEFICIT_FG3M,DEFICIT_FG3A,DEFICIT_FTM,DEFICIT_FTA,DEFICIT_OREB,DEFICIT_DREB,DEFICIT_REB,DEFICIT_AST,DEFICIT_STL,DEFICIT_BLK,DEFICIT_TO,DEFICIT_PF,DEFICIT_FG2M,DEFICIT_FG2A
0,Raptors,9,21,0.429,23,27,0.852,13,35,48,19,8,5,15,19,100,25,56,0.44642857142857145,1,0.53125,0.48427672955974843,0.5625,0.4772727272727273,0.6216216216216216,0.574468085106383,0.5652173913043478,0.5555555555555556,0.5581395348837209,0.5588235294117647,0.4444444444444444,0.5555555555555556,0.5172413793103449,0.4634146341463415,0.5208333333333334,0.48695652173913045
1,Pelicans,7,23,0.304,14,20,0.7,10,28,38,15,10,4,14,22,81,23,59,0.3898305084745763,0,0.46875,0.5157232704402516,0.4375,0.5227272727272727,0.3783783783783784,0.425531914893617,0.43478260869565216,0.4444444444444444,0.4418604651162791,0.4411764705882353,0.5555555555555556,0.4444444444444444,0.4827586206896552,0.5365853658536586,0.4791666666666667,0.5130434782608696
