,TEAM_NAME,FG3M,FG3A,FG3_PCT,FTM,FTA,FT_PCT,OREB,DREB,REB,AST,STL,BLK,TO,PF,PTS,FG2M,FG2A,FG2_PCT,OUTCOME,DEFICIT_FGM,DEFICIT_FGA,DEFICIT_FG3M,DEFICIT_FG3A,DEFICIT_FTM,DEFICIT_FTA,DEFICIT_OREB,DEFICIT_DREB,DEFICIT_REB,DEFICIT_AST,DEFICIT_STL,DEFICIT_BLK,DEFICIT_TO,DEFICIT_PF,DEFICIT_FG2M,DEFICIT_FG2A
0,Knicks,9,27,0.333,17,21,0.81,10,36,46,16,7,4,14,26,84,20,52,0.38461538461538464,0,0.46774193548387094,0.5031847133757962,0.6,0.4909090909090909,0.4857142857142857,0.40384615384615385,0.45454545454545453,0.4931506849315068,0.4842105263157895,0.5714285714285714,0.5384615384615384,0.8,0.5384615384615384,0.5777777777777777,0.425531914893617,0.5098039215686274
1,Cavaliers,6,28,0.214,18,31,0.581,12,37,49,12,6,1,12,19,90,27,50,0.54,1,0.532258064516129,0.4968152866242038,0.4,0.509090909090909,0.5142857142857142,0.5961538461538461,0.5454545454545454,0.5068493150684932,0.5157894736842106,0.42857142857142855,0.46153846153846156,0.2,0.46153846153846156,0.4222222222222222,0.574468085106383,0.49019607843137253
