,TEAM_NAME,FG3M,FG3A,FG3_PCT,FTM,FTA,FT_PCT,OREB,DREB,REB,AST,STL,BLK,TO,PF,PTS,FG2M,FG2A,FG2_PCT,OUTCOME,DEFICIT_FGM,DEFICIT_FGA,DEFICIT_FG3M,DEFICIT_FG3A,DEFICIT_FTM,DEFICIT_FTA,DEFICIT_OREB,DEFICIT_DREB,DEFICIT_REB,DEFICIT_AST,DEFICIT_STL,DEFICIT_BLK,DEFICIT_TO,DEFICIT_PF,DEFICIT_FG2M,DEFICIT_FG2A
0,Trail Blazers,8,22,0.364,26,29,0.897,10,33,43,17,5,10,22,22,100,25,47,0.531914893617,0,0.478260869565,0.445161290323,0.571428571429,0.578947368421,0.530612244898,0.517857142857,0.416666666667,0.611111111111,0.551282051282,0.435897435897,0.333333333333,1.0,0.733333333333,0.511627906977,0.454545454545,0.401709401709
1,Grizzlies,6,16,0.375,23,27,0.852,14,21,35,22,10,0,8,21,101,30,70,0.428571428571,1,0.521739130435,0.554838709677,0.428571428571,0.421052631579,0.469387755102,0.482142857143,0.583333333333,0.388888888889,0.448717948718,0.564102564103,0.666666666667,0.0,0.266666666667,0.488372093023,0.545454545455,0.598290598291
