,TEAM_NAME,FG3M,FG3A,FG3_PCT,FTM,FTA,FT_PCT,OREB,DREB,REB,AST,STL,BLK,TO,PF,PTS,FG2M,FG2A,FG2_PCT,OUTCOME,DEFICIT_FGM,DEFICIT_FGA,DEFICIT_FG3M,DEFICIT_FG3A,DEFICIT_FTM,DEFICIT_FTA,DEFICIT_OREB,DEFICIT_DREB,DEFICIT_REB,DEFICIT_AST,DEFICIT_STL,DEFICIT_BLK,DEFICIT_TO,DEFICIT_PF,DEFICIT_FG2M,DEFICIT_FG2A
0,Timberwolves,7,20,0.35,12,13,0.923,8,31,39,16,5,0,15,19,103,35,63,0.555555555556,0,0.506024096386,0.491124260355,0.411764705882,0.444444444444,0.444444444444,0.361111111111,0.4,0.525423728814,0.493670886076,0.410256410256,0.357142857143,0.0,0.576923076923,0.678571428571,0.530303030303,0.508064516129
1,Pacers,10,25,0.4,15,23,0.652,12,28,40,23,9,5,11,9,107,31,61,0.508196721311,1,0.493975903614,0.508875739645,0.588235294118,0.555555555556,0.555555555556,0.638888888889,0.6,0.474576271186,0.506329113924,0.589743589744,0.642857142857,1.0,0.423076923077,0.321428571429,0.469696969697,0.491935483871
