,TEAM_NAME,FG3M,FG3A,FG3_PCT,FTM,FTA,FT_PCT,OREB,DREB,REB,AST,STL,BLK,TO,PF,PTS,FG2M,FG2A,FG2_PCT,OUTCOME,DEFICIT_FGM,DEFICIT_FGA,DEFICIT_FG3M,DEFICIT_FG3A,DEFICIT_FTM,DEFICIT_FTA,DEFICIT_OREB,DEFICIT_DREB,DEFICIT_REB,DEFICIT_AST,DEFICIT_STL,DEFICIT_BLK,DEFICIT_TO,DEFICIT_PF,DEFICIT_FG2M,DEFICIT_FG2A
0,Kings,11,27,0.407,20,26,0.769,15,35,50,25,11,3,14,16,111,29,67,0.43283582089552236,1,0.4878048780487805,0.5136612021857924,0.5789473684210527,0.5625,0.5405405405405406,0.5531914893617021,0.625,0.5,0.5319148936170213,0.5102040816326531,0.6111111111111112,0.42857142857142855,0.4827586206896552,0.4,0.4603174603174603,0.4962962962962963
1,Nets,8,21,0.381,17,21,0.81,9,35,44,24,7,4,15,24,109,34,68,0.5,0,0.5121951219512195,0.48633879781420764,0.42105263157894735,0.4375,0.4594594594594595,0.44680851063829785,0.375,0.5,0.46808510638297873,0.4897959183673469,0.3888888888888889,0.5714285714285714,0.5172413793103449,0.6,0.5396825396825397,0.5037037037037037
