,TEAM_NAME,FG3M,FG3A,FG3_PCT,FTM,FTA,FT_PCT,OREB,DREB,REB,AST,STL,BLK,TO,PF,PTS,FG2M,FG2A,FG2_PCT,OUTCOME,DEFICIT_FGM,DEFICIT_FGA,DEFICIT_FG3M,DEFICIT_FG3A,DEFICIT_FTM,DEFICIT_FTA,DEFICIT_OREB,DEFICIT_DREB,DEFICIT_REB,DEFICIT_AST,DEFICIT_STL,DEFICIT_BLK,DEFICIT_TO,DEFICIT_PF,DEFICIT_FG2M,DEFICIT_FG2A
0,Jazz,8,25,0.32,17,23,0.739,12,29,41,24,14,6,17,24,93,26,62,0.41935483870967744,0,0.5151515151515151,0.5337423312883436,0.4444444444444444,0.4807692307692308,0.37777777777777777,0.42592592592592593,0.5454545454545454,0.453125,0.47674418604651164,0.5454545454545454,0.56,0.35294117647058826,0.4594594594594595,0.5454545454545454,0.5416666666666666,0.5585585585585585
1,Magic,10,27,0.37,28,31,0.903,10,35,45,20,11,11,20,20,102,22,49,0.4489795918367347,1,0.48484848484848486,0.4662576687116564,0.5555555555555556,0.5192307692307693,0.6222222222222222,0.5740740740740741,0.45454545454545453,0.546875,0.5232558139534884,0.45454545454545453,0.44,0.6470588235294118,0.5405405405405406,0.45454545454545453,0.4583333333333333,0.44144144144144143
