,TEAM_NAME,FG3M,FG3A,FG3_PCT,FTM,FTA,FT_PCT,OREB,DREB,REB,AST,STL,BLK,TO,PF,PTS,FG2M,FG2A,FG2_PCT,OUTCOME,DEFICIT_FGM,DEFICIT_FGA,DEFICIT_FG3M,DEFICIT_FG3A,DEFICIT_FTM,DEFICIT_FTA,DEFICIT_OREB,DEFICIT_DREB,DEFICIT_REB,DEFICIT_AST,DEFICIT_STL,DEFICIT_BLK,DEFICIT_TO,DEFICIT_PF,DEFICIT_FG2M,DEFICIT_FG2A
0,Knicks,9,27,0.333,17,21,0.81,10,36,46,16,7,4,14,26,84,20,52,0.384615384615,0,0.467741935484,0.503184713376,0.6,0.490909090909,0.485714285714,0.403846153846,0.454545454545,0.493150684932,0.484210526316,0.571428571429,0.538461538462,0.8,0.538461538462,0.577777777778,0.425531914894,0.509803921569
1,Cavaliers,6,28,0.214,18,31,0.581,12,37,49,12,6,1,12,19,90,27,50,0.54,1,0.532258064516,0.496815286624,0.4,0.509090909091,0.514285714286,0.596153846154,0.545454545455,0.506849315068,0.515789473684,0.428571428571,0.461538461538,0.2,0.461538461538,0.422222222222,0.574468085106,0.490196078431
