,TEAM_NAME,FG3M,FG3A,FG3_PCT,FTM,FTA,FT_PCT,OREB,DREB,REB,AST,STL,BLK,TO,PF,PTS,FG2M,FG2A,FG2_PCT,OUTCOME,DEFICIT_FGM,DEFICIT_FGA,DEFICIT_FG3M,DEFICIT_FG3A,DEFICIT_FTM,DEFICIT_FTA,DEFICIT_OREB,DEFICIT_DREB,DEFICIT_REB,DEFICIT_AST,DEFICIT_STL,DEFICIT_BLK,DEFICIT_TO,DEFICIT_PF,DEFICIT_FG2M,DEFICIT_FG2A
0,Hornets,7,26,0.269,24,29,0.828,12,39,51,19,6,7,7,17,111,33,76,0.434210526316,1,0.506329113924,0.542553191489,0.368421052632,0.41935483871,0.585365853659,0.58,0.75,0.4875,0.53125,0.422222222222,0.666666666667,0.466666666667,0.318181818182,0.425,0.55,0.603174603175
1,Nets,12,36,0.333,17,21,0.81,4,41,45,26,3,8,15,23,107,27,50,0.54,0,0.493670886076,0.457446808511,0.631578947368,0.58064516129,0.414634146341,0.42,0.25,0.5125,0.46875,0.577777777778,0.333333333333,0.533333333333,0.681818181818,0.575,0.45,0.396825396825
