,TEAM_NAME,FG3M,FG3A,FG3_PCT,FTM,FTA,FT_PCT,OREB,DREB,REB,AST,STL,BLK,TO,PF,PTS,FG2M,FG2A,FG2_PCT,OUTCOME,DEFICIT_FGM,DEFICIT_FGA,DEFICIT_FG3M,DEFICIT_FG3A,DEFICIT_FTM,DEFICIT_FTA,DEFICIT_OREB,DEFICIT_DREB,DEFICIT_REB,DEFICIT_AST,DEFICIT_STL,DEFICIT_BLK,DEFICIT_TO,DEFICIT_PF,DEFICIT_FG2M,DEFICIT_FG2A
0,Thunder,6,25,0.24,20,22,0.909,18,36,54,19,7,3,12,19,106,34,71,0.478873239437,1,0.5,0.533333333333,0.352941176471,0.423728813559,0.588235294118,0.594594594595,0.818181818182,0.486486486486,0.5625,0.463414634146,0.538461538462,0.428571428571,0.5,0.542857142857,0.539682539683,0.586776859504
1,Nuggets,11,34,0.324,14,15,0.933,4,38,42,22,6,4,12,16,105,29,50,0.58,0,0.5,0.466666666667,0.647058823529,0.576271186441,0.411764705882,0.405405405405,0.181818181818,0.513513513514,0.4375,0.536585365854,0.461538461538,0.571428571429,0.5,0.457142857143,0.460317460317,0.413223140496
