,TEAM_NAME,FG3M,FG3A,FG3_PCT,FTM,FTA,FT_PCT,OREB,DREB,REB,AST,STL,BLK,TO,PF,PTS,FG2M,FG2A,FG2_PCT,OUTCOME,DEFICIT_FGM,DEFICIT_FGA,DEFICIT_FG3M,DEFICIT_FG3A,DEFICIT_FTM,DEFICIT_FTA,DEFICIT_OREB,DEFICIT_DREB,DEFICIT_REB,DEFICIT_AST,DEFICIT_STL,DEFICIT_BLK,DEFICIT_TO,DEFICIT_PF,DEFICIT_FG2M,DEFICIT_FG2A
0,Kings,9,31,0.29,25,30,0.833,7,31,38,26,8,2,5,18,128,38,63,0.603174603175,0,0.510869565217,0.540229885057,0.333333333333,0.418918918919,0.480769230769,0.491803278689,0.583333333333,0.462686567164,0.481012658228,0.5,0.727272727273,0.5,0.238095238095,0.45,0.584615384615,0.63
1,Rockets,18,43,0.419,27,31,0.871,5,36,41,26,3,2,16,22,135,27,37,0.72972972973,1,0.489130434783,0.459770114943,0.666666666667,0.581081081081,0.519230769231,0.508196721311,0.416666666667,0.537313432836,0.518987341772,0.5,0.272727272727,0.5,0.761904761905,0.55,0.415384615385,0.37
