,TEAM_NAME,FG3M,FG3A,FG3_PCT,FTM,FTA,FT_PCT,OREB,DREB,REB,AST,STL,BLK,TO,PF,PTS,FG2M,FG2A,FG2_PCT,OUTCOME,DEFICIT_FGM,DEFICIT_FGA,DEFICIT_FG3M,DEFICIT_FG3A,DEFICIT_FTM,DEFICIT_FTA,DEFICIT_OREB,DEFICIT_DREB,DEFICIT_REB,DEFICIT_AST,DEFICIT_STL,DEFICIT_BLK,DEFICIT_TO,DEFICIT_PF,DEFICIT_FG2M,DEFICIT_FG2A
0,Pistons,9,25,0.36,12,20,0.6,8,23,31,21,4,4,7,8,97,29,58,0.5,0,0.469135802469,0.494047619048,0.346153846154,0.438596491228,0.666666666667,0.625,0.380952380952,0.418181818182,0.407894736842,0.411764705882,0.444444444444,0.363636363636,0.411764705882,0.296296296296,0.527272727273,0.522522522523
1,Cavaliers,17,32,0.531,6,12,0.5,13,32,45,30,5,7,10,19,109,26,53,0.490566037736,1,0.530864197531,0.505952380952,0.653846153846,0.561403508772,0.333333333333,0.375,0.619047619048,0.581818181818,0.592105263158,0.588235294118,0.555555555556,0.636363636364,0.588235294118,0.703703703704,0.472727272727,0.477477477477
