,TEAM_NAME,FG3M,FG3A,FG3_PCT,FTM,FTA,FT_PCT,OREB,DREB,REB,AST,STL,BLK,TO,PF,PTS,FG2M,FG2A,FG2_PCT,OUTCOME,DEFICIT_FGM,DEFICIT_FGA,DEFICIT_FG3M,DEFICIT_FG3A,DEFICIT_FTM,DEFICIT_FTA,DEFICIT_OREB,DEFICIT_DREB,DEFICIT_REB,DEFICIT_AST,DEFICIT_STL,DEFICIT_BLK,DEFICIT_TO,DEFICIT_PF,DEFICIT_FG2M,DEFICIT_FG2A
0,Jazz,11,28,0.393,16,26,0.615,12,36,48,24,10,6,14,19,109,30,54,0.555555555556,1,0.546666666667,0.5,0.55,0.583333333333,0.516129032258,0.530612244898,0.5,0.553846153846,0.539325842697,0.571428571429,0.714285714286,0.6,0.466666666667,0.475,0.545454545455,0.465517241379
1,Mavericks,9,20,0.45,15,23,0.652,12,29,41,18,4,4,16,21,92,25,62,0.403225806452,0,0.453333333333,0.5,0.45,0.416666666667,0.483870967742,0.469387755102,0.5,0.446153846154,0.460674157303,0.428571428571,0.285714285714,0.4,0.533333333333,0.525,0.454545454545,0.534482758621
