,TEAM_NAME,FG3M,FG3A,FG3_PCT,FTM,FTA,FT_PCT,OREB,DREB,REB,AST,STL,BLK,TO,PF,PTS,FG2M,FG2A,FG2_PCT,OUTCOME,DEFICIT_FGM,DEFICIT_FGA,DEFICIT_FG3M,DEFICIT_FG3A,DEFICIT_FTM,DEFICIT_FTA,DEFICIT_OREB,DEFICIT_DREB,DEFICIT_REB,DEFICIT_AST,DEFICIT_STL,DEFICIT_BLK,DEFICIT_TO,DEFICIT_PF,DEFICIT_FG2M,DEFICIT_FG2A
0,Pelicans,6,21,0.286,20,24,0.833,10,29,39,15,6,9,9,23,100,31,63,0.492063492063,1,0.544117647059,0.518518518519,0.6,0.6,0.47619047619,0.461538461538,0.555555555556,0.453125,0.475609756098,0.441176470588,0.857142857143,0.473684210526,0.45,0.511111111111,0.534482758621,0.496062992126
1,Timberwolves,4,14,0.286,22,28,0.786,8,35,43,19,1,10,11,22,88,27,64,0.421875,0,0.455882352941,0.481481481481,0.4,0.4,0.52380952381,0.538461538462,0.444444444444,0.546875,0.524390243902,0.558823529412,0.142857142857,0.526315789474,0.55,0.488888888889,0.465517241379,0.503937007874
