,TEAM_NAME,FG3M,FG3A,FG3_PCT,FTM,FTA,FT_PCT,OREB,DREB,REB,AST,STL,BLK,TO,PF,PTS,FG2M,FG2A,FG2_PCT,OUTCOME,DEFICIT_FGM,DEFICIT_FGA,DEFICIT_FG3M,DEFICIT_FG3A,DEFICIT_FTM,DEFICIT_FTA,DEFICIT_OREB,DEFICIT_DREB,DEFICIT_REB,DEFICIT_AST,DEFICIT_STL,DEFICIT_BLK,DEFICIT_TO,DEFICIT_PF,DEFICIT_FG2M,DEFICIT_FG2A
0,Rockets,9,35,0.257,21,26,0.808,10,39,49,19,9,10,10,18,100,26,50,0.52,1,0.507246376812,0.505952380952,0.409090909091,0.522388059701,0.7,0.604651162791,0.588235294118,0.52,0.532608695652,0.452380952381,0.529411764706,0.666666666667,0.4,0.514285714286,0.553191489362,0.49504950495
1,Hornets,13,32,0.406,9,17,0.529,7,36,43,23,8,5,15,17,90,21,51,0.411764705882,0,0.492753623188,0.494047619048,0.590909090909,0.477611940299,0.3,0.395348837209,0.411764705882,0.48,0.467391304348,0.547619047619,0.470588235294,0.333333333333,0.6,0.485714285714,0.446808510638,0.50495049505
