,TEAM_NAME,FG3M,FG3A,FG3_PCT,FTM,FTA,FT_PCT,OREB,DREB,REB,AST,STL,BLK,TO,PF,PTS,FG2M,FG2A,FG2_PCT,OUTCOME,DEFICIT_FGM,DEFICIT_FGA,DEFICIT_FG3M,DEFICIT_FG3A,DEFICIT_FTM,DEFICIT_FTA,DEFICIT_OREB,DEFICIT_DREB,DEFICIT_REB,DEFICIT_AST,DEFICIT_STL,DEFICIT_BLK,DEFICIT_TO,DEFICIT_PF,DEFICIT_FG2M,DEFICIT_FG2A
0,Knicks,13,25,0.52,13,19,0.684,9,30,39,33,7,7,17,19,112,30,52,0.576923076923,1,0.524390243902,0.466666666667,0.541666666667,0.438596491228,0.40625,0.452380952381,0.428571428571,0.545454545455,0.513157894737,0.55,0.411764705882,0.7,0.68,0.527777777778,0.51724137931,0.481481481481
1,Hawks,11,32,0.344,19,23,0.826,12,25,37,27,10,3,8,17,108,28,56,0.5,0,0.475609756098,0.533333333333,0.458333333333,0.561403508772,0.59375,0.547619047619,0.571428571429,0.454545454545,0.486842105263,0.45,0.588235294118,0.3,0.32,0.472222222222,0.48275862069,0.518518518519
