,TEAM_NAME,FG3M,FG3A,FG3_PCT,FTM,FTA,FT_PCT,OREB,DREB,REB,AST,STL,BLK,TO,PF,PTS,FG2M,FG2A,FG2_PCT,OUTCOME,DEFICIT_FGM,DEFICIT_FGA,DEFICIT_FG3M,DEFICIT_FG3A,DEFICIT_FTM,DEFICIT_FTA,DEFICIT_OREB,DEFICIT_DREB,DEFICIT_REB,DEFICIT_AST,DEFICIT_STL,DEFICIT_BLK,DEFICIT_TO,DEFICIT_PF,DEFICIT_FG2M,DEFICIT_FG2A
0,Heat,7,20,0.35,17,21,0.81,13,31,44,24,13,6,20,22,102,32,65,0.492307692308,1,0.534246575342,0.505952380952,0.538461538462,0.526315789474,0.435897435897,0.42,0.40625,0.492063492063,0.463157894737,0.558139534884,0.541666666667,0.6,0.487804878049,0.52380952381,0.533333333333,0.5
1,Pistons,6,18,0.333,22,29,0.759,19,32,51,19,11,4,21,20,96,28,65,0.430769230769,0,0.465753424658,0.494047619048,0.461538461538,0.473684210526,0.564102564103,0.58,0.59375,0.507936507937,0.536842105263,0.441860465116,0.458333333333,0.4,0.512195121951,0.47619047619,0.466666666667,0.5
