,TEAM_NAME,FG3M,FG3A,FG3_PCT,FTM,FTA,FT_PCT,OREB,DREB,REB,AST,STL,BLK,TO,PF,PTS,FG2M,FG2A,FG2_PCT,OUTCOME,DEFICIT_FGM,DEFICIT_FGA,DEFICIT_FG3M,DEFICIT_FG3A,DEFICIT_FTM,DEFICIT_FTA,DEFICIT_OREB,DEFICIT_DREB,DEFICIT_REB,DEFICIT_AST,DEFICIT_STL,DEFICIT_BLK,DEFICIT_TO,DEFICIT_PF,DEFICIT_FG2M,DEFICIT_FG2A
0,Mavericks,12,26,0.462,24,26,0.923,10,35,45,30,4,5,13,23,124,32,54,0.592592592593,1,0.543209876543,0.5,0.6,0.52,0.489795918367,0.440677966102,0.5,0.625,0.592105263158,0.588235294118,0.307692307692,0.555555555556,0.590909090909,0.489361702128,0.524590163934,0.490909090909
1,Cavaliers,8,24,0.333,25,33,0.758,10,21,31,21,9,4,9,24,107,29,56,0.517857142857,0,0.456790123457,0.5,0.4,0.48,0.510204081633,0.559322033898,0.5,0.375,0.407894736842,0.411764705882,0.692307692308,0.444444444444,0.409090909091,0.510638297872,0.475409836066,0.509090909091
