,TEAM_NAME,FG3M,FG3A,FG3_PCT,FTM,FTA,FT_PCT,OREB,DREB,REB,AST,STL,BLK,TO,PF,PTS,FG2M,FG2A,FG2_PCT,OUTCOME,DEFICIT_FGM,DEFICIT_FGA,DEFICIT_FG3M,DEFICIT_FG3A,DEFICIT_FTM,DEFICIT_FTA,DEFICIT_OREB,DEFICIT_DREB,DEFICIT_REB,DEFICIT_AST,DEFICIT_STL,DEFICIT_BLK,DEFICIT_TO,DEFICIT_PF,DEFICIT_FG2M,DEFICIT_FG2A
0,Jazz,6,13,0.462,18,26,0.692,14,27,41,18,8,4,10,23,102,33,72,0.4583333333333333,0,0.52,0.5279503105590062,0.46153846153846156,0.3611111111111111,0.42857142857142855,0.43333333333333335,0.5384615384615384,0.45,0.47674418604651164,0.5,0.5,0.4,0.4166666666666667,0.5348837209302325,0.532258064516129,0.576
1,Trail Blazers,7,23,0.304,24,34,0.706,12,33,45,18,8,6,14,20,103,29,53,0.5471698113207547,1,0.48,0.4720496894409938,0.5384615384615384,0.6388888888888888,0.5714285714285714,0.5666666666666667,0.46153846153846156,0.55,0.5232558139534884,0.5,0.5,0.6,0.5833333333333334,0.46511627906976744,0.46774193548387094,0.424
