,TEAM_NAME,FG3M,FG3A,FG3_PCT,FTM,FTA,FT_PCT,OREB,DREB,REB,AST,STL,BLK,TO,PF,PTS,FG2M,FG2A,FG2_PCT,OUTCOME,DEFICIT_FGM,DEFICIT_FGA,DEFICIT_FG3M,DEFICIT_FG3A,DEFICIT_FTM,DEFICIT_FTA,DEFICIT_OREB,DEFICIT_DREB,DEFICIT_REB,DEFICIT_AST,DEFICIT_STL,DEFICIT_BLK,DEFICIT_TO,DEFICIT_PF,DEFICIT_FG2M,DEFICIT_FG2A
0,Kings,7,16,0.438,19,24,0.792,6,28,34,17,7,4,18,21,96,28,63,0.4444444444444444,0,0.43209876543209874,0.4647058823529412,0.4117647058823529,0.41025641025641024,0.5,0.48,0.3,0.4444444444444444,0.40963855421686746,0.34,0.35,0.4444444444444444,0.6206896551724138,0.4772727272727273,0.4375,0.48091603053435117
1,Warriors,10,23,0.435,19,26,0.731,14,35,49,33,13,5,11,23,121,36,68,0.5294117647058824,1,0.5679012345679012,0.5352941176470588,0.5882352941176471,0.5897435897435898,0.5,0.52,0.7,0.5555555555555556,0.5903614457831325,0.66,0.65,0.5555555555555556,0.3793103448275862,0.5227272727272727,0.5625,0.5190839694656488
