,TEAM_NAME,FG3M,FG3A,FG3_PCT,FTM,FTA,FT_PCT,OREB,DREB,REB,AST,STL,BLK,TO,PF,PTS,FG2M,FG2A,FG2_PCT,OUTCOME,DEFICIT_FGM,DEFICIT_FGA,DEFICIT_FG3M,DEFICIT_FG3A,DEFICIT_FTM,DEFICIT_FTA,DEFICIT_OREB,DEFICIT_DREB,DEFICIT_REB,DEFICIT_AST,DEFICIT_STL,DEFICIT_BLK,DEFICIT_TO,DEFICIT_PF,DEFICIT_FG2M,DEFICIT_FG2A
0,Kings,7,16,0.438,19,24,0.792,6,28,34,17,7,4,18,21,96,28,63,0.444444444444,0,0.432098765432,0.464705882353,0.411764705882,0.410256410256,0.5,0.48,0.3,0.444444444444,0.409638554217,0.34,0.35,0.444444444444,0.620689655172,0.477272727273,0.4375,0.480916030534
1,Warriors,10,23,0.435,19,26,0.731,14,35,49,33,13,5,11,23,121,36,68,0.529411764706,1,0.567901234568,0.535294117647,0.588235294118,0.589743589744,0.5,0.52,0.7,0.555555555556,0.590361445783,0.66,0.65,0.555555555556,0.379310344828,0.522727272727,0.5625,0.519083969466
