,TEAM_NAME,FG3M,FG3A,FG3_PCT,FTM,FTA,FT_PCT,OREB,DREB,REB,AST,STL,BLK,TO,PF,PTS,FG2M,FG2A,FG2_PCT,OUTCOME,DEFICIT_FGM,DEFICIT_FGA,DEFICIT_FG3M,DEFICIT_FG3A,DEFICIT_FTM,DEFICIT_FTA,DEFICIT_OREB,DEFICIT_DREB,DEFICIT_REB,DEFICIT_AST,DEFICIT_STL,DEFICIT_BLK,DEFICIT_TO,DEFICIT_PF,DEFICIT_FG2M,DEFICIT_FG2A
0,Heat,6,26,0.231,27,31,0.871,6,24,30,11,10,3,12,15,93,24,41,0.5853658536585366,0,0.410958904109589,0.4652777777777778,0.3157894736842105,0.45614035087719296,0.7105263157894737,0.6458333333333334,0.6,0.43636363636363634,0.46153846153846156,0.2619047619047619,0.625,1.0,0.48,0.4166666666666667,0.4444444444444444,0.47126436781609193
1,Clippers,13,31,0.419,11,17,0.647,4,31,35,31,6,0,13,21,110,30,46,0.6521739130434783,1,0.589041095890411,0.5347222222222222,0.6842105263157895,0.543859649122807,0.2894736842105263,0.3541666666666667,0.4,0.5636363636363636,0.5384615384615384,0.7380952380952381,0.375,0.0,0.52,0.5833333333333334,0.5555555555555556,0.5287356321839081
