,TEAM_NAME,FG3M,FG3A,FG3_PCT,FTM,FTA,FT_PCT,OREB,DREB,REB,AST,STL,BLK,TO,PF,PTS,FG2M,FG2A,FG2_PCT,OUTCOME,DEFICIT_FGM,DEFICIT_FGA,DEFICIT_FG3M,DEFICIT_FG3A,DEFICIT_FTM,DEFICIT_FTA,DEFICIT_OREB,DEFICIT_DREB,DEFICIT_REB,DEFICIT_AST,DEFICIT_STL,DEFICIT_BLK,DEFICIT_TO,DEFICIT_PF,DEFICIT_FG2M,DEFICIT_FG2A
0,Kings,8,29,0.276,15,26,0.577,10,35,45,22,9,7,11,17,83,22,57,0.385964912281,0,0.441176470588,0.502923976608,0.363636363636,0.391891891892,0.5,0.541666666667,0.47619047619,0.416666666667,0.428571428571,0.44,0.692307692308,0.636363636364,0.44,0.414634146341,0.478260869565,0.587628865979
1,Rockets,14,45,0.311,15,22,0.682,11,49,60,28,4,4,14,24,105,24,40,0.6,1,0.558823529412,0.497076023392,0.636363636364,0.608108108108,0.5,0.458333333333,0.52380952381,0.583333333333,0.571428571429,0.56,0.307692307692,0.363636363636,0.56,0.585365853659,0.521739130435,0.412371134021
