,TEAM_NAME,FG3M,FG3A,FG3_PCT,FTM,FTA,FT_PCT,OREB,DREB,REB,AST,STL,BLK,TO,PF,PTS,FG2M,FG2A,FG2_PCT,OUTCOME,DEFICIT_FGM,DEFICIT_FGA,DEFICIT_FG3M,DEFICIT_FG3A,DEFICIT_FTM,DEFICIT_FTA,DEFICIT_OREB,DEFICIT_DREB,DEFICIT_REB,DEFICIT_AST,DEFICIT_STL,DEFICIT_BLK,DEFICIT_TO,DEFICIT_PF,DEFICIT_FG2M,DEFICIT_FG2A
0,Nuggets,8,16,0.5,20,27,0.741,14,31,45,22,5,7,14,25,114,35,69,0.507246376812,1,0.551282051282,0.508982035928,0.533333333333,0.432432432432,0.384615384615,0.421875,0.56,0.543859649123,0.548780487805,0.52380952381,0.357142857143,0.636363636364,0.538461538462,0.531914893617,0.555555555556,0.530769230769
1,Bulls,7,21,0.333,32,37,0.865,11,26,37,20,9,4,12,22,109,28,61,0.459016393443,0,0.448717948718,0.491017964072,0.466666666667,0.567567567568,0.615384615385,0.578125,0.44,0.456140350877,0.451219512195,0.47619047619,0.642857142857,0.363636363636,0.461538461538,0.468085106383,0.444444444444,0.469230769231
