,TEAM_NAME,FG3M,FG3A,FG3_PCT,FTM,FTA,FT_PCT,OREB,DREB,REB,AST,STL,BLK,TO,PF,PTS,FG2M,FG2A,FG2_PCT,OUTCOME,DEFICIT_FGM,DEFICIT_FGA,DEFICIT_FG3M,DEFICIT_FG3A,DEFICIT_FTM,DEFICIT_FTA,DEFICIT_OREB,DEFICIT_DREB,DEFICIT_REB,DEFICIT_AST,DEFICIT_STL,DEFICIT_BLK,DEFICIT_TO,DEFICIT_PF,DEFICIT_FG2M,DEFICIT_FG2A
0,Heat,10,23,0.435,21,27,0.778,12,28,40,16,7,4,9,22,97,23,62,0.3709677419354839,0,0.4342105263157895,0.53125,0.43478260869565216,0.45098039215686275,0.5833333333333334,0.54,0.7058823529411765,0.4117647058823529,0.47058823529411764,0.43243243243243246,0.5384615384615384,0.3076923076923077,0.45,0.4782608695652174,0.4339622641509434,0.5688073394495413
1,Warriors,13,28,0.464,15,23,0.652,5,40,45,21,6,9,11,24,114,30,47,0.6382978723404256,1,0.5657894736842105,0.46875,0.5652173913043478,0.5490196078431373,0.4166666666666667,0.46,0.29411764705882354,0.5882352941176471,0.5294117647058824,0.5675675675675675,0.46153846153846156,0.6923076923076923,0.55,0.5217391304347826,0.5660377358490566,0.43119266055045874
