,TEAM_NAME,FG3M,FG3A,FG3_PCT,FTM,FTA,FT_PCT,OREB,DREB,REB,AST,STL,BLK,TO,PF,PTS,FG2M,FG2A,FG2_PCT,OUTCOME,DEFICIT_FGM,DEFICIT_FGA,DEFICIT_FG3M,DEFICIT_FG3A,DEFICIT_FTM,DEFICIT_FTA,DEFICIT_OREB,DEFICIT_DREB,DEFICIT_REB,DEFICIT_AST,DEFICIT_STL,DEFICIT_BLK,DEFICIT_TO,DEFICIT_PF,DEFICIT_FG2M,DEFICIT_FG2A
0,Wizards,9,20,0.45,21,29,0.724,16,31,47,25,2,3,20,25,102,27,64,0.421875,0,0.5,0.497041420118,0.5625,0.444444444444,0.4375,0.460317460317,0.571428571429,0.5,0.522222222222,0.595238095238,0.111111111111,0.333333333333,0.666666666667,0.520833333333,0.482142857143,0.516129032258
1,Hawks,7,25,0.28,27,34,0.794,12,31,43,17,16,6,10,23,106,29,60,0.483333333333,1,0.5,0.502958579882,0.4375,0.555555555556,0.5625,0.539682539683,0.428571428571,0.5,0.477777777778,0.404761904762,0.888888888889,0.666666666667,0.333333333333,0.479166666667,0.517857142857,0.483870967742
