,TEAM_NAME,FG3M,FG3A,FG3_PCT,FTM,FTA,FT_PCT,OREB,DREB,REB,AST,STL,BLK,TO,PF,PTS,FG2M,FG2A,FG2_PCT,OUTCOME,DEFICIT_FGM,DEFICIT_FGA,DEFICIT_FG3M,DEFICIT_FG3A,DEFICIT_FTM,DEFICIT_FTA,DEFICIT_OREB,DEFICIT_DREB,DEFICIT_REB,DEFICIT_AST,DEFICIT_STL,DEFICIT_BLK,DEFICIT_TO,DEFICIT_PF,DEFICIT_FG2M,DEFICIT_FG2A
0,Bucks,10,22,0.455,10,13,0.769,19,31,50,22,9,2,16,24,98,29,68,0.4264705882352941,1,0.52,0.5357142857142857,0.5882352941176471,0.5238095238095238,0.5882352941176471,0.43333333333333335,0.7037037037037037,0.5254237288135594,0.5813953488372093,0.4888888888888889,0.5625,0.2857142857142857,0.45714285714285713,0.5714285714285714,0.5,0.5396825396825397
1,Pistons,7,20,0.35,7,17,0.412,8,28,36,23,7,5,19,18,86,29,58,0.5,0,0.48,0.4642857142857143,0.4117647058823529,0.47619047619047616,0.4117647058823529,0.5666666666666667,0.2962962962962963,0.4745762711864407,0.4186046511627907,0.5111111111111111,0.4375,0.7142857142857143,0.5428571428571428,0.42857142857142855,0.5,0.4603174603174603
