,TEAM_NAME,FG3M,FG3A,FG3_PCT,FTM,FTA,FT_PCT,OREB,DREB,REB,AST,STL,BLK,TO,PF,PTS,FG2M,FG2A,FG2_PCT,OUTCOME,DEFICIT_FGM,DEFICIT_FGA,DEFICIT_FG3M,DEFICIT_FG3A,DEFICIT_FTM,DEFICIT_FTA,DEFICIT_OREB,DEFICIT_DREB,DEFICIT_REB,DEFICIT_AST,DEFICIT_STL,DEFICIT_BLK,DEFICIT_TO,DEFICIT_PF,DEFICIT_FG2M,DEFICIT_FG2A
0,Trail Blazers,7,28,0.25,16,24,0.667,22,36,58,16,7,7,13,22,89,26,67,0.388059701493,0,0.445945945946,0.527777777778,0.35,0.474576271186,0.444444444444,0.510638297872,0.733333333333,0.467532467532,0.542056074766,0.372093023256,0.583333333333,0.466666666667,0.541666666667,0.564102564103,0.481481481481,0.553719008264
1,Pelicans,13,31,0.419,20,23,0.87,8,41,49,27,5,8,11,17,115,28,54,0.518518518519,1,0.554054054054,0.472222222222,0.65,0.525423728814,0.555555555556,0.489361702128,0.266666666667,0.532467532468,0.457943925234,0.627906976744,0.416666666667,0.533333333333,0.458333333333,0.435897435897,0.518518518519,0.446280991736
