,TEAM_NAME,FG3M,FG3A,FG3_PCT,FTM,FTA,FT_PCT,OREB,DREB,REB,AST,STL,BLK,TO,PF,PTS,FG2M,FG2A,FG2_PCT,OUTCOME,DEFICIT_FGM,DEFICIT_FGA,DEFICIT_FG3M,DEFICIT_FG3A,DEFICIT_FTM,DEFICIT_FTA,DEFICIT_OREB,DEFICIT_DREB,DEFICIT_REB,DEFICIT_AST,DEFICIT_STL,DEFICIT_BLK,DEFICIT_TO,DEFICIT_PF,DEFICIT_FG2M,DEFICIT_FG2A
0,76ers,7,20,0.35,19,29,0.655,13,28,41,24,12,7,22,14,100,30,61,0.491803278689,0,0.420454545455,0.487951807229,0.583333333333,0.625,0.76,0.783783783784,0.722222222222,0.491228070175,0.546666666667,0.413793103448,0.461538461538,0.368421052632,0.578947368421,0.388888888889,0.394736842105,0.455223880597
1,Bucks,5,12,0.417,6,8,0.75,5,29,34,34,14,12,16,22,113,46,73,0.630136986301,1,0.579545454545,0.512048192771,0.416666666667,0.375,0.24,0.216216216216,0.277777777778,0.508771929825,0.453333333333,0.586206896552,0.538461538462,0.631578947368,0.421052631579,0.611111111111,0.605263157895,0.544776119403
