,TEAM_NAME,FG3M,FG3A,FG3_PCT,FTM,FTA,FT_PCT,OREB,DREB,REB,AST,STL,BLK,TO,PF,PTS,FG2M,FG2A,FG2_PCT,OUTCOME,DEFICIT_FGM,DEFICIT_FGA,DEFICIT_FG3M,DEFICIT_FG3A,DEFICIT_FTM,DEFICIT_FTA,DEFICIT_OREB,DEFICIT_DREB,DEFICIT_REB,DEFICIT_AST,DEFICIT_STL,DEFICIT_BLK,DEFICIT_TO,DEFICIT_PF,DEFICIT_FG2M,DEFICIT_FG2A
0,Spurs,8,26,0.308,24,27,0.889,8,28,36,24,11,8,18,26,106,29,53,0.5471698113207547,1,0.5138888888888888,0.5337837837837838,0.8888888888888888,0.7647058823529411,0.46153846153846156,0.42857142857142855,0.5,0.4745762711864407,0.48,0.5581395348837209,0.55,0.6153846153846154,0.43902439024390244,0.5,0.4603174603174603,0.4649122807017544
1,Kings,1,8,0.125,28,36,0.778,8,31,39,19,9,5,23,26,99,34,61,0.5573770491803278,0,0.4861111111111111,0.46621621621621623,0.1111111111111111,0.23529411764705882,0.5384615384615384,0.5714285714285714,0.5,0.5254237288135594,0.52,0.4418604651162791,0.45,0.38461538461538464,0.5609756097560976,0.5,0.5396825396825397,0.5350877192982456
