,TEAM_NAME,FG3M,FG3A,FG3_PCT,FTM,FTA,FT_PCT,OREB,DREB,REB,AST,STL,BLK,TO,PF,PTS,FG2M,FG2A,FG2_PCT,OUTCOME,DEFICIT_FGM,DEFICIT_FGA,DEFICIT_FG3M,DEFICIT_FG3A,DEFICIT_FTM,DEFICIT_FTA,DEFICIT_OREB,DEFICIT_DREB,DEFICIT_REB,DEFICIT_AST,DEFICIT_STL,DEFICIT_BLK,DEFICIT_TO,DEFICIT_PF,DEFICIT_FG2M,DEFICIT_FG2A
0,Wizards,1,9,0.111,17,26,0.654,10,23,33,17,9,2,18,23,84,32,67,0.47761194029850745,0,0.5076923076923077,0.5205479452054794,0.16666666666666666,0.375,0.4722222222222222,0.5098039215686274,0.4,0.41818181818181815,0.4125,0.4473684210526316,0.5,0.2857142857142857,0.4186046511627907,0.4423076923076923,0.5423728813559322,0.5491803278688525
1,Pelicans,5,15,0.333,19,25,0.76,15,32,47,21,9,5,25,29,88,27,55,0.4909090909090909,1,0.49230769230769234,0.4794520547945205,0.8333333333333334,0.625,0.5277777777777778,0.49019607843137253,0.6,0.5818181818181818,0.5875,0.5526315789473685,0.5,0.7142857142857143,0.5813953488372093,0.5576923076923077,0.4576271186440678,0.45081967213114754
