,TEAM_NAME,FG3M,FG3A,FG3_PCT,FTM,FTA,FT_PCT,OREB,DREB,REB,AST,STL,BLK,TO,PF,PTS,FG2M,FG2A,FG2_PCT,OUTCOME,DEFICIT_FGM,DEFICIT_FGA,DEFICIT_FG3M,DEFICIT_FG3A,DEFICIT_FTM,DEFICIT_FTA,DEFICIT_OREB,DEFICIT_DREB,DEFICIT_REB,DEFICIT_AST,DEFICIT_STL,DEFICIT_BLK,DEFICIT_TO,DEFICIT_PF,DEFICIT_FG2M,DEFICIT_FG2A
0,Grizzlies,5,21,0.238,28,40,0.7,14,29,43,14,8,8,12,14,103,30,60,0.5,0,0.45454545454545453,0.48214285714285715,0.3333333333333333,0.42857142857142855,0.6666666666666666,0.6896551724137931,0.5185185185185185,0.4461538461538462,0.4673913043478261,0.32558139534883723,0.5714285714285714,0.5714285714285714,0.5,0.35,0.4838709677419355,0.5042016806722689
1,Mavericks,10,28,0.357,14,18,0.778,13,36,49,29,6,6,12,26,108,32,59,0.5423728813559322,1,0.5454545454545454,0.5178571428571429,0.6666666666666666,0.5714285714285714,0.3333333333333333,0.3103448275862069,0.48148148148148145,0.5538461538461539,0.532608695652174,0.6744186046511628,0.42857142857142855,0.42857142857142855,0.5,0.65,0.5161290322580645,0.4957983193277311
