,TEAM_NAME,FG3M,FG3A,FG3_PCT,FTM,FTA,FT_PCT,OREB,DREB,REB,AST,STL,BLK,TO,PF,PTS,FG2M,FG2A,FG2_PCT,OUTCOME,DEFICIT_FGM,DEFICIT_FGA,DEFICIT_FG3M,DEFICIT_FG3A,DEFICIT_FTM,DEFICIT_FTA,DEFICIT_OREB,DEFICIT_DREB,DEFICIT_REB,DEFICIT_AST,DEFICIT_STL,DEFICIT_BLK,DEFICIT_TO,DEFICIT_PF,DEFICIT_FG2M,DEFICIT_FG2A
0,Knicks,14,35,0.4,23,24,0.958,19,19,38,26,6,3,11,27,107,21,59,0.3559322033898305,0,0.4666666666666667,0.5838509316770186,0.5384615384615384,0.5932203389830508,0.45098039215686275,0.39344262295081966,0.7307692307692307,0.38,0.5,0.5,0.6,0.5,0.4074074074074074,0.5094339622641509,0.42857142857142855,0.5784313725490197
1,Bucks,12,24,0.5,28,37,0.757,7,31,38,26,4,3,16,26,120,28,43,0.6511627906976745,1,0.5333333333333333,0.4161490683229814,0.46153846153846156,0.4067796610169492,0.5490196078431373,0.6065573770491803,0.2692307692307692,0.62,0.5,0.5,0.4,0.5,0.5925925925925926,0.49056603773584906,0.5714285714285714,0.4215686274509804
