,TEAM_NAME,FG3M,FG3A,FG3_PCT,FTM,FTA,FT_PCT,OREB,DREB,REB,AST,STL,BLK,TO,PF,PTS,FG2M,FG2A,FG2_PCT,OUTCOME,DEFICIT_FGM,DEFICIT_FGA,DEFICIT_FG3M,DEFICIT_FG3A,DEFICIT_FTM,DEFICIT_FTA,DEFICIT_OREB,DEFICIT_DREB,DEFICIT_REB,DEFICIT_AST,DEFICIT_STL,DEFICIT_BLK,DEFICIT_TO,DEFICIT_PF,DEFICIT_FG2M,DEFICIT_FG2A
0,Hornets,8,22,0.364,24,29,0.828,13,39,52,31,9,7,18,35,114,33,70,0.471428571429,0,0.518987341772,0.522727272727,0.533333333333,0.468085106383,0.413793103448,0.408450704225,0.65,0.541666666667,0.565217391304,0.534482758621,0.428571428571,0.583333333333,0.5625,0.583333333333,0.515625,0.542635658915
1,Hawks,7,25,0.28,34,42,0.81,7,33,40,27,12,5,14,25,117,31,59,0.525423728814,1,0.481012658228,0.477272727273,0.466666666667,0.531914893617,0.586206896552,0.591549295775,0.35,0.458333333333,0.434782608696,0.465517241379,0.571428571429,0.416666666667,0.4375,0.416666666667,0.484375,0.457364341085
