,TEAM_NAME,FG3M,FG3A,FG3_PCT,FTM,FTA,FT_PCT,OREB,DREB,REB,AST,STL,BLK,TO,PF,PTS,FG2M,FG2A,FG2_PCT,OUTCOME,DEFICIT_FGM,DEFICIT_FGA,DEFICIT_FG3M,DEFICIT_FG3A,DEFICIT_FTM,DEFICIT_FTA,DEFICIT_OREB,DEFICIT_DREB,DEFICIT_REB,DEFICIT_AST,DEFICIT_STL,DEFICIT_BLK,DEFICIT_TO,DEFICIT_PF,DEFICIT_FG2M,DEFICIT_FG2A
0,Bucks,8,20,0.4,12,16,0.75,10,31,41,27,9,6,15,16,94,29,62,0.46774193548387094,1,0.5211267605633803,0.5,0.7272727272727273,0.6896551724137931,0.4444444444444444,0.45714285714285713,0.37037037037037035,0.4696969696969697,0.44086021505376344,0.6,0.45,0.6666666666666666,0.45454545454545453,0.47058823529411764,0.48333333333333334,0.45925925925925926
1,Nets,3,9,0.333,15,19,0.789,17,35,52,18,11,3,18,18,86,31,73,0.4246575342465753,0,0.4788732394366197,0.5,0.2727272727272727,0.3103448275862069,0.5555555555555556,0.5428571428571428,0.6296296296296297,0.5303030303030303,0.5591397849462365,0.4,0.55,0.3333333333333333,0.5454545454545454,0.5294117647058824,0.5166666666666667,0.5407407407407407
