,TEAM_NAME,FG3M,FG3A,FG3_PCT,FTM,FTA,FT_PCT,OREB,DREB,REB,AST,STL,BLK,TO,PF,PTS,FG2M,FG2A,FG2_PCT,OUTCOME,DEFICIT_FGM,DEFICIT_FGA,DEFICIT_FG3M,DEFICIT_FG3A,DEFICIT_FTM,DEFICIT_FTA,DEFICIT_OREB,DEFICIT_DREB,DEFICIT_REB,DEFICIT_AST,DEFICIT_STL,DEFICIT_BLK,DEFICIT_TO,DEFICIT_PF,DEFICIT_FG2M,DEFICIT_FG2A
0,Jazz,12,27,0.444,15,18,0.833,9,40,49,18,7,10,21,20,89,19,47,0.40425531914893614,1,0.5081967213114754,0.4484848484848485,0.6666666666666666,0.5869565217391305,0.5357142857142857,0.5625,0.4090909090909091,0.5633802816901409,0.5268817204301075,0.5294117647058824,0.4666666666666667,0.9090909090909091,0.6,0.4878048780487805,0.4418604651162791,0.3949579831932773
1,Grizzlies,6,19,0.316,13,14,0.929,13,31,44,16,8,1,14,21,79,24,72,0.3333333333333333,0,0.4918032786885246,0.5515151515151515,0.3333333333333333,0.41304347826086957,0.4642857142857143,0.4375,0.5909090909090909,0.43661971830985913,0.4731182795698925,0.47058823529411764,0.5333333333333333,0.09090909090909091,0.4,0.5121951219512195,0.5581395348837209,0.6050420168067226
