,TEAM_NAME,FG3M,FG3A,FG3_PCT,FTM,FTA,FT_PCT,OREB,DREB,REB,AST,STL,BLK,TO,PF,PTS,FG2M,FG2A,FG2_PCT,OUTCOME,DEFICIT_FGM,DEFICIT_FGA,DEFICIT_FG3M,DEFICIT_FG3A,DEFICIT_FTM,DEFICIT_FTA,DEFICIT_OREB,DEFICIT_DREB,DEFICIT_REB,DEFICIT_AST,DEFICIT_STL,DEFICIT_BLK,DEFICIT_TO,DEFICIT_PF,DEFICIT_FG2M,DEFICIT_FG2A
0,Timberwolves,7,16,0.438,17,27,0.63,14,44,58,26,8,7,15,23,102,32,80,0.4,1,0.5416666666666666,0.5079365079365079,0.3888888888888889,0.3333333333333333,0.5151515151515151,0.54,0.5833333333333334,0.5238095238095238,0.5370370370370371,0.5652173913043478,0.5333333333333333,0.5384615384615384,0.45454545454545453,0.46938775510204084,0.5925925925925926,0.5673758865248227
1,Bulls,11,32,0.344,16,23,0.696,10,40,50,20,7,6,18,26,93,22,61,0.36065573770491804,0,0.4583333333333333,0.49206349206349204,0.6111111111111112,0.6666666666666666,0.48484848484848486,0.46,0.4166666666666667,0.47619047619047616,0.46296296296296297,0.43478260869565216,0.4666666666666667,0.46153846153846156,0.5454545454545454,0.5306122448979592,0.4074074074074074,0.4326241134751773
