,TEAM_NAME,FG3M,FG3A,FG3_PCT,FTM,FTA,FT_PCT,OREB,DREB,REB,AST,STL,BLK,TO,PF,PTS,FG2M,FG2A,FG2_PCT,OUTCOME,DEFICIT_FGM,DEFICIT_FGA,DEFICIT_FG3M,DEFICIT_FG3A,DEFICIT_FTM,DEFICIT_FTA,DEFICIT_OREB,DEFICIT_DREB,DEFICIT_REB,DEFICIT_AST,DEFICIT_STL,DEFICIT_BLK,DEFICIT_TO,DEFICIT_PF,DEFICIT_FG2M,DEFICIT_FG2A
0,Jazz,12,27,0.444,15,18,0.833,9,40,49,18,7,10,21,20,89,19,47,0.404255319149,1,0.508196721311,0.448484848485,0.666666666667,0.586956521739,0.535714285714,0.5625,0.409090909091,0.56338028169,0.52688172043,0.529411764706,0.466666666667,0.909090909091,0.6,0.487804878049,0.441860465116,0.394957983193
1,Grizzlies,6,19,0.316,13,14,0.929,13,31,44,16,8,1,14,21,79,24,72,0.333333333333,0,0.491803278689,0.551515151515,0.333333333333,0.413043478261,0.464285714286,0.4375,0.590909090909,0.43661971831,0.47311827957,0.470588235294,0.533333333333,0.0909090909091,0.4,0.512195121951,0.558139534884,0.605042016807
