,TEAM_NAME,FG3M,FG3A,FG3_PCT,FTM,FTA,FT_PCT,OREB,DREB,REB,AST,STL,BLK,TO,PF,PTS,FG2M,FG2A,FG2_PCT,OUTCOME,DEFICIT_FGM,DEFICIT_FGA,DEFICIT_FG3M,DEFICIT_FG3A,DEFICIT_FTM,DEFICIT_FTA,DEFICIT_OREB,DEFICIT_DREB,DEFICIT_REB,DEFICIT_AST,DEFICIT_STL,DEFICIT_BLK,DEFICIT_TO,DEFICIT_PF,DEFICIT_FG2M,DEFICIT_FG2A
0,Spurs,9,21,0.429,15,23,0.652,6,36,42,35,11,3,12,26,114,36,60,0.6,1,0.569620253165,0.525974025974,0.6,0.525,0.428571428571,0.425925925926,0.5,0.571428571429,0.56,0.7,0.611111111111,1.0,0.444444444444,0.590909090909,0.5625,0.526315789474
1,Hornets,6,19,0.316,20,31,0.645,6,27,33,15,7,0,15,18,94,28,54,0.518518518519,0,0.430379746835,0.474025974026,0.4,0.475,0.571428571429,0.574074074074,0.5,0.428571428571,0.44,0.3,0.388888888889,0.0,0.555555555556,0.409090909091,0.4375,0.473684210526
