,TEAM_NAME,FG3M,FG3A,FG3_PCT,FTM,FTA,FT_PCT,OREB,DREB,REB,AST,STL,BLK,TO,PF,PTS,FG2M,FG2A,FG2_PCT,OUTCOME,DEFICIT_FGM,DEFICIT_FGA,DEFICIT_FG3M,DEFICIT_FG3A,DEFICIT_FTM,DEFICIT_FTA,DEFICIT_OREB,DEFICIT_DREB,DEFICIT_REB,DEFICIT_AST,DEFICIT_STL,DEFICIT_BLK,DEFICIT_TO,DEFICIT_PF,DEFICIT_FG2M,DEFICIT_FG2A
0,Raptors,9,26,0.346,27,34,0.794,8,34,42,21,9,6,10,27,104,25,47,0.5319148936170213,1,0.5,0.47096774193548385,0.5625,0.5909090909090909,0.627906976744186,0.5964912280701754,0.42105263157894735,0.5151515151515151,0.49411764705882355,0.4883720930232558,0.6923076923076923,0.6666666666666666,0.4166666666666667,0.5510204081632653,0.4807692307692308,0.42342342342342343
1,Pacers,7,18,0.389,16,23,0.696,11,32,43,22,4,3,14,22,91,27,64,0.421875,0,0.5,0.5290322580645161,0.4375,0.4090909090909091,0.37209302325581395,0.40350877192982454,0.5789473684210527,0.48484848484848486,0.5058823529411764,0.5116279069767442,0.3076923076923077,0.3333333333333333,0.5833333333333334,0.4489795918367347,0.5192307692307693,0.5765765765765766
