,TEAM_NAME,FG3M,FG3A,FG3_PCT,FTM,FTA,FT_PCT,OREB,DREB,REB,AST,STL,BLK,TO,PF,PTS,FG2M,FG2A,FG2_PCT,OUTCOME,DEFICIT_FGM,DEFICIT_FGA,DEFICIT_FG3M,DEFICIT_FG3A,DEFICIT_FTM,DEFICIT_FTA,DEFICIT_OREB,DEFICIT_DREB,DEFICIT_REB,DEFICIT_AST,DEFICIT_STL,DEFICIT_BLK,DEFICIT_TO,DEFICIT_PF,DEFICIT_FG2M,DEFICIT_FG2A
0,Pistons,8,24,0.333,17,23,0.739,16,35,51,21,4,8,18,17,95,27,59,0.4576271186440678,0,0.47297297297297297,0.4715909090909091,0.47058823529411764,0.41379310344827586,0.5151515151515151,0.575,0.5517241379310345,0.5072463768115942,0.5204081632653061,0.525,0.3076923076923077,0.6666666666666666,0.6666666666666666,0.4594594594594595,0.47368421052631576,0.5
1,Cavaliers,9,34,0.265,16,17,0.941,13,34,47,19,9,4,9,20,103,30,59,0.5084745762711864,1,0.527027027027027,0.5284090909090909,0.5294117647058824,0.5862068965517241,0.48484848484848486,0.425,0.4482758620689655,0.4927536231884058,0.47959183673469385,0.475,0.6923076923076923,0.3333333333333333,0.3333333333333333,0.5405405405405406,0.5263157894736842,0.5
