,TEAM_NAME,FG3M,FG3A,FG3_PCT,FTM,FTA,FT_PCT,OREB,DREB,REB,AST,STL,BLK,TO,PF,PTS,FG2M,FG2A,FG2_PCT,OUTCOME,DEFICIT_FGM,DEFICIT_FGA,DEFICIT_FG3M,DEFICIT_FG3A,DEFICIT_FTM,DEFICIT_FTA,DEFICIT_OREB,DEFICIT_DREB,DEFICIT_REB,DEFICIT_AST,DEFICIT_STL,DEFICIT_BLK,DEFICIT_TO,DEFICIT_PF,DEFICIT_FG2M,DEFICIT_FG2A
0,Knicks,8,21,0.381,6,10,0.6,6,32,38,17,10,3,19,28,96,33,57,0.578947368421,1,0.630769230769,0.549295774648,0.533333333333,0.466666666667,0.193548387097,0.222222222222,0.461538461538,0.581818181818,0.558823529412,0.586206896552,0.555555555556,0.6,0.487179487179,0.622222222222,0.66,0.587628865979
1,Celtics,7,24,0.292,25,35,0.714,7,23,30,12,8,2,20,17,80,17,40,0.425,0,0.369230769231,0.450704225352,0.466666666667,0.533333333333,0.806451612903,0.777777777778,0.538461538462,0.418181818182,0.441176470588,0.413793103448,0.444444444444,0.4,0.512820512821,0.377777777778,0.34,0.412371134021
