,TEAM_NAME,FG3M,FG3A,FG3_PCT,FTM,FTA,FT_PCT,OREB,DREB,REB,AST,STL,BLK,TO,PF,PTS,FG2M,FG2A,FG2_PCT,OUTCOME,DEFICIT_FGM,DEFICIT_FGA,DEFICIT_FG3M,DEFICIT_FG3A,DEFICIT_FTM,DEFICIT_FTA,DEFICIT_OREB,DEFICIT_DREB,DEFICIT_REB,DEFICIT_AST,DEFICIT_STL,DEFICIT_BLK,DEFICIT_TO,DEFICIT_PF,DEFICIT_FG2M,DEFICIT_FG2A
0,Knicks,8,21,0.381,6,10,0.6,6,32,38,17,10,3,19,28,96,33,57,0.5789473684210527,1,0.6307692307692307,0.5492957746478874,0.5333333333333333,0.4666666666666667,0.1935483870967742,0.2222222222222222,0.46153846153846156,0.5818181818181818,0.5588235294117647,0.5862068965517241,0.5555555555555556,0.6,0.48717948717948717,0.6222222222222222,0.66,0.5876288659793815
1,Celtics,7,24,0.292,25,35,0.714,7,23,30,12,8,2,20,17,80,17,40,0.425,0,0.36923076923076925,0.4507042253521127,0.4666666666666667,0.5333333333333333,0.8064516129032258,0.7777777777777778,0.5384615384615384,0.41818181818181815,0.4411764705882353,0.41379310344827586,0.4444444444444444,0.4,0.5128205128205128,0.37777777777777777,0.34,0.41237113402061853
