,TEAM_NAME,FG3M,FG3A,FG3_PCT,FTM,FTA,FT_PCT,OREB,DREB,REB,AST,STL,BLK,TO,PF,PTS,FG2M,FG2A,FG2_PCT,OUTCOME,DEFICIT_FGM,DEFICIT_FGA,DEFICIT_FG3M,DEFICIT_FG3A,DEFICIT_FTM,DEFICIT_FTA,DEFICIT_OREB,DEFICIT_DREB,DEFICIT_REB,DEFICIT_AST,DEFICIT_STL,DEFICIT_BLK,DEFICIT_TO,DEFICIT_PF,DEFICIT_FG2M,DEFICIT_FG2A
0,Grizzlies,4,14,0.286,17,17,1.0,12,36,48,17,7,4,15,19,93,32,69,0.463768115942,1,0.529411764706,0.525316455696,0.333333333333,0.358974358974,0.515151515152,0.435897435897,0.571428571429,0.521739130435,0.533333333333,0.435897435897,0.636363636364,0.363636363636,0.5,0.475,0.571428571429,0.579831932773
1,Hawks,8,25,0.32,16,22,0.727,9,33,42,22,4,7,15,21,88,24,50,0.48,0,0.470588235294,0.474683544304,0.666666666667,0.641025641026,0.484848484848,0.564102564103,0.428571428571,0.478260869565,0.466666666667,0.564102564103,0.363636363636,0.636363636364,0.5,0.525,0.428571428571,0.420168067227
