,TEAM_NAME,FG3M,FG3A,FG3_PCT,FTM,FTA,FT_PCT,OREB,DREB,REB,AST,STL,BLK,TO,PF,PTS,FG2M,FG2A,FG2_PCT,OUTCOME,DEFICIT_FGM,DEFICIT_FGA,DEFICIT_FG3M,DEFICIT_FG3A,DEFICIT_FTM,DEFICIT_FTA,DEFICIT_OREB,DEFICIT_DREB,DEFICIT_REB,DEFICIT_AST,DEFICIT_STL,DEFICIT_BLK,DEFICIT_TO,DEFICIT_PF,DEFICIT_FG2M,DEFICIT_FG2A
0,Bucks,4,16,0.25,21,30,0.7,20,29,49,15,7,6,16,28,85,26,69,0.37681159420289856,0,0.5,0.5448717948717948,0.4444444444444444,0.5,0.44680851063829785,0.46875,0.7142857142857143,0.42028985507246375,0.5051546391752577,0.40540540540540543,0.4375,0.42857142857142855,0.43243243243243246,0.49122807017543857,0.5098039215686274,0.5564516129032258
1,Bulls,5,16,0.313,26,34,0.765,8,40,48,22,9,8,21,29,91,25,55,0.45454545454545453,1,0.5,0.4551282051282051,0.5555555555555556,0.5,0.5531914893617021,0.53125,0.2857142857142857,0.5797101449275363,0.4948453608247423,0.5945945945945946,0.5625,0.5714285714285714,0.5675675675675675,0.5087719298245614,0.49019607843137253,0.4435483870967742
