,TEAM_NAME,FG3M,FG3A,FG3_PCT,FTM,FTA,FT_PCT,OREB,DREB,REB,AST,STL,BLK,TO,PF,PTS,FG2M,FG2A,FG2_PCT,OUTCOME,DEFICIT_FGM,DEFICIT_FGA,DEFICIT_FG3M,DEFICIT_FG3A,DEFICIT_FTM,DEFICIT_FTA,DEFICIT_OREB,DEFICIT_DREB,DEFICIT_REB,DEFICIT_AST,DEFICIT_STL,DEFICIT_BLK,DEFICIT_TO,DEFICIT_PF,DEFICIT_FG2M,DEFICIT_FG2A
0,Suns,6,22,0.273,15,17,0.882,11,39,50,16,7,5,13,21,99,33,68,0.4852941176470588,1,0.52,0.5084745762711864,0.6,0.55,0.46875,0.38636363636363635,0.4782608695652174,0.5131578947368421,0.5050505050505051,0.4444444444444444,0.5384615384615384,0.625,0.5416666666666666,0.5384615384615384,0.5076923076923077,0.49635036496350365
1,Bulls,4,18,0.222,17,27,0.63,12,37,49,20,6,3,11,18,93,32,69,0.463768115942029,0,0.48,0.4915254237288136,0.4,0.45,0.53125,0.6136363636363636,0.5217391304347826,0.4868421052631579,0.494949494949495,0.5555555555555556,0.46153846153846156,0.375,0.4583333333333333,0.46153846153846156,0.49230769230769234,0.5036496350364964
