,TEAM_NAME,FG3M,FG3A,FG3_PCT,FTM,FTA,FT_PCT,OREB,DREB,REB,AST,STL,BLK,TO,PF,PTS,FG2M,FG2A,FG2_PCT,OUTCOME,DEFICIT_FGM,DEFICIT_FGA,DEFICIT_FG3M,DEFICIT_FG3A,DEFICIT_FTM,DEFICIT_FTA,DEFICIT_OREB,DEFICIT_DREB,DEFICIT_REB,DEFICIT_AST,DEFICIT_STL,DEFICIT_BLK,DEFICIT_TO,DEFICIT_PF,DEFICIT_FG2M,DEFICIT_FG2A
0,Raptors,7,26,0.269,26,30,0.867,9,36,45,22,5,3,9,21,127,40,66,0.606060606061,1,0.489583333333,0.476683937824,0.636363636364,0.577777777778,0.565217391304,0.535714285714,0.391304347826,0.5,0.473684210526,0.536585365854,0.416666666667,0.428571428571,0.5625,0.512195121951,0.470588235294,0.445945945946
1,Nets,4,19,0.211,20,26,0.769,14,36,50,19,7,4,7,20,122,45,82,0.548780487805,0,0.510416666667,0.523316062176,0.363636363636,0.422222222222,0.434782608696,0.464285714286,0.608695652174,0.5,0.526315789474,0.463414634146,0.583333333333,0.571428571429,0.4375,0.487804878049,0.529411764706,0.554054054054
