,TEAM_NAME,FG3M,FG3A,FG3_PCT,FTM,FTA,FT_PCT,OREB,DREB,REB,AST,STL,BLK,TO,PF,PTS,FG2M,FG2A,FG2_PCT,OUTCOME,DEFICIT_FGM,DEFICIT_FGA,DEFICIT_FG3M,DEFICIT_FG3A,DEFICIT_FTM,DEFICIT_FTA,DEFICIT_OREB,DEFICIT_DREB,DEFICIT_REB,DEFICIT_AST,DEFICIT_STL,DEFICIT_BLK,DEFICIT_TO,DEFICIT_PF,DEFICIT_FG2M,DEFICIT_FG2A
0,Kings,3,18,0.167,27,32,0.844,14,36,50,15,10,3,16,19,90,27,66,0.4090909090909091,0,0.4411764705882353,0.5121951219512195,0.21428571428571427,0.3673469387755102,0.6585365853658537,0.5925925925925926,0.6666666666666666,0.4931506849315068,0.5319148936170213,0.40540540540540543,0.47619047619047616,0.375,0.48484848484848486,0.4418604651162791,0.5,0.5739130434782609
1,Cavaliers,11,31,0.355,14,22,0.636,7,37,44,22,11,5,17,24,101,27,49,0.5510204081632653,1,0.5588235294117647,0.4878048780487805,0.7857142857142857,0.6326530612244898,0.34146341463414637,0.4074074074074074,0.3333333333333333,0.5068493150684932,0.46808510638297873,0.5945945945945946,0.5238095238095238,0.625,0.5151515151515151,0.5581395348837209,0.5,0.4260869565217391
