,TEAM_NAME,FG3M,FG3A,FG3_PCT,FTM,FTA,FT_PCT,OREB,DREB,REB,AST,STL,BLK,TO,PF,PTS,FG2M,FG2A,FG2_PCT,OUTCOME,DEFICIT_FGM,DEFICIT_FGA,DEFICIT_FG3M,DEFICIT_FG3A,DEFICIT_FTM,DEFICIT_FTA,DEFICIT_OREB,DEFICIT_DREB,DEFICIT_REB,DEFICIT_AST,DEFICIT_STL,DEFICIT_BLK,DEFICIT_TO,DEFICIT_PF,DEFICIT_FG2M,DEFICIT_FG2A
0,Rockets,8,30,0.267,15,20,0.75,12,38,50,22,6,4,16,18,93,27,54,0.5,1,0.5223880597014925,0.4827586206896552,0.5333333333333333,0.5555555555555556,0.4838709677419355,0.46511627906976744,0.46153846153846156,0.5277777777777778,0.5102040816326531,0.6111111111111112,0.42857142857142855,0.4444444444444444,0.5925925925925926,0.43902439024390244,0.5192307692307693,0.45
1,Celtics,7,24,0.292,16,23,0.696,14,34,48,14,8,5,11,23,87,25,66,0.3787878787878788,0,0.47761194029850745,0.5172413793103449,0.4666666666666667,0.4444444444444444,0.5161290322580645,0.5348837209302325,0.5384615384615384,0.4722222222222222,0.4897959183673469,0.3888888888888889,0.5714285714285714,0.5555555555555556,0.4074074074074074,0.5609756097560976,0.4807692307692308,0.55
