,TEAM_NAME,FG3M,FG3A,FG3_PCT,FTM,FTA,FT_PCT,OREB,DREB,REB,AST,STL,BLK,TO,PF,PTS,FG2M,FG2A,FG2_PCT,OUTCOME,DEFICIT_FGM,DEFICIT_FGA,DEFICIT_FG3M,DEFICIT_FG3A,DEFICIT_FTM,DEFICIT_FTA,DEFICIT_OREB,DEFICIT_DREB,DEFICIT_REB,DEFICIT_AST,DEFICIT_STL,DEFICIT_BLK,DEFICIT_TO,DEFICIT_PF,DEFICIT_FG2M,DEFICIT_FG2A
0,76ers,8,23,0.348,21,25,0.84,7,27,34,27,13,9,14,16,103,29,51,0.5686274509803921,1,0.5211267605633803,0.49333333333333335,0.6153846153846154,0.6216216216216216,0.5,0.5,0.3888888888888889,0.5,0.4722222222222222,0.5294117647058824,0.6190476190476191,0.6923076923076923,0.4,0.47058823529411764,0.5,0.45132743362831856
1,Timberwolves,5,14,0.357,21,25,0.84,11,27,38,24,8,4,21,18,94,29,62,0.46774193548387094,0,0.4788732394366197,0.5066666666666667,0.38461538461538464,0.3783783783783784,0.5,0.5,0.6111111111111112,0.5,0.5277777777777778,0.47058823529411764,0.38095238095238093,0.3076923076923077,0.6,0.5294117647058824,0.5,0.5486725663716814
