,TEAM_NAME,FG3M,FG3A,FG3_PCT,FTM,FTA,FT_PCT,OREB,DREB,REB,AST,STL,BLK,TO,PF,PTS,FG2M,FG2A,FG2_PCT,OUTCOME,DEFICIT_FGM,DEFICIT_FGA,DEFICIT_FG3M,DEFICIT_FG3A,DEFICIT_FTM,DEFICIT_FTA,DEFICIT_OREB,DEFICIT_DREB,DEFICIT_REB,DEFICIT_AST,DEFICIT_STL,DEFICIT_BLK,DEFICIT_TO,DEFICIT_PF,DEFICIT_FG2M,DEFICIT_FG2A
0,Trail Blazers,11,39,0.282,24,27,0.889,10,34,44,18,6,2,15,17,91,17,35,0.485714285714,0,0.430769230769,0.46835443038,0.6875,0.722222222222,0.631578947368,0.54,0.434782608696,0.492753623188,0.478260869565,0.529411764706,0.3,0.333333333333,0.625,0.414634146341,0.34693877551,0.336538461538
1,Heat,5,15,0.333,14,23,0.609,13,35,48,16,14,4,9,24,93,32,69,0.463768115942,1,0.569230769231,0.53164556962,0.3125,0.277777777778,0.368421052632,0.46,0.565217391304,0.507246376812,0.521739130435,0.470588235294,0.7,0.666666666667,0.375,0.585365853659,0.65306122449,0.663461538462
