,TEAM_NAME,FG3M,FG3A,FG3_PCT,FTM,FTA,FT_PCT,OREB,DREB,REB,AST,STL,BLK,TO,PF,PTS,FG2M,FG2A,FG2_PCT,OUTCOME,DEFICIT_FGM,DEFICIT_FGA,DEFICIT_FG3M,DEFICIT_FG3A,DEFICIT_FTM,DEFICIT_FTA,DEFICIT_OREB,DEFICIT_DREB,DEFICIT_REB,DEFICIT_AST,DEFICIT_STL,DEFICIT_BLK,DEFICIT_TO,DEFICIT_PF,DEFICIT_FG2M,DEFICIT_FG2A
0,Jazz,7,18,0.389,22,33,0.667,10,40,50,19,5,4,14,23,105,31,67,0.462686567164,1,0.493506493506,0.485714285714,0.583333333333,0.461538461538,0.628571428571,0.622641509434,0.555555555556,0.540540540541,0.54347826087,0.5,0.555555555556,0.363636363636,0.5,0.479166666667,0.476923076923,0.492647058824
1,Bulls,5,21,0.238,13,20,0.65,8,34,42,19,4,7,14,25,96,34,69,0.492753623188,0,0.506493506494,0.514285714286,0.416666666667,0.538461538462,0.371428571429,0.377358490566,0.444444444444,0.459459459459,0.45652173913,0.5,0.444444444444,0.636363636364,0.5,0.520833333333,0.523076923077,0.507352941176
