,TEAM_NAME,FG3M,FG3A,FG3_PCT,FTM,FTA,FT_PCT,OREB,DREB,REB,AST,STL,BLK,TO,PF,PTS,FG2M,FG2A,FG2_PCT,OUTCOME,DEFICIT_FGM,DEFICIT_FGA,DEFICIT_FG3M,DEFICIT_FG3A,DEFICIT_FTM,DEFICIT_FTA,DEFICIT_OREB,DEFICIT_DREB,DEFICIT_REB,DEFICIT_AST,DEFICIT_STL,DEFICIT_BLK,DEFICIT_TO,DEFICIT_PF,DEFICIT_FG2M,DEFICIT_FG2A
0,Pistons,10,30,0.333,11,16,0.688,19,30,49,18,5,4,9,15,105,32,68,0.470588235294,1,0.512195121951,0.544444444444,0.588235294118,0.652173913043,0.458333333333,0.516129032258,0.730769230769,0.483870967742,0.556818181818,0.391304347826,0.5,0.5,0.45,0.5,0.492307692308,0.507462686567
1,Nets,7,16,0.438,13,15,0.867,7,32,39,28,5,4,11,15,100,33,66,0.5,0,0.487804878049,0.455555555556,0.411764705882,0.347826086957,0.541666666667,0.483870967742,0.269230769231,0.516129032258,0.443181818182,0.608695652174,0.5,0.5,0.55,0.5,0.507692307692,0.492537313433
