,TEAM_NAME,FG3M,FG3A,FG3_PCT,FTM,FTA,FT_PCT,OREB,DREB,REB,AST,STL,BLK,TO,PF,PTS,FG2M,FG2A,FG2_PCT,OUTCOME,DEFICIT_FGM,DEFICIT_FGA,DEFICIT_FG3M,DEFICIT_FG3A,DEFICIT_FTM,DEFICIT_FTA,DEFICIT_OREB,DEFICIT_DREB,DEFICIT_REB,DEFICIT_AST,DEFICIT_STL,DEFICIT_BLK,DEFICIT_TO,DEFICIT_PF,DEFICIT_FG2M,DEFICIT_FG2A
0,Raptors,8,25,0.32,27,39,0.692,9,26,35,13,13,6,12,17,93,21,53,0.396226415094,0,0.391891891892,0.484472049689,0.444444444444,0.531914893617,0.692307692308,0.722222222222,0.5625,0.382352941176,0.416666666667,0.317073170732,0.684210526316,0.545454545455,0.387096774194,0.404761904762,0.375,0.464912280702
1,Nuggets,10,22,0.455,12,15,0.8,7,42,49,28,6,5,19,25,112,35,61,0.573770491803,1,0.608108108108,0.515527950311,0.555555555556,0.468085106383,0.307692307692,0.277777777778,0.4375,0.617647058824,0.583333333333,0.682926829268,0.315789473684,0.454545454545,0.612903225806,0.595238095238,0.625,0.535087719298
