,TEAM_NAME,FG3M,FG3A,FG3_PCT,FTM,FTA,FT_PCT,OREB,DREB,REB,AST,STL,BLK,TO,PF,PTS,FG2M,FG2A,FG2_PCT,OUTCOME,DEFICIT_FGM,DEFICIT_FGA,DEFICIT_FG3M,DEFICIT_FG3A,DEFICIT_FTM,DEFICIT_FTA,DEFICIT_OREB,DEFICIT_DREB,DEFICIT_REB,DEFICIT_AST,DEFICIT_STL,DEFICIT_BLK,DEFICIT_TO,DEFICIT_PF,DEFICIT_FG2M,DEFICIT_FG2A
0,Pacers,8,27,0.296,12,14,0.857,17,27,44,24,11,7,16,23,106,35,74,0.472972972973,0,0.494252873563,0.534391534392,0.533333333333,0.551020408163,0.428571428571,0.378378378378,0.62962962963,0.435483870968,0.494382022472,0.521739130435,0.578947368421,0.7,0.5,0.547619047619,0.486111111111,0.528571428571
1,Cavaliers,7,22,0.318,16,23,0.696,10,35,45,22,8,3,16,19,111,37,66,0.560606060606,1,0.505747126437,0.465608465608,0.466666666667,0.448979591837,0.571428571429,0.621621621622,0.37037037037,0.564516129032,0.505617977528,0.478260869565,0.421052631579,0.3,0.5,0.452380952381,0.513888888889,0.471428571429
