,TEAM_NAME,FG3M,FG3A,FG3_PCT,FTM,FTA,FT_PCT,OREB,DREB,REB,AST,STL,BLK,TO,PF,PTS,FG2M,FG2A,FG2_PCT,OUTCOME,DEFICIT_FGM,DEFICIT_FGA,DEFICIT_FG3M,DEFICIT_FG3A,DEFICIT_FTM,DEFICIT_FTA,DEFICIT_OREB,DEFICIT_DREB,DEFICIT_REB,DEFICIT_AST,DEFICIT_STL,DEFICIT_BLK,DEFICIT_TO,DEFICIT_PF,DEFICIT_FG2M,DEFICIT_FG2A
0,Kings,9,26,0.346,24,30,0.8,18,35,53,21,7,3,16,17,111,30,60,0.5,1,0.481481481481,0.505882352941,0.529411764706,0.565217391304,0.666666666667,0.63829787234,0.642857142857,0.564516129032,0.588888888889,0.4375,0.388888888889,0.375,0.516129032258,0.386363636364,0.46875,0.483870967742
1,Bucks,8,20,0.4,12,17,0.706,10,27,37,27,11,5,15,27,104,34,64,0.53125,0,0.518518518519,0.494117647059,0.470588235294,0.434782608696,0.333333333333,0.36170212766,0.357142857143,0.435483870968,0.411111111111,0.5625,0.611111111111,0.625,0.483870967742,0.613636363636,0.53125,0.516129032258
