,TEAM_NAME,FG3M,FG3A,FG3_PCT,FTM,FTA,FT_PCT,OREB,DREB,REB,AST,STL,BLK,TO,PF,PTS,FG2M,FG2A,FG2_PCT,OUTCOME,DEFICIT_FGM,DEFICIT_FGA,DEFICIT_FG3M,DEFICIT_FG3A,DEFICIT_FTM,DEFICIT_FTA,DEFICIT_OREB,DEFICIT_DREB,DEFICIT_REB,DEFICIT_AST,DEFICIT_STL,DEFICIT_BLK,DEFICIT_TO,DEFICIT_PF,DEFICIT_FG2M,DEFICIT_FG2A
0,Mavericks,9,27,0.333,19,25,0.76,4,33,37,21,7,2,12,16,98,26,50,0.52,0,0.466666666667,0.487341772152,0.36,0.44262295082,0.558823529412,0.581395348837,0.363636363636,0.492537313433,0.474358974359,0.428571428571,0.583333333333,0.4,0.5,0.390243902439,0.52,0.515463917526
1,Celtics,16,34,0.471,15,18,0.833,7,34,41,28,5,3,12,25,111,24,47,0.510638297872,1,0.533333333333,0.512658227848,0.64,0.55737704918,0.441176470588,0.418604651163,0.636363636364,0.507462686567,0.525641025641,0.571428571429,0.416666666667,0.6,0.5,0.609756097561,0.48,0.484536082474
