,TEAM_NAME,FG3M,FG3A,FG3_PCT,FTM,FTA,FT_PCT,OREB,DREB,REB,AST,STL,BLK,TO,PF,PTS,FG2M,FG2A,FG2_PCT,OUTCOME,DEFICIT_FGM,DEFICIT_FGA,DEFICIT_FG3M,DEFICIT_FG3A,DEFICIT_FTM,DEFICIT_FTA,DEFICIT_OREB,DEFICIT_DREB,DEFICIT_REB,DEFICIT_AST,DEFICIT_STL,DEFICIT_BLK,DEFICIT_TO,DEFICIT_PF,DEFICIT_FG2M,DEFICIT_FG2A
0,Wizards,13,20,0.65,23,28,0.821,6,34,40,27,4,9,22,24,120,29,53,0.547169811321,1,0.552631578947,0.431952662722,0.65,0.37037037037,0.5,0.48275862069,0.230769230769,0.55737704918,0.459770114943,0.627906976744,0.285714285714,0.818181818182,0.594594594595,0.521739130435,0.517857142857,0.460869565217
1,Thunder,7,34,0.206,23,30,0.767,20,27,47,16,10,2,15,22,98,27,62,0.435483870968,0,0.447368421053,0.568047337278,0.35,0.62962962963,0.5,0.51724137931,0.769230769231,0.44262295082,0.540229885057,0.372093023256,0.714285714286,0.181818181818,0.405405405405,0.478260869565,0.482142857143,0.539130434783
