,TEAM_NAME,FG3M,FG3A,FG3_PCT,FTM,FTA,FT_PCT,OREB,DREB,REB,AST,STL,BLK,TO,PF,PTS,FG2M,FG2A,FG2_PCT,OUTCOME,DEFICIT_FGM,DEFICIT_FGA,DEFICIT_FG3M,DEFICIT_FG3A,DEFICIT_FTM,DEFICIT_FTA,DEFICIT_OREB,DEFICIT_DREB,DEFICIT_REB,DEFICIT_AST,DEFICIT_STL,DEFICIT_BLK,DEFICIT_TO,DEFICIT_PF,DEFICIT_FG2M,DEFICIT_FG2A
0,Suns,8,23,0.348,20,24,0.833,13,30,43,14,7,3,18,25,108,32,70,0.457142857143,0,0.519480519481,0.543859649123,0.5,0.450980392157,0.416666666667,0.406779661017,0.722222222222,0.483870967742,0.5375,0.424242424242,0.466666666667,0.375,0.529411764706,0.520833333333,0.524590163934,0.583333333333
1,Pelicans,8,28,0.286,28,35,0.8,5,32,37,19,8,5,16,23,110,29,50,0.58,1,0.480519480519,0.456140350877,0.5,0.549019607843,0.583333333333,0.593220338983,0.277777777778,0.516129032258,0.4625,0.575757575758,0.533333333333,0.625,0.470588235294,0.479166666667,0.475409836066,0.416666666667
