,TEAM_NAME,FG3M,FG3A,FG3_PCT,FTM,FTA,FT_PCT,OREB,DREB,REB,AST,STL,BLK,TO,PF,PTS,FG2M,FG2A,FG2_PCT,OUTCOME,DEFICIT_FGM,DEFICIT_FGA,DEFICIT_FG3M,DEFICIT_FG3A,DEFICIT_FTM,DEFICIT_FTA,DEFICIT_OREB,DEFICIT_DREB,DEFICIT_REB,DEFICIT_AST,DEFICIT_STL,DEFICIT_BLK,DEFICIT_TO,DEFICIT_PF,DEFICIT_FG2M,DEFICIT_FG2A
0,Bucks,6,21,0.286,16,16,1.0,5,28,33,26,9,2,11,17,102,34,58,0.586206896552,1,0.540540540541,0.503184713376,0.461538461538,0.5,0.533333333333,0.457142857143,0.294117647059,0.466666666667,0.428571428571,0.604651162791,0.692307692308,0.666666666667,0.392857142857,0.485714285714,0.55737704918,0.504347826087
1,Pistons,7,21,0.333,14,19,0.737,12,32,44,17,4,1,17,18,89,27,57,0.473684210526,0,0.459459459459,0.496815286624,0.538461538462,0.5,0.466666666667,0.542857142857,0.705882352941,0.533333333333,0.571428571429,0.395348837209,0.307692307692,0.333333333333,0.607142857143,0.514285714286,0.44262295082,0.495652173913
