,TEAM_NAME,FG3M,FG3A,FG3_PCT,FTM,FTA,FT_PCT,OREB,DREB,REB,AST,STL,BLK,TO,PF,PTS,FG2M,FG2A,FG2_PCT,OUTCOME,DEFICIT_FGM,DEFICIT_FGA,DEFICIT_FG3M,DEFICIT_FG3A,DEFICIT_FTM,DEFICIT_FTA,DEFICIT_OREB,DEFICIT_DREB,DEFICIT_REB,DEFICIT_AST,DEFICIT_STL,DEFICIT_BLK,DEFICIT_TO,DEFICIT_PF,DEFICIT_FG2M,DEFICIT_FG2A
0,Pistons,8,20,0.4,18,28,0.643,15,43,58,28,5,6,14,22,104,31,62,0.5,1,0.582089552238806,0.5,0.7272727272727273,0.47619047619047616,0.4186046511627907,0.49122807017543857,0.6521739130434783,0.6056338028169014,0.6170212765957447,0.6511627906976745,0.5555555555555556,0.42857142857142855,0.7,0.5238095238095238,0.5535714285714286,0.5081967213114754
1,Hornets,3,22,0.136,25,29,0.862,8,28,36,15,4,8,6,20,84,25,60,0.4166666666666667,0,0.417910447761194,0.5,0.2727272727272727,0.5238095238095238,0.5813953488372093,0.5087719298245614,0.34782608695652173,0.39436619718309857,0.3829787234042553,0.3488372093023256,0.4444444444444444,0.5714285714285714,0.3,0.47619047619047616,0.44642857142857145,0.4918032786885246
