,TEAM_NAME,FG3M,FG3A,FG3_PCT,FTM,FTA,FT_PCT,OREB,DREB,REB,AST,STL,BLK,TO,PF,PTS,FG2M,FG2A,FG2_PCT,OUTCOME,DEFICIT_FGM,DEFICIT_FGA,DEFICIT_FG3M,DEFICIT_FG3A,DEFICIT_FTM,DEFICIT_FTA,DEFICIT_OREB,DEFICIT_DREB,DEFICIT_REB,DEFICIT_AST,DEFICIT_STL,DEFICIT_BLK,DEFICIT_TO,DEFICIT_PF,DEFICIT_FG2M,DEFICIT_FG2A
0,Magic,6,11,0.545,16,23,0.696,13,37,50,24,10,7,23,22,106,36,67,0.5373134328358209,1,0.56,0.4875,0.4,0.2619047619047619,0.5517241379310345,0.575,0.7222222222222222,0.5873015873015873,0.6172839506172839,0.4897959183673469,0.47619047619047616,0.5833333333333334,0.5227272727272727,0.5,0.6,0.5677966101694916
1,Flamengo,9,31,0.29,13,17,0.765,5,26,31,25,11,5,21,22,88,24,51,0.47058823529411764,0,0.44,0.5125,0.6,0.7380952380952381,0.4482758620689655,0.425,0.2777777777777778,0.4126984126984127,0.38271604938271603,0.5102040816326531,0.5238095238095238,0.4166666666666667,0.4772727272727273,0.5,0.4,0.4322033898305085
