,TEAM_NAME,FG3M,FG3A,FG3_PCT,FTM,FTA,FT_PCT,OREB,DREB,REB,AST,STL,BLK,TO,PF,PTS,FG2M,FG2A,FG2_PCT,OUTCOME,DEFICIT_FGM,DEFICIT_FGA,DEFICIT_FG3M,DEFICIT_FG3A,DEFICIT_FTM,DEFICIT_FTA,DEFICIT_OREB,DEFICIT_DREB,DEFICIT_REB,DEFICIT_AST,DEFICIT_STL,DEFICIT_BLK,DEFICIT_TO,DEFICIT_PF,DEFICIT_FG2M,DEFICIT_FG2A
0,Raptors,6,25,0.24,18,23,0.783,7,35,42,13,11,0,18,17,92,28,55,0.509090909090909,1,0.5,0.49079754601226994,0.42857142857142855,0.45454545454545453,0.5806451612903226,0.5476190476190477,0.4375,0.5,0.4883720930232558,0.3611111111111111,0.4782608695652174,0.0,0.4864864864864865,0.4358974358974359,0.5185185185185185,0.5092592592592593
1,Celtics,8,30,0.267,13,19,0.684,9,35,44,23,12,6,19,22,89,26,53,0.49056603773584906,0,0.5,0.50920245398773,0.5714285714285714,0.5454545454545454,0.41935483870967744,0.4523809523809524,0.5625,0.5,0.5116279069767442,0.6388888888888888,0.5217391304347826,1.0,0.5135135135135135,0.5641025641025641,0.48148148148148145,0.49074074074074076
