,TEAM_NAME,FG3M,FG3A,FG3_PCT,FTM,FTA,FT_PCT,OREB,DREB,REB,AST,STL,BLK,TO,PF,PTS,FG2M,FG2A,FG2_PCT,OUTCOME,DEFICIT_FGM,DEFICIT_FGA,DEFICIT_FG3M,DEFICIT_FG3A,DEFICIT_FTM,DEFICIT_FTA,DEFICIT_OREB,DEFICIT_DREB,DEFICIT_REB,DEFICIT_AST,DEFICIT_STL,DEFICIT_BLK,DEFICIT_TO,DEFICIT_PF,DEFICIT_FG2M,DEFICIT_FG2A
0,Kings,13,31,0.419,26,36,0.722,12,25,37,21,9,5,18,30,117,26,54,0.481481481481,0,0.475609756098,0.502958579882,0.52,0.553571428571,0.456140350877,0.5,0.48,0.431034482759,0.44578313253,0.411764705882,0.5,0.416666666667,0.473684210526,0.508474576271,0.456140350877,0.477876106195
1,Nets,12,25,0.48,31,36,0.861,13,33,46,30,9,7,20,29,129,31,59,0.525423728814,1,0.524390243902,0.497041420118,0.48,0.446428571429,0.543859649123,0.5,0.52,0.568965517241,0.55421686747,0.588235294118,0.5,0.583333333333,0.526315789474,0.491525423729,0.543859649123,0.522123893805
