,TEAM_NAME,FG3M,FG3A,FG3_PCT,FTM,FTA,FT_PCT,OREB,DREB,REB,AST,STL,BLK,TO,PF,PTS,FG2M,FG2A,FG2_PCT,OUTCOME,DEFICIT_FGM,DEFICIT_FGA,DEFICIT_FG3M,DEFICIT_FG3A,DEFICIT_FTM,DEFICIT_FTA,DEFICIT_OREB,DEFICIT_DREB,DEFICIT_REB,DEFICIT_AST,DEFICIT_STL,DEFICIT_BLK,DEFICIT_TO,DEFICIT_PF,DEFICIT_FG2M,DEFICIT_FG2A
0,Bucks,8,27,0.296,14,22,0.636,12,33,45,29,11,7,18,24,104,33,57,0.578947368421,1,0.532467532468,0.5,0.666666666667,0.642857142857,0.358974358974,0.392857142857,0.571428571429,0.515625,0.529411764706,0.58,0.5,0.636363636364,0.5625,0.615384615385,0.507692307692,0.452380952381
1,Pistons,4,15,0.267,25,34,0.735,9,31,40,21,11,4,14,15,101,32,69,0.463768115942,0,0.467532467532,0.5,0.333333333333,0.357142857143,0.641025641026,0.607142857143,0.428571428571,0.484375,0.470588235294,0.42,0.5,0.363636363636,0.4375,0.384615384615,0.492307692308,0.547619047619
