,TEAM_NAME,FG3M,FG3A,FG3_PCT,FTM,FTA,FT_PCT,OREB,DREB,REB,AST,STL,BLK,TO,PF,PTS,FG2M,FG2A,FG2_PCT,OUTCOME,DEFICIT_FGM,DEFICIT_FGA,DEFICIT_FG3M,DEFICIT_FG3A,DEFICIT_FTM,DEFICIT_FTA,DEFICIT_OREB,DEFICIT_DREB,DEFICIT_REB,DEFICIT_AST,DEFICIT_STL,DEFICIT_BLK,DEFICIT_TO,DEFICIT_PF,DEFICIT_FG2M,DEFICIT_FG2A
0,Raptors,7,23,0.304,22,32,0.688,9,31,40,20,11,1,13,19,93,25,53,0.471698113208,1,0.484848484848,0.510067114094,0.5,0.53488372093,0.6875,0.695652173913,0.5625,0.543859649123,0.547945205479,0.47619047619,0.6875,0.5,0.382352941176,0.441860465116,0.480769230769,0.5
1,Mavericks,7,20,0.35,10,14,0.714,7,26,33,22,5,1,21,24,85,27,53,0.509433962264,0,0.515151515152,0.489932885906,0.5,0.46511627907,0.3125,0.304347826087,0.4375,0.456140350877,0.452054794521,0.52380952381,0.3125,0.5,0.617647058824,0.558139534884,0.519230769231,0.5
