,TEAM_NAME,FG3M,FG3A,FG3_PCT,FTM,FTA,FT_PCT,OREB,DREB,REB,AST,STL,BLK,TO,PF,PTS,FG2M,FG2A,FG2_PCT,OUTCOME,DEFICIT_FGM,DEFICIT_FGA,DEFICIT_FG3M,DEFICIT_FG3A,DEFICIT_FTM,DEFICIT_FTA,DEFICIT_OREB,DEFICIT_DREB,DEFICIT_REB,DEFICIT_AST,DEFICIT_STL,DEFICIT_BLK,DEFICIT_TO,DEFICIT_PF,DEFICIT_FG2M,DEFICIT_FG2A
0,Suns,11,16,0.688,23,32,0.719,7,28,35,15,9,0,9,23,124,34,67,0.507462686567,1,0.542168674699,0.525316455696,0.6875,0.516129032258,0.547619047619,0.533333333333,0.411764705882,0.491228070175,0.472972972973,0.51724137931,0.6,0.0,0.310344827586,0.450980392157,0.507462686567,0.527559055118
1,Pacers,5,15,0.333,19,28,0.679,10,29,39,14,6,4,20,28,100,33,60,0.55,0,0.457831325301,0.474683544304,0.3125,0.483870967742,0.452380952381,0.466666666667,0.588235294118,0.508771929825,0.527027027027,0.48275862069,0.4,1.0,0.689655172414,0.549019607843,0.492537313433,0.472440944882
