,TEAM_NAME,FG3M,FG3A,FG3_PCT,FTM,FTA,FT_PCT,OREB,DREB,REB,AST,STL,BLK,TO,PF,PTS,FG2M,FG2A,FG2_PCT,OUTCOME,DEFICIT_FGM,DEFICIT_FGA,DEFICIT_FG3M,DEFICIT_FG3A,DEFICIT_FTM,DEFICIT_FTA,DEFICIT_OREB,DEFICIT_DREB,DEFICIT_REB,DEFICIT_AST,DEFICIT_STL,DEFICIT_BLK,DEFICIT_TO,DEFICIT_PF,DEFICIT_FG2M,DEFICIT_FG2A
0,Warriors,10,32,0.313,21,27,0.778,9,36,45,21,7,7,13,24,105,27,51,0.5294117647058824,1,0.5068493150684932,0.48255813953488375,0.6666666666666666,0.5614035087719298,0.5,0.47368421052631576,0.34615384615384615,0.5,0.45918367346938777,0.6,0.3888888888888889,1.0,0.4642857142857143,0.5106382978723404,0.46551724137931033,0.4434782608695652
1,Mavericks,5,25,0.2,21,30,0.7,17,36,53,14,11,0,15,23,98,31,64,0.484375,0,0.4931506849315068,0.5174418604651163,0.3333333333333333,0.43859649122807015,0.5,0.5263157894736842,0.6538461538461539,0.5,0.5408163265306123,0.4,0.6111111111111112,0.0,0.5357142857142857,0.48936170212765956,0.5344827586206896,0.5565217391304348
