,TEAM_NAME,FG3M,FG3A,FG3_PCT,FTM,FTA,FT_PCT,OREB,DREB,REB,AST,STL,BLK,TO,PF,PTS,FG2M,FG2A,FG2_PCT,OUTCOME,DEFICIT_FGM,DEFICIT_FGA,DEFICIT_FG3M,DEFICIT_FG3A,DEFICIT_FTM,DEFICIT_FTA,DEFICIT_OREB,DEFICIT_DREB,DEFICIT_REB,DEFICIT_AST,DEFICIT_STL,DEFICIT_BLK,DEFICIT_TO,DEFICIT_PF,DEFICIT_FG2M,DEFICIT_FG2A
0,76ers,11,28,0.393,24,34,0.706,10,35,45,22,11,4,16,24,115,29,54,0.5370370370370371,0,0.47058823529411764,0.4685714285714286,0.5,0.5185185185185185,0.5581395348837209,0.5573770491803278,0.5263157894736842,0.5147058823529411,0.5172413793103449,0.4,0.55,0.5,0.5333333333333333,0.5,0.4603174603174603,0.4462809917355372
1,Grizzlies,11,26,0.423,19,27,0.704,9,33,42,33,9,4,14,24,120,34,67,0.5074626865671642,1,0.5294117647058824,0.5314285714285715,0.5,0.48148148148148145,0.4418604651162791,0.4426229508196721,0.47368421052631576,0.4852941176470588,0.4827586206896552,0.6,0.45,0.5,0.4666666666666667,0.5,0.5396825396825397,0.5537190082644629
