,TEAM_NAME,FG3M,FG3A,FG3_PCT,FTM,FTA,FT_PCT,OREB,DREB,REB,AST,STL,BLK,TO,PF,PTS,FG2M,FG2A,FG2_PCT,OUTCOME,DEFICIT_FGM,DEFICIT_FGA,DEFICIT_FG3M,DEFICIT_FG3A,DEFICIT_FTM,DEFICIT_FTA,DEFICIT_OREB,DEFICIT_DREB,DEFICIT_REB,DEFICIT_AST,DEFICIT_STL,DEFICIT_BLK,DEFICIT_TO,DEFICIT_PF,DEFICIT_FG2M,DEFICIT_FG2A
0,Hornets,8,22,0.364,17,27,0.63,9,25,34,16,3,4,6,19,87,23,57,0.40350877193,0,0.424657534247,0.523178807947,0.333333333333,0.488888888889,0.548387096774,0.574468085106,0.692307692308,0.390625,0.441558441558,0.355555555556,0.428571428571,0.5,0.315789473684,0.441860465116,0.469387755102,0.537735849057
1,Nets,16,23,0.696,14,20,0.7,4,39,43,29,4,4,13,24,114,26,49,0.530612244898,1,0.575342465753,0.476821192053,0.666666666667,0.511111111111,0.451612903226,0.425531914894,0.307692307692,0.609375,0.558441558442,0.644444444444,0.571428571429,0.5,0.684210526316,0.558139534884,0.530612244898,0.462264150943
