,TEAM_NAME,FG3M,FG3A,FG3_PCT,FTM,FTA,FT_PCT,OREB,DREB,REB,AST,STL,BLK,TO,PF,PTS,FG2M,FG2A,FG2_PCT,OUTCOME,DEFICIT_FGM,DEFICIT_FGA,DEFICIT_FG3M,DEFICIT_FG3A,DEFICIT_FTM,DEFICIT_FTA,DEFICIT_OREB,DEFICIT_DREB,DEFICIT_REB,DEFICIT_AST,DEFICIT_STL,DEFICIT_BLK,DEFICIT_TO,DEFICIT_PF,DEFICIT_FG2M,DEFICIT_FG2A
0,Hornets,8,22,0.364,17,27,0.63,9,25,34,16,3,4,6,19,87,23,57,0.40350877192982454,0,0.4246575342465753,0.5231788079470199,0.3333333333333333,0.4888888888888889,0.5483870967741935,0.574468085106383,0.6923076923076923,0.390625,0.44155844155844154,0.35555555555555557,0.42857142857142855,0.5,0.3157894736842105,0.4418604651162791,0.46938775510204084,0.5377358490566038
1,Nets,16,23,0.696,14,20,0.7,4,39,43,29,4,4,13,24,114,26,49,0.5306122448979592,1,0.5753424657534246,0.4768211920529801,0.6666666666666666,0.5111111111111111,0.45161290322580644,0.425531914893617,0.3076923076923077,0.609375,0.5584415584415584,0.6444444444444445,0.5714285714285714,0.5,0.6842105263157895,0.5581395348837209,0.5306122448979592,0.46226415094339623
