,TEAM_NAME,FG3M,FG3A,FG3_PCT,FTM,FTA,FT_PCT,OREB,DREB,REB,AST,STL,BLK,TO,PF,PTS,FG2M,FG2A,FG2_PCT,OUTCOME,DEFICIT_FGM,DEFICIT_FGA,DEFICIT_FG3M,DEFICIT_FG3A,DEFICIT_FTM,DEFICIT_FTA,DEFICIT_OREB,DEFICIT_DREB,DEFICIT_REB,DEFICIT_AST,DEFICIT_STL,DEFICIT_BLK,DEFICIT_TO,DEFICIT_PF,DEFICIT_FG2M,DEFICIT_FG2A
0,Rockets,10,34,0.294,20,34,0.588,13,39,52,20,8,7,14,21,108,29,54,0.537037037037,1,0.52,0.478260869565,0.588235294118,0.548387096774,0.540540540541,0.566666666667,0.464285714286,0.52,0.504854368932,0.454545454545,0.533333333333,0.5,0.48275862069,0.446808510638,0.5,0.44262295082
1,Nuggets,7,28,0.25,17,26,0.654,15,36,51,24,7,7,15,26,96,29,68,0.426470588235,0,0.48,0.521739130435,0.411764705882,0.451612903226,0.459459459459,0.433333333333,0.535714285714,0.48,0.495145631068,0.545454545455,0.466666666667,0.5,0.51724137931,0.553191489362,0.5,0.55737704918
