,TEAM_NAME,FG3M,FG3A,FG3_PCT,FTM,FTA,FT_PCT,OREB,DREB,REB,AST,STL,BLK,TO,PF,PTS,FG2M,FG2A,FG2_PCT,OUTCOME,DEFICIT_FGM,DEFICIT_FGA,DEFICIT_FG3M,DEFICIT_FG3A,DEFICIT_FTM,DEFICIT_FTA,DEFICIT_OREB,DEFICIT_DREB,DEFICIT_REB,DEFICIT_AST,DEFICIT_STL,DEFICIT_BLK,DEFICIT_TO,DEFICIT_PF,DEFICIT_FG2M,DEFICIT_FG2A
0,Trail Blazers,5,17,0.294,10,12,0.833,11,35,46,21,9,5,12,21,95,35,73,0.4794520547945205,1,0.5405405405405406,0.5056179775280899,0.5555555555555556,0.53125,0.43478260869565216,0.42857142857142855,0.4782608695652174,0.4861111111111111,0.4842105263157895,0.5675675675675675,0.5294117647058824,0.7142857142857143,0.48,0.5384615384615384,0.5384615384615384,0.5
1,Pacers,4,15,0.267,13,16,0.813,12,37,49,16,8,2,13,18,85,30,73,0.410958904109589,0,0.4594594594594595,0.4943820224719101,0.4444444444444444,0.46875,0.5652173913043478,0.5714285714285714,0.5217391304347826,0.5138888888888888,0.5157894736842106,0.43243243243243246,0.47058823529411764,0.2857142857142857,0.52,0.46153846153846156,0.46153846153846156,0.5
