,TEAM_NAME,FG3M,FG3A,FG3_PCT,FTM,FTA,FT_PCT,OREB,DREB,REB,AST,STL,BLK,TO,PF,PTS,FG2M,FG2A,FG2_PCT,OUTCOME,DEFICIT_FGM,DEFICIT_FGA,DEFICIT_FG3M,DEFICIT_FG3A,DEFICIT_FTM,DEFICIT_FTA,DEFICIT_OREB,DEFICIT_DREB,DEFICIT_REB,DEFICIT_AST,DEFICIT_STL,DEFICIT_BLK,DEFICIT_TO,DEFICIT_PF,DEFICIT_FG2M,DEFICIT_FG2A
0,Warriors,7,16,0.438,10,18,0.556,11,31,42,17,4,8,15,18,89,29,68,0.426470588235,1,0.537313432836,0.509090909091,0.7,0.551724137931,0.384615384615,0.461538461538,0.478260869565,0.469696969697,0.47191011236,0.515151515152,0.363636363636,0.444444444444,0.46875,0.514285714286,0.508771929825,0.5
1,Nuggets,3,13,0.231,16,21,0.762,12,35,47,16,7,10,17,17,81,28,68,0.411764705882,0,0.462686567164,0.490909090909,0.3,0.448275862069,0.615384615385,0.538461538462,0.521739130435,0.530303030303,0.52808988764,0.484848484848,0.636363636364,0.555555555556,0.53125,0.485714285714,0.491228070175,0.5
