,TEAM_NAME,FG3M,FG3A,FG3_PCT,FTM,FTA,FT_PCT,OREB,DREB,REB,AST,STL,BLK,TO,PF,PTS,FG2M,FG2A,FG2_PCT,OUTCOME,DEFICIT_FGM,DEFICIT_FGA,DEFICIT_FG3M,DEFICIT_FG3A,DEFICIT_FTM,DEFICIT_FTA,DEFICIT_OREB,DEFICIT_DREB,DEFICIT_REB,DEFICIT_AST,DEFICIT_STL,DEFICIT_BLK,DEFICIT_TO,DEFICIT_PF,DEFICIT_FG2M,DEFICIT_FG2A
0,Kings,7,17,0.412,31,42,0.738,16,27,43,15,9,6,22,22,100,24,57,0.421052631579,0,0.430555555556,0.471337579618,0.466666666667,0.5,0.574074074074,0.608695652174,0.516129032258,0.473684210526,0.488636363636,0.348837209302,0.409090909091,0.75,0.578947368421,0.458333333333,0.421052631579,0.463414634146
1,Pelicans,8,17,0.471,23,27,0.852,15,30,45,28,13,2,16,26,113,33,66,0.5,1,0.569444444444,0.528662420382,0.533333333333,0.5,0.425925925926,0.391304347826,0.483870967742,0.526315789474,0.511363636364,0.651162790698,0.590909090909,0.25,0.421052631579,0.541666666667,0.578947368421,0.536585365854
