,TEAM_NAME,FG3M,FG3A,FG3_PCT,FTM,FTA,FT_PCT,OREB,DREB,REB,AST,STL,BLK,TO,PF,PTS,FG2M,FG2A,FG2_PCT,OUTCOME,DEFICIT_FGM,DEFICIT_FGA,DEFICIT_FG3M,DEFICIT_FG3A,DEFICIT_FTM,DEFICIT_FTA,DEFICIT_OREB,DEFICIT_DREB,DEFICIT_REB,DEFICIT_AST,DEFICIT_STL,DEFICIT_BLK,DEFICIT_TO,DEFICIT_PF,DEFICIT_FG2M,DEFICIT_FG2A
0,Pistons,10,24,0.417,13,18,0.722,18,32,50,27,11,5,14,20,115,36,72,0.5,1,0.575,0.521739130435,0.555555555556,0.461538461538,0.448275862069,0.428571428571,0.58064516129,0.551724137931,0.561797752809,0.574468085106,0.6875,0.555555555556,0.424242424242,0.555555555556,0.58064516129,0.545454545455
1,Cavaliers,8,28,0.286,16,24,0.667,13,26,39,20,5,4,19,16,92,26,60,0.433333333333,0,0.425,0.478260869565,0.444444444444,0.538461538462,0.551724137931,0.571428571429,0.41935483871,0.448275862069,0.438202247191,0.425531914894,0.3125,0.444444444444,0.575757575758,0.444444444444,0.41935483871,0.454545454545
