,TEAM_NAME,FG3M,FG3A,FG3_PCT,FTM,FTA,FT_PCT,OREB,DREB,REB,AST,STL,BLK,TO,PF,PTS,FG2M,FG2A,FG2_PCT,OUTCOME,DEFICIT_FGM,DEFICIT_FGA,DEFICIT_FG3M,DEFICIT_FG3A,DEFICIT_FTM,DEFICIT_FTA,DEFICIT_OREB,DEFICIT_DREB,DEFICIT_REB,DEFICIT_AST,DEFICIT_STL,DEFICIT_BLK,DEFICIT_TO,DEFICIT_PF,DEFICIT_FG2M,DEFICIT_FG2A
0,Rockets,7,19,0.368,21,29,0.724,8,28,36,23,5,1,17,18,104,31,51,0.607843137255,0,0.487179487179,0.469798657718,0.388888888889,0.463414634146,0.512195121951,0.557692307692,0.470588235294,0.538461538462,0.521739130435,0.5,0.277777777778,0.2,0.607142857143,0.45,0.516666666667,0.472222222222
1,Mavericks,11,22,0.5,20,23,0.87,9,24,33,23,13,4,11,22,111,29,57,0.508771929825,1,0.512820512821,0.530201342282,0.611111111111,0.536585365854,0.487804878049,0.442307692308,0.529411764706,0.461538461538,0.478260869565,0.5,0.722222222222,0.8,0.392857142857,0.55,0.483333333333,0.527777777778
