,TEAM_NAME,FG3M,FG3A,FG3_PCT,FTM,FTA,FT_PCT,OREB,DREB,REB,AST,STL,BLK,TO,PF,PTS,FG2M,FG2A,FG2_PCT,OUTCOME,DEFICIT_FGM,DEFICIT_FGA,DEFICIT_FG3M,DEFICIT_FG3A,DEFICIT_FTM,DEFICIT_FTA,DEFICIT_OREB,DEFICIT_DREB,DEFICIT_REB,DEFICIT_AST,DEFICIT_STL,DEFICIT_BLK,DEFICIT_TO,DEFICIT_PF,DEFICIT_FG2M,DEFICIT_FG2A
0,Raptors,8,21,0.381,14,23,0.609,8,34,42,21,6,6,11,18,94,28,55,0.509090909091,1,0.514285714286,0.487179487179,0.470588235294,0.42,0.583333333333,0.638888888889,0.5,0.515151515152,0.512195121951,0.488372093023,0.5,0.666666666667,0.44,0.473684210526,0.528301886792,0.518867924528
1,Pelicans,9,29,0.31,10,13,0.769,8,32,40,22,6,3,14,20,87,25,51,0.490196078431,0,0.485714285714,0.512820512821,0.529411764706,0.58,0.416666666667,0.361111111111,0.5,0.484848484848,0.487804878049,0.511627906977,0.5,0.333333333333,0.56,0.526315789474,0.471698113208,0.481132075472
