,TEAM_NAME,FG3M,FG3A,FG3_PCT,FTM,FTA,FT_PCT,OREB,DREB,REB,AST,STL,BLK,TO,PF,PTS,FG2M,FG2A,FG2_PCT,OUTCOME,DEFICIT_FGM,DEFICIT_FGA,DEFICIT_FG3M,DEFICIT_FG3A,DEFICIT_FTM,DEFICIT_FTA,DEFICIT_OREB,DEFICIT_DREB,DEFICIT_REB,DEFICIT_AST,DEFICIT_STL,DEFICIT_BLK,DEFICIT_TO,DEFICIT_PF,DEFICIT_FG2M,DEFICIT_FG2A
0,Pacers,11,23,0.478,16,19,0.842,9,37,46,27,3,2,5,18,115,33,65,0.507692307692,1,0.530120481928,0.497175141243,0.611111111111,0.469387755102,0.551724137931,0.463414634146,0.45,0.521126760563,0.505494505495,0.574468085106,0.428571428571,0.333333333333,0.333333333333,0.5,0.507692307692,0.5078125
1,Pistons,7,26,0.269,13,22,0.591,11,34,45,20,4,4,10,18,98,32,63,0.507936507937,0,0.469879518072,0.502824858757,0.388888888889,0.530612244898,0.448275862069,0.536585365854,0.55,0.478873239437,0.494505494505,0.425531914894,0.571428571429,0.666666666667,0.666666666667,0.5,0.492307692308,0.4921875
