,TEAM_NAME,FG3M,FG3A,FG3_PCT,FTM,FTA,FT_PCT,OREB,DREB,REB,AST,STL,BLK,TO,PF,PTS,FG2M,FG2A,FG2_PCT,OUTCOME,DEFICIT_FGM,DEFICIT_FGA,DEFICIT_FG3M,DEFICIT_FG3A,DEFICIT_FTM,DEFICIT_FTA,DEFICIT_OREB,DEFICIT_DREB,DEFICIT_REB,DEFICIT_AST,DEFICIT_STL,DEFICIT_BLK,DEFICIT_TO,DEFICIT_PF,DEFICIT_FG2M,DEFICIT_FG2A
0,Spurs,14,29,0.483,16,21,0.762,6,37,43,33,9,5,12,15,114,28,55,0.509090909091,1,0.5,0.494117647059,0.666666666667,0.604166666667,0.551724137931,0.567567567568,0.545454545455,0.5,0.505882352941,0.622641509434,0.5625,0.625,0.48,0.405405405405,0.444444444444,0.450819672131
1,Kings,7,19,0.368,13,16,0.813,5,37,42,20,7,3,13,22,104,35,67,0.522388059701,0,0.5,0.505882352941,0.333333333333,0.395833333333,0.448275862069,0.432432432432,0.454545454545,0.5,0.494117647059,0.377358490566,0.4375,0.375,0.52,0.594594594595,0.555555555556,0.549180327869
