,TEAM_NAME,FG3M,FG3A,FG3_PCT,FTM,FTA,FT_PCT,OREB,DREB,REB,AST,STL,BLK,TO,PF,PTS,FG2M,FG2A,FG2_PCT,OUTCOME,DEFICIT_FGM,DEFICIT_FGA,DEFICIT_FG3M,DEFICIT_FG3A,DEFICIT_FTM,DEFICIT_FTA,DEFICIT_OREB,DEFICIT_DREB,DEFICIT_REB,DEFICIT_AST,DEFICIT_STL,DEFICIT_BLK,DEFICIT_TO,DEFICIT_PF,DEFICIT_FG2M,DEFICIT_FG2A
0,Thunder,12,33,0.364,15,19,0.789,10,28,38,27,9,2,21,30,119,34,60,0.566666666667,0,0.505494505495,0.508196721311,0.444444444444,0.464788732394,0.394736842105,0.404255319149,0.454545454545,0.4375,0.441860465116,0.5,0.391304347826,0.333333333333,0.512195121951,0.576923076923,0.53125,0.535714285714
1,Mavericks,15,38,0.395,23,28,0.821,12,36,48,27,14,4,20,22,128,30,52,0.576923076923,1,0.494505494505,0.491803278689,0.555555555556,0.535211267606,0.605263157895,0.595744680851,0.545454545455,0.5625,0.558139534884,0.5,0.608695652174,0.666666666667,0.487804878049,0.423076923077,0.46875,0.464285714286
