,TEAM_NAME,FG3M,FG3A,FG3_PCT,FTM,FTA,FT_PCT,OREB,DREB,REB,AST,STL,BLK,TO,PF,PTS,FG2M,FG2A,FG2_PCT,OUTCOME,DEFICIT_FGM,DEFICIT_FGA,DEFICIT_FG3M,DEFICIT_FG3A,DEFICIT_FTM,DEFICIT_FTA,DEFICIT_OREB,DEFICIT_DREB,DEFICIT_REB,DEFICIT_AST,DEFICIT_STL,DEFICIT_BLK,DEFICIT_TO,DEFICIT_PF,DEFICIT_FG2M,DEFICIT_FG2A
0,Trail Blazers,7,26,0.269,14,17,0.824,16,34,50,17,4,4,15,14,85,25,60,0.416666666667,0,0.463768115942,0.502923976608,0.538461538462,0.604651162791,0.48275862069,0.435897435897,0.5,0.5,0.5,0.472222222222,0.285714285714,0.571428571429,0.535714285714,0.466666666667,0.446428571429,0.46875
1,Magic,6,17,0.353,15,22,0.682,16,34,50,19,10,3,13,16,95,31,68,0.455882352941,1,0.536231884058,0.497076023392,0.461538461538,0.395348837209,0.51724137931,0.564102564103,0.5,0.5,0.5,0.527777777778,0.714285714286,0.428571428571,0.464285714286,0.533333333333,0.553571428571,0.53125
