,TEAM_NAME,FG3M,FG3A,FG3_PCT,FTM,FTA,FT_PCT,OREB,DREB,REB,AST,STL,BLK,TO,PF,PTS,FG2M,FG2A,FG2_PCT,OUTCOME,DEFICIT_FGM,DEFICIT_FGA,DEFICIT_FG3M,DEFICIT_FG3A,DEFICIT_FTM,DEFICIT_FTA,DEFICIT_OREB,DEFICIT_DREB,DEFICIT_REB,DEFICIT_AST,DEFICIT_STL,DEFICIT_BLK,DEFICIT_TO,DEFICIT_PF,DEFICIT_FG2M,DEFICIT_FG2A
0,Pelicans,5,21,0.238,12,19,0.632,6,28,34,24,3,1,8,15,101,37,65,0.569230769231,0,0.461538461538,0.472527472527,0.333333333333,0.388888888889,0.444444444444,0.542857142857,0.3,0.417910447761,0.390804597701,0.393442622951,0.6,0.2,0.470588235294,0.5,0.486842105263,0.5078125
1,Warriors,10,33,0.303,15,16,0.938,14,39,53,37,2,4,9,15,123,39,63,0.619047619048,1,0.538461538462,0.527472527473,0.666666666667,0.611111111111,0.555555555556,0.457142857143,0.7,0.582089552239,0.609195402299,0.606557377049,0.4,0.8,0.529411764706,0.5,0.513157894737,0.4921875
