,TEAM_NAME,FG3M,FG3A,FG3_PCT,FTM,FTA,FT_PCT,OREB,DREB,REB,AST,STL,BLK,TO,PF,PTS,FG2M,FG2A,FG2_PCT,OUTCOME,DEFICIT_FGM,DEFICIT_FGA,DEFICIT_FG3M,DEFICIT_FG3A,DEFICIT_FTM,DEFICIT_FTA,DEFICIT_OREB,DEFICIT_DREB,DEFICIT_REB,DEFICIT_AST,DEFICIT_STL,DEFICIT_BLK,DEFICIT_TO,DEFICIT_PF,DEFICIT_FG2M,DEFICIT_FG2A
0,Magic,14,30,0.467,16,22,0.727,4,29,33,29,10,2,13,16,112,27,54,0.5,0,0.445652173913,0.494117647059,0.56,0.576923076923,0.533333333333,0.536585365854,0.4,0.426470588235,0.423076923077,0.453125,0.625,0.333333333333,0.464285714286,0.516129032258,0.402985074627,0.457627118644
1,Pacers,11,22,0.5,14,19,0.737,6,39,45,35,6,4,15,15,127,40,64,0.625,1,0.554347826087,0.505882352941,0.44,0.423076923077,0.466666666667,0.463414634146,0.6,0.573529411765,0.576923076923,0.546875,0.375,0.666666666667,0.535714285714,0.483870967742,0.597014925373,0.542372881356
