,TEAM_NAME,FG3M,FG3A,FG3_PCT,FTM,FTA,FT_PCT,OREB,DREB,REB,AST,STL,BLK,TO,PF,PTS,FG2M,FG2A,FG2_PCT,OUTCOME,DEFICIT_FGM,DEFICIT_FGA,DEFICIT_FG3M,DEFICIT_FG3A,DEFICIT_FTM,DEFICIT_FTA,DEFICIT_OREB,DEFICIT_DREB,DEFICIT_REB,DEFICIT_AST,DEFICIT_STL,DEFICIT_BLK,DEFICIT_TO,DEFICIT_PF,DEFICIT_FG2M,DEFICIT_FG2A
0,Pistons,2,13,0.154,17,29,0.586,15,29,44,16,15,7,21,15,87,32,63,0.507936507937,1,0.523076923077,0.506666666667,0.4,0.448275862069,0.586206896552,0.707317073171,0.652173913043,0.5,0.543209876543,0.516129032258,0.5,0.7,0.477272727273,0.405405405405,0.533333333333,0.520661157025
1,Celtics,3,16,0.188,12,12,1.0,8,29,37,15,15,3,23,22,77,28,58,0.48275862069,0,0.476923076923,0.493333333333,0.6,0.551724137931,0.413793103448,0.292682926829,0.347826086957,0.5,0.456790123457,0.483870967742,0.5,0.3,0.522727272727,0.594594594595,0.466666666667,0.479338842975
