,TEAM_NAME,FG3M,FG3A,FG3_PCT,FTM,FTA,FT_PCT,OREB,DREB,REB,AST,STL,BLK,TO,PF,PTS,FG2M,FG2A,FG2_PCT,OUTCOME,DEFICIT_FGM,DEFICIT_FGA,DEFICIT_FG3M,DEFICIT_FG3A,DEFICIT_FTM,DEFICIT_FTA,DEFICIT_OREB,DEFICIT_DREB,DEFICIT_REB,DEFICIT_AST,DEFICIT_STL,DEFICIT_BLK,DEFICIT_TO,DEFICIT_PF,DEFICIT_FG2M,DEFICIT_FG2A
0,Suns,14,37,0.378,18,22,0.818,12,31,43,21,11,3,23,23,96,18,43,0.418604651163,0,0.477611940299,0.493827160494,0.875,0.672727272727,0.367346938776,0.372881355932,0.545454545455,0.5,0.511904761905,0.512195121951,0.578947368421,0.428571428571,0.605263157895,0.511111111111,0.352941176471,0.401869158879
1,Thunder,2,18,0.111,31,37,0.838,10,31,41,20,8,4,15,22,103,33,64,0.515625,1,0.522388059701,0.506172839506,0.125,0.327272727273,0.632653061224,0.627118644068,0.454545454545,0.5,0.488095238095,0.487804878049,0.421052631579,0.571428571429,0.394736842105,0.488888888889,0.647058823529,0.598130841121
