,TEAM_NAME,FG3M,FG3A,FG3_PCT,FTM,FTA,FT_PCT,OREB,DREB,REB,AST,STL,BLK,TO,PF,PTS,FG2M,FG2A,FG2_PCT,OUTCOME,DEFICIT_FGM,DEFICIT_FGA,DEFICIT_FG3M,DEFICIT_FG3A,DEFICIT_FTM,DEFICIT_FTA,DEFICIT_OREB,DEFICIT_DREB,DEFICIT_REB,DEFICIT_AST,DEFICIT_STL,DEFICIT_BLK,DEFICIT_TO,DEFICIT_PF,DEFICIT_FG2M,DEFICIT_FG2A
0,Knicks,9,32,0.281,11,13,0.846,14,35,49,21,7,3,16,26,100,31,57,0.543859649122807,0,0.5333333333333333,0.5297619047619048,0.47368421052631576,0.5423728813559322,0.275,0.2549019607843137,0.5833333333333334,0.5147058823529411,0.532608695652174,0.4772727272727273,0.4375,0.75,0.5714285714285714,0.6190476190476191,0.5535714285714286,0.5229357798165137
1,Timberwolves,10,27,0.37,29,38,0.763,10,33,43,23,9,1,12,16,109,25,52,0.4807692307692308,1,0.4666666666666667,0.47023809523809523,0.5263157894736842,0.4576271186440678,0.725,0.7450980392156863,0.4166666666666667,0.4852941176470588,0.4673913043478261,0.5227272727272727,0.5625,0.25,0.42857142857142855,0.38095238095238093,0.44642857142857145,0.47706422018348627
