,TEAM_NAME,FG3M,FG3A,FG3_PCT,FTM,FTA,FT_PCT,OREB,DREB,REB,AST,STL,BLK,TO,PF,PTS,FG2M,FG2A,FG2_PCT,OUTCOME,DEFICIT_FGM,DEFICIT_FGA,DEFICIT_FG3M,DEFICIT_FG3A,DEFICIT_FTM,DEFICIT_FTA,DEFICIT_OREB,DEFICIT_DREB,DEFICIT_REB,DEFICIT_AST,DEFICIT_STL,DEFICIT_BLK,DEFICIT_TO,DEFICIT_PF,DEFICIT_FG2M,DEFICIT_FG2A
0,Timberwolves,6,23,0.261,20,23,0.87,12,34,46,22,6,4,17,15,98,30,56,0.535714285714,0,0.467532467532,0.478787878788,0.5,0.489361702128,0.625,0.621621621622,0.571428571429,0.53125,0.541176470588,0.4,0.333333333333,0.444444444444,0.607142857143,0.428571428571,0.461538461538,0.474576271186
1,Mavericks,6,24,0.25,12,14,0.857,9,30,39,33,12,5,11,20,100,35,62,0.564516129032,1,0.532467532468,0.521212121212,0.5,0.510638297872,0.375,0.378378378378,0.428571428571,0.46875,0.458823529412,0.6,0.666666666667,0.555555555556,0.392857142857,0.571428571429,0.538461538462,0.525423728814
