,TEAM_NAME,FG3M,FG3A,FG3_PCT,FTM,FTA,FT_PCT,OREB,DREB,REB,AST,STL,BLK,TO,PF,PTS,FG2M,FG2A,FG2_PCT,OUTCOME,DEFICIT_FGM,DEFICIT_FGA,DEFICIT_FG3M,DEFICIT_FG3A,DEFICIT_FTM,DEFICIT_FTA,DEFICIT_OREB,DEFICIT_DREB,DEFICIT_REB,DEFICIT_AST,DEFICIT_STL,DEFICIT_BLK,DEFICIT_TO,DEFICIT_PF,DEFICIT_FG2M,DEFICIT_FG2A
0,Grizzlies,0,5,0.0,21,28,0.75,12,25,37,19,13,6,20,27,91,35,73,0.479452054795,0,0.555555555556,0.545454545455,0.0,0.25,0.388888888889,0.4,0.571428571429,0.471698113208,0.5,0.542857142857,0.5,0.375,0.5,0.5625,0.614035087719,0.593495934959
1,Bulls,6,15,0.4,33,42,0.786,9,28,37,16,13,10,20,21,95,22,50,0.44,1,0.444444444444,0.454545454545,1.0,0.75,0.611111111111,0.6,0.428571428571,0.528301886792,0.5,0.457142857143,0.5,0.625,0.5,0.4375,0.385964912281,0.406504065041
