,TEAM_NAME,FG3M,FG3A,FG3_PCT,FTM,FTA,FT_PCT,OREB,DREB,REB,AST,STL,BLK,TO,PF,PTS,FG2M,FG2A,FG2_PCT,OUTCOME,DEFICIT_FGM,DEFICIT_FGA,DEFICIT_FG3M,DEFICIT_FG3A,DEFICIT_FTM,DEFICIT_FTA,DEFICIT_OREB,DEFICIT_DREB,DEFICIT_REB,DEFICIT_AST,DEFICIT_STL,DEFICIT_BLK,DEFICIT_TO,DEFICIT_PF,DEFICIT_FG2M,DEFICIT_FG2A
0,Heat,11,23,0.478,18,28,0.643,5,26,31,23,7,4,13,13,97,23,44,0.522727272727,1,0.472222222222,0.452702702703,0.578947368421,0.53488372093,0.642857142857,0.717948717949,0.384615384615,0.472727272727,0.455882352941,0.5,0.538461538462,0.666666666667,0.5,0.382352941176,0.433962264151,0.419047619048
1,Nuggets,8,20,0.4,10,11,0.909,8,29,37,23,6,2,13,21,94,30,61,0.491803278689,0,0.527777777778,0.547297297297,0.421052631579,0.46511627907,0.357142857143,0.282051282051,0.615384615385,0.527272727273,0.544117647059,0.5,0.461538461538,0.333333333333,0.5,0.617647058824,0.566037735849,0.580952380952
