,TEAM_NAME,FG3M,FG3A,FG3_PCT,FTM,FTA,FT_PCT,OREB,DREB,REB,AST,STL,BLK,TO,PF,PTS,FG2M,FG2A,FG2_PCT,OUTCOME,DEFICIT_FGM,DEFICIT_FGA,DEFICIT_FG3M,DEFICIT_FG3A,DEFICIT_FTM,DEFICIT_FTA,DEFICIT_OREB,DEFICIT_DREB,DEFICIT_REB,DEFICIT_AST,DEFICIT_STL,DEFICIT_BLK,DEFICIT_TO,DEFICIT_PF,DEFICIT_FG2M,DEFICIT_FG2A
0,Trail Blazers,12,32,0.375,18,24,0.75,10,28,38,25,5,9,9,13,108,27,56,0.482142857143,0,0.448275862069,0.497175141243,0.857142857143,0.744186046512,0.6,0.615384615385,0.526315789474,0.424242424242,0.447058823529,0.568181818182,0.5,0.473684210526,0.5,0.40625,0.369863013699,0.417910447761
1,Pelicans,2,11,0.182,12,15,0.8,9,38,47,19,5,10,9,19,110,46,78,0.589743589744,1,0.551724137931,0.502824858757,0.142857142857,0.255813953488,0.4,0.384615384615,0.473684210526,0.575757575758,0.552941176471,0.431818181818,0.5,0.526315789474,0.5,0.59375,0.630136986301,0.582089552239
