,TEAM_NAME,FG3M,FG3A,FG3_PCT,FTM,FTA,FT_PCT,OREB,DREB,REB,AST,STL,BLK,TO,PF,PTS,FG2M,FG2A,FG2_PCT,OUTCOME,DEFICIT_FGM,DEFICIT_FGA,DEFICIT_FG3M,DEFICIT_FG3A,DEFICIT_FTM,DEFICIT_FTA,DEFICIT_OREB,DEFICIT_DREB,DEFICIT_REB,DEFICIT_AST,DEFICIT_STL,DEFICIT_BLK,DEFICIT_TO,DEFICIT_PF,DEFICIT_FG2M,DEFICIT_FG2A
0,Jazz,8,21,0.381,7,9,0.778,10,36,46,17,6,9,13,17,83,26,59,0.440677966102,1,0.523076923077,0.487804878049,0.533333333333,0.6,0.388888888889,0.375,0.454545454545,0.521739130435,0.505494505495,0.566666666667,0.5,0.75,0.541666666667,0.586206896552,0.52,0.457364341085
1,Bobcats,7,14,0.5,11,15,0.733,12,33,45,13,6,3,11,12,80,24,70,0.342857142857,0,0.476923076923,0.512195121951,0.466666666667,0.4,0.611111111111,0.625,0.545454545455,0.478260869565,0.494505494505,0.433333333333,0.5,0.25,0.458333333333,0.413793103448,0.48,0.542635658915
