,TEAM_NAME,FG3M,FG3A,FG3_PCT,FTM,FTA,FT_PCT,OREB,DREB,REB,AST,STL,BLK,TO,PF,PTS,FG2M,FG2A,FG2_PCT,OUTCOME,DEFICIT_FGM,DEFICIT_FGA,DEFICIT_FG3M,DEFICIT_FG3A,DEFICIT_FTM,DEFICIT_FTA,DEFICIT_OREB,DEFICIT_DREB,DEFICIT_REB,DEFICIT_AST,DEFICIT_STL,DEFICIT_BLK,DEFICIT_TO,DEFICIT_PF,DEFICIT_FG2M,DEFICIT_FG2A
0,Bucks,3,17,0.176,22,32,0.688,17,48,65,23,12,10,17,21,117,43,87,0.494252873563,1,0.511111111111,0.495238095238,0.25,0.293103448276,0.647058823529,0.64,0.62962962963,0.551724137931,0.570175438596,0.425925925926,0.521739130435,0.555555555556,0.515151515152,0.4375,0.551282051282,0.572368421053
1,Hawks,9,41,0.22,12,18,0.667,10,39,49,31,11,8,16,27,109,35,65,0.538461538462,0,0.488888888889,0.504761904762,0.75,0.706896551724,0.352941176471,0.36,0.37037037037,0.448275862069,0.429824561404,0.574074074074,0.478260869565,0.444444444444,0.484848484848,0.5625,0.448717948718,0.427631578947
