,TEAM_NAME,FG3M,FG3A,FG3_PCT,FTM,FTA,FT_PCT,OREB,DREB,REB,AST,STL,BLK,TO,PF,PTS,FG2M,FG2A,FG2_PCT,OUTCOME,DEFICIT_FGM,DEFICIT_FGA,DEFICIT_FG3M,DEFICIT_FG3A,DEFICIT_FTM,DEFICIT_FTA,DEFICIT_OREB,DEFICIT_DREB,DEFICIT_REB,DEFICIT_AST,DEFICIT_STL,DEFICIT_BLK,DEFICIT_TO,DEFICIT_PF,DEFICIT_FG2M,DEFICIT_FG2A
0,Trail Blazers,12,30,0.4,16,19,0.842,12,41,53,25,3,6,17,21,108,28,47,0.595744680851,1,0.547945205479,0.461077844311,0.705882352941,0.566037735849,0.5,0.542857142857,0.6,0.611940298507,0.609195402299,0.641025641026,0.333333333333,0.6,0.708333333333,0.552631578947,0.5,0.412280701754
1,Mavericks,5,23,0.217,16,16,1.0,8,26,34,14,6,4,7,17,87,28,67,0.417910447761,0,0.452054794521,0.538922155689,0.294117647059,0.433962264151,0.5,0.457142857143,0.4,0.388059701493,0.390804597701,0.358974358974,0.666666666667,0.4,0.291666666667,0.447368421053,0.5,0.587719298246
