,TEAM_NAME,FG3M,FG3A,FG3_PCT,FTM,FTA,FT_PCT,OREB,DREB,REB,AST,STL,BLK,TO,PF,PTS,FG2M,FG2A,FG2_PCT,OUTCOME,DEFICIT_FGM,DEFICIT_FGA,DEFICIT_FG3M,DEFICIT_FG3A,DEFICIT_FTM,DEFICIT_FTA,DEFICIT_OREB,DEFICIT_DREB,DEFICIT_REB,DEFICIT_AST,DEFICIT_STL,DEFICIT_BLK,DEFICIT_TO,DEFICIT_PF,DEFICIT_FG2M,DEFICIT_FG2A
0,Bucks,5,21,0.238,6,13,0.462,13,26,39,23,6,5,19,26,87,33,61,0.540983606557,0,0.487179487179,0.518987341772,0.277777777778,0.446808510638,0.24,0.342105263158,0.764705882353,0.456140350877,0.527027027027,0.469387755102,0.375,0.714285714286,0.59375,0.577777777778,0.55,0.54954954955
1,Hawks,13,26,0.5,19,25,0.76,4,31,35,26,10,2,13,19,112,27,50,0.54,1,0.512820512821,0.481012658228,0.722222222222,0.553191489362,0.76,0.657894736842,0.235294117647,0.543859649123,0.472972972973,0.530612244898,0.625,0.285714285714,0.40625,0.422222222222,0.45,0.45045045045
