,TEAM_NAME,FG3M,FG3A,FG3_PCT,FTM,FTA,FT_PCT,OREB,DREB,REB,AST,STL,BLK,TO,PF,PTS,FG2M,FG2A,FG2_PCT,OUTCOME,DEFICIT_FGM,DEFICIT_FGA,DEFICIT_FG3M,DEFICIT_FG3A,DEFICIT_FTM,DEFICIT_FTA,DEFICIT_OREB,DEFICIT_DREB,DEFICIT_REB,DEFICIT_AST,DEFICIT_STL,DEFICIT_BLK,DEFICIT_TO,DEFICIT_PF,DEFICIT_FG2M,DEFICIT_FG2A
0,Warriors,11,22,0.5,11,15,0.733,12,27,39,24,7,6,12,18,102,29,61,0.475409836066,1,0.555555555556,0.51875,0.733333333333,0.611111111111,0.366666666667,0.428571428571,0.461538461538,0.465517241379,0.464285714286,0.545454545455,0.466666666667,0.666666666667,0.444444444444,0.529411764706,0.508771929825,0.491935483871
1,Bulls,4,14,0.286,19,20,0.95,14,31,45,20,8,3,15,16,87,28,63,0.444444444444,0,0.444444444444,0.48125,0.266666666667,0.388888888889,0.633333333333,0.571428571429,0.538461538462,0.534482758621,0.535714285714,0.454545454545,0.533333333333,0.333333333333,0.555555555556,0.470588235294,0.491228070175,0.508064516129
