,TEAM_NAME,FG3M,FG3A,FG3_PCT,FTM,FTA,FT_PCT,OREB,DREB,REB,AST,STL,BLK,TO,PF,PTS,FG2M,FG2A,FG2_PCT,OUTCOME,DEFICIT_FGM,DEFICIT_FGA,DEFICIT_FG3M,DEFICIT_FG3A,DEFICIT_FTM,DEFICIT_FTA,DEFICIT_OREB,DEFICIT_DREB,DEFICIT_REB,DEFICIT_AST,DEFICIT_STL,DEFICIT_BLK,DEFICIT_TO,DEFICIT_PF,DEFICIT_FG2M,DEFICIT_FG2A
0,76ers,2,20,0.1,22,37,0.595,19,26,45,16,11,4,23,18,86,29,64,0.453125,0,0.449275362319,0.512195121951,0.2,0.46511627907,0.564102564103,0.649122807018,0.612903225806,0.5,0.542168674699,0.347826086957,0.458333333333,0.25,0.575,0.418604651163,0.491525423729,0.528925619835
1,Heat,8,23,0.348,17,20,0.85,12,26,38,30,13,12,17,25,101,30,57,0.526315789474,1,0.550724637681,0.487804878049,0.8,0.53488372093,0.435897435897,0.350877192982,0.387096774194,0.5,0.457831325301,0.652173913043,0.541666666667,0.75,0.425,0.581395348837,0.508474576271,0.471074380165
