,TEAM_NAME,FG3M,FG3A,FG3_PCT,FTM,FTA,FT_PCT,OREB,DREB,REB,AST,STL,BLK,TO,PF,PTS,FG2M,FG2A,FG2_PCT,OUTCOME,DEFICIT_FGM,DEFICIT_FGA,DEFICIT_FG3M,DEFICIT_FG3A,DEFICIT_FTM,DEFICIT_FTA,DEFICIT_OREB,DEFICIT_DREB,DEFICIT_REB,DEFICIT_AST,DEFICIT_STL,DEFICIT_BLK,DEFICIT_TO,DEFICIT_PF,DEFICIT_FG2M,DEFICIT_FG2A
0,Suns,7,22,0.318,16,21,0.762,17,30,47,19,7,1,13,17,107,35,71,0.492957746479,0,0.488372093023,0.528409090909,0.4375,0.478260869565,0.551724137931,0.525,0.708333333333,0.44776119403,0.516483516484,0.463414634146,0.466666666667,0.2,0.448275862069,0.447368421053,0.5,0.546153846154
1,Mavericks,9,24,0.375,13,19,0.684,7,37,44,22,8,4,16,21,110,35,59,0.593220338983,1,0.511627906977,0.471590909091,0.5625,0.521739130435,0.448275862069,0.475,0.291666666667,0.55223880597,0.483516483516,0.536585365854,0.533333333333,0.8,0.551724137931,0.552631578947,0.5,0.453846153846
