,TEAM_NAME,FG3M,FG3A,FG3_PCT,FTM,FTA,FT_PCT,OREB,DREB,REB,AST,STL,BLK,TO,PF,PTS,FG2M,FG2A,FG2_PCT,OUTCOME,DEFICIT_FGM,DEFICIT_FGA,DEFICIT_FG3M,DEFICIT_FG3A,DEFICIT_FTM,DEFICIT_FTA,DEFICIT_OREB,DEFICIT_DREB,DEFICIT_REB,DEFICIT_AST,DEFICIT_STL,DEFICIT_BLK,DEFICIT_TO,DEFICIT_PF,DEFICIT_FG2M,DEFICIT_FG2A
0,Spurs,8,20,0.4,16,20,0.8,7,34,41,21,7,3,12,17,100,30,64,0.46875,0,0.481012658228,0.494117647059,0.5,0.555555555556,0.457142857143,0.5,0.466666666667,0.465753424658,0.465909090909,0.5,0.7,0.428571428571,0.521739130435,0.425,0.47619047619,0.477611940299
1,Trail Blazers,8,16,0.5,19,20,0.95,8,39,47,21,3,4,11,23,109,33,70,0.471428571429,1,0.518987341772,0.505882352941,0.5,0.444444444444,0.542857142857,0.5,0.533333333333,0.534246575342,0.534090909091,0.5,0.3,0.571428571429,0.478260869565,0.575,0.52380952381,0.522388059701
