,TEAM_NAME,FG3M,FG3A,FG3_PCT,FTM,FTA,FT_PCT,OREB,DREB,REB,AST,STL,BLK,TO,PF,PTS,FG2M,FG2A,FG2_PCT,OUTCOME,DEFICIT_FGM,DEFICIT_FGA,DEFICIT_FG3M,DEFICIT_FG3A,DEFICIT_FTM,DEFICIT_FTA,DEFICIT_OREB,DEFICIT_DREB,DEFICIT_REB,DEFICIT_AST,DEFICIT_STL,DEFICIT_BLK,DEFICIT_TO,DEFICIT_PF,DEFICIT_FG2M,DEFICIT_FG2A
0,Kings,5,11,0.455,19,23,0.826,10,33,43,17,4,2,14,16,90,28,70,0.4,0,0.478260869565,0.509433962264,0.454545454545,0.392857142857,0.59375,0.560975609756,0.714285714286,0.5,0.5375,0.485714285714,0.333333333333,0.133333333333,0.583333333333,0.410256410256,0.48275862069,0.534351145038
1,Grizzlies,6,17,0.353,13,18,0.722,4,33,37,18,8,13,10,23,91,30,61,0.491803278689,1,0.521739130435,0.490566037736,0.545454545455,0.607142857143,0.40625,0.439024390244,0.285714285714,0.5,0.4625,0.514285714286,0.666666666667,0.866666666667,0.416666666667,0.589743589744,0.51724137931,0.465648854962
