,TEAM_NAME,FG3M,FG3A,FG3_PCT,FTM,FTA,FT_PCT,OREB,DREB,REB,AST,STL,BLK,TO,PF,PTS,FG2M,FG2A,FG2_PCT,OUTCOME,DEFICIT_FGM,DEFICIT_FGA,DEFICIT_FG3M,DEFICIT_FG3A,DEFICIT_FTM,DEFICIT_FTA,DEFICIT_OREB,DEFICIT_DREB,DEFICIT_REB,DEFICIT_AST,DEFICIT_STL,DEFICIT_BLK,DEFICIT_TO,DEFICIT_PF,DEFICIT_FG2M,DEFICIT_FG2A
0,Thunder,9,22,0.409,24,33,0.727,12,29,41,23,13,4,17,26,127,38,59,0.64406779661,1,0.522222222222,0.496932515337,0.36,0.448979591837,0.558139534884,0.492537313433,0.5,0.58,0.554054054054,0.511111111111,0.565217391304,0.8,0.5,0.472727272727,0.584615384615,0.517543859649
1,Warriors,16,27,0.593,19,34,0.559,12,21,33,22,10,1,17,29,121,27,55,0.490909090909,0,0.477777777778,0.503067484663,0.64,0.551020408163,0.441860465116,0.507462686567,0.5,0.42,0.445945945946,0.488888888889,0.434782608696,0.2,0.5,0.527272727273,0.415384615385,0.482456140351
