,TEAM_NAME,FG3M,FG3A,FG3_PCT,FTM,FTA,FT_PCT,OREB,DREB,REB,AST,STL,BLK,TO,PF,PTS,FG2M,FG2A,FG2_PCT,OUTCOME,DEFICIT_FGM,DEFICIT_FGA,DEFICIT_FG3M,DEFICIT_FG3A,DEFICIT_FTM,DEFICIT_FTA,DEFICIT_OREB,DEFICIT_DREB,DEFICIT_REB,DEFICIT_AST,DEFICIT_STL,DEFICIT_BLK,DEFICIT_TO,DEFICIT_PF,DEFICIT_FG2M,DEFICIT_FG2A
0,Magic,10,25,0.4,15,21,0.714,6,32,38,25,5,6,14,22,101,28,57,0.491228070175,0,0.493506493506,0.525641025641,0.588235294118,0.625,0.365853658537,0.375,0.6,0.5,0.513513513514,0.5,0.454545454545,0.5,0.538461538462,0.594594594595,0.466666666667,0.491379310345
1,Bobcats,7,15,0.467,26,35,0.743,4,32,36,25,6,6,12,15,111,32,59,0.542372881356,1,0.506493506494,0.474358974359,0.411764705882,0.375,0.634146341463,0.625,0.4,0.5,0.486486486486,0.5,0.545454545455,0.5,0.461538461538,0.405405405405,0.533333333333,0.508620689655
