,TEAM_NAME,FG3M,FG3A,FG3_PCT,FTM,FTA,FT_PCT,OREB,DREB,REB,AST,STL,BLK,TO,PF,PTS,FG2M,FG2A,FG2_PCT,OUTCOME,DEFICIT_FGM,DEFICIT_FGA,DEFICIT_FG3M,DEFICIT_FG3A,DEFICIT_FTM,DEFICIT_FTA,DEFICIT_OREB,DEFICIT_DREB,DEFICIT_REB,DEFICIT_AST,DEFICIT_STL,DEFICIT_BLK,DEFICIT_TO,DEFICIT_PF,DEFICIT_FG2M,DEFICIT_FG2A
0,Trail Blazers,17,30,0.567,16,23,0.696,8,40,48,28,12,4,13,21,137,35,67,0.522388059701,1,0.590909090909,0.513227513228,0.586206896552,0.46875,0.432432432432,0.450980392157,0.363636363636,0.547945205479,0.505263157895,0.528301886792,0.631578947368,0.5,0.393939393939,0.552631578947,0.593220338983,0.536
1,Warriors,12,34,0.353,21,28,0.75,14,33,47,25,7,4,20,17,105,24,58,0.413793103448,0,0.409090909091,0.486772486772,0.413793103448,0.53125,0.567567567568,0.549019607843,0.636363636364,0.452054794521,0.494736842105,0.471698113208,0.368421052632,0.5,0.606060606061,0.447368421053,0.406779661017,0.464
