,TEAM_NAME,FG3M,FG3A,FG3_PCT,FTM,FTA,FT_PCT,OREB,DREB,REB,AST,STL,BLK,TO,PF,PTS,FG2M,FG2A,FG2_PCT,OUTCOME,DEFICIT_FGM,DEFICIT_FGA,DEFICIT_FG3M,DEFICIT_FG3A,DEFICIT_FTM,DEFICIT_FTA,DEFICIT_OREB,DEFICIT_DREB,DEFICIT_REB,DEFICIT_AST,DEFICIT_STL,DEFICIT_BLK,DEFICIT_TO,DEFICIT_PF,DEFICIT_FG2M,DEFICIT_FG2A
0,Suns,11,35,0.314,29,35,0.829,9,31,40,23,7,6,20,33,100,19,47,0.404255319149,0,0.44776119403,0.5125,0.611111111111,0.593220338983,0.453125,0.384615384615,0.409090909091,0.449275362319,0.43956043956,0.53488372093,0.304347826087,0.6,0.5,0.507692307692,0.387755102041,0.465346534653
1,Rockets,7,24,0.292,35,56,0.625,13,38,51,20,16,4,20,32,116,30,54,0.555555555556,1,0.55223880597,0.4875,0.388888888889,0.406779661017,0.546875,0.615384615385,0.590909090909,0.550724637681,0.56043956044,0.46511627907,0.695652173913,0.4,0.5,0.492307692308,0.612244897959,0.534653465347
