,TEAM_NAME,FG3M,FG3A,FG3_PCT,FTM,FTA,FT_PCT,OREB,DREB,REB,AST,STL,BLK,TO,PF,PTS,FG2M,FG2A,FG2_PCT,OUTCOME,DEFICIT_FGM,DEFICIT_FGA,DEFICIT_FG3M,DEFICIT_FG3A,DEFICIT_FTM,DEFICIT_FTA,DEFICIT_OREB,DEFICIT_DREB,DEFICIT_REB,DEFICIT_AST,DEFICIT_STL,DEFICIT_BLK,DEFICIT_TO,DEFICIT_PF,DEFICIT_FG2M,DEFICIT_FG2A
0,Kings,10,21,0.476,24,31,0.774,7,38,45,16,12,8,22,24,116,31,62,0.5,1,0.493975903614,0.479768786127,0.555555555556,0.466666666667,0.571428571429,0.543859649123,0.4375,0.520547945205,0.505617977528,0.380952380952,0.5,0.615384615385,0.55,0.48,0.476923076923,0.484375
1,Nuggets,8,24,0.333,18,26,0.692,9,35,44,26,12,5,18,26,110,34,66,0.515151515152,0,0.506024096386,0.520231213873,0.444444444444,0.533333333333,0.428571428571,0.456140350877,0.5625,0.479452054795,0.494382022472,0.619047619048,0.5,0.384615384615,0.45,0.52,0.523076923077,0.515625
