,TEAM_NAME,FG3M,FG3A,FG3_PCT,FTM,FTA,FT_PCT,OREB,DREB,REB,AST,STL,BLK,TO,PF,PTS,FG2M,FG2A,FG2_PCT,OUTCOME,DEFICIT_FGM,DEFICIT_FGA,DEFICIT_FG3M,DEFICIT_FG3A,DEFICIT_FTM,DEFICIT_FTA,DEFICIT_OREB,DEFICIT_DREB,DEFICIT_REB,DEFICIT_AST,DEFICIT_STL,DEFICIT_BLK,DEFICIT_TO,DEFICIT_PF,DEFICIT_FG2M,DEFICIT_FG2A
0,Rockets,11,32,0.344,12,23,0.522,14,32,46,23,10,6,22,20,95,25,53,0.471698113208,0,0.45,0.477528089888,0.5,0.470588235294,0.5,0.575,0.466666666667,0.492307692308,0.484210526316,0.46,0.384615384615,0.666666666667,0.536585365854,0.47619047619,0.431034482759,0.481818181818
1,Celtics,11,36,0.306,12,17,0.706,16,33,49,27,16,3,19,22,111,33,57,0.578947368421,1,0.55,0.522471910112,0.5,0.529411764706,0.5,0.425,0.533333333333,0.507692307692,0.515789473684,0.54,0.615384615385,0.333333333333,0.463414634146,0.52380952381,0.568965517241,0.518181818182
