,TEAM_NAME,FG3M,FG3A,FG3_PCT,FTM,FTA,FT_PCT,OREB,DREB,REB,AST,STL,BLK,TO,PF,PTS,FG2M,FG2A,FG2_PCT,OUTCOME,DEFICIT_FGM,DEFICIT_FGA,DEFICIT_FG3M,DEFICIT_FG3A,DEFICIT_FTM,DEFICIT_FTA,DEFICIT_OREB,DEFICIT_DREB,DEFICIT_REB,DEFICIT_AST,DEFICIT_STL,DEFICIT_BLK,DEFICIT_TO,DEFICIT_PF,DEFICIT_FG2M,DEFICIT_FG2A
0,76ers,5,22,0.227,13,20,0.65,8,38,46,16,9,4,27,29,86,29,54,0.5370370370370371,0,0.53125,0.5,0.4166666666666667,0.4782608695652174,0.34210526315789475,0.4,0.5714285714285714,0.5352112676056338,0.5411764705882353,0.5,0.42857142857142855,0.6666666666666666,0.5869565217391305,0.5576923076923077,0.5576923076923077,0.5094339622641509
1,Mavericks,7,24,0.292,25,30,0.833,6,33,39,16,12,2,19,23,92,23,52,0.4423076923076923,1,0.46875,0.5,0.5833333333333334,0.5217391304347826,0.6578947368421053,0.6,0.42857142857142855,0.4647887323943662,0.4588235294117647,0.5,0.5714285714285714,0.3333333333333333,0.41304347826086957,0.4423076923076923,0.4423076923076923,0.49056603773584906
