,TEAM_NAME,FG3M,FG3A,FG3_PCT,FTM,FTA,FT_PCT,OREB,DREB,REB,AST,STL,BLK,TO,PF,PTS,FG2M,FG2A,FG2_PCT,OUTCOME,DEFICIT_FGM,DEFICIT_FGA,DEFICIT_FG3M,DEFICIT_FG3A,DEFICIT_FTM,DEFICIT_FTA,DEFICIT_OREB,DEFICIT_DREB,DEFICIT_REB,DEFICIT_AST,DEFICIT_STL,DEFICIT_BLK,DEFICIT_TO,DEFICIT_PF,DEFICIT_FG2M,DEFICIT_FG2A
0,Thunder,10,24,0.417,22,31,0.71,12,32,44,22,7,6,19,28,114,31,57,0.543859649122807,0,0.5256410256410257,0.4909090909090909,0.45454545454545453,0.5853658536585366,0.3793103448275862,0.44285714285714284,0.5,0.5925925925925926,0.5641025641025641,0.4888888888888889,0.3888888888888889,0.6,0.6551724137931034,0.56,0.5535714285714286,0.4596774193548387
1,Grizzlies,12,17,0.706,36,39,0.923,12,22,34,23,11,4,10,22,122,25,67,0.373134328358209,1,0.47435897435897434,0.509090909090909,0.5454545454545454,0.4146341463414634,0.6206896551724138,0.5571428571428572,0.5,0.4074074074074074,0.4358974358974359,0.5111111111111111,0.6111111111111112,0.4,0.3448275862068966,0.44,0.44642857142857145,0.5403225806451613
