,TEAM_NAME,FG3M,FG3A,FG3_PCT,FTM,FTA,FT_PCT,OREB,DREB,REB,AST,STL,BLK,TO,PF,PTS,FG2M,FG2A,FG2_PCT,OUTCOME,DEFICIT_FGM,DEFICIT_FGA,DEFICIT_FG3M,DEFICIT_FG3A,DEFICIT_FTM,DEFICIT_FTA,DEFICIT_OREB,DEFICIT_DREB,DEFICIT_REB,DEFICIT_AST,DEFICIT_STL,DEFICIT_BLK,DEFICIT_TO,DEFICIT_PF,DEFICIT_FG2M,DEFICIT_FG2A
0,Rockets,10,31,0.323,27,38,0.711,6,24,30,28,8,5,17,18,109,26,46,0.565217391304,0,0.433734939759,0.458333333333,0.47619047619,0.492063492063,0.642857142857,0.703703703704,0.333333333333,0.4,0.384615384615,0.459016393443,0.444444444444,0.625,0.485714285714,0.4,0.41935483871,0.438095238095
1,Celtics,11,32,0.344,15,16,0.938,12,36,48,33,10,3,18,27,120,36,59,0.610169491525,1,0.566265060241,0.541666666667,0.52380952381,0.507936507937,0.357142857143,0.296296296296,0.666666666667,0.6,0.615384615385,0.540983606557,0.555555555556,0.375,0.514285714286,0.6,0.58064516129,0.561904761905
