,TEAM_NAME,FG3M,FG3A,FG3_PCT,FTM,FTA,FT_PCT,OREB,DREB,REB,AST,STL,BLK,TO,PF,PTS,FG2M,FG2A,FG2_PCT,OUTCOME,DEFICIT_FGM,DEFICIT_FGA,DEFICIT_FG3M,DEFICIT_FG3A,DEFICIT_FTM,DEFICIT_FTA,DEFICIT_OREB,DEFICIT_DREB,DEFICIT_REB,DEFICIT_AST,DEFICIT_STL,DEFICIT_BLK,DEFICIT_TO,DEFICIT_PF,DEFICIT_FG2M,DEFICIT_FG2A
0,Bulls,8,27,0.296,20,26,0.769,12,29,41,18,6,5,6,16,114,35,67,0.522388059701,0,0.5,0.531073446328,0.32,0.473684210526,0.555555555556,0.577777777778,0.666666666667,0.467741935484,0.5125,0.382978723404,0.545454545455,0.5,0.315789473684,0.444444444444,0.573770491803,0.558333333333
1,Hawks,17,30,0.567,16,19,0.842,6,33,39,29,5,5,13,20,119,26,53,0.490566037736,1,0.5,0.468926553672,0.68,0.526315789474,0.444444444444,0.422222222222,0.333333333333,0.532258064516,0.4875,0.617021276596,0.454545454545,0.5,0.684210526316,0.555555555556,0.426229508197,0.441666666667
