,TEAM_NAME,FG3M,FG3A,FG3_PCT,FTM,FTA,FT_PCT,OREB,DREB,REB,AST,STL,BLK,TO,PF,PTS,FG2M,FG2A,FG2_PCT,OUTCOME,DEFICIT_FGM,DEFICIT_FGA,DEFICIT_FG3M,DEFICIT_FG3A,DEFICIT_FTM,DEFICIT_FTA,DEFICIT_OREB,DEFICIT_DREB,DEFICIT_REB,DEFICIT_AST,DEFICIT_STL,DEFICIT_BLK,DEFICIT_TO,DEFICIT_PF,DEFICIT_FG2M,DEFICIT_FG2A
0,76ers,12,26,0.462,22,25,0.88,9,34,43,32,9,4,21,21,114,28,49,0.571428571429,1,0.487804878049,0.451807228916,0.631578947368,0.481481481481,0.55,0.520833333333,0.375,0.607142857143,0.5375,0.551724137931,0.45,0.5,0.525,0.488372093023,0.444444444444,0.4375
1,Bucks,7,28,0.25,18,23,0.783,15,22,37,26,11,4,19,22,109,35,63,0.555555555556,0,0.512195121951,0.548192771084,0.368421052632,0.518518518519,0.45,0.479166666667,0.625,0.392857142857,0.4625,0.448275862069,0.55,0.5,0.475,0.511627906977,0.555555555556,0.5625
