,TEAM_NAME,FG3M,FG3A,FG3_PCT,FTM,FTA,FT_PCT,OREB,DREB,REB,AST,STL,BLK,TO,PF,PTS,FG2M,FG2A,FG2_PCT,OUTCOME,DEFICIT_FGM,DEFICIT_FGA,DEFICIT_FG3M,DEFICIT_FG3A,DEFICIT_FTM,DEFICIT_FTA,DEFICIT_OREB,DEFICIT_DREB,DEFICIT_REB,DEFICIT_AST,DEFICIT_STL,DEFICIT_BLK,DEFICIT_TO,DEFICIT_PF,DEFICIT_FG2M,DEFICIT_FG2A
0,Warriors,11,28,0.393,24,27,0.889,5,36,41,23,7,14,12,19,113,28,54,0.518518518519,1,0.506493506494,0.471264367816,0.611111111111,0.549019607843,0.545454545455,0.5625,0.294117647059,0.537313432836,0.488095238095,0.469387755102,0.538461538462,0.7,0.461538461538,0.513513513514,0.474576271186,0.439024390244
1,Hornets,7,23,0.304,20,21,0.952,12,31,43,26,6,6,14,18,103,31,69,0.449275362319,0,0.493506493506,0.528735632184,0.388888888889,0.450980392157,0.454545454545,0.4375,0.705882352941,0.462686567164,0.511904761905,0.530612244898,0.461538461538,0.3,0.538461538462,0.486486486486,0.525423728814,0.560975609756
