,TEAM_NAME,FG3M,FG3A,FG3_PCT,FTM,FTA,FT_PCT,OREB,DREB,REB,AST,STL,BLK,TO,PF,PTS,FG2M,FG2A,FG2_PCT,OUTCOME,DEFICIT_FGM,DEFICIT_FGA,DEFICIT_FG3M,DEFICIT_FG3A,DEFICIT_FTM,DEFICIT_FTA,DEFICIT_OREB,DEFICIT_DREB,DEFICIT_REB,DEFICIT_AST,DEFICIT_STL,DEFICIT_BLK,DEFICIT_TO,DEFICIT_PF,DEFICIT_FG2M,DEFICIT_FG2A
0,Thunder,7,26,0.269,19,24,0.792,10,36,46,23,9,5,16,24,124,42,63,0.666666666667,1,0.583333333333,0.517441860465,0.388888888889,0.472727272727,0.441860465116,0.444444444444,0.588235294118,0.610169491525,0.605263157895,0.547619047619,0.6,0.714285714286,0.5,0.558139534884,0.636363636364,0.538461538462
1,Nets,11,29,0.379,24,30,0.8,7,23,30,19,6,2,16,19,105,24,54,0.444444444444,0,0.416666666667,0.482558139535,0.611111111111,0.527272727273,0.558139534884,0.555555555556,0.411764705882,0.389830508475,0.394736842105,0.452380952381,0.4,0.285714285714,0.5,0.441860465116,0.363636363636,0.461538461538
