,TEAM_NAME,FG3M,FG3A,FG3_PCT,FTM,FTA,FT_PCT,OREB,DREB,REB,AST,STL,BLK,TO,PF,PTS,FG2M,FG2A,FG2_PCT,OUTCOME,DEFICIT_FGM,DEFICIT_FGA,DEFICIT_FG3M,DEFICIT_FG3A,DEFICIT_FTM,DEFICIT_FTA,DEFICIT_OREB,DEFICIT_DREB,DEFICIT_REB,DEFICIT_AST,DEFICIT_STL,DEFICIT_BLK,DEFICIT_TO,DEFICIT_PF,DEFICIT_FG2M,DEFICIT_FG2A
0,Suns,9,26,0.346,15,18,0.833,18,28,46,21,14,7,11,28,116,37,71,0.521126760563,1,0.560975609756,0.560693641618,0.9,0.787878787879,0.394736842105,0.382978723404,0.642857142857,0.528301886792,0.567901234568,0.538461538462,0.736842105263,0.466666666667,0.379310344828,0.595744680851,0.513888888889,0.507142857143
1,Pacers,1,7,0.143,23,29,0.793,10,25,35,18,5,8,18,19,96,35,69,0.507246376812,0,0.439024390244,0.439306358382,0.1,0.212121212121,0.605263157895,0.617021276596,0.357142857143,0.471698113208,0.432098765432,0.461538461538,0.263157894737,0.533333333333,0.620689655172,0.404255319149,0.486111111111,0.492857142857
