,TEAM_NAME,FG3M,FG3A,FG3_PCT,FTM,FTA,FT_PCT,OREB,DREB,REB,AST,STL,BLK,TO,PF,PTS,FG2M,FG2A,FG2_PCT,OUTCOME,DEFICIT_FGM,DEFICIT_FGA,DEFICIT_FG3M,DEFICIT_FG3A,DEFICIT_FTM,DEFICIT_FTA,DEFICIT_OREB,DEFICIT_DREB,DEFICIT_REB,DEFICIT_AST,DEFICIT_STL,DEFICIT_BLK,DEFICIT_TO,DEFICIT_PF,DEFICIT_FG2M,DEFICIT_FG2A
0,Hornets,10,29,0.345,16,24,0.667,8,36,44,25,11,4,11,16,100,27,61,0.44262295082,1,0.486842105263,0.51724137931,0.588235294118,0.508771929825,0.592592592593,0.585365853659,0.5,0.467532467532,0.47311827957,0.5,0.55,0.4,0.407407407407,0.470588235294,0.457627118644,0.521367521368
1,Hawks,7,28,0.25,11,17,0.647,8,41,49,25,9,6,16,18,96,32,56,0.571428571429,0,0.513157894737,0.48275862069,0.411764705882,0.491228070175,0.407407407407,0.414634146341,0.5,0.532467532468,0.52688172043,0.5,0.45,0.6,0.592592592593,0.529411764706,0.542372881356,0.478632478632
