,TEAM_NAME,FG3M,FG3A,FG3_PCT,FTM,FTA,FT_PCT,OREB,DREB,REB,AST,STL,BLK,TO,PF,PTS,FG2M,FG2A,FG2_PCT,OUTCOME,DEFICIT_FGM,DEFICIT_FGA,DEFICIT_FG3M,DEFICIT_FG3A,DEFICIT_FTM,DEFICIT_FTA,DEFICIT_OREB,DEFICIT_DREB,DEFICIT_REB,DEFICIT_AST,DEFICIT_STL,DEFICIT_BLK,DEFICIT_TO,DEFICIT_PF,DEFICIT_FG2M,DEFICIT_FG2A
0,Raptors,8,23,0.348,19,31,0.613,6,38,44,23,8,2,11,25,113,35,71,0.492957746479,1,0.524390243902,0.531073446328,0.666666666667,0.479166666667,0.395833333333,0.442857142857,0.4,0.431818181818,0.427184466019,0.442307692308,0.533333333333,0.333333333333,0.366666666667,0.490196078431,0.5,0.550387596899
1,Nuggets,4,25,0.16,29,39,0.744,9,50,59,29,7,4,19,26,111,35,58,0.603448275862,0,0.475609756098,0.468926553672,0.333333333333,0.520833333333,0.604166666667,0.557142857143,0.6,0.568181818182,0.572815533981,0.557692307692,0.466666666667,0.666666666667,0.633333333333,0.509803921569,0.5,0.449612403101
