,TEAM_NAME,FG3M,FG3A,FG3_PCT,FTM,FTA,FT_PCT,OREB,DREB,REB,AST,STL,BLK,TO,PF,PTS,FG2M,FG2A,FG2_PCT,OUTCOME,DEFICIT_FGM,DEFICIT_FGA,DEFICIT_FG3M,DEFICIT_FG3A,DEFICIT_FTM,DEFICIT_FTA,DEFICIT_OREB,DEFICIT_DREB,DEFICIT_REB,DEFICIT_AST,DEFICIT_STL,DEFICIT_BLK,DEFICIT_TO,DEFICIT_PF,DEFICIT_FG2M,DEFICIT_FG2A
0,Trail Blazers,8,26,0.308,14,19,0.737,16,40,56,18,5,7,13,23,86,24,69,0.347826086957,0,0.450704225352,0.51912568306,0.727272727273,0.742857142857,0.424242424242,0.422222222222,0.666666666667,0.5,0.538461538462,0.461538461538,0.384615384615,0.4375,0.619047619048,0.560975609756,0.4,0.466216216216
1,Grizzlies,3,9,0.333,19,26,0.731,8,40,48,21,8,9,8,18,100,36,79,0.455696202532,1,0.549295774648,0.48087431694,0.272727272727,0.257142857143,0.575757575758,0.577777777778,0.333333333333,0.5,0.461538461538,0.538461538462,0.615384615385,0.5625,0.380952380952,0.439024390244,0.6,0.533783783784
