,TEAM_NAME,FG3M,FG3A,FG3_PCT,FTM,FTA,FT_PCT,OREB,DREB,REB,AST,STL,BLK,TO,PF,PTS,FG2M,FG2A,FG2_PCT,OUTCOME,DEFICIT_FGM,DEFICIT_FGA,DEFICIT_FG3M,DEFICIT_FG3A,DEFICIT_FTM,DEFICIT_FTA,DEFICIT_OREB,DEFICIT_DREB,DEFICIT_REB,DEFICIT_AST,DEFICIT_STL,DEFICIT_BLK,DEFICIT_TO,DEFICIT_PF,DEFICIT_FG2M,DEFICIT_FG2A
0,Jazz,6,17,0.353,12,19,0.632,14,31,45,26,12,5,19,16,88,29,65,0.4461538461538462,0,0.4605263157894737,0.5,0.5,0.425,0.48,0.5,0.7,0.47692307692307695,0.5294117647058824,0.48148148148148145,0.5454545454545454,0.5,0.59375,0.47058823529411764,0.453125,0.5241935483870968
1,Warriors,6,23,0.261,13,19,0.684,6,34,40,28,10,5,13,18,101,35,59,0.5932203389830508,1,0.5394736842105263,0.5,0.5,0.575,0.52,0.5,0.3,0.5230769230769231,0.47058823529411764,0.5185185185185185,0.45454545454545453,0.5,0.40625,0.5294117647058824,0.546875,0.47580645161290325
