,TEAM_NAME,FG3M,FG3A,FG3_PCT,FTM,FTA,FT_PCT,OREB,DREB,REB,AST,STL,BLK,TO,PF,PTS,FG2M,FG2A,FG2_PCT,OUTCOME,DEFICIT_FGM,DEFICIT_FGA,DEFICIT_FG3M,DEFICIT_FG3A,DEFICIT_FTM,DEFICIT_FTA,DEFICIT_OREB,DEFICIT_DREB,DEFICIT_REB,DEFICIT_AST,DEFICIT_STL,DEFICIT_BLK,DEFICIT_TO,DEFICIT_PF,DEFICIT_FG2M,DEFICIT_FG2A
0,Magic,4,16,0.25,23,32,0.719,6,37,43,12,2,5,8,15,105,35,66,0.5303030303030303,1,0.48148148148148145,0.47398843930635837,0.36363636363636365,0.4444444444444444,0.71875,0.6808510638297872,0.375,0.5138888888888888,0.48863636363636365,0.35294117647058826,0.3333333333333333,0.4166666666666667,0.5333333333333333,0.36585365853658536,0.5,0.48175182481751827
1,Hornets,7,20,0.35,9,15,0.6,10,35,45,22,4,7,7,26,100,35,71,0.49295774647887325,0,0.5185185185185185,0.5260115606936416,0.6363636363636364,0.5555555555555556,0.28125,0.3191489361702128,0.625,0.4861111111111111,0.5113636363636364,0.6470588235294118,0.6666666666666666,0.5833333333333334,0.4666666666666667,0.6341463414634146,0.5,0.5182481751824818
