,TEAM_NAME,FG3M,FG3A,FG3_PCT,FTM,FTA,FT_PCT,OREB,DREB,REB,AST,STL,BLK,TO,PF,PTS,FG2M,FG2A,FG2_PCT,OUTCOME,DEFICIT_FGM,DEFICIT_FGA,DEFICIT_FG3M,DEFICIT_FG3A,DEFICIT_FTM,DEFICIT_FTA,DEFICIT_OREB,DEFICIT_DREB,DEFICIT_REB,DEFICIT_AST,DEFICIT_STL,DEFICIT_BLK,DEFICIT_TO,DEFICIT_PF,DEFICIT_FG2M,DEFICIT_FG2A
0,Pelicans,5,16,0.313,30,34,0.882,8,32,40,19,7,3,12,22,97,26,62,0.41935483870967744,0,0.4189189189189189,0.4875,0.3125,0.4,0.6,0.576271186440678,0.5,0.49230769230769234,0.49382716049382713,0.4418604651162791,0.4666666666666667,0.23076923076923078,0.5454545454545454,0.4782608695652174,0.4482758620689655,0.5166666666666667
1,Nuggets,11,24,0.458,20,25,0.8,8,33,41,24,8,10,10,24,117,32,58,0.5517241379310345,1,0.581081081081081,0.5125,0.6875,0.6,0.4,0.423728813559322,0.5,0.5076923076923077,0.5061728395061729,0.5581395348837209,0.5333333333333333,0.7692307692307693,0.45454545454545453,0.5217391304347826,0.5517241379310345,0.48333333333333334
