,TEAM_NAME,FG3M,FG3A,FG3_PCT,FTM,FTA,FT_PCT,OREB,DREB,REB,AST,STL,BLK,TO,PF,PTS,FG2M,FG2A,FG2_PCT,OUTCOME,DEFICIT_FGM,DEFICIT_FGA,DEFICIT_FG3M,DEFICIT_FG3A,DEFICIT_FTM,DEFICIT_FTA,DEFICIT_OREB,DEFICIT_DREB,DEFICIT_REB,DEFICIT_AST,DEFICIT_STL,DEFICIT_BLK,DEFICIT_TO,DEFICIT_PF,DEFICIT_FG2M,DEFICIT_FG2A
0,Suns,13,31,0.419,21,23,0.913,11,35,46,24,11,0,13,25,122,31,55,0.563636363636,1,0.55,0.524390243902,0.764705882353,0.574074074074,0.512195121951,0.410714285714,0.52380952381,0.546875,0.541176470588,0.571428571429,0.52380952381,0.0,0.433333333333,0.520833333333,0.492063492063,0.5
1,76ers,4,23,0.174,20,33,0.606,10,29,39,18,10,1,17,23,96,32,55,0.581818181818,0,0.45,0.475609756098,0.235294117647,0.425925925926,0.487804878049,0.589285714286,0.47619047619,0.453125,0.458823529412,0.428571428571,0.47619047619,1.0,0.566666666667,0.479166666667,0.507936507937,0.5
