,TEAM_NAME,FG3M,FG3A,FG3_PCT,FTM,FTA,FT_PCT,OREB,DREB,REB,AST,STL,BLK,TO,PF,PTS,FG2M,FG2A,FG2_PCT,OUTCOME,DEFICIT_FGM,DEFICIT_FGA,DEFICIT_FG3M,DEFICIT_FG3A,DEFICIT_FTM,DEFICIT_FTA,DEFICIT_OREB,DEFICIT_DREB,DEFICIT_REB,DEFICIT_AST,DEFICIT_STL,DEFICIT_BLK,DEFICIT_TO,DEFICIT_PF,DEFICIT_FG2M,DEFICIT_FG2A
0,Suns,13,31,0.419,21,23,0.913,11,35,46,24,11,0,13,25,122,31,55,0.5636363636363636,1,0.55,0.524390243902439,0.7647058823529411,0.5740740740740741,0.5121951219512195,0.4107142857142857,0.5238095238095238,0.546875,0.5411764705882353,0.5714285714285714,0.5238095238095238,0.0,0.43333333333333335,0.5208333333333334,0.49206349206349204,0.5
1,76ers,4,23,0.174,20,33,0.606,10,29,39,18,10,1,17,23,96,32,55,0.5818181818181818,0,0.45,0.47560975609756095,0.23529411764705882,0.42592592592592593,0.4878048780487805,0.5892857142857143,0.47619047619047616,0.453125,0.4588235294117647,0.42857142857142855,0.47619047619047616,1.0,0.5666666666666667,0.4791666666666667,0.5079365079365079,0.5
