,TEAM_NAME,FG3M,FG3A,FG3_PCT,FTM,FTA,FT_PCT,OREB,DREB,REB,AST,STL,BLK,TO,PF,PTS,FG2M,FG2A,FG2_PCT,OUTCOME,DEFICIT_FGM,DEFICIT_FGA,DEFICIT_FG3M,DEFICIT_FG3A,DEFICIT_FTM,DEFICIT_FTA,DEFICIT_OREB,DEFICIT_DREB,DEFICIT_REB,DEFICIT_AST,DEFICIT_STL,DEFICIT_BLK,DEFICIT_TO,DEFICIT_PF,DEFICIT_FG2M,DEFICIT_FG2A
0,Pistons,4,21,0.19,23,24,0.958,13,32,45,12,6,3,12,20,89,27,62,0.43548387096774194,0,0.4492753623188406,0.50920245398773,0.4444444444444444,0.4666666666666667,0.5609756097560976,0.48,0.6190476190476191,0.45714285714285713,0.4945054945054945,0.375,0.46153846153846156,0.375,0.5714285714285714,0.5263157894736842,0.45,0.5254237288135594
1,Hawks,5,24,0.208,18,26,0.692,8,38,46,20,7,5,9,18,99,33,56,0.5892857142857143,1,0.5507246376811594,0.49079754601226994,0.5555555555555556,0.5333333333333333,0.43902439024390244,0.52,0.38095238095238093,0.5428571428571428,0.5054945054945055,0.625,0.5384615384615384,0.625,0.42857142857142855,0.47368421052631576,0.55,0.4745762711864407
