,TEAM_NAME,FG3M,FG3A,FG3_PCT,FTM,FTA,FT_PCT,OREB,DREB,REB,AST,STL,BLK,TO,PF,PTS,FG2M,FG2A,FG2_PCT,OUTCOME,DEFICIT_FGM,DEFICIT_FGA,DEFICIT_FG3M,DEFICIT_FG3A,DEFICIT_FTM,DEFICIT_FTA,DEFICIT_OREB,DEFICIT_DREB,DEFICIT_REB,DEFICIT_AST,DEFICIT_STL,DEFICIT_BLK,DEFICIT_TO,DEFICIT_PF,DEFICIT_FG2M,DEFICIT_FG2A
0,Trail Blazers,9,16,0.563,18,22,0.818,6,40,46,26,8,5,17,19,105,30,63,0.47619047619047616,1,0.5652173913043478,0.4876543209876543,0.5294117647058824,0.42105263157894735,0.4864864864864865,0.44,0.35294117647058826,0.5194805194805194,0.48936170212765956,0.65,0.47058823529411764,0.7142857142857143,0.5483870967741935,0.5135135135135135,0.5769230769230769,0.5080645161290323
1,Bulls,8,22,0.364,19,28,0.679,11,37,48,14,9,2,14,18,87,22,61,0.36065573770491804,0,0.43478260869565216,0.5123456790123457,0.47058823529411764,0.5789473684210527,0.5135135135135135,0.56,0.6470588235294118,0.4805194805194805,0.5106382978723404,0.35,0.5294117647058824,0.2857142857142857,0.45161290322580644,0.4864864864864865,0.4230769230769231,0.49193548387096775
