,TEAM_NAME,FG3M,FG3A,FG3_PCT,FTM,FTA,FT_PCT,OREB,DREB,REB,AST,STL,BLK,TO,PF,PTS,FG2M,FG2A,FG2_PCT,OUTCOME,DEFICIT_FGM,DEFICIT_FGA,DEFICIT_FG3M,DEFICIT_FG3A,DEFICIT_FTM,DEFICIT_FTA,DEFICIT_OREB,DEFICIT_DREB,DEFICIT_REB,DEFICIT_AST,DEFICIT_STL,DEFICIT_BLK,DEFICIT_TO,DEFICIT_PF,DEFICIT_FG2M,DEFICIT_FG2A
0,Raptors,4,16,0.25,19,25,0.76,11,32,43,16,7,9,7,28,105,37,72,0.513888888889,1,0.554054054054,0.520710059172,0.307692307692,0.421052631579,0.413043478261,0.416666666667,0.5,0.477611940299,0.483146067416,0.533333333333,0.777777777778,0.5,0.466666666667,0.608695652174,0.606557377049,0.549618320611
1,Nuggets,9,22,0.409,27,35,0.771,11,35,46,14,2,9,8,18,102,24,59,0.406779661017,0,0.445945945946,0.479289940828,0.692307692308,0.578947368421,0.586956521739,0.583333333333,0.5,0.522388059701,0.516853932584,0.466666666667,0.222222222222,0.5,0.533333333333,0.391304347826,0.393442622951,0.450381679389
