,TEAM_NAME,FG3M,FG3A,FG3_PCT,FTM,FTA,FT_PCT,OREB,DREB,REB,AST,STL,BLK,TO,PF,PTS,FG2M,FG2A,FG2_PCT,OUTCOME,DEFICIT_FGM,DEFICIT_FGA,DEFICIT_FG3M,DEFICIT_FG3A,DEFICIT_FTM,DEFICIT_FTA,DEFICIT_OREB,DEFICIT_DREB,DEFICIT_REB,DEFICIT_AST,DEFICIT_STL,DEFICIT_BLK,DEFICIT_TO,DEFICIT_PF,DEFICIT_FG2M,DEFICIT_FG2A
0,Wizards,8,33,0.242,21,26,0.808,14,35,49,19,5,6,15,22,105,30,55,0.545454545455,0,0.481012658228,0.502857142857,0.533333333333,0.611111111111,0.538461538462,0.553191489362,0.608695652174,0.522388059701,0.544444444444,0.513513513514,0.454545454545,0.545454545455,0.5,0.52380952381,0.46875,0.454545454545
1,Pacers,7,21,0.333,18,21,0.857,9,32,41,18,6,5,15,20,107,34,66,0.515151515152,1,0.518987341772,0.497142857143,0.466666666667,0.388888888889,0.461538461538,0.446808510638,0.391304347826,0.477611940299,0.455555555556,0.486486486486,0.545454545455,0.454545454545,0.5,0.47619047619,0.53125,0.545454545455
