,TEAM_NAME,FG3M,FG3A,FG3_PCT,FTM,FTA,FT_PCT,OREB,DREB,REB,AST,STL,BLK,TO,PF,PTS,FG2M,FG2A,FG2_PCT,OUTCOME,DEFICIT_FGM,DEFICIT_FGA,DEFICIT_FG3M,DEFICIT_FG3A,DEFICIT_FTM,DEFICIT_FTA,DEFICIT_OREB,DEFICIT_DREB,DEFICIT_REB,DEFICIT_AST,DEFICIT_STL,DEFICIT_BLK,DEFICIT_TO,DEFICIT_PF,DEFICIT_FG2M,DEFICIT_FG2A
0,Suns,9,21,0.429,25,35,0.714,8,26,34,16,11,5,17,23,108,28,61,0.459016393443,0,0.46835443038,0.488095238095,0.5625,0.525,0.510204081633,0.583333333333,0.421052631579,0.464285714286,0.453333333333,0.380952380952,0.578947368421,0.416666666667,0.472222222222,0.479166666667,0.444444444444,0.4765625
1,Timberwolves,7,19,0.368,24,25,0.96,11,30,41,26,8,7,19,25,115,35,67,0.522388059701,1,0.53164556962,0.511904761905,0.4375,0.475,0.489795918367,0.416666666667,0.578947368421,0.535714285714,0.546666666667,0.619047619048,0.421052631579,0.583333333333,0.527777777778,0.520833333333,0.555555555556,0.5234375
