,TEAM_NAME,FG3M,FG3A,FG3_PCT,FTM,FTA,FT_PCT,OREB,DREB,REB,AST,STL,BLK,TO,PF,PTS,FG2M,FG2A,FG2_PCT,OUTCOME,DEFICIT_FGM,DEFICIT_FGA,DEFICIT_FG3M,DEFICIT_FG3A,DEFICIT_FTM,DEFICIT_FTA,DEFICIT_OREB,DEFICIT_DREB,DEFICIT_REB,DEFICIT_AST,DEFICIT_STL,DEFICIT_BLK,DEFICIT_TO,DEFICIT_PF,DEFICIT_FG2M,DEFICIT_FG2A
0,Jazz,8,23,0.348,28,39,0.718,15,38,53,17,8,5,14,26,112,30,60,0.5,1,0.493506493506,0.488235294118,0.5,0.5,0.571428571429,0.582089552239,0.625,0.527777777778,0.552083333333,0.447368421053,0.666666666667,0.714285714286,0.538461538462,0.5,0.491803278689,0.483870967742
1,Mavericks,8,23,0.348,21,28,0.75,9,34,43,21,4,2,12,26,107,31,64,0.484375,0,0.506493506494,0.511764705882,0.5,0.5,0.428571428571,0.417910447761,0.375,0.472222222222,0.447916666667,0.552631578947,0.333333333333,0.285714285714,0.461538461538,0.5,0.508196721311,0.516129032258
