,TEAM_NAME,FG3M,FG3A,FG3_PCT,FTM,FTA,FT_PCT,OREB,DREB,REB,AST,STL,BLK,TO,PF,PTS,FG2M,FG2A,FG2_PCT,OUTCOME,DEFICIT_FGM,DEFICIT_FGA,DEFICIT_FG3M,DEFICIT_FG3A,DEFICIT_FTM,DEFICIT_FTA,DEFICIT_OREB,DEFICIT_DREB,DEFICIT_REB,DEFICIT_AST,DEFICIT_STL,DEFICIT_BLK,DEFICIT_TO,DEFICIT_PF,DEFICIT_FG2M,DEFICIT_FG2A
0,Spurs,9,24,0.375,17,20,0.85,9,36,45,21,9,2,11,19,108,32,60,0.5333333333333333,1,0.5616438356164384,0.509090909090909,0.75,0.6153846153846154,0.3953488372093023,0.43478260869565216,0.5625,0.5070422535211268,0.5172413793103449,0.5526315789473685,0.5625,0.3333333333333333,0.4583333333333333,0.5135135135135135,0.5245901639344263,0.47619047619047616
1,Timberwolves,3,15,0.2,26,26,1.0,7,35,42,17,7,4,13,18,93,29,66,0.4393939393939394,0,0.4383561643835616,0.4909090909090909,0.25,0.38461538461538464,0.6046511627906976,0.5652173913043478,0.4375,0.49295774647887325,0.4827586206896552,0.4473684210526316,0.4375,0.6666666666666666,0.5416666666666666,0.4864864864864865,0.47540983606557374,0.5238095238095238
