,TEAM_NAME,FG3M,FG3A,FG3_PCT,FTM,FTA,FT_PCT,OREB,DREB,REB,AST,STL,BLK,TO,PF,PTS,FG2M,FG2A,FG2_PCT,OUTCOME,DEFICIT_FGM,DEFICIT_FGA,DEFICIT_FG3M,DEFICIT_FG3A,DEFICIT_FTM,DEFICIT_FTA,DEFICIT_OREB,DEFICIT_DREB,DEFICIT_REB,DEFICIT_AST,DEFICIT_STL,DEFICIT_BLK,DEFICIT_TO,DEFICIT_PF,DEFICIT_FG2M,DEFICIT_FG2A
0,Raptors,13,30,0.433,14,19,0.737,15,33,48,23,8,10,13,20,109,28,61,0.459016393443,1,0.5125,0.522988505747,0.684210526316,0.625,0.538461538462,0.487179487179,0.625,0.492537313433,0.527472527473,0.5,0.533333333333,0.769230769231,0.41935483871,0.487804878049,0.459016393443,0.484126984127
1,Celtics,6,18,0.333,12,20,0.6,9,34,43,23,7,3,18,21,96,33,65,0.507692307692,0,0.4875,0.477011494253,0.315789473684,0.375,0.461538461538,0.512820512821,0.375,0.507462686567,0.472527472527,0.5,0.466666666667,0.230769230769,0.58064516129,0.512195121951,0.540983606557,0.515873015873
