,TEAM_NAME,FG3M,FG3A,FG3_PCT,FTM,FTA,FT_PCT,OREB,DREB,REB,AST,STL,BLK,TO,PF,PTS,FG2M,FG2A,FG2_PCT,OUTCOME,DEFICIT_FGM,DEFICIT_FGA,DEFICIT_FG3M,DEFICIT_FG3A,DEFICIT_FTM,DEFICIT_FTA,DEFICIT_OREB,DEFICIT_DREB,DEFICIT_REB,DEFICIT_AST,DEFICIT_STL,DEFICIT_BLK,DEFICIT_TO,DEFICIT_PF,DEFICIT_FG2M,DEFICIT_FG2A
0,Raptors,13,30,0.433,14,19,0.737,15,33,48,23,8,10,13,20,109,28,61,0.45901639344262296,1,0.5125,0.5229885057471264,0.6842105263157895,0.625,0.5384615384615384,0.48717948717948717,0.625,0.4925373134328358,0.5274725274725275,0.5,0.5333333333333333,0.7692307692307693,0.41935483870967744,0.4878048780487805,0.45901639344262296,0.48412698412698413
1,Celtics,6,18,0.333,12,20,0.6,9,34,43,23,7,3,18,21,96,33,65,0.5076923076923077,0,0.4875,0.47701149425287354,0.3157894736842105,0.375,0.46153846153846156,0.5128205128205128,0.375,0.5074626865671642,0.4725274725274725,0.5,0.4666666666666667,0.23076923076923078,0.5806451612903226,0.5121951219512195,0.5409836065573771,0.5158730158730159
