,TEAM_NAME,FG3M,FG3A,FG3_PCT,FTM,FTA,FT_PCT,OREB,DREB,REB,AST,STL,BLK,TO,PF,PTS,FG2M,FG2A,FG2_PCT,OUTCOME,DEFICIT_FGM,DEFICIT_FGA,DEFICIT_FG3M,DEFICIT_FG3A,DEFICIT_FTM,DEFICIT_FTA,DEFICIT_OREB,DEFICIT_DREB,DEFICIT_REB,DEFICIT_AST,DEFICIT_STL,DEFICIT_BLK,DEFICIT_TO,DEFICIT_PF,DEFICIT_FG2M,DEFICIT_FG2A
0,Trail Blazers,10,26,0.385,21,26,0.808,6,37,43,22,6,8,20,17,103,26,50,0.52,1,0.4931506849315068,0.4523809523809524,0.7692307692307693,0.5531914893617021,0.5833333333333334,0.5652173913043478,0.2608695652173913,0.5362318840579711,0.4673913043478261,0.5,0.375,1.0,0.5555555555555556,0.4358974358974359,0.43333333333333335,0.4132231404958678
1,Magic,3,21,0.143,15,20,0.75,17,32,49,22,10,0,16,22,92,34,71,0.4788732394366197,0,0.5068493150684932,0.5476190476190477,0.23076923076923078,0.44680851063829785,0.4166666666666667,0.43478260869565216,0.7391304347826086,0.463768115942029,0.532608695652174,0.5,0.625,0.0,0.4444444444444444,0.5641025641025641,0.5666666666666667,0.5867768595041323
