,TEAM_NAME,FG3M,FG3A,FG3_PCT,FTM,FTA,FT_PCT,OREB,DREB,REB,AST,STL,BLK,TO,PF,PTS,FG2M,FG2A,FG2_PCT,OUTCOME,DEFICIT_FGM,DEFICIT_FGA,DEFICIT_FG3M,DEFICIT_FG3A,DEFICIT_FTM,DEFICIT_FTA,DEFICIT_OREB,DEFICIT_DREB,DEFICIT_REB,DEFICIT_AST,DEFICIT_STL,DEFICIT_BLK,DEFICIT_TO,DEFICIT_PF,DEFICIT_FG2M,DEFICIT_FG2A
0,Knicks,8,29,0.276,8,9,0.889,4,25,29,17,9,4,12,24,82,25,56,0.446428571429,0,0.458333333333,0.521472392638,0.533333333333,0.644444444444,0.242424242424,0.214285714286,0.266666666667,0.384615384615,0.3625,0.485714285714,0.529411764706,0.444444444444,0.444444444444,0.631578947368,0.438596491228,0.474576271186
1,Hornets,7,16,0.438,25,33,0.758,11,40,51,18,8,5,15,14,110,32,62,0.516129032258,1,0.541666666667,0.478527607362,0.466666666667,0.355555555556,0.757575757576,0.785714285714,0.733333333333,0.615384615385,0.6375,0.514285714286,0.470588235294,0.555555555556,0.555555555556,0.368421052632,0.561403508772,0.525423728814
