,TEAM_NAME,FG3M,FG3A,FG3_PCT,FTM,FTA,FT_PCT,OREB,DREB,REB,AST,STL,BLK,TO,PF,PTS,FG2M,FG2A,FG2_PCT,OUTCOME,DEFICIT_FGM,DEFICIT_FGA,DEFICIT_FG3M,DEFICIT_FG3A,DEFICIT_FTM,DEFICIT_FTA,DEFICIT_OREB,DEFICIT_DREB,DEFICIT_REB,DEFICIT_AST,DEFICIT_STL,DEFICIT_BLK,DEFICIT_TO,DEFICIT_PF,DEFICIT_FG2M,DEFICIT_FG2A
0,Trail Blazers,10,26,0.385,21,26,0.808,6,37,43,22,6,8,20,17,103,26,50,0.52,1,0.493150684932,0.452380952381,0.769230769231,0.553191489362,0.583333333333,0.565217391304,0.260869565217,0.536231884058,0.467391304348,0.5,0.375,1.0,0.555555555556,0.435897435897,0.433333333333,0.413223140496
1,Magic,3,21,0.143,15,20,0.75,17,32,49,22,10,0,16,22,92,34,71,0.478873239437,0,0.506849315068,0.547619047619,0.230769230769,0.446808510638,0.416666666667,0.434782608696,0.739130434783,0.463768115942,0.532608695652,0.5,0.625,0.0,0.444444444444,0.564102564103,0.566666666667,0.586776859504
