,TEAM_NAME,FG3M,FG3A,FG3_PCT,FTM,FTA,FT_PCT,OREB,DREB,REB,AST,STL,BLK,TO,PF,PTS,FG2M,FG2A,FG2_PCT,OUTCOME,DEFICIT_FGM,DEFICIT_FGA,DEFICIT_FG3M,DEFICIT_FG3A,DEFICIT_FTM,DEFICIT_FTA,DEFICIT_OREB,DEFICIT_DREB,DEFICIT_REB,DEFICIT_AST,DEFICIT_STL,DEFICIT_BLK,DEFICIT_TO,DEFICIT_PF,DEFICIT_FG2M,DEFICIT_FG2A
0,Kings,3,21,0.143,17,22,0.773,7,42,49,13,5,8,17,18,78,26,58,0.4482758620689655,0,0.4142857142857143,0.4514285714285714,0.2,0.38181818181818183,0.7083333333333334,0.6875,0.4666666666666667,0.5121951219512195,0.5051546391752577,0.34210526315789475,0.35714285714285715,0.5333333333333333,0.6538461538461539,0.4864864864864865,0.4727272727272727,0.48333333333333334
1,Mavericks,12,34,0.353,7,10,0.7,8,40,48,25,9,7,9,19,101,29,62,0.46774193548387094,1,0.5857142857142857,0.5485714285714286,0.8,0.6181818181818182,0.2916666666666667,0.3125,0.5333333333333333,0.4878048780487805,0.4948453608247423,0.6578947368421053,0.6428571428571429,0.4666666666666667,0.34615384615384615,0.5135135135135135,0.5272727272727272,0.5166666666666667
