,TEAM_NAME,FG3M,FG3A,FG3_PCT,FTM,FTA,FT_PCT,OREB,DREB,REB,AST,STL,BLK,TO,PF,PTS,FG2M,FG2A,FG2_PCT,OUTCOME,DEFICIT_FGM,DEFICIT_FGA,DEFICIT_FG3M,DEFICIT_FG3A,DEFICIT_FTM,DEFICIT_FTA,DEFICIT_OREB,DEFICIT_DREB,DEFICIT_REB,DEFICIT_AST,DEFICIT_STL,DEFICIT_BLK,DEFICIT_TO,DEFICIT_PF,DEFICIT_FG2M,DEFICIT_FG2A
0,Warriors,14,36,0.389,23,32,0.719,17,38,55,28,12,4,14,37,123,29,59,0.491525423729,1,0.558441558442,0.542857142857,0.823529411765,0.692307692308,0.370967741935,0.372093023256,0.62962962963,0.527777777778,0.555555555556,0.666666666667,0.666666666667,0.666666666667,0.466666666667,0.616666666667,0.483333333333,0.479674796748
1,Mavericks,3,16,0.188,39,54,0.722,10,34,44,14,6,2,16,23,110,31,64,0.484375,0,0.441558441558,0.457142857143,0.176470588235,0.307692307692,0.629032258065,0.627906976744,0.37037037037,0.472222222222,0.444444444444,0.333333333333,0.333333333333,0.333333333333,0.533333333333,0.383333333333,0.516666666667,0.520325203252
