,TEAM_NAME,FG3M,FG3A,FG3_PCT,FTM,FTA,FT_PCT,OREB,DREB,REB,AST,STL,BLK,TO,PF,PTS,FG2M,FG2A,FG2_PCT,OUTCOME,DEFICIT_FGM,DEFICIT_FGA,DEFICIT_FG3M,DEFICIT_FG3A,DEFICIT_FTM,DEFICIT_FTA,DEFICIT_OREB,DEFICIT_DREB,DEFICIT_REB,DEFICIT_AST,DEFICIT_STL,DEFICIT_BLK,DEFICIT_TO,DEFICIT_PF,DEFICIT_FG2M,DEFICIT_FG2A
0,Wizards,8,22,0.364,8,10,0.8,6,34,40,24,9,0,15,18,92,30,57,0.526315789474,1,0.527777777778,0.49375,0.888888888889,0.594594594595,0.363636363636,0.357142857143,0.4,0.515151515152,0.493827160494,0.510638297872,0.818181818182,0.0,0.5,0.545454545455,0.47619047619,0.463414634146
1,Grizzlies,1,15,0.067,14,18,0.778,9,32,41,23,2,3,15,15,83,33,66,0.5,0,0.472222222222,0.50625,0.111111111111,0.405405405405,0.636363636364,0.642857142857,0.6,0.484848484848,0.506172839506,0.489361702128,0.181818181818,1.0,0.5,0.454545454545,0.52380952381,0.536585365854
