,TEAM_NAME,FG3M,FG3A,FG3_PCT,FTM,FTA,FT_PCT,OREB,DREB,REB,AST,STL,BLK,TO,PF,PTS,FG2M,FG2A,FG2_PCT,OUTCOME,DEFICIT_FGM,DEFICIT_FGA,DEFICIT_FG3M,DEFICIT_FG3A,DEFICIT_FTM,DEFICIT_FTA,DEFICIT_OREB,DEFICIT_DREB,DEFICIT_REB,DEFICIT_AST,DEFICIT_STL,DEFICIT_BLK,DEFICIT_TO,DEFICIT_PF,DEFICIT_FG2M,DEFICIT_FG2A
0,Pelicans,10,23,0.435,20,23,0.87,12,28,40,21,9,6,15,24,114,32,60,0.533333333333,1,0.538461538462,0.522012578616,0.769230769231,0.621621621622,0.454545454545,0.425925925926,0.5,0.509090909091,0.506329113924,0.538461538462,0.473684210526,0.461538461538,0.483870967742,0.533333333333,0.492307692308,0.491803278689
1,Timberwolves,3,14,0.214,24,31,0.774,12,27,39,18,10,7,16,21,99,33,62,0.532258064516,0,0.461538461538,0.477987421384,0.230769230769,0.378378378378,0.545454545455,0.574074074074,0.5,0.490909090909,0.493670886076,0.461538461538,0.526315789474,0.538461538462,0.516129032258,0.466666666667,0.507692307692,0.508196721311
