,TEAM_NAME,FG3M,FG3A,FG3_PCT,FTM,FTA,FT_PCT,OREB,DREB,REB,AST,STL,BLK,TO,PF,PTS,FG2M,FG2A,FG2_PCT,OUTCOME,DEFICIT_FGM,DEFICIT_FGA,DEFICIT_FG3M,DEFICIT_FG3A,DEFICIT_FTM,DEFICIT_FTA,DEFICIT_OREB,DEFICIT_DREB,DEFICIT_REB,DEFICIT_AST,DEFICIT_STL,DEFICIT_BLK,DEFICIT_TO,DEFICIT_PF,DEFICIT_FG2M,DEFICIT_FG2A
0,Bucks,5,12,0.417,14,16,0.875,7,32,39,19,6,4,17,19,91,31,62,0.5,1,0.571428571429,0.5,0.5,0.352941176471,0.411764705882,0.380952380952,0.368421052632,0.551724137931,0.506493506494,0.59375,0.5,0.666666666667,0.548387096774,0.575757575758,0.584905660377,0.543859649123
1,Heat,5,22,0.227,20,26,0.769,12,26,38,13,6,2,14,14,79,22,52,0.423076923077,0,0.428571428571,0.5,0.5,0.647058823529,0.588235294118,0.619047619048,0.631578947368,0.448275862069,0.493506493506,0.40625,0.5,0.333333333333,0.451612903226,0.424242424242,0.415094339623,0.456140350877
