,TEAM_NAME,FG3M,FG3A,FG3_PCT,FTM,FTA,FT_PCT,OREB,DREB,REB,AST,STL,BLK,TO,PF,PTS,FG2M,FG2A,FG2_PCT,OUTCOME,DEFICIT_FGM,DEFICIT_FGA,DEFICIT_FG3M,DEFICIT_FG3A,DEFICIT_FTM,DEFICIT_FTA,DEFICIT_OREB,DEFICIT_DREB,DEFICIT_REB,DEFICIT_AST,DEFICIT_STL,DEFICIT_BLK,DEFICIT_TO,DEFICIT_PF,DEFICIT_FG2M,DEFICIT_FG2A
0,Suns,9,30,0.3,28,33,0.848,16,45,61,13,9,7,17,28,113,29,63,0.460317460317,1,0.5,0.489473684211,0.5625,0.6,0.5,0.464788732394,0.592592592593,0.584415584416,0.586538461538,0.361111111111,0.473684210526,0.636363636364,0.566666666667,0.509090909091,0.483333333333,0.45
1,Knicks,7,20,0.35,28,38,0.737,11,32,43,23,10,4,13,27,111,31,77,0.402597402597,0,0.5,0.510526315789,0.4375,0.4,0.5,0.535211267606,0.407407407407,0.415584415584,0.413461538462,0.638888888889,0.526315789474,0.363636363636,0.433333333333,0.490909090909,0.516666666667,0.55
