,TEAM_NAME,FG3M,FG3A,FG3_PCT,FTM,FTA,FT_PCT,OREB,DREB,REB,AST,STL,BLK,TO,PF,PTS,FG2M,FG2A,FG2_PCT,OUTCOME,DEFICIT_FGM,DEFICIT_FGA,DEFICIT_FG3M,DEFICIT_FG3A,DEFICIT_FTM,DEFICIT_FTA,DEFICIT_OREB,DEFICIT_DREB,DEFICIT_REB,DEFICIT_AST,DEFICIT_STL,DEFICIT_BLK,DEFICIT_TO,DEFICIT_PF,DEFICIT_FG2M,DEFICIT_FG2A
0,Trail Blazers,8,23,0.348,20,27,0.741,8,29,37,23,11,9,14,26,114,35,57,0.614035087719,1,0.565789473684,0.479041916168,0.5,0.46,0.487804878049,0.490909090909,0.333333333333,0.517857142857,0.4625,0.560975609756,0.52380952381,0.818181818182,0.4,0.553191489362,0.583333333333,0.487179487179
1,Thunder,8,27,0.296,21,28,0.75,16,27,43,18,10,2,21,21,95,25,60,0.416666666667,0,0.434210526316,0.520958083832,0.5,0.54,0.512195121951,0.509090909091,0.666666666667,0.482142857143,0.5375,0.439024390244,0.47619047619,0.181818181818,0.6,0.446808510638,0.416666666667,0.512820512821
