,TEAM_NAME,FG3M,FG3A,FG3_PCT,FTM,FTA,FT_PCT,OREB,DREB,REB,AST,STL,BLK,TO,PF,PTS,FG2M,FG2A,FG2_PCT,OUTCOME,DEFICIT_FGM,DEFICIT_FGA,DEFICIT_FG3M,DEFICIT_FG3A,DEFICIT_FTM,DEFICIT_FTA,DEFICIT_OREB,DEFICIT_DREB,DEFICIT_REB,DEFICIT_AST,DEFICIT_STL,DEFICIT_BLK,DEFICIT_TO,DEFICIT_PF,DEFICIT_FG2M,DEFICIT_FG2A
0,Grizzlies,8,18,0.444,23,30,0.767,11,32,43,14,10,6,7,19,91,22,64,0.34375,1,0.483870967742,0.485207100592,0.666666666667,0.486486486486,0.589743589744,0.612244897959,0.366666666667,0.444444444444,0.421568627451,0.424242424242,0.833333333333,0.6,0.291666666667,0.441860465116,0.44,0.484848484848
1,Nuggets,4,19,0.211,16,19,0.842,19,40,59,19,2,4,17,24,84,28,68,0.411764705882,0,0.516129032258,0.514792899408,0.333333333333,0.513513513514,0.410256410256,0.387755102041,0.633333333333,0.555555555556,0.578431372549,0.575757575758,0.166666666667,0.4,0.708333333333,0.558139534884,0.56,0.515151515152
