,TEAM_NAME,FG3M,FG3A,FG3_PCT,FTM,FTA,FT_PCT,OREB,DREB,REB,AST,STL,BLK,TO,PF,PTS,FG2M,FG2A,FG2_PCT,OUTCOME,DEFICIT_FGM,DEFICIT_FGA,DEFICIT_FG3M,DEFICIT_FG3A,DEFICIT_FTM,DEFICIT_FTA,DEFICIT_OREB,DEFICIT_DREB,DEFICIT_REB,DEFICIT_AST,DEFICIT_STL,DEFICIT_BLK,DEFICIT_TO,DEFICIT_PF,DEFICIT_FG2M,DEFICIT_FG2A
0,Pelicans,9,29,0.31,15,20,0.75,8,29,37,21,21,5,15,18,86,22,54,0.407407407407,0,0.462686567164,0.506097560976,0.642857142857,0.58,0.51724137931,0.512820512821,0.363636363636,0.420289855072,0.406593406593,0.5,0.75,0.416666666667,0.384615384615,0.514285714286,0.415094339623,0.473684210526
1,Pacers,5,21,0.238,14,19,0.737,14,40,54,21,7,7,24,17,91,31,60,0.516666666667,1,0.537313432836,0.493902439024,0.357142857143,0.42,0.48275862069,0.487179487179,0.636363636364,0.579710144928,0.593406593407,0.5,0.25,0.583333333333,0.615384615385,0.485714285714,0.584905660377,0.526315789474
