,TEAM_NAME,FG3M,FG3A,FG3_PCT,FTM,FTA,FT_PCT,OREB,DREB,REB,AST,STL,BLK,TO,PF,PTS,FG2M,FG2A,FG2_PCT,OUTCOME,DEFICIT_FGM,DEFICIT_FGA,DEFICIT_FG3M,DEFICIT_FG3A,DEFICIT_FTM,DEFICIT_FTA,DEFICIT_OREB,DEFICIT_DREB,DEFICIT_REB,DEFICIT_AST,DEFICIT_STL,DEFICIT_BLK,DEFICIT_TO,DEFICIT_PF,DEFICIT_FG2M,DEFICIT_FG2A
0,Trail Blazers,12,33,0.364,20,28,0.714,12,33,45,21,12,4,9,17,108,26,63,0.412698412698,0,0.452380952381,0.524590163934,0.4,0.507692307692,0.526315789474,0.571428571429,0.705882352941,0.434210526316,0.483870967742,0.368421052632,0.666666666667,0.444444444444,0.375,0.459459459459,0.481481481481,0.533898305085
1,Warriors,18,32,0.563,18,21,0.857,5,43,48,36,6,5,15,20,128,28,55,0.509090909091,1,0.547619047619,0.475409836066,0.6,0.492307692308,0.473684210526,0.428571428571,0.294117647059,0.565789473684,0.516129032258,0.631578947368,0.333333333333,0.555555555556,0.625,0.540540540541,0.518518518519,0.466101694915
