,TEAM_NAME,FG3M,FG3A,FG3_PCT,FTM,FTA,FT_PCT,OREB,DREB,REB,AST,STL,BLK,TO,PF,PTS,FG2M,FG2A,FG2_PCT,OUTCOME,DEFICIT_FGM,DEFICIT_FGA,DEFICIT_FG3M,DEFICIT_FG3A,DEFICIT_FTM,DEFICIT_FTA,DEFICIT_OREB,DEFICIT_DREB,DEFICIT_REB,DEFICIT_AST,DEFICIT_STL,DEFICIT_BLK,DEFICIT_TO,DEFICIT_PF,DEFICIT_FG2M,DEFICIT_FG2A
0,Suns,6,24,0.25,9,13,0.692,15,31,46,15,5,4,14,22,95,34,68,0.5,0,0.526315789474,0.557575757576,0.461538461538,0.571428571429,0.272727272727,0.302325581395,0.714285714286,0.469696969697,0.528735632184,0.394736842105,0.357142857143,0.4,0.583333333333,0.628571428571,0.539682539683,0.552845528455
1,Heat,7,18,0.389,24,30,0.8,6,35,41,23,9,6,10,13,103,29,55,0.527272727273,1,0.473684210526,0.442424242424,0.538461538462,0.428571428571,0.727272727273,0.697674418605,0.285714285714,0.530303030303,0.471264367816,0.605263157895,0.642857142857,0.6,0.416666666667,0.371428571429,0.460317460317,0.447154471545
