,TEAM_NAME,FG3M,FG3A,FG3_PCT,FTM,FTA,FT_PCT,OREB,DREB,REB,AST,STL,BLK,TO,PF,PTS,FG2M,FG2A,FG2_PCT,OUTCOME,DEFICIT_FGM,DEFICIT_FGA,DEFICIT_FG3M,DEFICIT_FG3A,DEFICIT_FTM,DEFICIT_FTA,DEFICIT_OREB,DEFICIT_DREB,DEFICIT_REB,DEFICIT_AST,DEFICIT_STL,DEFICIT_BLK,DEFICIT_TO,DEFICIT_PF,DEFICIT_FG2M,DEFICIT_FG2A
0,Kings,11,24,0.458,20,29,0.69,9,38,47,25,13,3,28,19,107,27,51,0.529411764706,1,0.527777777778,0.477707006369,0.478260869565,0.380952380952,0.540540540541,0.557692307692,0.5625,0.567164179104,0.566265060241,0.531914893617,0.433333333333,0.5,0.571428571429,0.404255319149,0.551020408163,0.542553191489
1,Rockets,12,39,0.308,17,23,0.739,7,29,36,22,17,3,21,28,97,22,43,0.511627906977,0,0.472222222222,0.522292993631,0.521739130435,0.619047619048,0.459459459459,0.442307692308,0.4375,0.432835820896,0.433734939759,0.468085106383,0.566666666667,0.5,0.428571428571,0.595744680851,0.448979591837,0.457446808511
