,TEAM_NAME,FG3M,FG3A,FG3_PCT,FTM,FTA,FT_PCT,OREB,DREB,REB,AST,STL,BLK,TO,PF,PTS,FG2M,FG2A,FG2_PCT,OUTCOME,DEFICIT_FGM,DEFICIT_FGA,DEFICIT_FG3M,DEFICIT_FG3A,DEFICIT_FTM,DEFICIT_FTA,DEFICIT_OREB,DEFICIT_DREB,DEFICIT_REB,DEFICIT_AST,DEFICIT_STL,DEFICIT_BLK,DEFICIT_TO,DEFICIT_PF,DEFICIT_FG2M,DEFICIT_FG2A
0,Timberwolves,4,10,0.4,24,31,0.774,10,21,31,21,6,6,9,24,100,32,67,0.477611940299,0,0.467532467532,0.513333333333,0.285714285714,0.357142857143,0.545454545455,0.534482758621,0.5,0.42,0.442857142857,0.466666666667,0.4,0.5,0.391304347826,0.48,0.507936507937,0.549180327869
1,Nuggets,10,18,0.556,20,27,0.741,10,29,39,24,9,6,14,26,112,31,55,0.563636363636,1,0.532467532468,0.486666666667,0.714285714286,0.642857142857,0.454545454545,0.465517241379,0.5,0.58,0.557142857143,0.533333333333,0.6,0.5,0.608695652174,0.52,0.492063492063,0.450819672131
