,TEAM_NAME,FG3M,FG3A,FG3_PCT,FTM,FTA,FT_PCT,OREB,DREB,REB,AST,STL,BLK,TO,PF,PTS,FG2M,FG2A,FG2_PCT,OUTCOME,DEFICIT_FGM,DEFICIT_FGA,DEFICIT_FG3M,DEFICIT_FG3A,DEFICIT_FTM,DEFICIT_FTA,DEFICIT_OREB,DEFICIT_DREB,DEFICIT_REB,DEFICIT_AST,DEFICIT_STL,DEFICIT_BLK,DEFICIT_TO,DEFICIT_PF,DEFICIT_FG2M,DEFICIT_FG2A
0,Heat,7,18,0.389,24,29,0.828,14,32,46,20,4,1,10,16,109,32,64,0.5,1,0.493670886076,0.49696969697,0.466666666667,0.418604651163,0.631578947368,0.56862745098,0.518518518519,0.571428571429,0.55421686747,0.454545454545,0.444444444444,0.166666666667,0.47619047619,0.444444444444,0.5,0.524590163934
1,Pistons,8,25,0.32,14,22,0.636,13,24,37,24,5,5,11,20,102,32,58,0.551724137931,0,0.506329113924,0.50303030303,0.533333333333,0.581395348837,0.368421052632,0.43137254902,0.481481481481,0.428571428571,0.44578313253,0.545454545455,0.555555555556,0.833333333333,0.52380952381,0.555555555556,0.5,0.475409836066
