,TEAM_NAME,FG3M,FG3A,FG3_PCT,FTM,FTA,FT_PCT,OREB,DREB,REB,AST,STL,BLK,TO,PF,PTS,FG2M,FG2A,FG2_PCT,OUTCOME,DEFICIT_FGM,DEFICIT_FGA,DEFICIT_FG3M,DEFICIT_FG3A,DEFICIT_FTM,DEFICIT_FTA,DEFICIT_OREB,DEFICIT_DREB,DEFICIT_REB,DEFICIT_AST,DEFICIT_STL,DEFICIT_BLK,DEFICIT_TO,DEFICIT_PF,DEFICIT_FG2M,DEFICIT_FG2A
0,Suns,5,22,0.227,18,24,0.75,8,32,40,23,9,4,18,20,97,32,60,0.533333333333,0,0.480519480519,0.488095238095,0.333333333333,0.458333333333,0.486486486486,0.48,0.421052631579,0.463768115942,0.454545454545,0.589743589744,0.5,0.5,0.545454545455,0.5,0.516129032258,0.5
1,Thunder,10,26,0.385,19,26,0.731,11,37,48,16,9,4,15,20,109,30,60,0.5,1,0.519480519481,0.511904761905,0.666666666667,0.541666666667,0.513513513514,0.52,0.578947368421,0.536231884058,0.545454545455,0.410256410256,0.5,0.5,0.454545454545,0.5,0.483870967742,0.5
