,TEAM_NAME,FG3M,FG3A,FG3_PCT,FTM,FTA,FT_PCT,OREB,DREB,REB,AST,STL,BLK,TO,PF,PTS,FG2M,FG2A,FG2_PCT,OUTCOME,DEFICIT_FGM,DEFICIT_FGA,DEFICIT_FG3M,DEFICIT_FG3A,DEFICIT_FTM,DEFICIT_FTA,DEFICIT_OREB,DEFICIT_DREB,DEFICIT_REB,DEFICIT_AST,DEFICIT_STL,DEFICIT_BLK,DEFICIT_TO,DEFICIT_PF,DEFICIT_FG2M,DEFICIT_FG2A
0,Grizzlies,3,16,0.188,21,23,0.913,9,32,41,21,8,3,17,23,102,36,64,0.5625,1,0.5652173913043478,0.5298013245033113,0.23076923076923078,0.32,0.4772727272727273,0.46,0.6,0.5079365079365079,0.5256410256410257,0.525,0.36363636363636365,0.3,0.4722222222222222,0.5111111111111111,0.6428571428571429,0.6336633663366337
1,Rockets,10,34,0.294,23,27,0.852,6,31,37,19,14,7,19,22,93,20,37,0.5405405405405406,0,0.43478260869565216,0.47019867549668876,0.7692307692307693,0.68,0.5227272727272727,0.54,0.4,0.49206349206349204,0.47435897435897434,0.475,0.6363636363636364,0.7,0.5277777777777778,0.4888888888888889,0.35714285714285715,0.36633663366336633
