,TEAM_NAME,FG3M,FG3A,FG3_PCT,FTM,FTA,FT_PCT,OREB,DREB,REB,AST,STL,BLK,TO,PF,PTS,FG2M,FG2A,FG2_PCT,OUTCOME,DEFICIT_FGM,DEFICIT_FGA,DEFICIT_FG3M,DEFICIT_FG3A,DEFICIT_FTM,DEFICIT_FTA,DEFICIT_OREB,DEFICIT_DREB,DEFICIT_REB,DEFICIT_AST,DEFICIT_STL,DEFICIT_BLK,DEFICIT_TO,DEFICIT_PF,DEFICIT_FG2M,DEFICIT_FG2A
0,Thunder,10,24,0.417,18,21,0.857,4,38,42,26,11,7,19,11,110,31,54,0.574074074074,1,0.488095238095,0.453488372093,0.769230769231,0.648648648649,0.642857142857,0.636363636364,0.266666666667,0.527777777778,0.48275862069,0.565217391304,0.52380952381,0.7,0.527777777778,0.366666666667,0.43661971831,0.4
1,Nets,3,13,0.231,10,12,0.833,11,34,45,20,10,3,17,19,99,40,81,0.493827160494,0,0.511904761905,0.546511627907,0.230769230769,0.351351351351,0.357142857143,0.363636363636,0.733333333333,0.472222222222,0.51724137931,0.434782608696,0.47619047619,0.3,0.472222222222,0.633333333333,0.56338028169,0.6
