,TEAM_NAME,FG3M,FG3A,FG3_PCT,FTM,FTA,FT_PCT,OREB,DREB,REB,AST,STL,BLK,TO,PF,PTS,FG2M,FG2A,FG2_PCT,OUTCOME,DEFICIT_FGM,DEFICIT_FGA,DEFICIT_FG3M,DEFICIT_FG3A,DEFICIT_FTM,DEFICIT_FTA,DEFICIT_OREB,DEFICIT_DREB,DEFICIT_REB,DEFICIT_AST,DEFICIT_STL,DEFICIT_BLK,DEFICIT_TO,DEFICIT_PF,DEFICIT_FG2M,DEFICIT_FG2A
0,Raptors,11,25,0.44,12,22,0.545,6,34,40,14,8,5,9,15,103,29,54,0.5370370370370371,1,0.5263157894736842,0.4906832298136646,0.44,0.46296296296296297,0.48,0.5789473684210527,0.4,0.5074626865671642,0.4878048780487805,0.3888888888888889,0.6666666666666666,0.7142857142857143,0.47368421052631576,0.42857142857142855,0.5686274509803921,0.5046728971962616
1,Cavaliers,14,29,0.483,13,16,0.813,9,33,42,22,4,2,10,20,99,22,53,0.41509433962264153,0,0.47368421052631576,0.5093167701863354,0.56,0.5370370370370371,0.52,0.42105263157894735,0.6,0.4925373134328358,0.5121951219512195,0.6111111111111112,0.3333333333333333,0.2857142857142857,0.5263157894736842,0.5714285714285714,0.43137254901960786,0.4953271028037383
