,TEAM_NAME,FG3M,FG3A,FG3_PCT,FTM,FTA,FT_PCT,OREB,DREB,REB,AST,STL,BLK,TO,PF,PTS,FG2M,FG2A,FG2_PCT,OUTCOME,DEFICIT_FGM,DEFICIT_FGA,DEFICIT_FG3M,DEFICIT_FG3A,DEFICIT_FTM,DEFICIT_FTA,DEFICIT_OREB,DEFICIT_DREB,DEFICIT_REB,DEFICIT_AST,DEFICIT_STL,DEFICIT_BLK,DEFICIT_TO,DEFICIT_PF,DEFICIT_FG2M,DEFICIT_FG2A
0,76ers,7,27,0.259,11,15,0.733,7,43,50,12,11,14,18,21,80,24,56,0.428571428571,0,0.5,0.477011494253,0.4375,0.482142857143,0.458333333333,0.454545454545,0.388888888889,0.5,0.480769230769,0.4,0.611111111111,0.7,0.529411764706,0.636363636364,0.521739130435,0.474576271186
1,Celtics,9,29,0.31,13,18,0.722,11,43,54,18,7,6,16,12,84,22,62,0.354838709677,1,0.5,0.522988505747,0.5625,0.517857142857,0.541666666667,0.545454545455,0.611111111111,0.5,0.519230769231,0.6,0.388888888889,0.3,0.470588235294,0.363636363636,0.478260869565,0.525423728814
