,TEAM_NAME,FG3M,FG3A,FG3_PCT,FTM,FTA,FT_PCT,OREB,DREB,REB,AST,STL,BLK,TO,PF,PTS,FG2M,FG2A,FG2_PCT,OUTCOME,DEFICIT_FGM,DEFICIT_FGA,DEFICIT_FG3M,DEFICIT_FG3A,DEFICIT_FTM,DEFICIT_FTA,DEFICIT_OREB,DEFICIT_DREB,DEFICIT_REB,DEFICIT_AST,DEFICIT_STL,DEFICIT_BLK,DEFICIT_TO,DEFICIT_PF,DEFICIT_FG2M,DEFICIT_FG2A
0,Suns,10,26,0.385,16,20,0.8,11,33,44,25,8,5,10,26,114,34,70,0.485714285714,0,0.511627906977,0.542372881356,0.5,0.541666666667,0.380952380952,0.37037037037,0.6875,0.471428571429,0.511627906977,0.555555555556,0.666666666667,0.454545454545,0.416666666667,0.530612244898,0.515151515152,0.542635658915
1,Pelicans,10,22,0.455,26,34,0.765,5,37,42,20,4,6,14,23,120,32,59,0.542372881356,1,0.488372093023,0.457627118644,0.5,0.458333333333,0.619047619048,0.62962962963,0.3125,0.528571428571,0.488372093023,0.444444444444,0.333333333333,0.545454545455,0.583333333333,0.469387755102,0.484848484848,0.457364341085
