,TEAM_NAME,FG3M,FG3A,FG3_PCT,FTM,FTA,FT_PCT,OREB,DREB,REB,AST,STL,BLK,TO,PF,PTS,FG2M,FG2A,FG2_PCT,OUTCOME,DEFICIT_FGM,DEFICIT_FGA,DEFICIT_FG3M,DEFICIT_FG3A,DEFICIT_FTM,DEFICIT_FTA,DEFICIT_OREB,DEFICIT_DREB,DEFICIT_REB,DEFICIT_AST,DEFICIT_STL,DEFICIT_BLK,DEFICIT_TO,DEFICIT_PF,DEFICIT_FG2M,DEFICIT_FG2A
0,Wizards,10,32,0.313,15,18,0.833,11,30,41,15,13,4,14,20,87,21,55,0.38181818181818183,0,0.44285714285714284,0.5117647058823529,0.5555555555555556,0.5517241379310345,0.5,0.5454545454545454,0.55,0.4166666666666667,0.44565217391304346,0.40540540540540543,0.7222222222222222,0.4,0.42424242424242425,0.5405405405405406,0.40384615384615385,0.49107142857142855
1,Hornets,8,26,0.308,15,15,1.0,9,42,51,22,5,6,19,17,101,31,57,0.543859649122807,1,0.5571428571428572,0.48823529411764705,0.4444444444444444,0.4482758620689655,0.5,0.45454545454545453,0.45,0.5833333333333334,0.5543478260869565,0.5945945945945946,0.2777777777777778,0.6,0.5757575757575758,0.4594594594594595,0.5961538461538461,0.5089285714285714
