,TEAM_NAME,FG3M,FG3A,FG3_PCT,FTM,FTA,FT_PCT,OREB,DREB,REB,AST,STL,BLK,TO,PF,PTS,FG2M,FG2A,FG2_PCT,OUTCOME,DEFICIT_FGM,DEFICIT_FGA,DEFICIT_FG3M,DEFICIT_FG3A,DEFICIT_FTM,DEFICIT_FTA,DEFICIT_OREB,DEFICIT_DREB,DEFICIT_REB,DEFICIT_AST,DEFICIT_STL,DEFICIT_BLK,DEFICIT_TO,DEFICIT_PF,DEFICIT_FG2M,DEFICIT_FG2A
0,Heat,5,13,0.385,25,30,0.833,4,30,34,17,19,5,16,15,110,35,61,0.573770491803,1,0.519480519481,0.5,0.294117647059,0.317073170732,0.581395348837,0.588235294118,0.4,0.51724137931,0.5,0.435897435897,0.633333333333,0.454545454545,0.4,0.428571428571,0.583333333333,0.570093457944
1,Mavericks,12,28,0.429,18,21,0.857,6,28,34,22,11,6,24,20,104,25,46,0.54347826087,0,0.480519480519,0.5,0.705882352941,0.682926829268,0.418604651163,0.411764705882,0.6,0.48275862069,0.5,0.564102564103,0.366666666667,0.545454545455,0.6,0.571428571429,0.416666666667,0.429906542056
