,TEAM_NAME,FG3M,FG3A,FG3_PCT,FTM,FTA,FT_PCT,OREB,DREB,REB,AST,STL,BLK,TO,PF,PTS,FG2M,FG2A,FG2_PCT,OUTCOME,DEFICIT_FGM,DEFICIT_FGA,DEFICIT_FG3M,DEFICIT_FG3A,DEFICIT_FTM,DEFICIT_FTA,DEFICIT_OREB,DEFICIT_DREB,DEFICIT_REB,DEFICIT_AST,DEFICIT_STL,DEFICIT_BLK,DEFICIT_TO,DEFICIT_PF,DEFICIT_FG2M,DEFICIT_FG2A
0,76ers,5,19,0.263,18,23,0.783,9,30,39,21,6,4,16,19,103,35,67,0.522388059701,0,0.506329113924,0.51497005988,0.333333333333,0.452380952381,0.418604651163,0.425925925926,0.6,0.44776119403,0.475609756098,0.45652173913,0.5,0.444444444444,0.516129032258,0.452380952381,0.546875,0.536
1,Hawks,10,23,0.435,25,31,0.806,6,37,43,25,6,5,15,23,113,29,58,0.5,1,0.493670886076,0.48502994012,0.666666666667,0.547619047619,0.581395348837,0.574074074074,0.4,0.55223880597,0.524390243902,0.54347826087,0.5,0.555555555556,0.483870967742,0.547619047619,0.453125,0.464
