,TEAM_NAME,FG3M,FG3A,FG3_PCT,FTM,FTA,FT_PCT,OREB,DREB,REB,AST,STL,BLK,TO,PF,PTS,FG2M,FG2A,FG2_PCT,OUTCOME,DEFICIT_FGM,DEFICIT_FGA,DEFICIT_FG3M,DEFICIT_FG3A,DEFICIT_FTM,DEFICIT_FTA,DEFICIT_OREB,DEFICIT_DREB,DEFICIT_REB,DEFICIT_AST,DEFICIT_STL,DEFICIT_BLK,DEFICIT_TO,DEFICIT_PF,DEFICIT_FG2M,DEFICIT_FG2A
0,Bucks,8,16,0.5,9,11,0.818,17,23,40,14,3,10,15,24,77,22,72,0.3055555555555556,0,0.42857142857142855,0.5269461077844312,0.6153846153846154,0.5,0.32142857142857145,0.34375,0.6538461538461539,0.39655172413793105,0.47619047619047616,0.5,0.375,0.47619047619047616,0.5357142857142857,0.5454545454545454,0.38596491228070173,0.5333333333333333
1,Pacers,5,16,0.313,19,21,0.905,9,35,44,14,5,11,13,20,104,35,63,0.5555555555555556,1,0.5714285714285714,0.47305389221556887,0.38461538461538464,0.5,0.6785714285714286,0.65625,0.34615384615384615,0.603448275862069,0.5238095238095238,0.5,0.625,0.5238095238095238,0.4642857142857143,0.45454545454545453,0.6140350877192983,0.4666666666666667
