,TEAM_NAME,FG3M,FG3A,FG3_PCT,FTM,FTA,FT_PCT,OREB,DREB,REB,AST,STL,BLK,TO,PF,PTS,FG2M,FG2A,FG2_PCT,OUTCOME,DEFICIT_FGM,DEFICIT_FGA,DEFICIT_FG3M,DEFICIT_FG3A,DEFICIT_FTM,DEFICIT_FTA,DEFICIT_OREB,DEFICIT_DREB,DEFICIT_REB,DEFICIT_AST,DEFICIT_STL,DEFICIT_BLK,DEFICIT_TO,DEFICIT_PF,DEFICIT_FG2M,DEFICIT_FG2A
0,Bulls,9,22,0.409,11,15,0.733,18,40,58,22,4,5,7,17,100,31,84,0.369047619048,0,0.526315789474,0.55497382199,0.642857142857,0.5,0.305555555556,0.348837209302,0.72,0.493827160494,0.547169811321,0.5,0.5,0.277777777778,0.466666666667,0.566666666667,0.5,0.571428571429
1,Hawks,5,22,0.227,25,28,0.893,7,41,48,22,4,13,8,13,102,31,63,0.492063492063,1,0.473684210526,0.44502617801,0.357142857143,0.5,0.694444444444,0.651162790698,0.28,0.506172839506,0.452830188679,0.5,0.5,0.722222222222,0.533333333333,0.433333333333,0.5,0.428571428571
