,TEAM_NAME,FG3M,FG3A,FG3_PCT,FTM,FTA,FT_PCT,OREB,DREB,REB,AST,STL,BLK,TO,PF,PTS,FG2M,FG2A,FG2_PCT,OUTCOME,DEFICIT_FGM,DEFICIT_FGA,DEFICIT_FG3M,DEFICIT_FG3A,DEFICIT_FTM,DEFICIT_FTA,DEFICIT_OREB,DEFICIT_DREB,DEFICIT_REB,DEFICIT_AST,DEFICIT_STL,DEFICIT_BLK,DEFICIT_TO,DEFICIT_PF,DEFICIT_FG2M,DEFICIT_FG2A
0,Raptors,8,24,0.333,16,23,0.696,12,28,40,19,4,7,9,21,100,30,69,0.434782608696,0,0.481012658228,0.519553072626,0.421052631579,0.48,0.380952380952,0.418181818182,0.5,0.405797101449,0.430107526882,0.395833333333,0.363636363636,0.583333333333,0.473684210526,0.488372093023,0.5,0.53488372093
1,Thunder,11,26,0.423,26,32,0.813,12,41,53,29,7,5,10,22,119,30,60,0.5,1,0.518987341772,0.480446927374,0.578947368421,0.52,0.619047619048,0.581818181818,0.5,0.594202898551,0.569892473118,0.604166666667,0.636363636364,0.416666666667,0.526315789474,0.511627906977,0.5,0.46511627907
