,TEAM_NAME,FG3M,FG3A,FG3_PCT,FTM,FTA,FT_PCT,OREB,DREB,REB,AST,STL,BLK,TO,PF,PTS,FG2M,FG2A,FG2_PCT,OUTCOME,DEFICIT_FGM,DEFICIT_FGA,DEFICIT_FG3M,DEFICIT_FG3A,DEFICIT_FTM,DEFICIT_FTA,DEFICIT_OREB,DEFICIT_DREB,DEFICIT_REB,DEFICIT_AST,DEFICIT_STL,DEFICIT_BLK,DEFICIT_TO,DEFICIT_PF,DEFICIT_FG2M,DEFICIT_FG2A
0,Knicks,12,27,0.444,18,19,0.947,9,25,34,21,7,2,12,13,100,23,50,0.46,0,0.454545454545,0.527397260274,0.571428571429,0.6,0.58064516129,0.527777777778,0.75,0.454545454545,0.507462686567,0.552631578947,0.583333333333,0.4,0.48,0.41935483871,0.410714285714,0.49504950495
1,Cavaliers,9,18,0.5,13,17,0.765,3,30,33,17,5,3,13,18,106,33,51,0.647058823529,1,0.545454545455,0.472602739726,0.428571428571,0.4,0.41935483871,0.472222222222,0.25,0.545454545455,0.492537313433,0.447368421053,0.416666666667,0.6,0.52,0.58064516129,0.589285714286,0.50495049505
