,TEAM_NAME,FG3M,FG3A,FG3_PCT,FTM,FTA,FT_PCT,OREB,DREB,REB,AST,STL,BLK,TO,PF,PTS,FG2M,FG2A,FG2_PCT,OUTCOME,DEFICIT_FGM,DEFICIT_FGA,DEFICIT_FG3M,DEFICIT_FG3A,DEFICIT_FTM,DEFICIT_FTA,DEFICIT_OREB,DEFICIT_DREB,DEFICIT_REB,DEFICIT_AST,DEFICIT_STL,DEFICIT_BLK,DEFICIT_TO,DEFICIT_PF,DEFICIT_FG2M,DEFICIT_FG2A
0,Mavericks,10,31,0.323,24,31,0.774,18,34,52,21,2,9,13,25,104,25,60,0.416666666667,0,0.507246376812,0.52,0.47619047619,0.508196721311,0.461538461538,0.484375,0.5625,0.507462686567,0.525252525253,0.552631578947,0.2,0.818181818182,0.5,0.462962962963,0.520833333333,0.526315789474
1,Nets,11,30,0.367,28,33,0.848,14,33,47,17,8,2,13,29,107,23,54,0.425925925926,1,0.492753623188,0.48,0.52380952381,0.491803278689,0.538461538462,0.515625,0.4375,0.492537313433,0.474747474747,0.447368421053,0.8,0.181818181818,0.5,0.537037037037,0.479166666667,0.473684210526
