,TEAM_NAME,FG3M,FG3A,FG3_PCT,FTM,FTA,FT_PCT,OREB,DREB,REB,AST,STL,BLK,TO,PF,PTS,FG2M,FG2A,FG2_PCT,OUTCOME,DEFICIT_FGM,DEFICIT_FGA,DEFICIT_FG3M,DEFICIT_FG3A,DEFICIT_FTM,DEFICIT_FTA,DEFICIT_OREB,DEFICIT_DREB,DEFICIT_REB,DEFICIT_AST,DEFICIT_STL,DEFICIT_BLK,DEFICIT_TO,DEFICIT_PF,DEFICIT_FG2M,DEFICIT_FG2A
0,Pelicans,3,15,0.2,8,13,0.615,10,37,47,23,8,4,17,15,85,34,74,0.459459459459,0,0.440476190476,0.470899470899,0.230769230769,0.405405405405,0.5,0.433333333333,0.357142857143,0.493333333333,0.456310679612,0.425925925926,0.421052631579,0.333333333333,0.653846153846,0.652173913043,0.478873239437,0.486842105263
1,Warriors,10,22,0.455,8,17,0.471,18,38,56,31,11,8,9,8,112,37,78,0.474358974359,1,0.559523809524,0.529100529101,0.769230769231,0.594594594595,0.5,0.566666666667,0.642857142857,0.506666666667,0.543689320388,0.574074074074,0.578947368421,0.666666666667,0.346153846154,0.347826086957,0.521126760563,0.513157894737
