,TEAM_NAME,FG3M,FG3A,FG3_PCT,FTM,FTA,FT_PCT,OREB,DREB,REB,AST,STL,BLK,TO,PF,PTS,FG2M,FG2A,FG2_PCT,OUTCOME,DEFICIT_FGM,DEFICIT_FGA,DEFICIT_FG3M,DEFICIT_FG3A,DEFICIT_FTM,DEFICIT_FTA,DEFICIT_OREB,DEFICIT_DREB,DEFICIT_REB,DEFICIT_AST,DEFICIT_STL,DEFICIT_BLK,DEFICIT_TO,DEFICIT_PF,DEFICIT_FG2M,DEFICIT_FG2A
0,76ers,5,29,0.172,20,25,0.8,13,32,45,26,7,5,16,21,101,33,54,0.611111111111,0,0.493506493506,0.482558139535,0.294117647059,0.483333333333,0.571428571429,0.555555555556,0.52,0.516129032258,0.51724137931,0.541666666667,0.411764705882,0.714285714286,0.5,0.552631578947,0.55,0.482142857143
1,Heat,12,31,0.387,15,20,0.75,12,30,42,22,10,2,16,17,105,27,58,0.465517241379,1,0.506493506494,0.517441860465,0.705882352941,0.516666666667,0.428571428571,0.444444444444,0.48,0.483870967742,0.48275862069,0.458333333333,0.588235294118,0.285714285714,0.5,0.447368421053,0.45,0.517857142857
