,TEAM_NAME,FG3M,FG3A,FG3_PCT,FTM,FTA,FT_PCT,OREB,DREB,REB,AST,STL,BLK,TO,PF,PTS,FG2M,FG2A,FG2_PCT,OUTCOME,DEFICIT_FGM,DEFICIT_FGA,DEFICIT_FG3M,DEFICIT_FG3A,DEFICIT_FTM,DEFICIT_FTA,DEFICIT_OREB,DEFICIT_DREB,DEFICIT_REB,DEFICIT_AST,DEFICIT_STL,DEFICIT_BLK,DEFICIT_TO,DEFICIT_PF,DEFICIT_FG2M,DEFICIT_FG2A
0,Warriors,13,28,0.464,26,34,0.765,14,27,41,30,11,6,13,25,133,34,62,0.548387096774,1,0.510869565217,0.520231213873,0.684210526316,0.608695652174,0.464285714286,0.485714285714,0.608695652174,0.465517241379,0.506172839506,0.51724137931,0.52380952381,0.6,0.382352941176,0.5,0.465753424658,0.488188976378
1,Nuggets,6,18,0.333,30,36,0.833,9,31,40,28,10,4,21,25,126,39,65,0.6,0,0.489130434783,0.479768786127,0.315789473684,0.391304347826,0.535714285714,0.514285714286,0.391304347826,0.534482758621,0.493827160494,0.48275862069,0.47619047619,0.4,0.617647058824,0.5,0.534246575342,0.511811023622
