,TEAM_NAME,FG3M,FG3A,FG3_PCT,FTM,FTA,FT_PCT,OREB,DREB,REB,AST,STL,BLK,TO,PF,PTS,FG2M,FG2A,FG2_PCT,OUTCOME,DEFICIT_FGM,DEFICIT_FGA,DEFICIT_FG3M,DEFICIT_FG3A,DEFICIT_FTM,DEFICIT_FTA,DEFICIT_OREB,DEFICIT_DREB,DEFICIT_REB,DEFICIT_AST,DEFICIT_STL,DEFICIT_BLK,DEFICIT_TO,DEFICIT_PF,DEFICIT_FG2M,DEFICIT_FG2A
0,Grizzlies,2,9,0.222,21,26,0.808,16,32,48,12,10,3,12,17,95,34,67,0.507462686567,1,0.529411764706,0.493506493506,0.2,0.272727272727,0.65625,0.634146341463,0.551724137931,0.581818181818,0.571428571429,0.444444444444,0.588235294118,0.272727272727,0.5,0.395348837209,0.586206896552,0.553719008264
1,Pacers,8,24,0.333,11,15,0.733,13,23,36,15,7,8,12,26,83,24,54,0.444444444444,0,0.470588235294,0.506493506494,0.8,0.727272727273,0.34375,0.365853658537,0.448275862069,0.418181818182,0.428571428571,0.555555555556,0.411764705882,0.727272727273,0.5,0.604651162791,0.413793103448,0.446280991736
