,TEAM_NAME,FG3M,FG3A,FG3_PCT,FTM,FTA,FT_PCT,OREB,DREB,REB,AST,STL,BLK,TO,PF,PTS,FG2M,FG2A,FG2_PCT,OUTCOME,DEFICIT_FGM,DEFICIT_FGA,DEFICIT_FG3M,DEFICIT_FG3A,DEFICIT_FTM,DEFICIT_FTA,DEFICIT_OREB,DEFICIT_DREB,DEFICIT_REB,DEFICIT_AST,DEFICIT_STL,DEFICIT_BLK,DEFICIT_TO,DEFICIT_PF,DEFICIT_FG2M,DEFICIT_FG2A
0,Trail Blazers,7,25,0.28,15,18,0.833,12,33,45,20,7,4,19,22,98,31,66,0.469696969697,0,0.493506493506,0.514124293785,0.4375,0.5,0.357142857143,0.346153846154,0.5,0.44,0.454545454545,0.526315789474,0.4375,0.444444444444,0.575757575758,0.564102564103,0.508196721311,0.51968503937
1,Mavericks,9,25,0.36,27,34,0.794,12,42,54,18,9,5,14,17,114,30,61,0.491803278689,1,0.506493506494,0.485875706215,0.5625,0.5,0.642857142857,0.653846153846,0.5,0.56,0.545454545455,0.473684210526,0.5625,0.555555555556,0.424242424242,0.435897435897,0.491803278689,0.48031496063
