,TEAM_NAME,FG3M,FG3A,FG3_PCT,FTM,FTA,FT_PCT,OREB,DREB,REB,AST,STL,BLK,TO,PF,PTS,FG2M,FG2A,FG2_PCT,OUTCOME,DEFICIT_FGM,DEFICIT_FGA,DEFICIT_FG3M,DEFICIT_FG3A,DEFICIT_FTM,DEFICIT_FTA,DEFICIT_OREB,DEFICIT_DREB,DEFICIT_REB,DEFICIT_AST,DEFICIT_STL,DEFICIT_BLK,DEFICIT_TO,DEFICIT_PF,DEFICIT_FG2M,DEFICIT_FG2A
0,Magic,7,20,0.35,5,13,0.385,10,32,42,18,6,4,17,21,88,31,59,0.525423728814,0,0.493506493506,0.496855345912,0.4375,0.454545454545,0.263157894737,0.361111111111,0.588235294118,0.492307692308,0.512195121951,0.418604651163,0.428571428571,0.444444444444,0.586206896552,0.636363636364,0.508196721311,0.513043478261
1,Nets,9,24,0.375,14,23,0.609,7,33,40,25,8,5,12,12,101,30,56,0.535714285714,1,0.506493506494,0.503144654088,0.5625,0.545454545455,0.736842105263,0.638888888889,0.411764705882,0.507692307692,0.487804878049,0.581395348837,0.571428571429,0.555555555556,0.413793103448,0.363636363636,0.491803278689,0.486956521739
