,TEAM_NAME,FG3M,FG3A,FG3_PCT,FTM,FTA,FT_PCT,OREB,DREB,REB,AST,STL,BLK,TO,PF,PTS,FG2M,FG2A,FG2_PCT,OUTCOME,DEFICIT_FGM,DEFICIT_FGA,DEFICIT_FG3M,DEFICIT_FG3A,DEFICIT_FTM,DEFICIT_FTA,DEFICIT_OREB,DEFICIT_DREB,DEFICIT_REB,DEFICIT_AST,DEFICIT_STL,DEFICIT_BLK,DEFICIT_TO,DEFICIT_PF,DEFICIT_FG2M,DEFICIT_FG2A
0,Wizards,8,22,0.364,16,21,0.762,15,35,50,26,8,5,13,13,108,34,75,0.453333333333,0,0.494117647059,0.515957446809,0.333333333333,0.423076923077,0.592592592593,0.552631578947,0.576923076923,0.514705882353,0.531914893617,0.472727272727,0.533333333333,0.555555555556,0.448275862069,0.433333333333,0.55737704918,0.551470588235
1,Cavaliers,16,30,0.533,11,17,0.647,11,33,44,29,7,4,16,17,113,27,61,0.44262295082,1,0.505882352941,0.484042553191,0.666666666667,0.576923076923,0.407407407407,0.447368421053,0.423076923077,0.485294117647,0.468085106383,0.527272727273,0.466666666667,0.444444444444,0.551724137931,0.566666666667,0.44262295082,0.448529411765
