,TEAM_NAME,FG3M,FG3A,FG3_PCT,FTM,FTA,FT_PCT,OREB,DREB,REB,AST,STL,BLK,TO,PF,PTS,FG2M,FG2A,FG2_PCT,OUTCOME,DEFICIT_FGM,DEFICIT_FGA,DEFICIT_FG3M,DEFICIT_FG3A,DEFICIT_FTM,DEFICIT_FTA,DEFICIT_OREB,DEFICIT_DREB,DEFICIT_REB,DEFICIT_AST,DEFICIT_STL,DEFICIT_BLK,DEFICIT_TO,DEFICIT_PF,DEFICIT_FG2M,DEFICIT_FG2A
0,Spurs,8,22,0.364,11,14,0.786,5,37,42,22,11,7,18,17,91,28,53,0.528301886792,1,0.537313432836,0.493421052632,0.533333333333,0.52380952381,0.5,0.518518518519,0.384615384615,0.560606060606,0.53164556962,0.564102564103,0.578947368421,0.777777777778,0.5,0.472222222222,0.538461538462,0.481818181818
1,Nuggets,7,20,0.35,11,13,0.846,8,29,37,17,8,2,18,19,80,24,57,0.421052631579,0,0.462686567164,0.506578947368,0.466666666667,0.47619047619,0.5,0.481481481481,0.615384615385,0.439393939394,0.46835443038,0.435897435897,0.421052631579,0.222222222222,0.5,0.527777777778,0.461538461538,0.518181818182
