,TEAM_NAME,FG3M,FG3A,FG3_PCT,FTM,FTA,FT_PCT,OREB,DREB,REB,AST,STL,BLK,TO,PF,PTS,FG2M,FG2A,FG2_PCT,OUTCOME,DEFICIT_FGM,DEFICIT_FGA,DEFICIT_FG3M,DEFICIT_FG3A,DEFICIT_FTM,DEFICIT_FTA,DEFICIT_OREB,DEFICIT_DREB,DEFICIT_REB,DEFICIT_AST,DEFICIT_STL,DEFICIT_BLK,DEFICIT_TO,DEFICIT_PF,DEFICIT_FG2M,DEFICIT_FG2A
0,Thunder,7,24,0.292,22,26,0.846,12,46,58,19,2,9,18,19,103,30,55,0.545454545455,1,0.544117647059,0.467455621302,0.4375,0.452830188679,0.578947368421,0.565217391304,0.48,0.647887323944,0.604166666667,0.527777777778,0.181818181818,0.9,0.692307692308,0.475,0.576923076923,0.474137931034
1,Pistons,9,29,0.31,16,20,0.8,13,25,38,17,9,1,8,21,87,22,61,0.360655737705,0,0.455882352941,0.532544378698,0.5625,0.547169811321,0.421052631579,0.434782608696,0.52,0.352112676056,0.395833333333,0.472222222222,0.818181818182,0.1,0.307692307692,0.525,0.423076923077,0.525862068966
