,TEAM_NAME,FG3M,FG3A,FG3_PCT,FTM,FTA,FT_PCT,OREB,DREB,REB,AST,STL,BLK,TO,PF,PTS,FG2M,FG2A,FG2_PCT,OUTCOME,DEFICIT_FGM,DEFICIT_FGA,DEFICIT_FG3M,DEFICIT_FG3A,DEFICIT_FTM,DEFICIT_FTA,DEFICIT_OREB,DEFICIT_DREB,DEFICIT_REB,DEFICIT_AST,DEFICIT_STL,DEFICIT_BLK,DEFICIT_TO,DEFICIT_PF,DEFICIT_FG2M,DEFICIT_FG2A
0,76ers,16,35,0.457,18,26,0.692,8,25,33,24,18,5,12,24,114,24,48,0.5,0,0.512820512821,0.532051282051,0.592592592593,0.636363636364,0.382978723404,0.412698412698,0.444444444444,0.390625,0.40243902439,0.533333333333,0.782608695652,0.454545454545,0.352941176471,0.533333333333,0.470588235294,0.475247524752
1,Rockets,11,20,0.55,29,37,0.784,10,39,49,21,5,6,22,21,116,27,53,0.509433962264,1,0.487179487179,0.467948717949,0.407407407407,0.363636363636,0.617021276596,0.587301587302,0.555555555556,0.609375,0.59756097561,0.466666666667,0.217391304348,0.545454545455,0.647058823529,0.466666666667,0.529411764706,0.524752475248
