,TEAM_NAME,FG3M,FG3A,FG3_PCT,FTM,FTA,FT_PCT,OREB,DREB,REB,AST,STL,BLK,TO,PF,PTS,FG2M,FG2A,FG2_PCT,OUTCOME,DEFICIT_FGM,DEFICIT_FGA,DEFICIT_FG3M,DEFICIT_FG3A,DEFICIT_FTM,DEFICIT_FTA,DEFICIT_OREB,DEFICIT_DREB,DEFICIT_REB,DEFICIT_AST,DEFICIT_STL,DEFICIT_BLK,DEFICIT_TO,DEFICIT_PF,DEFICIT_FG2M,DEFICIT_FG2A
0,Cavaliers,8,25,0.32,19,25,0.76,12,38,50,17,3,2,16,22,95,26,56,0.464285714286,1,0.507462686567,0.503105590062,0.615384615385,0.5,0.5,0.5,0.631578947368,0.550724637681,0.568181818182,0.459459459459,0.3,0.222222222222,0.592592592593,0.468085106383,0.481481481481,0.504504504505
1,Hornets,5,25,0.2,19,25,0.76,7,31,38,20,7,7,11,25,90,28,55,0.509090909091,0,0.492537313433,0.496894409938,0.384615384615,0.5,0.5,0.5,0.368421052632,0.449275362319,0.431818181818,0.540540540541,0.7,0.777777777778,0.407407407407,0.531914893617,0.518518518519,0.495495495495
