,TEAM_NAME,FG3M,FG3A,FG3_PCT,FTM,FTA,FT_PCT,OREB,DREB,REB,AST,STL,BLK,TO,PF,PTS,FG2M,FG2A,FG2_PCT,OUTCOME,DEFICIT_FGM,DEFICIT_FGA,DEFICIT_FG3M,DEFICIT_FG3A,DEFICIT_FTM,DEFICIT_FTA,DEFICIT_OREB,DEFICIT_DREB,DEFICIT_REB,DEFICIT_AST,DEFICIT_STL,DEFICIT_BLK,DEFICIT_TO,DEFICIT_PF,DEFICIT_FG2M,DEFICIT_FG2A
0,Magic,4,11,0.364,16,21,0.762,16,40,56,17,5,9,18,25,84,28,73,0.383561643836,0,0.438356164384,0.454054054054,0.5,0.392857142857,0.516129032258,0.403846153846,0.380952380952,0.526315789474,0.474576271186,0.459459459459,0.333333333333,0.346153846154,0.666666666667,0.595238095238,0.430769230769,0.464968152866
1,Pelicans,4,17,0.235,15,31,0.484,26,36,62,20,10,17,9,17,101,37,84,0.440476190476,1,0.561643835616,0.545945945946,0.5,0.607142857143,0.483870967742,0.596153846154,0.619047619048,0.473684210526,0.525423728814,0.540540540541,0.666666666667,0.653846153846,0.333333333333,0.404761904762,0.569230769231,0.535031847134
