,TEAM_NAME,FG3M,FG3A,FG3_PCT,FTM,FTA,FT_PCT,OREB,DREB,REB,AST,STL,BLK,TO,PF,PTS,FG2M,FG2A,FG2_PCT,OUTCOME,DEFICIT_FGM,DEFICIT_FGA,DEFICIT_FG3M,DEFICIT_FG3A,DEFICIT_FTM,DEFICIT_FTA,DEFICIT_OREB,DEFICIT_DREB,DEFICIT_REB,DEFICIT_AST,DEFICIT_STL,DEFICIT_BLK,DEFICIT_TO,DEFICIT_PF,DEFICIT_FG2M,DEFICIT_FG2A
0,Magic,4,11,0.364,16,21,0.762,16,40,56,17,5,9,18,25,84,28,73,0.3835616438356164,0,0.4383561643835616,0.4540540540540541,0.5,0.39285714285714285,0.5161290322580645,0.40384615384615385,0.38095238095238093,0.5263157894736842,0.4745762711864407,0.4594594594594595,0.3333333333333333,0.34615384615384615,0.6666666666666666,0.5952380952380952,0.4307692307692308,0.46496815286624205
1,Pelicans,4,17,0.235,15,31,0.484,26,36,62,20,10,17,9,17,101,37,84,0.44047619047619047,1,0.5616438356164384,0.5459459459459459,0.5,0.6071428571428571,0.4838709677419355,0.5961538461538461,0.6190476190476191,0.47368421052631576,0.5254237288135594,0.5405405405405406,0.6666666666666666,0.6538461538461539,0.3333333333333333,0.40476190476190477,0.5692307692307692,0.535031847133758
