,TEAM_NAME,FG3M,FG3A,FG3_PCT,FTM,FTA,FT_PCT,OREB,DREB,REB,AST,STL,BLK,TO,PF,PTS,FG2M,FG2A,FG2_PCT,OUTCOME,DEFICIT_FGM,DEFICIT_FGA,DEFICIT_FG3M,DEFICIT_FG3A,DEFICIT_FTM,DEFICIT_FTA,DEFICIT_OREB,DEFICIT_DREB,DEFICIT_REB,DEFICIT_AST,DEFICIT_STL,DEFICIT_BLK,DEFICIT_TO,DEFICIT_PF,DEFICIT_FG2M,DEFICIT_FG2A
0,Knicks,10,30,0.333,12,17,0.706,9,41,50,25,11,5,14,21,110,34,62,0.548387096774,1,0.571428571429,0.538011695906,0.47619047619,0.47619047619,0.387096774194,0.386363636364,0.5625,0.554054054054,0.555555555556,0.568181818182,0.55,0.555555555556,0.4375,0.512195121951,0.607142857143,0.574074074074
1,Nets,11,33,0.333,19,27,0.704,7,33,40,19,9,4,18,20,96,22,46,0.478260869565,0,0.428571428571,0.461988304094,0.52380952381,0.52380952381,0.612903225806,0.613636363636,0.4375,0.445945945946,0.444444444444,0.431818181818,0.45,0.444444444444,0.5625,0.487804878049,0.392857142857,0.425925925926
