,TEAM_NAME,FG3M,FG3A,FG3_PCT,FTM,FTA,FT_PCT,OREB,DREB,REB,AST,STL,BLK,TO,PF,PTS,FG2M,FG2A,FG2_PCT,OUTCOME,DEFICIT_FGM,DEFICIT_FGA,DEFICIT_FG3M,DEFICIT_FG3A,DEFICIT_FTM,DEFICIT_FTA,DEFICIT_OREB,DEFICIT_DREB,DEFICIT_REB,DEFICIT_AST,DEFICIT_STL,DEFICIT_BLK,DEFICIT_TO,DEFICIT_PF,DEFICIT_FG2M,DEFICIT_FG2A
0,Suns,8,22,0.364,23,30,0.767,10,39,49,20,7,6,17,20,107,30,62,0.483870967742,1,0.542857142857,0.485549132948,0.470588235294,0.5,0.46,0.483870967742,0.526315789474,0.549295774648,0.544444444444,0.5,0.388888888889,0.545454545455,0.607142857143,0.454545454545,0.566037735849,0.480620155039
1,Pistons,9,22,0.409,27,32,0.844,9,32,41,20,11,5,11,24,100,23,67,0.34328358209,0,0.457142857143,0.514450867052,0.529411764706,0.5,0.54,0.516129032258,0.473684210526,0.450704225352,0.455555555556,0.5,0.611111111111,0.454545454545,0.392857142857,0.545454545455,0.433962264151,0.519379844961
