,TEAM_NAME,FG3M,FG3A,FG3_PCT,FTM,FTA,FT_PCT,OREB,DREB,REB,AST,STL,BLK,TO,PF,PTS,FG2M,FG2A,FG2_PCT,OUTCOME,DEFICIT_FGM,DEFICIT_FGA,DEFICIT_FG3M,DEFICIT_FG3A,DEFICIT_FTM,DEFICIT_FTA,DEFICIT_OREB,DEFICIT_DREB,DEFICIT_REB,DEFICIT_AST,DEFICIT_STL,DEFICIT_BLK,DEFICIT_TO,DEFICIT_PF,DEFICIT_FG2M,DEFICIT_FG2A
0,Wizards,8,18,0.444,26,28,0.929,6,29,35,21,11,4,18,21,104,27,55,0.4909090909090909,1,0.4666666666666667,0.4591194968553459,0.47058823529411764,0.3829787234042553,0.65,0.5490196078431373,0.3333333333333333,0.5272727272727272,0.4794520547945205,0.525,0.5,0.8,0.5,0.5121951219512195,0.46551724137931033,0.49107142857142855
1,Rockets,9,29,0.31,14,23,0.609,12,26,38,19,11,1,18,20,103,31,57,0.543859649122807,0,0.5333333333333333,0.5408805031446541,0.5294117647058824,0.6170212765957447,0.35,0.45098039215686275,0.6666666666666666,0.4727272727272727,0.5205479452054794,0.475,0.5,0.2,0.5,0.4878048780487805,0.5344827586206896,0.5089285714285714
