,TEAM_NAME,FG3M,FG3A,FG3_PCT,FTM,FTA,FT_PCT,OREB,DREB,REB,AST,STL,BLK,TO,PF,PTS,FG2M,FG2A,FG2_PCT,OUTCOME,DEFICIT_FGM,DEFICIT_FGA,DEFICIT_FG3M,DEFICIT_FG3A,DEFICIT_FTM,DEFICIT_FTA,DEFICIT_OREB,DEFICIT_DREB,DEFICIT_REB,DEFICIT_AST,DEFICIT_STL,DEFICIT_BLK,DEFICIT_TO,DEFICIT_PF,DEFICIT_FG2M,DEFICIT_FG2A
0,Bucks,6,21,0.286,18,21,0.857,2,40,42,21,8,10,19,25,104,34,64,0.53125,1,0.547945205479,0.485714285714,0.461538461538,0.45652173913,0.461538461538,0.446808510638,0.181818181818,0.506329113924,0.466666666667,0.512195121951,0.380952380952,0.526315789474,0.527777777778,0.555555555556,0.566666666667,0.496124031008
1,Hornets,7,25,0.28,21,26,0.808,9,39,48,20,13,9,17,20,94,26,65,0.4,0,0.452054794521,0.514285714286,0.538461538462,0.54347826087,0.538461538462,0.553191489362,0.818181818182,0.493670886076,0.533333333333,0.487804878049,0.619047619048,0.473684210526,0.472222222222,0.444444444444,0.433333333333,0.503875968992
