,TEAM_NAME,FG3M,FG3A,FG3_PCT,FTM,FTA,FT_PCT,OREB,DREB,REB,AST,STL,BLK,TO,PF,PTS,FG2M,FG2A,FG2_PCT,OUTCOME,DEFICIT_FGM,DEFICIT_FGA,DEFICIT_FG3M,DEFICIT_FG3A,DEFICIT_FTM,DEFICIT_FTA,DEFICIT_OREB,DEFICIT_DREB,DEFICIT_REB,DEFICIT_AST,DEFICIT_STL,DEFICIT_BLK,DEFICIT_TO,DEFICIT_PF,DEFICIT_FG2M,DEFICIT_FG2A
0,Bucks,6,21,0.286,18,21,0.857,2,40,42,21,8,10,19,25,104,34,64,0.53125,1,0.547945205479452,0.4857142857142857,0.46153846153846156,0.45652173913043476,0.46153846153846156,0.44680851063829785,0.18181818181818182,0.5063291139240507,0.4666666666666667,0.5121951219512195,0.38095238095238093,0.5263157894736842,0.5277777777777778,0.5555555555555556,0.5666666666666667,0.49612403100775193
1,Hornets,7,25,0.28,21,26,0.808,9,39,48,20,13,9,17,20,94,26,65,0.4,0,0.4520547945205479,0.5142857142857142,0.5384615384615384,0.5434782608695652,0.5384615384615384,0.5531914893617021,0.8181818181818182,0.4936708860759494,0.5333333333333333,0.4878048780487805,0.6190476190476191,0.47368421052631576,0.4722222222222222,0.4444444444444444,0.43333333333333335,0.5038759689922481
