,TEAM_NAME,FG3M,FG3A,FG3_PCT,FTM,FTA,FT_PCT,OREB,DREB,REB,AST,STL,BLK,TO,PF,PTS,FG2M,FG2A,FG2_PCT,OUTCOME,DEFICIT_FGM,DEFICIT_FGA,DEFICIT_FG3M,DEFICIT_FG3A,DEFICIT_FTM,DEFICIT_FTA,DEFICIT_OREB,DEFICIT_DREB,DEFICIT_REB,DEFICIT_AST,DEFICIT_STL,DEFICIT_BLK,DEFICIT_TO,DEFICIT_PF,DEFICIT_FG2M,DEFICIT_FG2A
0,Pacers,5,13,0.385,13,21,0.619,7,37,44,18,5,8,13,25,90,31,70,0.442857142857,0,0.553846153846,0.497005988024,0.5,0.5,0.309523809524,0.388888888889,0.333333333333,0.536231884058,0.488888888889,0.514285714286,0.384615384615,0.533333333333,0.565217391304,0.609756097561,0.563636363636,0.496453900709
1,Bulls,5,13,0.385,29,33,0.879,14,32,46,17,8,7,10,16,92,24,71,0.338028169014,1,0.446153846154,0.502994011976,0.5,0.5,0.690476190476,0.611111111111,0.666666666667,0.463768115942,0.511111111111,0.485714285714,0.615384615385,0.466666666667,0.434782608696,0.390243902439,0.436363636364,0.503546099291
