,TEAM_NAME,FG3M,FG3A,FG3_PCT,FTM,FTA,FT_PCT,OREB,DREB,REB,AST,STL,BLK,TO,PF,PTS,FG2M,FG2A,FG2_PCT,OUTCOME,DEFICIT_FGM,DEFICIT_FGA,DEFICIT_FG3M,DEFICIT_FG3A,DEFICIT_FTM,DEFICIT_FTA,DEFICIT_OREB,DEFICIT_DREB,DEFICIT_REB,DEFICIT_AST,DEFICIT_STL,DEFICIT_BLK,DEFICIT_TO,DEFICIT_PF,DEFICIT_FG2M,DEFICIT_FG2A
0,Wizards,8,18,0.444,26,28,0.929,6,29,35,21,11,4,18,21,104,27,55,0.490909090909,1,0.466666666667,0.459119496855,0.470588235294,0.382978723404,0.65,0.549019607843,0.333333333333,0.527272727273,0.479452054795,0.525,0.5,0.8,0.5,0.512195121951,0.465517241379,0.491071428571
1,Rockets,9,29,0.31,14,23,0.609,12,26,38,19,11,1,18,20,103,31,57,0.543859649123,0,0.533333333333,0.540880503145,0.529411764706,0.617021276596,0.35,0.450980392157,0.666666666667,0.472727272727,0.520547945205,0.475,0.5,0.2,0.5,0.487804878049,0.534482758621,0.508928571429
