,TEAM_NAME,FG3M,FG3A,FG3_PCT,FTM,FTA,FT_PCT,OREB,DREB,REB,AST,STL,BLK,TO,PF,PTS,FG2M,FG2A,FG2_PCT,OUTCOME,DEFICIT_FGM,DEFICIT_FGA,DEFICIT_FG3M,DEFICIT_FG3A,DEFICIT_FTM,DEFICIT_FTA,DEFICIT_OREB,DEFICIT_DREB,DEFICIT_REB,DEFICIT_AST,DEFICIT_STL,DEFICIT_BLK,DEFICIT_TO,DEFICIT_PF,DEFICIT_FG2M,DEFICIT_FG2A
0,Grizzlies,8,18,0.444,22,32,0.688,6,32,38,19,7,3,15,30,112,33,59,0.559322033898,1,0.546666666667,0.503267973856,0.5,0.45,0.468085106383,0.470588235294,0.4,0.5,0.481012658228,0.575757575758,0.538461538462,0.5,0.46875,0.508474576271,0.559322033898,0.522123893805
1,Mavericks,8,22,0.364,25,36,0.694,9,32,41,14,6,3,17,29,101,26,54,0.481481481481,0,0.453333333333,0.496732026144,0.5,0.55,0.531914893617,0.529411764706,0.6,0.5,0.518987341772,0.424242424242,0.461538461538,0.5,0.53125,0.491525423729,0.440677966102,0.477876106195
