,TEAM_NAME,FG3M,FG3A,FG3_PCT,FTM,FTA,FT_PCT,OREB,DREB,REB,AST,STL,BLK,TO,PF,PTS,FG2M,FG2A,FG2_PCT,OUTCOME,DEFICIT_FGM,DEFICIT_FGA,DEFICIT_FG3M,DEFICIT_FG3A,DEFICIT_FTM,DEFICIT_FTA,DEFICIT_OREB,DEFICIT_DREB,DEFICIT_REB,DEFICIT_AST,DEFICIT_STL,DEFICIT_BLK,DEFICIT_TO,DEFICIT_PF,DEFICIT_FG2M,DEFICIT_FG2A
0,Spurs,5,23,0.217,20,23,0.87,7,38,45,31,11,4,13,14,101,33,58,0.568965517241,1,0.520547945205,0.479289940828,0.5,0.53488372093,0.588235294118,0.53488372093,0.333333333333,0.535211267606,0.489130434783,0.62,0.52380952381,0.666666666667,0.464285714286,0.424242424242,0.52380952381,0.460317460317
1,Celtics,5,20,0.25,14,20,0.7,14,33,47,19,10,2,15,19,89,30,68,0.441176470588,0,0.479452054795,0.520710059172,0.5,0.46511627907,0.411764705882,0.46511627907,0.666666666667,0.464788732394,0.510869565217,0.38,0.47619047619,0.333333333333,0.535714285714,0.575757575758,0.47619047619,0.539682539683
