,TEAM_NAME,FG3M,FG3A,FG3_PCT,FTM,FTA,FT_PCT,OREB,DREB,REB,AST,STL,BLK,TO,PF,PTS,FG2M,FG2A,FG2_PCT,OUTCOME,DEFICIT_FGM,DEFICIT_FGA,DEFICIT_FG3M,DEFICIT_FG3A,DEFICIT_FTM,DEFICIT_FTA,DEFICIT_OREB,DEFICIT_DREB,DEFICIT_REB,DEFICIT_AST,DEFICIT_STL,DEFICIT_BLK,DEFICIT_TO,DEFICIT_PF,DEFICIT_FG2M,DEFICIT_FG2A
0,Timberwolves,4,17,0.235,11,18,0.611,11,28,39,20,7,4,22,24,65,21,51,0.411764705882,0,0.431034482759,0.482269503546,0.4,0.515151515152,0.379310344828,0.428571428571,0.5,0.48275862069,0.4875,0.526315789474,0.4375,0.5,0.564102564103,0.533333333333,0.4375,0.472222222222
1,Grizzlies,6,16,0.375,18,24,0.75,11,30,41,18,9,4,17,21,90,27,57,0.473684210526,1,0.568965517241,0.517730496454,0.6,0.484848484848,0.620689655172,0.571428571429,0.5,0.51724137931,0.5125,0.473684210526,0.5625,0.5,0.435897435897,0.466666666667,0.5625,0.527777777778
