,TEAM_NAME,FG3M,FG3A,FG3_PCT,FTM,FTA,FT_PCT,OREB,DREB,REB,AST,STL,BLK,TO,PF,PTS,FG2M,FG2A,FG2_PCT,OUTCOME,DEFICIT_FGM,DEFICIT_FGA,DEFICIT_FG3M,DEFICIT_FG3A,DEFICIT_FTM,DEFICIT_FTA,DEFICIT_OREB,DEFICIT_DREB,DEFICIT_REB,DEFICIT_AST,DEFICIT_STL,DEFICIT_BLK,DEFICIT_TO,DEFICIT_PF,DEFICIT_FG2M,DEFICIT_FG2A
0,Spurs,10,22,0.455,20,22,0.909,6,38,44,18,8,8,20,16,96,23,50,0.46,1,0.5,0.461538461538,0.555555555556,0.468085106383,0.526315789474,0.511627906977,0.461538461538,0.558823529412,0.543209876543,0.486486486486,0.4,0.615384615385,0.625,0.5,0.479166666667,0.45871559633
1,Pistons,8,25,0.32,18,21,0.857,7,30,37,19,12,5,12,16,92,25,59,0.423728813559,0,0.5,0.538461538462,0.444444444444,0.531914893617,0.473684210526,0.488372093023,0.538461538462,0.441176470588,0.456790123457,0.513513513514,0.6,0.384615384615,0.375,0.5,0.520833333333,0.54128440367
