,TEAM_NAME,FG3M,FG3A,FG3_PCT,FTM,FTA,FT_PCT,OREB,DREB,REB,AST,STL,BLK,TO,PF,PTS,FG2M,FG2A,FG2_PCT,OUTCOME,DEFICIT_FGM,DEFICIT_FGA,DEFICIT_FG3M,DEFICIT_FG3A,DEFICIT_FTM,DEFICIT_FTA,DEFICIT_OREB,DEFICIT_DREB,DEFICIT_REB,DEFICIT_AST,DEFICIT_STL,DEFICIT_BLK,DEFICIT_TO,DEFICIT_PF,DEFICIT_FG2M,DEFICIT_FG2A
0,76ers,6,20,0.3,25,35,0.714,9,38,47,15,13,3,20,30,91,24,59,0.406779661017,0,0.483870967742,0.50641025641,0.6,0.540540540541,0.510204081633,0.538461538462,0.6,0.513513513514,0.52808988764,0.416666666667,0.65,0.3,0.512820512821,0.526315789474,0.461538461538,0.495798319328
1,Nets,4,17,0.235,24,30,0.8,6,36,42,21,7,7,19,27,92,28,60,0.466666666667,1,0.516129032258,0.49358974359,0.4,0.459459459459,0.489795918367,0.461538461538,0.4,0.486486486486,0.47191011236,0.583333333333,0.35,0.7,0.487179487179,0.473684210526,0.538461538462,0.504201680672
