,TEAM_NAME,FG3M,FG3A,FG3_PCT,FTM,FTA,FT_PCT,OREB,DREB,REB,AST,STL,BLK,TO,PF,PTS,FG2M,FG2A,FG2_PCT,OUTCOME,DEFICIT_FGM,DEFICIT_FGA,DEFICIT_FG3M,DEFICIT_FG3A,DEFICIT_FTM,DEFICIT_FTA,DEFICIT_OREB,DEFICIT_DREB,DEFICIT_REB,DEFICIT_AST,DEFICIT_STL,DEFICIT_BLK,DEFICIT_TO,DEFICIT_PF,DEFICIT_FG2M,DEFICIT_FG2A
0,Pistons,6,17,0.353,22,32,0.688,16,37,53,14,13,4,15,20,102,31,69,0.449275362319,1,0.521126760563,0.491428571429,0.4,0.326923076923,0.55,0.571428571429,0.484848484848,0.544117647059,0.524752475248,0.35,0.590909090909,0.444444444444,0.483870967742,0.46511627907,0.553571428571,0.560975609756
1,Hawks,9,35,0.257,18,24,0.75,17,31,48,26,9,5,16,23,95,25,54,0.462962962963,0,0.478873239437,0.508571428571,0.6,0.673076923077,0.45,0.428571428571,0.515151515152,0.455882352941,0.475247524752,0.65,0.409090909091,0.555555555556,0.516129032258,0.53488372093,0.446428571429,0.439024390244
