,TEAM_NAME,FG3M,FG3A,FG3_PCT,FTM,FTA,FT_PCT,OREB,DREB,REB,AST,STL,BLK,TO,PF,PTS,FG2M,FG2A,FG2_PCT,OUTCOME,DEFICIT_FGM,DEFICIT_FGA,DEFICIT_FG3M,DEFICIT_FG3A,DEFICIT_FTM,DEFICIT_FTA,DEFICIT_OREB,DEFICIT_DREB,DEFICIT_REB,DEFICIT_AST,DEFICIT_STL,DEFICIT_BLK,DEFICIT_TO,DEFICIT_PF,DEFICIT_FG2M,DEFICIT_FG2A
0,Heat,7,24,0.292,14,19,0.737,6,28,34,17,9,3,13,15,87,26,45,0.577777777778,0,0.478260869565,0.503649635036,0.4375,0.510638297872,0.666666666667,0.575757575758,0.6,0.474576271186,0.492753623188,0.566666666667,0.5,0.3,0.464285714286,0.51724137931,0.490566037736,0.5
1,Nets,9,23,0.391,7,14,0.5,4,31,35,13,9,7,15,14,88,27,45,0.6,1,0.521739130435,0.496350364964,0.5625,0.489361702128,0.333333333333,0.424242424242,0.4,0.525423728814,0.507246376812,0.433333333333,0.5,0.7,0.535714285714,0.48275862069,0.509433962264,0.5
