,TEAM_NAME,FG3M,FG3A,FG3_PCT,FTM,FTA,FT_PCT,OREB,DREB,REB,AST,STL,BLK,TO,PF,PTS,FG2M,FG2A,FG2_PCT,OUTCOME,DEFICIT_FGM,DEFICIT_FGA,DEFICIT_FG3M,DEFICIT_FG3A,DEFICIT_FTM,DEFICIT_FTA,DEFICIT_OREB,DEFICIT_DREB,DEFICIT_REB,DEFICIT_AST,DEFICIT_STL,DEFICIT_BLK,DEFICIT_TO,DEFICIT_PF,DEFICIT_FG2M,DEFICIT_FG2A
0,Raptors,10,26,0.385,22,26,0.846,13,26,39,21,7,7,12,22,114,31,59,0.525423728814,1,0.525641025641,0.534591194969,0.625,0.722222222222,0.468085106383,0.440677966102,0.541666666667,0.509803921569,0.52,0.45652173913,0.466666666667,0.636363636364,0.444444444444,0.5,0.5,0.479674796748
1,Timberwolves,6,10,0.6,25,33,0.758,11,25,36,25,8,4,15,22,105,31,64,0.484375,0,0.474358974359,0.465408805031,0.375,0.277777777778,0.531914893617,0.559322033898,0.458333333333,0.490196078431,0.48,0.54347826087,0.533333333333,0.363636363636,0.555555555556,0.5,0.5,0.520325203252
