,TEAM_NAME,FG3M,FG3A,FG3_PCT,FTM,FTA,FT_PCT,OREB,DREB,REB,AST,STL,BLK,TO,PF,PTS,FG2M,FG2A,FG2_PCT,OUTCOME,DEFICIT_FGM,DEFICIT_FGA,DEFICIT_FG3M,DEFICIT_FG3A,DEFICIT_FTM,DEFICIT_FTA,DEFICIT_OREB,DEFICIT_DREB,DEFICIT_REB,DEFICIT_AST,DEFICIT_STL,DEFICIT_BLK,DEFICIT_TO,DEFICIT_PF,DEFICIT_FG2M,DEFICIT_FG2A
0,Wizards,9,28,0.321,19,26,0.731,9,33,42,19,11,4,11,22,104,29,62,0.467741935484,0,0.463414634146,0.505617977528,0.529411764706,0.549019607843,0.59375,0.619047619048,0.5625,0.434210526316,0.45652173913,0.422222222222,0.647058823529,0.666666666667,0.423076923077,0.5,0.446153846154,0.488188976378
1,Bulls,8,23,0.348,13,16,0.813,7,43,50,26,6,2,15,22,109,36,65,0.553846153846,1,0.536585365854,0.494382022472,0.470588235294,0.450980392157,0.40625,0.380952380952,0.4375,0.565789473684,0.54347826087,0.577777777778,0.352941176471,0.333333333333,0.576923076923,0.5,0.553846153846,0.511811023622
