,TEAM_NAME,FG3M,FG3A,FG3_PCT,FTM,FTA,FT_PCT,OREB,DREB,REB,AST,STL,BLK,TO,PF,PTS,FG2M,FG2A,FG2_PCT,OUTCOME,DEFICIT_FGM,DEFICIT_FGA,DEFICIT_FG3M,DEFICIT_FG3A,DEFICIT_FTM,DEFICIT_FTA,DEFICIT_OREB,DEFICIT_DREB,DEFICIT_REB,DEFICIT_AST,DEFICIT_STL,DEFICIT_BLK,DEFICIT_TO,DEFICIT_PF,DEFICIT_FG2M,DEFICIT_FG2A
0,Spurs,8,19,0.421,12,15,0.8,6,44,50,26,13,8,16,16,108,36,66,0.545454545455,1,0.530120481928,0.469613259669,0.571428571429,0.513513513514,0.6,0.5,0.375,0.564102564103,0.531914893617,0.490566037736,0.5,0.888888888889,0.533333333333,0.533333333333,0.521739130435,0.458333333333
1,Kings,6,18,0.333,8,15,0.533,10,34,44,27,13,1,14,14,92,33,78,0.423076923077,0,0.469879518072,0.530386740331,0.428571428571,0.486486486486,0.4,0.5,0.625,0.435897435897,0.468085106383,0.509433962264,0.5,0.111111111111,0.466666666667,0.466666666667,0.478260869565,0.541666666667
