,TEAM_NAME,FG3M,FG3A,FG3_PCT,FTM,FTA,FT_PCT,OREB,DREB,REB,AST,STL,BLK,TO,PF,PTS,FG2M,FG2A,FG2_PCT,OUTCOME,DEFICIT_FGM,DEFICIT_FGA,DEFICIT_FG3M,DEFICIT_FG3A,DEFICIT_FTM,DEFICIT_FTA,DEFICIT_OREB,DEFICIT_DREB,DEFICIT_REB,DEFICIT_AST,DEFICIT_STL,DEFICIT_BLK,DEFICIT_TO,DEFICIT_PF,DEFICIT_FG2M,DEFICIT_FG2A
0,Heat,6,14,0.429,26,31,0.839,11,35,46,19,8,8,12,23,112,34,72,0.472222222222,0,0.487804878049,0.488636363636,0.315789473684,0.333333333333,0.553191489362,0.553571428571,0.55,0.507246376812,0.516853932584,0.452380952381,0.533333333333,0.8,0.48,0.489361702128,0.539682539683,0.537313432836
1,Warriors,13,28,0.464,21,25,0.84,9,34,43,23,7,2,13,24,118,29,62,0.467741935484,1,0.512195121951,0.511363636364,0.684210526316,0.666666666667,0.446808510638,0.446428571429,0.45,0.492753623188,0.483146067416,0.547619047619,0.466666666667,0.2,0.52,0.510638297872,0.460317460317,0.462686567164
