,TEAM_NAME,FG3M,FG3A,FG3_PCT,FTM,FTA,FT_PCT,OREB,DREB,REB,AST,STL,BLK,TO,PF,PTS,FG2M,FG2A,FG2_PCT,OUTCOME,DEFICIT_FGM,DEFICIT_FGA,DEFICIT_FG3M,DEFICIT_FG3A,DEFICIT_FTM,DEFICIT_FTA,DEFICIT_OREB,DEFICIT_DREB,DEFICIT_REB,DEFICIT_AST,DEFICIT_STL,DEFICIT_BLK,DEFICIT_TO,DEFICIT_PF,DEFICIT_FG2M,DEFICIT_FG2A
0,Pelicans,14,32,0.438,12,17,0.706,10,32,42,19,6,6,19,25,98,22,46,0.478260869565,1,0.537313432836,0.52,0.736842105263,0.68085106383,0.387096774194,0.377777777778,0.5,0.5,0.5,0.513513513514,0.352941176471,0.666666666667,0.558823529412,0.595238095238,0.458333333333,0.446601941748
1,Heat,5,15,0.333,19,28,0.679,10,32,42,18,11,3,15,17,86,26,57,0.456140350877,0,0.462686567164,0.48,0.263157894737,0.31914893617,0.612903225806,0.622222222222,0.5,0.5,0.5,0.486486486486,0.647058823529,0.333333333333,0.441176470588,0.404761904762,0.541666666667,0.553398058252
