,TEAM_NAME,FG3M,FG3A,FG3_PCT,FTM,FTA,FT_PCT,OREB,DREB,REB,AST,STL,BLK,TO,PF,PTS,FG2M,FG2A,FG2_PCT,OUTCOME,DEFICIT_FGM,DEFICIT_FGA,DEFICIT_FG3M,DEFICIT_FG3A,DEFICIT_FTM,DEFICIT_FTA,DEFICIT_OREB,DEFICIT_DREB,DEFICIT_REB,DEFICIT_AST,DEFICIT_STL,DEFICIT_BLK,DEFICIT_TO,DEFICIT_PF,DEFICIT_FG2M,DEFICIT_FG2A
0,Magic,14,27,0.519,13,19,0.684,5,30,35,40,11,5,10,29,139,42,64,0.65625,1,0.602150537634,0.535294117647,0.736842105263,0.658536585366,0.333333333333,0.327586206897,0.263157894737,0.545454545455,0.472972972973,0.677966101695,0.611111111111,0.5,0.357142857143,0.617021276596,0.567567567568,0.496124031008
1,Nets,5,14,0.357,26,39,0.667,14,25,39,19,7,5,18,18,105,32,65,0.492307692308,0,0.397849462366,0.464705882353,0.263157894737,0.341463414634,0.666666666667,0.672413793103,0.736842105263,0.454545454545,0.527027027027,0.322033898305,0.388888888889,0.5,0.642857142857,0.382978723404,0.432432432432,0.503875968992
