,TEAM_NAME,FG3M,FG3A,FG3_PCT,FTM,FTA,FT_PCT,OREB,DREB,REB,AST,STL,BLK,TO,PF,PTS,FG2M,FG2A,FG2_PCT,OUTCOME,DEFICIT_FGM,DEFICIT_FGA,DEFICIT_FG3M,DEFICIT_FG3A,DEFICIT_FTM,DEFICIT_FTA,DEFICIT_OREB,DEFICIT_DREB,DEFICIT_REB,DEFICIT_AST,DEFICIT_STL,DEFICIT_BLK,DEFICIT_TO,DEFICIT_PF,DEFICIT_FG2M,DEFICIT_FG2A
0,Thunder,6,21,0.286,14,22,0.636,14,31,45,16,10,7,19,21,82,25,61,0.409836065574,0,0.484375,0.485207100592,0.6,0.525,0.4375,0.52380952381,0.466666666667,0.455882352941,0.459183673469,0.444444444444,0.625,0.636363636364,0.542857142857,0.538461538462,0.462962962963,0.472868217054
1,Pistons,4,19,0.211,18,20,0.9,16,37,53,20,6,4,16,18,88,29,68,0.426470588235,1,0.515625,0.514792899408,0.4,0.475,0.5625,0.47619047619,0.533333333333,0.544117647059,0.540816326531,0.555555555556,0.375,0.363636363636,0.457142857143,0.461538461538,0.537037037037,0.527131782946
