,TEAM_NAME,FG3M,FG3A,FG3_PCT,FTM,FTA,FT_PCT,OREB,DREB,REB,AST,STL,BLK,TO,PF,PTS,FG2M,FG2A,FG2_PCT,OUTCOME,DEFICIT_FGM,DEFICIT_FGA,DEFICIT_FG3M,DEFICIT_FG3A,DEFICIT_FTM,DEFICIT_FTA,DEFICIT_OREB,DEFICIT_DREB,DEFICIT_REB,DEFICIT_AST,DEFICIT_STL,DEFICIT_BLK,DEFICIT_TO,DEFICIT_PF,DEFICIT_FG2M,DEFICIT_FG2A
0,Grizzlies,4,11,0.364,21,26,0.808,12,26,38,21,8,2,13,18,107,37,67,0.5522388059701493,1,0.5,0.4727272727272727,0.36363636363636365,0.3333333333333333,0.6176470588235294,0.6046511627906976,0.4444444444444444,0.5306122448979592,0.5,0.4883720930232558,0.5,0.25,0.5,0.45,0.5211267605633803,0.5075757575757576
1,Lakers,7,22,0.318,13,17,0.765,15,23,38,22,8,6,13,22,102,34,65,0.5230769230769231,0,0.5,0.5272727272727272,0.6363636363636364,0.6666666666666666,0.38235294117647056,0.3953488372093023,0.5555555555555556,0.46938775510204084,0.5,0.5116279069767442,0.5,0.75,0.5,0.55,0.4788732394366197,0.49242424242424243
