,TEAM_NAME,FG3M,FG3A,FG3_PCT,FTM,FTA,FT_PCT,OREB,DREB,REB,AST,STL,BLK,TO,PF,PTS,FG2M,FG2A,FG2_PCT,OUTCOME,DEFICIT_FGM,DEFICIT_FGA,DEFICIT_FG3M,DEFICIT_FG3A,DEFICIT_FTM,DEFICIT_FTA,DEFICIT_OREB,DEFICIT_DREB,DEFICIT_REB,DEFICIT_AST,DEFICIT_STL,DEFICIT_BLK,DEFICIT_TO,DEFICIT_PF,DEFICIT_FG2M,DEFICIT_FG2A
0,Raptors,9,21,0.429,25,30,0.833,5,35,40,16,9,1,12,17,104,26,56,0.4642857142857143,1,0.47297297297297297,0.4873417721518987,0.42857142857142855,0.45652173913043476,0.7142857142857143,0.6521739130434783,0.45454545454545453,0.5147058823529411,0.5063291139240507,0.38095238095238093,0.5294117647058824,0.16666666666666666,0.42857142857142855,0.4146341463414634,0.49056603773584906,0.5
1,Magic,12,25,0.48,10,16,0.625,6,33,39,26,8,5,16,24,100,27,56,0.48214285714285715,0,0.527027027027027,0.5126582278481012,0.5714285714285714,0.5434782608695652,0.2857142857142857,0.34782608695652173,0.5454545454545454,0.4852941176470588,0.4936708860759494,0.6190476190476191,0.47058823529411764,0.8333333333333334,0.5714285714285714,0.5853658536585366,0.5094339622641509,0.5
