,TEAM_NAME,FG3M,FG3A,FG3_PCT,FTM,FTA,FT_PCT,OREB,DREB,REB,AST,STL,BLK,TO,PF,PTS,FG2M,FG2A,FG2_PCT,OUTCOME,DEFICIT_FGM,DEFICIT_FGA,DEFICIT_FG3M,DEFICIT_FG3A,DEFICIT_FTM,DEFICIT_FTA,DEFICIT_OREB,DEFICIT_DREB,DEFICIT_REB,DEFICIT_AST,DEFICIT_STL,DEFICIT_BLK,DEFICIT_TO,DEFICIT_PF,DEFICIT_FG2M,DEFICIT_FG2A
0,Kings,9,19,0.474,25,32,0.781,12,31,43,17,5,1,20,32,98,23,53,0.4339622641509434,0,0.45714285714285713,0.47368421052631576,0.47368421052631576,0.41304347826086957,0.5555555555555556,0.5714285714285714,0.5714285714285714,0.5636363636363636,0.5657894736842105,0.425,0.38461538461538464,0.1111111111111111,0.6451612903225806,0.5245901639344263,0.45098039215686275,0.5
1,Mavericks,10,27,0.37,20,24,0.833,9,24,33,23,8,8,11,29,106,28,53,0.5283018867924528,1,0.5428571428571428,0.5263157894736842,0.5263157894736842,0.5869565217391305,0.4444444444444444,0.42857142857142855,0.42857142857142855,0.43636363636363634,0.4342105263157895,0.575,0.6153846153846154,0.8888888888888888,0.3548387096774194,0.47540983606557374,0.5490196078431373,0.5
