,TEAM_NAME,FG3M,FG3A,FG3_PCT,FTM,FTA,FT_PCT,OREB,DREB,REB,AST,STL,BLK,TO,PF,PTS,FG2M,FG2A,FG2_PCT,OUTCOME,DEFICIT_FGM,DEFICIT_FGA,DEFICIT_FG3M,DEFICIT_FG3A,DEFICIT_FTM,DEFICIT_FTA,DEFICIT_OREB,DEFICIT_DREB,DEFICIT_REB,DEFICIT_AST,DEFICIT_STL,DEFICIT_BLK,DEFICIT_TO,DEFICIT_PF,DEFICIT_FG2M,DEFICIT_FG2A
0,Thunder,6,20,0.3,14,19,0.737,13,33,46,15,6,5,15,22,78,23,67,0.34328358209,0,0.467741935484,0.517857142857,0.666666666667,0.571428571429,0.466666666667,0.441860465116,0.481481481481,0.471428571429,0.474226804124,0.454545454545,0.545454545455,0.454545454545,0.483870967742,0.5,0.433962264151,0.503759398496
1,Bucks,3,15,0.2,16,24,0.667,14,37,51,18,5,6,16,22,85,30,66,0.454545454545,1,0.532258064516,0.482142857143,0.333333333333,0.428571428571,0.533333333333,0.558139534884,0.518518518519,0.528571428571,0.525773195876,0.545454545455,0.454545454545,0.545454545455,0.516129032258,0.5,0.566037735849,0.496240601504
