,TEAM_NAME,FG3M,FG3A,FG3_PCT,FTM,FTA,FT_PCT,OREB,DREB,REB,AST,STL,BLK,TO,PF,PTS,FG2M,FG2A,FG2_PCT,OUTCOME,DEFICIT_FGM,DEFICIT_FGA,DEFICIT_FG3M,DEFICIT_FG3A,DEFICIT_FTM,DEFICIT_FTA,DEFICIT_OREB,DEFICIT_DREB,DEFICIT_REB,DEFICIT_AST,DEFICIT_STL,DEFICIT_BLK,DEFICIT_TO,DEFICIT_PF,DEFICIT_FG2M,DEFICIT_FG2A
0,Raptors,9,21,0.429,25,30,0.833,5,35,40,16,9,1,12,17,104,26,56,0.464285714286,1,0.472972972973,0.487341772152,0.428571428571,0.45652173913,0.714285714286,0.652173913043,0.454545454545,0.514705882353,0.506329113924,0.380952380952,0.529411764706,0.166666666667,0.428571428571,0.414634146341,0.490566037736,0.5
1,Magic,12,25,0.48,10,16,0.625,6,33,39,26,8,5,16,24,100,27,56,0.482142857143,0,0.527027027027,0.512658227848,0.571428571429,0.54347826087,0.285714285714,0.347826086957,0.545454545455,0.485294117647,0.493670886076,0.619047619048,0.470588235294,0.833333333333,0.571428571429,0.585365853659,0.509433962264,0.5
