,TEAM_NAME,FG3M,FG3A,FG3_PCT,FTM,FTA,FT_PCT,OREB,DREB,REB,AST,STL,BLK,TO,PF,PTS,FG2M,FG2A,FG2_PCT,OUTCOME,DEFICIT_FGM,DEFICIT_FGA,DEFICIT_FG3M,DEFICIT_FG3A,DEFICIT_FTM,DEFICIT_FTA,DEFICIT_OREB,DEFICIT_DREB,DEFICIT_REB,DEFICIT_AST,DEFICIT_STL,DEFICIT_BLK,DEFICIT_TO,DEFICIT_PF,DEFICIT_FG2M,DEFICIT_FG2A
0,Nuggets,18,42,0.429,9,14,0.643,10,43,53,31,7,1,16,14,109,23,42,0.547619047619,1,0.539473684211,0.488372093023,0.6,0.512195121951,0.5,0.56,0.555555555556,0.558441558442,0.557894736842,0.563636363636,0.466666666667,0.2,0.551724137931,0.56,0.5,0.466666666667
1,Mavericks,12,40,0.3,9,11,0.818,8,34,42,24,8,4,13,11,91,23,48,0.479166666667,0,0.460526315789,0.511627906977,0.4,0.487804878049,0.5,0.44,0.444444444444,0.441558441558,0.442105263158,0.436363636364,0.533333333333,0.8,0.448275862069,0.44,0.5,0.533333333333
