,TEAM_NAME,FG3M,FG3A,FG3_PCT,FTM,FTA,FT_PCT,OREB,DREB,REB,AST,STL,BLK,TO,PF,PTS,FG2M,FG2A,FG2_PCT,OUTCOME,DEFICIT_FGM,DEFICIT_FGA,DEFICIT_FG3M,DEFICIT_FG3A,DEFICIT_FTM,DEFICIT_FTA,DEFICIT_OREB,DEFICIT_DREB,DEFICIT_REB,DEFICIT_AST,DEFICIT_STL,DEFICIT_BLK,DEFICIT_TO,DEFICIT_PF,DEFICIT_FG2M,DEFICIT_FG2A
0,Jazz,7,19,0.368,41,53,0.774,12,30,42,16,8,5,20,39,110,24,57,0.421052631579,0,0.476923076923,0.5,0.636363636364,0.558823529412,0.5125,0.5,0.6,0.491803278689,0.518518518519,0.5,0.421052631579,0.625,0.5,0.493670886076,0.444444444444,0.483050847458
1,Suns,4,15,0.267,39,53,0.736,8,31,39,16,11,3,20,40,111,30,61,0.491803278689,1,0.523076923077,0.5,0.363636363636,0.441176470588,0.4875,0.5,0.4,0.508196721311,0.481481481481,0.5,0.578947368421,0.375,0.5,0.506329113924,0.555555555556,0.516949152542
