,TEAM_NAME,FG3M,FG3A,FG3_PCT,FTM,FTA,FT_PCT,OREB,DREB,REB,AST,STL,BLK,TO,PF,PTS,FG2M,FG2A,FG2_PCT,OUTCOME,DEFICIT_FGM,DEFICIT_FGA,DEFICIT_FG3M,DEFICIT_FG3A,DEFICIT_FTM,DEFICIT_FTA,DEFICIT_OREB,DEFICIT_DREB,DEFICIT_REB,DEFICIT_AST,DEFICIT_STL,DEFICIT_BLK,DEFICIT_TO,DEFICIT_PF,DEFICIT_FG2M,DEFICIT_FG2A
0,Spurs,11,24,0.458,18,20,0.9,10,32,42,22,16,4,14,21,95,22,61,0.360655737705,1,0.507692307692,0.512048192771,0.611111111111,0.533333333333,0.5,0.487804878049,0.4,0.470588235294,0.451612903226,0.564102564103,0.695652173913,0.333333333333,0.378378378378,0.477272727273,0.468085106383,0.504132231405
1,Magic,7,21,0.333,18,21,0.857,15,36,51,17,7,8,23,23,89,25,60,0.416666666667,0,0.492307692308,0.487951807229,0.388888888889,0.466666666667,0.5,0.512195121951,0.6,0.529411764706,0.548387096774,0.435897435897,0.304347826087,0.666666666667,0.621621621622,0.522727272727,0.531914893617,0.495867768595
