,TEAM_NAME,FG3M,FG3A,FG3_PCT,FTM,FTA,FT_PCT,OREB,DREB,REB,AST,STL,BLK,TO,PF,PTS,FG2M,FG2A,FG2_PCT,OUTCOME,DEFICIT_FGM,DEFICIT_FGA,DEFICIT_FG3M,DEFICIT_FG3A,DEFICIT_FTM,DEFICIT_FTA,DEFICIT_OREB,DEFICIT_DREB,DEFICIT_REB,DEFICIT_AST,DEFICIT_STL,DEFICIT_BLK,DEFICIT_TO,DEFICIT_PF,DEFICIT_FG2M,DEFICIT_FG2A
0,Pelicans,7,24,0.292,25,32,0.781,7,35,42,27,6,4,15,27,104,29,58,0.5,0,0.467532467532,0.463276836158,0.411764705882,0.4,0.510204081633,0.533333333333,0.318181818182,0.514705882353,0.466666666667,0.551020408163,0.461538461538,0.444444444444,0.576923076923,0.519230769231,0.483333333333,0.495726495726
1,Rockets,10,36,0.278,24,28,0.857,15,33,48,22,7,5,11,25,116,31,59,0.525423728814,1,0.532467532468,0.536723163842,0.588235294118,0.6,0.489795918367,0.466666666667,0.681818181818,0.485294117647,0.533333333333,0.448979591837,0.538461538462,0.555555555556,0.423076923077,0.480769230769,0.516666666667,0.504273504274
