,TEAM_NAME,FG3M,FG3A,FG3_PCT,FTM,FTA,FT_PCT,OREB,DREB,REB,AST,STL,BLK,TO,PF,PTS,FG2M,FG2A,FG2_PCT,OUTCOME,DEFICIT_FGM,DEFICIT_FGA,DEFICIT_FG3M,DEFICIT_FG3A,DEFICIT_FTM,DEFICIT_FTA,DEFICIT_OREB,DEFICIT_DREB,DEFICIT_REB,DEFICIT_AST,DEFICIT_STL,DEFICIT_BLK,DEFICIT_TO,DEFICIT_PF,DEFICIT_FG2M,DEFICIT_FG2A
0,Bucks,10,25,0.4,23,33,0.697,15,30,45,20,12,6,16,23,93,20,55,0.363636363636,1,0.461538461538,0.512820512821,0.666666666667,0.568181818182,0.589743589744,0.568965517241,0.576923076923,0.44776119403,0.483870967742,0.47619047619,0.571428571429,0.461538461538,0.421052631579,0.469387755102,0.4,0.491071428571
1,Bulls,5,19,0.263,16,25,0.64,11,37,48,22,9,7,22,26,91,30,57,0.526315789474,0,0.538461538462,0.487179487179,0.333333333333,0.431818181818,0.410256410256,0.431034482759,0.423076923077,0.55223880597,0.516129032258,0.52380952381,0.428571428571,0.538461538462,0.578947368421,0.530612244898,0.6,0.508928571429
