,TEAM_NAME,FG3M,FG3A,FG3_PCT,FTM,FTA,FT_PCT,OREB,DREB,REB,AST,STL,BLK,TO,PF,PTS,FG2M,FG2A,FG2_PCT,OUTCOME,DEFICIT_FGM,DEFICIT_FGA,DEFICIT_FG3M,DEFICIT_FG3A,DEFICIT_FTM,DEFICIT_FTA,DEFICIT_OREB,DEFICIT_DREB,DEFICIT_REB,DEFICIT_AST,DEFICIT_STL,DEFICIT_BLK,DEFICIT_TO,DEFICIT_PF,DEFICIT_FG2M,DEFICIT_FG2A
0,Spurs,11,25,0.44,11,16,0.688,11,30,41,17,15,8,30,34,86,21,55,0.381818181818,0,0.533333333333,0.519480519481,0.785714285714,0.694444444444,0.255813953488,0.296296296296,0.458333333333,0.461538461538,0.460674157303,0.515151515152,0.535714285714,0.444444444444,0.51724137931,0.618181818182,0.45652173913,0.466101694915
1,Suns,3,11,0.273,32,38,0.842,13,35,48,16,13,10,28,21,91,25,63,0.396825396825,1,0.466666666667,0.480519480519,0.214285714286,0.305555555556,0.744186046512,0.703703703704,0.541666666667,0.538461538462,0.539325842697,0.484848484848,0.464285714286,0.555555555556,0.48275862069,0.381818181818,0.54347826087,0.533898305085
