,TEAM_NAME,FG3M,FG3A,FG3_PCT,FTM,FTA,FT_PCT,OREB,DREB,REB,AST,STL,BLK,TO,PF,PTS,FG2M,FG2A,FG2_PCT,OUTCOME,DEFICIT_FGM,DEFICIT_FGA,DEFICIT_FG3M,DEFICIT_FG3A,DEFICIT_FTM,DEFICIT_FTA,DEFICIT_OREB,DEFICIT_DREB,DEFICIT_REB,DEFICIT_AST,DEFICIT_STL,DEFICIT_BLK,DEFICIT_TO,DEFICIT_PF,DEFICIT_FG2M,DEFICIT_FG2A
0,Jazz,7,16,0.438,22,30,0.733,12,37,49,17,7,2,19,16,89,23,57,0.40350877193,0,0.44776119403,0.486666666667,0.35,0.32,0.666666666667,0.652173913043,0.857142857143,0.536231884058,0.590361445783,0.414634146341,0.368421052632,0.2,0.558823529412,0.444444444444,0.489361702128,0.57
1,Trail Blazers,13,34,0.382,11,16,0.688,2,32,34,24,12,8,15,20,98,24,43,0.558139534884,1,0.55223880597,0.513333333333,0.65,0.68,0.333333333333,0.347826086957,0.142857142857,0.463768115942,0.409638554217,0.585365853659,0.631578947368,0.8,0.441176470588,0.555555555556,0.510638297872,0.43
