,TEAM_NAME,FG3M,FG3A,FG3_PCT,FTM,FTA,FT_PCT,OREB,DREB,REB,AST,STL,BLK,TO,PF,PTS,FG2M,FG2A,FG2_PCT,OUTCOME,DEFICIT_FGM,DEFICIT_FGA,DEFICIT_FG3M,DEFICIT_FG3A,DEFICIT_FTM,DEFICIT_FTA,DEFICIT_OREB,DEFICIT_DREB,DEFICIT_REB,DEFICIT_AST,DEFICIT_STL,DEFICIT_BLK,DEFICIT_TO,DEFICIT_PF,DEFICIT_FG2M,DEFICIT_FG2A
0,Suns,12,30,0.4,27,33,0.818,9,30,39,17,9,2,21,19,107,22,49,0.4489795918367347,1,0.5074626865671642,0.5337837837837838,0.5217391304347826,0.5555555555555556,0.6,0.6111111111111112,0.75,0.47619047619047616,0.52,0.5151515151515151,0.5,0.2222222222222222,0.44680851063829785,0.4222222222222222,0.5,0.5212765957446809
1,Warriors,11,24,0.458,18,21,0.857,3,33,36,16,9,7,26,26,95,22,45,0.4888888888888889,0,0.4925373134328358,0.46621621621621623,0.4782608695652174,0.4444444444444444,0.4,0.3888888888888889,0.25,0.5238095238095238,0.48,0.48484848484848486,0.5,0.7777777777777778,0.5531914893617021,0.5777777777777777,0.5,0.4787234042553192
