,TEAM_NAME,FG3M,FG3A,FG3_PCT,FTM,FTA,FT_PCT,OREB,DREB,REB,AST,STL,BLK,TO,PF,PTS,FG2M,FG2A,FG2_PCT,OUTCOME,DEFICIT_FGM,DEFICIT_FGA,DEFICIT_FG3M,DEFICIT_FG3A,DEFICIT_FTM,DEFICIT_FTA,DEFICIT_OREB,DEFICIT_DREB,DEFICIT_REB,DEFICIT_AST,DEFICIT_STL,DEFICIT_BLK,DEFICIT_TO,DEFICIT_PF,DEFICIT_FG2M,DEFICIT_FG2A
0,Trail Blazers,16,31,0.516,10,14,0.714,16,35,51,27,7,11,10,21,116,29,69,0.420289855072,1,0.555555555556,0.523560209424,0.761904761905,0.704545454545,0.30303030303,0.318181818182,0.470588235294,0.486111111111,0.481132075472,0.658536585366,0.583333333333,0.611111111111,0.4,0.488372093023,0.483333333333,0.469387755102
1,Nuggets,5,13,0.385,23,30,0.767,18,37,55,14,5,7,15,22,100,31,78,0.397435897436,0,0.444444444444,0.476439790576,0.238095238095,0.295454545455,0.69696969697,0.681818181818,0.529411764706,0.513888888889,0.518867924528,0.341463414634,0.416666666667,0.388888888889,0.6,0.511627906977,0.516666666667,0.530612244898
