,TEAM_NAME,FG3M,FG3A,FG3_PCT,FTM,FTA,FT_PCT,OREB,DREB,REB,AST,STL,BLK,TO,PF,PTS,FG2M,FG2A,FG2_PCT,OUTCOME,DEFICIT_FGM,DEFICIT_FGA,DEFICIT_FG3M,DEFICIT_FG3A,DEFICIT_FTM,DEFICIT_FTA,DEFICIT_OREB,DEFICIT_DREB,DEFICIT_REB,DEFICIT_AST,DEFICIT_STL,DEFICIT_BLK,DEFICIT_TO,DEFICIT_PF,DEFICIT_FG2M,DEFICIT_FG2A
0,Magic,8,15,0.533,10,16,0.625,5,26,31,25,7,2,17,24,96,31,60,0.516666666667,0,0.493670886076,0.474683544304,0.666666666667,0.51724137931,0.333333333333,0.410256410256,0.263157894737,0.456140350877,0.407894736842,0.520833333333,0.411764705882,0.285714285714,0.548387096774,0.533333333333,0.462686567164,0.46511627907
1,Nets,4,14,0.286,20,23,0.87,14,31,45,23,10,5,14,21,104,36,69,0.521739130435,1,0.506329113924,0.525316455696,0.333333333333,0.48275862069,0.666666666667,0.589743589744,0.736842105263,0.543859649123,0.592105263158,0.479166666667,0.588235294118,0.714285714286,0.451612903226,0.466666666667,0.537313432836,0.53488372093
