,TEAM_NAME,FG3M,FG3A,FG3_PCT,FTM,FTA,FT_PCT,OREB,DREB,REB,AST,STL,BLK,TO,PF,PTS,FG2M,FG2A,FG2_PCT,OUTCOME,DEFICIT_FGM,DEFICIT_FGA,DEFICIT_FG3M,DEFICIT_FG3A,DEFICIT_FTM,DEFICIT_FTA,DEFICIT_OREB,DEFICIT_DREB,DEFICIT_REB,DEFICIT_AST,DEFICIT_STL,DEFICIT_BLK,DEFICIT_TO,DEFICIT_PF,DEFICIT_FG2M,DEFICIT_FG2A
0,Wizards,11,28,0.393,24,30,0.8,12,29,41,21,13,7,14,28,113,28,60,0.466666666667,0,0.4875,0.520710059172,0.55,0.608695652174,0.48,0.47619047619,0.631578947368,0.475409836066,0.5125,0.45652173913,0.590909090909,0.583333333333,0.48275862069,0.528301886792,0.466666666667,0.487804878049
1,Nuggets,9,18,0.5,26,33,0.788,7,32,39,25,9,5,15,25,117,32,63,0.507936507937,1,0.5125,0.479289940828,0.45,0.391304347826,0.52,0.52380952381,0.368421052632,0.524590163934,0.4875,0.54347826087,0.409090909091,0.416666666667,0.51724137931,0.471698113208,0.533333333333,0.512195121951
