,TEAM_NAME,FG3M,FG3A,FG3_PCT,FTM,FTA,FT_PCT,OREB,DREB,REB,AST,STL,BLK,TO,PF,PTS,FG2M,FG2A,FG2_PCT,OUTCOME,DEFICIT_FGM,DEFICIT_FGA,DEFICIT_FG3M,DEFICIT_FG3A,DEFICIT_FTM,DEFICIT_FTA,DEFICIT_OREB,DEFICIT_DREB,DEFICIT_REB,DEFICIT_AST,DEFICIT_STL,DEFICIT_BLK,DEFICIT_TO,DEFICIT_PF,DEFICIT_FG2M,DEFICIT_FG2A
0,Pacers,9,15,0.6,26,30,0.867,10,39,49,20,10,8,16,17,111,29,63,0.460317460317,1,0.535211267606,0.484472049689,0.5625,0.348837209302,0.577777777778,0.588235294118,0.666666666667,0.590909090909,0.604938271605,0.5,0.526315789474,0.666666666667,0.533333333333,0.435897435897,0.527272727273,0.533898305085
1,Hawks,7,28,0.25,19,21,0.905,5,27,32,20,9,4,14,22,92,26,55,0.472727272727,0,0.464788732394,0.515527950311,0.4375,0.651162790698,0.422222222222,0.411764705882,0.333333333333,0.409090909091,0.395061728395,0.5,0.473684210526,0.333333333333,0.466666666667,0.564102564103,0.472727272727,0.466101694915
