,TEAM_NAME,FG3M,FG3A,FG3_PCT,FTM,FTA,FT_PCT,OREB,DREB,REB,AST,STL,BLK,TO,PF,PTS,FG2M,FG2A,FG2_PCT,OUTCOME,DEFICIT_FGM,DEFICIT_FGA,DEFICIT_FG3M,DEFICIT_FG3A,DEFICIT_FTM,DEFICIT_FTA,DEFICIT_OREB,DEFICIT_DREB,DEFICIT_REB,DEFICIT_AST,DEFICIT_STL,DEFICIT_BLK,DEFICIT_TO,DEFICIT_PF,DEFICIT_FG2M,DEFICIT_FG2A
0,Wizards,5,24,0.208,20,26,0.769,12,29,41,17,8,5,8,22,101,33,73,0.452054794521,0,0.463414634146,0.530054644809,0.25,0.510638297872,0.47619047619,0.472727272727,0.545454545455,0.402777777778,0.436170212766,0.386363636364,0.666666666667,0.714285714286,0.4,0.5,0.532258064516,0.536764705882
1,Thunder,15,23,0.652,22,29,0.759,10,43,53,27,4,2,12,22,125,29,63,0.460317460317,1,0.536585365854,0.469945355191,0.75,0.489361702128,0.52380952381,0.527272727273,0.454545454545,0.597222222222,0.563829787234,0.613636363636,0.333333333333,0.285714285714,0.6,0.5,0.467741935484,0.463235294118
