,TEAM_NAME,FG3M,FG3A,FG3_PCT,FTM,FTA,FT_PCT,OREB,DREB,REB,AST,STL,BLK,TO,PF,PTS,FG2M,FG2A,FG2_PCT,OUTCOME,DEFICIT_FGM,DEFICIT_FGA,DEFICIT_FG3M,DEFICIT_FG3A,DEFICIT_FTM,DEFICIT_FTA,DEFICIT_OREB,DEFICIT_DREB,DEFICIT_REB,DEFICIT_AST,DEFICIT_STL,DEFICIT_BLK,DEFICIT_TO,DEFICIT_PF,DEFICIT_FG2M,DEFICIT_FG2A
0,Bucks,6,17,0.353,17,23,0.739,9,32,41,14,10,2,17,18,83,24,56,0.428571428571,0,0.441176470588,0.459119496855,0.461538461538,0.36170212766,0.515151515152,0.547619047619,0.391304347826,0.507936507937,0.476744186047,0.4,0.47619047619,0.25,0.586206896552,0.5,0.436363636364,0.5
1,Celtics,7,30,0.233,16,19,0.842,14,31,45,21,11,6,12,18,99,31,56,0.553571428571,1,0.558823529412,0.540880503145,0.538461538462,0.63829787234,0.484848484848,0.452380952381,0.608695652174,0.492063492063,0.523255813953,0.6,0.52380952381,0.75,0.413793103448,0.5,0.563636363636,0.5
