,TEAM_NAME,FG3M,FG3A,FG3_PCT,FTM,FTA,FT_PCT,OREB,DREB,REB,AST,STL,BLK,TO,PF,PTS,FG2M,FG2A,FG2_PCT,OUTCOME,DEFICIT_FGM,DEFICIT_FGA,DEFICIT_FG3M,DEFICIT_FG3A,DEFICIT_FTM,DEFICIT_FTA,DEFICIT_OREB,DEFICIT_DREB,DEFICIT_REB,DEFICIT_AST,DEFICIT_STL,DEFICIT_BLK,DEFICIT_TO,DEFICIT_PF,DEFICIT_FG2M,DEFICIT_FG2A
0,Jazz,10,22,0.455,24,28,0.857,13,24,37,30,11,0,16,35,114,30,60,0.5,0,0.5194805194805194,0.5256410256410257,0.47619047619047616,0.4782608695652174,0.42105263157894735,0.39436619718309857,0.5416666666666666,0.5,0.5138888888888888,0.5555555555555556,0.55,0.0,0.5,0.625,0.5357142857142857,0.5454545454545454
1,Cavaliers,11,24,0.458,33,43,0.767,11,24,35,24,9,6,16,21,118,26,50,0.52,1,0.4805194805194805,0.47435897435897434,0.5238095238095238,0.5217391304347826,0.5789473684210527,0.6056338028169014,0.4583333333333333,0.5,0.4861111111111111,0.4444444444444444,0.45,1.0,0.5,0.375,0.4642857142857143,0.45454545454545453
