,TEAM_NAME,FG3M,FG3A,FG3_PCT,FTM,FTA,FT_PCT,OREB,DREB,REB,AST,STL,BLK,TO,PF,PTS,FG2M,FG2A,FG2_PCT,OUTCOME,DEFICIT_FGM,DEFICIT_FGA,DEFICIT_FG3M,DEFICIT_FG3A,DEFICIT_FTM,DEFICIT_FTA,DEFICIT_OREB,DEFICIT_DREB,DEFICIT_REB,DEFICIT_AST,DEFICIT_STL,DEFICIT_BLK,DEFICIT_TO,DEFICIT_PF,DEFICIT_FG2M,DEFICIT_FG2A
0,Pelicans,14,33,0.424,14,18,0.778,9,39,48,25,9,5,11,27,120,32,59,0.5423728813559322,1,0.5411764705882353,0.5111111111111111,0.7368421052631579,0.6226415094339622,0.3888888888888889,0.4090909090909091,0.5294117647058824,0.52,0.5217391304347826,0.5555555555555556,0.6923076923076923,0.5555555555555556,0.4583333333333333,0.6136363636363636,0.48484848484848486,0.4645669291338583
1,Mavericks,5,20,0.25,22,26,0.846,8,36,44,20,4,4,13,17,105,34,68,0.5,0,0.4588235294117647,0.4888888888888889,0.2631578947368421,0.37735849056603776,0.6111111111111112,0.5909090909090909,0.47058823529411764,0.48,0.4782608695652174,0.4444444444444444,0.3076923076923077,0.4444444444444444,0.5416666666666666,0.38636363636363635,0.5151515151515151,0.5354330708661418
