,TEAM_NAME,FG3M,FG3A,FG3_PCT,FTM,FTA,FT_PCT,OREB,DREB,REB,AST,STL,BLK,TO,PF,PTS,FG2M,FG2A,FG2_PCT,OUTCOME,DEFICIT_FGM,DEFICIT_FGA,DEFICIT_FG3M,DEFICIT_FG3A,DEFICIT_FTM,DEFICIT_FTA,DEFICIT_OREB,DEFICIT_DREB,DEFICIT_REB,DEFICIT_AST,DEFICIT_STL,DEFICIT_BLK,DEFICIT_TO,DEFICIT_PF,DEFICIT_FG2M,DEFICIT_FG2A
0,Timberwolves,9,19,0.474,14,19,0.737,10,38,48,25,6,4,22,21,95,27,61,0.44262295082,0,0.486486486486,0.506329113924,0.529411764706,0.422222222222,0.411764705882,0.413043478261,0.714285714286,0.558823529412,0.585365853659,0.581395348837,0.428571428571,0.444444444444,0.578947368421,0.512195121951,0.473684210526,0.53982300885
1,Hornets,8,26,0.308,20,27,0.741,4,30,34,18,8,5,16,20,104,30,52,0.576923076923,1,0.513513513514,0.493670886076,0.470588235294,0.577777777778,0.588235294118,0.586956521739,0.285714285714,0.441176470588,0.414634146341,0.418604651163,0.571428571429,0.555555555556,0.421052631579,0.487804878049,0.526315789474,0.46017699115
