,TEAM_NAME,FG3M,FG3A,FG3_PCT,FTM,FTA,FT_PCT,OREB,DREB,REB,AST,STL,BLK,TO,PF,PTS,FG2M,FG2A,FG2_PCT,OUTCOME,DEFICIT_FGM,DEFICIT_FGA,DEFICIT_FG3M,DEFICIT_FG3A,DEFICIT_FTM,DEFICIT_FTA,DEFICIT_OREB,DEFICIT_DREB,DEFICIT_REB,DEFICIT_AST,DEFICIT_STL,DEFICIT_BLK,DEFICIT_TO,DEFICIT_PF,DEFICIT_FG2M,DEFICIT_FG2A
0,Bucks,6,17,0.353,17,23,0.739,9,32,41,14,10,2,17,18,83,24,56,0.42857142857142855,0,0.4411764705882353,0.4591194968553459,0.46153846153846156,0.3617021276595745,0.5151515151515151,0.5476190476190477,0.391304347826087,0.5079365079365079,0.47674418604651164,0.4,0.47619047619047616,0.25,0.5862068965517241,0.5,0.43636363636363634,0.5
1,Celtics,7,30,0.233,16,19,0.842,14,31,45,21,11,6,12,18,99,31,56,0.5535714285714286,1,0.5588235294117647,0.5408805031446541,0.5384615384615384,0.6382978723404256,0.48484848484848486,0.4523809523809524,0.6086956521739131,0.49206349206349204,0.5232558139534884,0.6,0.5238095238095238,0.75,0.41379310344827586,0.5,0.5636363636363636,0.5
