,TEAM_NAME,FG3M,FG3A,FG3_PCT,FTM,FTA,FT_PCT,OREB,DREB,REB,AST,STL,BLK,TO,PF,PTS,FG2M,FG2A,FG2_PCT,OUTCOME,DEFICIT_FGM,DEFICIT_FGA,DEFICIT_FG3M,DEFICIT_FG3A,DEFICIT_FTM,DEFICIT_FTA,DEFICIT_OREB,DEFICIT_DREB,DEFICIT_REB,DEFICIT_AST,DEFICIT_STL,DEFICIT_BLK,DEFICIT_TO,DEFICIT_PF,DEFICIT_FG2M,DEFICIT_FG2A
0,Trail Blazers,13,34,0.382,18,22,0.818,10,32,42,23,7,0,19,24,109,26,46,0.565217391304,0,0.475609756098,0.516129032258,0.52,0.59649122807,0.5,0.458333333333,0.666666666667,0.561403508772,0.583333333333,0.469387755102,0.388888888889,0.0,0.633333333333,0.631578947368,0.456140350877,0.469387755102
1,Heat,12,23,0.522,18,26,0.692,5,25,30,26,11,7,11,14,116,31,52,0.596153846154,1,0.524390243902,0.483870967742,0.48,0.40350877193,0.5,0.541666666667,0.333333333333,0.438596491228,0.416666666667,0.530612244898,0.611111111111,1.0,0.366666666667,0.368421052632,0.543859649123,0.530612244898
