,TEAM_NAME,FG3M,FG3A,FG3_PCT,FTM,FTA,FT_PCT,OREB,DREB,REB,AST,STL,BLK,TO,PF,PTS,FG2M,FG2A,FG2_PCT,OUTCOME,DEFICIT_FGM,DEFICIT_FGA,DEFICIT_FG3M,DEFICIT_FG3A,DEFICIT_FTM,DEFICIT_FTA,DEFICIT_OREB,DEFICIT_DREB,DEFICIT_REB,DEFICIT_AST,DEFICIT_STL,DEFICIT_BLK,DEFICIT_TO,DEFICIT_PF,DEFICIT_FG2M,DEFICIT_FG2A
0,Suns,8,18,0.444,21,24,0.875,6,33,39,18,8,2,20,22,95,25,56,0.446428571429,0,0.445945945946,0.483660130719,0.615384615385,0.529411764706,0.6,0.5,0.5,0.515625,0.513157894737,0.418604651163,0.5,0.25,0.606060606061,0.488888888889,0.409836065574,0.470588235294
1,Bucks,5,16,0.313,14,24,0.583,6,31,37,25,8,6,13,23,101,36,63,0.571428571429,1,0.554054054054,0.516339869281,0.384615384615,0.470588235294,0.4,0.5,0.5,0.484375,0.486842105263,0.581395348837,0.5,0.75,0.393939393939,0.511111111111,0.590163934426,0.529411764706
