,TEAM_NAME,FG3M,FG3A,FG3_PCT,FTM,FTA,FT_PCT,OREB,DREB,REB,AST,STL,BLK,TO,PF,PTS,FG2M,FG2A,FG2_PCT,OUTCOME,DEFICIT_FGM,DEFICIT_FGA,DEFICIT_FG3M,DEFICIT_FG3A,DEFICIT_FTM,DEFICIT_FTA,DEFICIT_OREB,DEFICIT_DREB,DEFICIT_REB,DEFICIT_AST,DEFICIT_STL,DEFICIT_BLK,DEFICIT_TO,DEFICIT_PF,DEFICIT_FG2M,DEFICIT_FG2A
0,Jazz,5,23,0.217,6,12,0.5,8,22,30,28,12,8,11,17,97,38,63,0.6031746031746031,0,0.524390243902439,0.5308641975308642,0.35714285714285715,0.5348837209302325,0.3157894736842105,0.4,0.38095238095238093,0.4,0.39473684210526316,0.5490196078431373,0.6,0.6666666666666666,0.3793103448275862,0.5862068965517241,0.5588235294117647,0.5294117647058824
1,Hawks,9,20,0.45,13,18,0.722,13,33,46,23,8,4,18,12,100,30,56,0.5357142857142857,1,0.47560975609756095,0.4691358024691358,0.6428571428571429,0.46511627906976744,0.6842105263157895,0.6,0.6190476190476191,0.6,0.6052631578947368,0.45098039215686275,0.4,0.3333333333333333,0.6206896551724138,0.41379310344827586,0.4411764705882353,0.47058823529411764
