,TEAM_NAME,FG3M,FG3A,FG3_PCT,FTM,FTA,FT_PCT,OREB,DREB,REB,AST,STL,BLK,TO,PF,PTS,FG2M,FG2A,FG2_PCT,OUTCOME,DEFICIT_FGM,DEFICIT_FGA,DEFICIT_FG3M,DEFICIT_FG3A,DEFICIT_FTM,DEFICIT_FTA,DEFICIT_OREB,DEFICIT_DREB,DEFICIT_REB,DEFICIT_AST,DEFICIT_STL,DEFICIT_BLK,DEFICIT_TO,DEFICIT_PF,DEFICIT_FG2M,DEFICIT_FG2A
0,Jazz,5,23,0.217,6,12,0.5,8,22,30,28,12,8,11,17,97,38,63,0.603174603175,0,0.524390243902,0.530864197531,0.357142857143,0.53488372093,0.315789473684,0.4,0.380952380952,0.4,0.394736842105,0.549019607843,0.6,0.666666666667,0.379310344828,0.586206896552,0.558823529412,0.529411764706
1,Hawks,9,20,0.45,13,18,0.722,13,33,46,23,8,4,18,12,100,30,56,0.535714285714,1,0.475609756098,0.469135802469,0.642857142857,0.46511627907,0.684210526316,0.6,0.619047619048,0.6,0.605263157895,0.450980392157,0.4,0.333333333333,0.620689655172,0.413793103448,0.441176470588,0.470588235294
