,TEAM_NAME,FG3M,FG3A,FG3_PCT,FTM,FTA,FT_PCT,OREB,DREB,REB,AST,STL,BLK,TO,PF,PTS,FG2M,FG2A,FG2_PCT,OUTCOME,DEFICIT_FGM,DEFICIT_FGA,DEFICIT_FG3M,DEFICIT_FG3A,DEFICIT_FTM,DEFICIT_FTA,DEFICIT_OREB,DEFICIT_DREB,DEFICIT_REB,DEFICIT_AST,DEFICIT_STL,DEFICIT_BLK,DEFICIT_TO,DEFICIT_PF,DEFICIT_FG2M,DEFICIT_FG2A
0,Wizards,3,11,0.273,24,33,0.727,11,35,46,27,10,6,11,22,107,37,72,0.5138888888888888,1,0.5128205128205128,0.5060975609756098,0.25,0.3333333333333333,0.5714285714285714,0.6,0.6111111111111112,0.5223880597014925,0.5411764705882353,0.5869565217391305,0.6666666666666666,0.5,0.4583333333333333,0.46808510638297873,0.5606060606060606,0.549618320610687
1,Pistons,9,22,0.409,18,22,0.818,7,32,39,19,5,6,13,25,103,29,59,0.4915254237288136,0,0.48717948717948717,0.49390243902439024,0.75,0.6666666666666666,0.42857142857142855,0.4,0.3888888888888889,0.47761194029850745,0.4588235294117647,0.41304347826086957,0.3333333333333333,0.5,0.5416666666666666,0.5319148936170213,0.4393939393939394,0.45038167938931295
