,TEAM_NAME,FG3M,FG3A,FG3_PCT,FTM,FTA,FT_PCT,OREB,DREB,REB,AST,STL,BLK,TO,PF,PTS,FG2M,FG2A,FG2_PCT,OUTCOME,DEFICIT_FGM,DEFICIT_FGA,DEFICIT_FG3M,DEFICIT_FG3A,DEFICIT_FTM,DEFICIT_FTA,DEFICIT_OREB,DEFICIT_DREB,DEFICIT_REB,DEFICIT_AST,DEFICIT_STL,DEFICIT_BLK,DEFICIT_TO,DEFICIT_PF,DEFICIT_FG2M,DEFICIT_FG2A
0,Suns,8,24,0.333,26,29,0.897,12,32,44,20,10,2,20,22,112,31,57,0.543859649123,1,0.527027027027,0.522580645161,0.470588235294,0.533333333333,0.509803921569,0.475409836066,0.6,0.524590163934,0.543209876543,0.540540540541,0.526315789474,0.333333333333,0.512820512821,0.468085106383,0.543859649123,0.518181818182
1,Nets,9,21,0.429,25,32,0.781,8,29,37,17,9,4,19,25,104,26,53,0.490566037736,0,0.472972972973,0.477419354839,0.529411764706,0.466666666667,0.490196078431,0.524590163934,0.4,0.475409836066,0.456790123457,0.459459459459,0.473684210526,0.666666666667,0.487179487179,0.531914893617,0.456140350877,0.481818181818
