,TEAM_NAME,FG3M,FG3A,FG3_PCT,FTM,FTA,FT_PCT,OREB,DREB,REB,AST,STL,BLK,TO,PF,PTS,FG2M,FG2A,FG2_PCT,OUTCOME,DEFICIT_FGM,DEFICIT_FGA,DEFICIT_FG3M,DEFICIT_FG3A,DEFICIT_FTM,DEFICIT_FTA,DEFICIT_OREB,DEFICIT_DREB,DEFICIT_REB,DEFICIT_AST,DEFICIT_STL,DEFICIT_BLK,DEFICIT_TO,DEFICIT_PF,DEFICIT_FG2M,DEFICIT_FG2A
0,76ers,13,33,0.394,28,31,0.903,10,23,33,20,10,1,18,19,111,22,42,0.52380952381,0,0.416666666667,0.46875,0.722222222222,0.673469387755,0.622222222222,0.596153846154,0.416666666667,0.433962264151,0.428571428571,0.4,0.526315789474,0.166666666667,0.5625,0.452380952381,0.333333333333,0.378378378378
1,Pacers,5,16,0.313,17,21,0.81,14,30,44,30,9,5,14,23,120,44,69,0.63768115942,1,0.583333333333,0.53125,0.277777777778,0.326530612245,0.377777777778,0.403846153846,0.583333333333,0.566037735849,0.571428571429,0.6,0.473684210526,0.833333333333,0.4375,0.547619047619,0.666666666667,0.621621621622
