,TEAM_NAME,FG3M,FG3A,FG3_PCT,FTM,FTA,FT_PCT,OREB,DREB,REB,AST,STL,BLK,TO,PF,PTS,FG2M,FG2A,FG2_PCT,OUTCOME,DEFICIT_FGM,DEFICIT_FGA,DEFICIT_FG3M,DEFICIT_FG3A,DEFICIT_FTM,DEFICIT_FTA,DEFICIT_OREB,DEFICIT_DREB,DEFICIT_REB,DEFICIT_AST,DEFICIT_STL,DEFICIT_BLK,DEFICIT_TO,DEFICIT_PF,DEFICIT_FG2M,DEFICIT_FG2A
0,Bucks,16,27,0.593,3,5,0.6,8,38,46,28,4,3,16,14,89,19,51,0.372549019608,1,0.514705882353,0.490566037736,0.761904761905,0.6,0.272727272727,0.277777777778,0.533333333333,0.542857142857,0.541176470588,0.571428571429,0.266666666667,0.375,0.64,0.583333333333,0.404255319149,0.447368421053
1,Hornets,5,18,0.278,8,13,0.615,7,32,39,21,11,5,9,10,79,28,63,0.444444444444,0,0.485294117647,0.509433962264,0.238095238095,0.4,0.727272727273,0.722222222222,0.466666666667,0.457142857143,0.458823529412,0.428571428571,0.733333333333,0.625,0.36,0.416666666667,0.595744680851,0.552631578947
