,TEAM_NAME,FG3M,FG3A,FG3_PCT,FTM,FTA,FT_PCT,OREB,DREB,REB,AST,STL,BLK,TO,PF,PTS,FG2M,FG2A,FG2_PCT,OUTCOME,DEFICIT_FGM,DEFICIT_FGA,DEFICIT_FG3M,DEFICIT_FG3A,DEFICIT_FTM,DEFICIT_FTA,DEFICIT_OREB,DEFICIT_DREB,DEFICIT_REB,DEFICIT_AST,DEFICIT_STL,DEFICIT_BLK,DEFICIT_TO,DEFICIT_PF,DEFICIT_FG2M,DEFICIT_FG2A
0,Bulls,9,22,0.409,14,17,0.824,12,42,54,23,4,5,16,18,101,30,72,0.416666666667,1,0.527027027027,0.489583333333,0.642857142857,0.468085106383,0.451612903226,0.435897435897,0.444444444444,0.538461538462,0.514285714286,0.575,0.266666666667,0.625,0.592592592593,0.486486486486,0.5,0.496551724138
1,Celtics,5,25,0.2,17,22,0.773,15,36,51,17,11,3,11,19,92,30,73,0.41095890411,0,0.472972972973,0.510416666667,0.357142857143,0.531914893617,0.548387096774,0.564102564103,0.555555555556,0.461538461538,0.485714285714,0.425,0.733333333333,0.375,0.407407407407,0.513513513514,0.5,0.503448275862
