,TEAM_NAME,FG3M,FG3A,FG3_PCT,FTM,FTA,FT_PCT,OREB,DREB,REB,AST,STL,BLK,TO,PF,PTS,FG2M,FG2A,FG2_PCT,OUTCOME,DEFICIT_FGM,DEFICIT_FGA,DEFICIT_FG3M,DEFICIT_FG3A,DEFICIT_FTM,DEFICIT_FTA,DEFICIT_OREB,DEFICIT_DREB,DEFICIT_REB,DEFICIT_AST,DEFICIT_STL,DEFICIT_BLK,DEFICIT_TO,DEFICIT_PF,DEFICIT_FG2M,DEFICIT_FG2A
0,Jazz,7,28,0.25,11,17,0.647,10,25,35,25,9,5,19,17,94,31,50,0.62,0,0.493506493506,0.509803921569,0.5,0.549019607843,0.379310344828,0.395348837209,0.47619047619,0.454545454545,0.460526315789,0.625,0.45,0.625,0.542857142857,0.515151515152,0.492063492063,0.490196078431
1,Rockets,7,23,0.304,18,26,0.692,11,30,41,15,11,3,16,16,103,32,52,0.615384615385,1,0.506493506494,0.490196078431,0.5,0.450980392157,0.620689655172,0.604651162791,0.52380952381,0.545454545455,0.539473684211,0.375,0.55,0.375,0.457142857143,0.484848484848,0.507936507937,0.509803921569
