,TEAM_NAME,FG3M,FG3A,FG3_PCT,FTM,FTA,FT_PCT,OREB,DREB,REB,AST,STL,BLK,TO,PF,PTS,FG2M,FG2A,FG2_PCT,OUTCOME,DEFICIT_FGM,DEFICIT_FGA,DEFICIT_FG3M,DEFICIT_FG3A,DEFICIT_FTM,DEFICIT_FTA,DEFICIT_OREB,DEFICIT_DREB,DEFICIT_REB,DEFICIT_AST,DEFICIT_STL,DEFICIT_BLK,DEFICIT_TO,DEFICIT_PF,DEFICIT_FG2M,DEFICIT_FG2A
0,Pistons,5,29,0.172,21,29,0.724,9,38,47,21,10,4,11,24,94,29,60,0.483333333333,0,0.53125,0.536144578313,0.357142857143,0.537037037037,0.411764705882,0.475409836066,0.6,0.481012658228,0.5,0.552631578947,0.625,0.8,0.423076923077,0.521739130435,0.58,0.535714285714
1,Hornets,9,25,0.36,30,32,0.938,6,41,47,17,6,1,15,22,99,21,52,0.403846153846,1,0.46875,0.463855421687,0.642857142857,0.462962962963,0.588235294118,0.524590163934,0.4,0.518987341772,0.5,0.447368421053,0.375,0.2,0.576923076923,0.478260869565,0.42,0.464285714286
