,TEAM_NAME,FG3M,FG3A,FG3_PCT,FTM,FTA,FT_PCT,OREB,DREB,REB,AST,STL,BLK,TO,PF,PTS,FG2M,FG2A,FG2_PCT,OUTCOME,DEFICIT_FGM,DEFICIT_FGA,DEFICIT_FG3M,DEFICIT_FG3A,DEFICIT_FTM,DEFICIT_FTA,DEFICIT_OREB,DEFICIT_DREB,DEFICIT_REB,DEFICIT_AST,DEFICIT_STL,DEFICIT_BLK,DEFICIT_TO,DEFICIT_PF,DEFICIT_FG2M,DEFICIT_FG2A
0,Suns,9,27,0.333,14,23,0.609,12,35,47,25,12,9,16,23,99,29,62,0.467741935484,1,0.550724637681,0.511494252874,0.818181818182,0.54,0.378378378378,0.418181818182,0.428571428571,0.5,0.479591836735,0.609756097561,0.6,0.642857142857,0.444444444444,0.53488372093,0.5,0.5
1,Mavericks,2,23,0.087,23,32,0.719,16,35,51,16,8,5,20,20,87,29,62,0.467741935484,0,0.449275362319,0.488505747126,0.181818181818,0.46,0.621621621622,0.581818181818,0.571428571429,0.5,0.520408163265,0.390243902439,0.4,0.357142857143,0.555555555556,0.46511627907,0.5,0.5
