,TEAM_NAME,FG3M,FG3A,FG3_PCT,FTM,FTA,FT_PCT,OREB,DREB,REB,AST,STL,BLK,TO,PF,PTS,FG2M,FG2A,FG2_PCT,OUTCOME,DEFICIT_FGM,DEFICIT_FGA,DEFICIT_FG3M,DEFICIT_FG3A,DEFICIT_FTM,DEFICIT_FTA,DEFICIT_OREB,DEFICIT_DREB,DEFICIT_REB,DEFICIT_AST,DEFICIT_STL,DEFICIT_BLK,DEFICIT_TO,DEFICIT_PF,DEFICIT_FG2M,DEFICIT_FG2A
0,Magic,8,21,0.381,24,35,0.686,15,41,56,27,9,3,18,40,110,31,76,0.40789473684210525,1,0.582089552238806,0.5672514619883041,0.5,0.45652173913043476,0.3582089552238806,0.4069767441860465,0.75,0.5061728395061729,0.5544554455445545,0.7297297297297297,0.42857142857142855,0.3,0.45,0.5633802816901409,0.6078431372549019,0.608
1,Pelicans,8,25,0.32,43,51,0.843,5,40,45,10,12,7,22,31,107,20,49,0.40816326530612246,0,0.417910447761194,0.4327485380116959,0.5,0.5434782608695652,0.6417910447761194,0.5930232558139535,0.25,0.49382716049382713,0.44554455445544555,0.2702702702702703,0.5714285714285714,0.7,0.55,0.43661971830985913,0.39215686274509803,0.392
