,TEAM_NAME,FG3M,FG3A,FG3_PCT,FTM,FTA,FT_PCT,OREB,DREB,REB,AST,STL,BLK,TO,PF,PTS,FG2M,FG2A,FG2_PCT,OUTCOME,DEFICIT_FGM,DEFICIT_FGA,DEFICIT_FG3M,DEFICIT_FG3A,DEFICIT_FTM,DEFICIT_FTA,DEFICIT_OREB,DEFICIT_DREB,DEFICIT_REB,DEFICIT_AST,DEFICIT_STL,DEFICIT_BLK,DEFICIT_TO,DEFICIT_PF,DEFICIT_FG2M,DEFICIT_FG2A
0,Grizzlies,6,21,0.286,20,29,0.69,13,41,54,17,8,7,14,20,82,22,65,0.3384615384615385,1,0.4745762711864407,0.5119047619047619,0.42857142857142855,0.44680851063829785,0.6451612903225806,0.6304347826086957,0.5909090909090909,0.4939759036144578,0.5142857142857142,0.4473684210526316,0.5,0.4117647058823529,0.4827586206896552,0.47619047619047616,0.4888888888888889,0.5371900826446281
1,Hawks,8,26,0.308,11,17,0.647,9,42,51,21,8,10,15,22,81,23,56,0.4107142857142857,0,0.5254237288135594,0.4880952380952381,0.5714285714285714,0.5531914893617021,0.3548387096774194,0.3695652173913043,0.4090909090909091,0.5060240963855421,0.4857142857142857,0.5526315789473685,0.5,0.5882352941176471,0.5172413793103449,0.5238095238095238,0.5111111111111111,0.4628099173553719
