,TEAM_NAME,FG3M,FG3A,FG3_PCT,FTM,FTA,FT_PCT,OREB,DREB,REB,AST,STL,BLK,TO,PF,PTS,FG2M,FG2A,FG2_PCT,OUTCOME,DEFICIT_FGM,DEFICIT_FGA,DEFICIT_FG3M,DEFICIT_FG3A,DEFICIT_FTM,DEFICIT_FTA,DEFICIT_OREB,DEFICIT_DREB,DEFICIT_REB,DEFICIT_AST,DEFICIT_STL,DEFICIT_BLK,DEFICIT_TO,DEFICIT_PF,DEFICIT_FG2M,DEFICIT_FG2A
0,Wizards,8,24,0.333,25,31,0.806,12,42,54,19,8,9,18,31,105,28,62,0.451612903226,0,0.486486486486,0.480446927374,0.5,0.5,0.490196078431,0.484375,0.545454545455,0.518518518519,0.52427184466,0.441860465116,0.5,0.5625,0.666666666667,0.62,0.48275862069,0.473282442748
1,Heat,8,24,0.333,26,33,0.788,10,39,49,24,8,7,9,19,110,30,69,0.434782608696,1,0.513513513514,0.519553072626,0.5,0.5,0.509803921569,0.515625,0.454545454545,0.481481481481,0.47572815534,0.558139534884,0.5,0.4375,0.333333333333,0.38,0.51724137931,0.526717557252
