,TEAM_NAME,FG3M,FG3A,FG3_PCT,FTM,FTA,FT_PCT,OREB,DREB,REB,AST,STL,BLK,TO,PF,PTS,FG2M,FG2A,FG2_PCT,OUTCOME,DEFICIT_FGM,DEFICIT_FGA,DEFICIT_FG3M,DEFICIT_FG3A,DEFICIT_FTM,DEFICIT_FTA,DEFICIT_OREB,DEFICIT_DREB,DEFICIT_REB,DEFICIT_AST,DEFICIT_STL,DEFICIT_BLK,DEFICIT_TO,DEFICIT_PF,DEFICIT_FG2M,DEFICIT_FG2A
0,Wizards,8,24,0.333,25,31,0.806,12,42,54,19,8,9,18,31,105,28,62,0.45161290322580644,0,0.4864864864864865,0.48044692737430167,0.5,0.5,0.49019607843137253,0.484375,0.5454545454545454,0.5185185185185185,0.5242718446601942,0.4418604651162791,0.5,0.5625,0.6666666666666666,0.62,0.4827586206896552,0.4732824427480916
1,Heat,8,24,0.333,26,33,0.788,10,39,49,24,8,7,9,19,110,30,69,0.43478260869565216,1,0.5135135135135135,0.5195530726256983,0.5,0.5,0.5098039215686274,0.515625,0.45454545454545453,0.48148148148148145,0.47572815533980584,0.5581395348837209,0.5,0.4375,0.3333333333333333,0.38,0.5172413793103449,0.5267175572519084
