,TEAM_NAME,FG3M,FG3A,FG3_PCT,FTM,FTA,FT_PCT,OREB,DREB,REB,AST,STL,BLK,TO,PF,PTS,FG2M,FG2A,FG2_PCT,OUTCOME,DEFICIT_FGM,DEFICIT_FGA,DEFICIT_FG3M,DEFICIT_FG3A,DEFICIT_FTM,DEFICIT_FTA,DEFICIT_OREB,DEFICIT_DREB,DEFICIT_REB,DEFICIT_AST,DEFICIT_STL,DEFICIT_BLK,DEFICIT_TO,DEFICIT_PF,DEFICIT_FG2M,DEFICIT_FG2A
0,Suns,9,27,0.333,14,23,0.609,12,35,47,25,12,9,16,23,99,29,62,0.46774193548387094,1,0.5507246376811594,0.5114942528735632,0.8181818181818182,0.54,0.3783783783783784,0.41818181818181815,0.42857142857142855,0.5,0.47959183673469385,0.6097560975609756,0.6,0.6428571428571429,0.4444444444444444,0.5348837209302325,0.5,0.5
1,Mavericks,2,23,0.087,23,32,0.719,16,35,51,16,8,5,20,20,87,29,62,0.46774193548387094,0,0.4492753623188406,0.4885057471264368,0.18181818181818182,0.46,0.6216216216216216,0.5818181818181818,0.5714285714285714,0.5,0.5204081632653061,0.3902439024390244,0.4,0.35714285714285715,0.5555555555555556,0.46511627906976744,0.5,0.5
