,TEAM_NAME,FG3M,FG3A,FG3_PCT,FTM,FTA,FT_PCT,OREB,DREB,REB,AST,STL,BLK,TO,PF,PTS,FG2M,FG2A,FG2_PCT,OUTCOME,DEFICIT_FGM,DEFICIT_FGA,DEFICIT_FG3M,DEFICIT_FG3A,DEFICIT_FTM,DEFICIT_FTA,DEFICIT_OREB,DEFICIT_DREB,DEFICIT_REB,DEFICIT_AST,DEFICIT_STL,DEFICIT_BLK,DEFICIT_TO,DEFICIT_PF,DEFICIT_FG2M,DEFICIT_FG2A
0,Wizards,7,18,0.389,12,21,0.571,6,30,36,25,14,10,11,20,103,35,68,0.514705882353,1,0.575342465753,0.527607361963,0.636363636364,0.545454545455,0.342857142857,0.42,0.333333333333,0.454545454545,0.428571428571,0.555555555556,0.608695652174,0.625,0.323529411765,0.487804878049,0.564516129032,0.523076923077
1,Jazz,4,15,0.267,23,29,0.793,12,36,48,20,9,6,23,21,89,27,62,0.435483870968,0,0.424657534247,0.472392638037,0.363636363636,0.454545454545,0.657142857143,0.58,0.666666666667,0.545454545455,0.571428571429,0.444444444444,0.391304347826,0.375,0.676470588235,0.512195121951,0.435483870968,0.476923076923
