,TEAM_NAME,FG3M,FG3A,FG3_PCT,FTM,FTA,FT_PCT,OREB,DREB,REB,AST,STL,BLK,TO,PF,PTS,FG2M,FG2A,FG2_PCT,OUTCOME,DEFICIT_FGM,DEFICIT_FGA,DEFICIT_FG3M,DEFICIT_FG3A,DEFICIT_FTM,DEFICIT_FTA,DEFICIT_OREB,DEFICIT_DREB,DEFICIT_REB,DEFICIT_AST,DEFICIT_STL,DEFICIT_BLK,DEFICIT_TO,DEFICIT_PF,DEFICIT_FG2M,DEFICIT_FG2A
0,Cavaliers,9,25,0.36,15,22,0.682,20,35,55,25,10,5,13,17,110,34,65,0.523076923077,1,0.544303797468,0.526315789474,0.692307692308,0.568181818182,0.555555555556,0.536585365854,0.666666666667,0.603448275862,0.625,0.5,0.625,0.714285714286,0.52,0.485714285714,0.515151515152,0.511811023622
1,Nets,4,19,0.211,12,19,0.632,10,23,33,25,6,2,12,18,88,32,62,0.516129032258,0,0.455696202532,0.473684210526,0.307692307692,0.431818181818,0.444444444444,0.463414634146,0.333333333333,0.396551724138,0.375,0.5,0.375,0.285714285714,0.48,0.514285714286,0.484848484848,0.488188976378
