,TEAM_NAME,FG3M,FG3A,FG3_PCT,FTM,FTA,FT_PCT,OREB,DREB,REB,AST,STL,BLK,TO,PF,PTS,FG2M,FG2A,FG2_PCT,OUTCOME,DEFICIT_FGM,DEFICIT_FGA,DEFICIT_FG3M,DEFICIT_FG3A,DEFICIT_FTM,DEFICIT_FTA,DEFICIT_OREB,DEFICIT_DREB,DEFICIT_REB,DEFICIT_AST,DEFICIT_STL,DEFICIT_BLK,DEFICIT_TO,DEFICIT_PF,DEFICIT_FG2M,DEFICIT_FG2A
0,Jazz,3,17,0.176,25,37,0.676,11,24,35,20,7,7,13,26,92,29,62,0.46774193548387094,0,0.47761194029850745,0.5163398692810458,0.5,0.68,0.4716981132075472,0.5068493150684932,0.5238095238095238,0.4067796610169492,0.4375,0.5263157894736842,0.4666666666666667,0.7777777777777778,0.4482758620689655,0.52,0.47540983606557374,0.484375
1,Kings,3,8,0.375,28,36,0.778,10,35,45,18,8,2,16,24,101,32,66,0.48484848484848486,1,0.5223880597014925,0.48366013071895425,0.5,0.32,0.5283018867924528,0.4931506849315068,0.47619047619047616,0.5932203389830508,0.5625,0.47368421052631576,0.5333333333333333,0.2222222222222222,0.5517241379310345,0.48,0.5245901639344263,0.515625
