,TEAM_NAME,FG3M,FG3A,FG3_PCT,FTM,FTA,FT_PCT,OREB,DREB,REB,AST,STL,BLK,TO,PF,PTS,FG2M,FG2A,FG2_PCT,OUTCOME,DEFICIT_FGM,DEFICIT_FGA,DEFICIT_FG3M,DEFICIT_FG3A,DEFICIT_FTM,DEFICIT_FTA,DEFICIT_OREB,DEFICIT_DREB,DEFICIT_REB,DEFICIT_AST,DEFICIT_STL,DEFICIT_BLK,DEFICIT_TO,DEFICIT_PF,DEFICIT_FG2M,DEFICIT_FG2A
0,Wizards,7,16,0.438,28,34,0.824,11,38,49,32,10,3,23,26,133,42,78,0.538461538462,1,0.510416666667,0.479591836735,0.4375,0.421052631579,0.491228070175,0.515151515152,0.44,0.542857142857,0.515789473684,0.542372881356,0.37037037037,0.428571428571,0.575,0.464285714286,0.525,0.493670886076
1,Celtics,9,22,0.409,29,32,0.906,14,32,46,27,17,4,17,30,132,38,80,0.475,0,0.489583333333,0.520408163265,0.5625,0.578947368421,0.508771929825,0.484848484848,0.56,0.457142857143,0.484210526316,0.457627118644,0.62962962963,0.571428571429,0.425,0.535714285714,0.475,0.506329113924
