,TEAM_NAME,FG3M,FG3A,FG3_PCT,FTM,FTA,FT_PCT,OREB,DREB,REB,AST,STL,BLK,TO,PF,PTS,FG2M,FG2A,FG2_PCT,OUTCOME,DEFICIT_FGM,DEFICIT_FGA,DEFICIT_FG3M,DEFICIT_FG3A,DEFICIT_FTM,DEFICIT_FTA,DEFICIT_OREB,DEFICIT_DREB,DEFICIT_REB,DEFICIT_AST,DEFICIT_STL,DEFICIT_BLK,DEFICIT_TO,DEFICIT_PF,DEFICIT_FG2M,DEFICIT_FG2A
0,Timberwolves,2,11,0.182,20,29,0.69,18,31,49,22,12,4,19,10,86,30,77,0.38961038961038963,0,0.43243243243243246,0.49162011173184356,0.2857142857142857,0.3333333333333333,0.6060606060606061,0.6744186046511628,0.5454545454545454,0.4626865671641791,0.49,0.4782608695652174,0.4444444444444444,0.4,0.5277777777777778,0.35714285714285715,0.44776119402985076,0.5273972602739726
1,Warriors,5,22,0.227,13,14,0.929,15,36,51,24,15,6,17,18,102,37,69,0.5362318840579711,1,0.5675675675675675,0.5083798882681564,0.7142857142857143,0.6666666666666666,0.3939393939393939,0.32558139534883723,0.45454545454545453,0.5373134328358209,0.51,0.5217391304347826,0.5555555555555556,0.6,0.4722222222222222,0.6428571428571429,0.5522388059701493,0.4726027397260274
