,TEAM_NAME,FG3M,FG3A,FG3_PCT,FTM,FTA,FT_PCT,OREB,DREB,REB,AST,STL,BLK,TO,PF,PTS,FG2M,FG2A,FG2_PCT,OUTCOME,DEFICIT_FGM,DEFICIT_FGA,DEFICIT_FG3M,DEFICIT_FG3A,DEFICIT_FTM,DEFICIT_FTA,DEFICIT_OREB,DEFICIT_DREB,DEFICIT_REB,DEFICIT_AST,DEFICIT_STL,DEFICIT_BLK,DEFICIT_TO,DEFICIT_PF,DEFICIT_FG2M,DEFICIT_FG2A
0,Pacers,9,27,0.333,9,17,0.529,8,34,42,23,6,2,17,22,92,28,57,0.49122807017543857,0,0.4805194805194805,0.5217391304347826,0.5,0.5625,0.32142857142857145,0.38636363636363635,0.5714285714285714,0.4533333333333333,0.47191011235955055,0.46,0.35294117647058826,0.2222222222222222,0.5151515151515151,0.5238095238095238,0.4745762711864407,0.504424778761062
1,Hawks,9,21,0.429,19,27,0.704,6,41,47,27,11,7,16,20,108,31,56,0.5535714285714286,1,0.5194805194805194,0.4782608695652174,0.5,0.4375,0.6785714285714286,0.6136363636363636,0.42857142857142855,0.5466666666666666,0.5280898876404494,0.54,0.6470588235294118,0.7777777777777778,0.48484848484848486,0.47619047619047616,0.5254237288135594,0.49557522123893805
