,TEAM_NAME,FG3M,FG3A,FG3_PCT,FTM,FTA,FT_PCT,OREB,DREB,REB,AST,STL,BLK,TO,PF,PTS,FG2M,FG2A,FG2_PCT,OUTCOME,DEFICIT_FGM,DEFICIT_FGA,DEFICIT_FG3M,DEFICIT_FG3A,DEFICIT_FTM,DEFICIT_FTA,DEFICIT_OREB,DEFICIT_DREB,DEFICIT_REB,DEFICIT_AST,DEFICIT_STL,DEFICIT_BLK,DEFICIT_TO,DEFICIT_PF,DEFICIT_FG2M,DEFICIT_FG2A
0,Nets,5,21,0.238,10,13,0.769,14,29,43,24,9,4,19,19,87,31,62,0.5,0,0.493150684932,0.522012578616,0.384615384615,0.488372093023,0.344827586207,0.351351351351,0.7,0.508771929825,0.558441558442,0.470588235294,0.375,0.285714285714,0.59375,0.527777777778,0.516666666667,0.534482758621
1,Hawks,8,22,0.364,19,24,0.792,6,28,34,27,15,10,13,17,101,29,54,0.537037037037,1,0.506849315068,0.477987421384,0.615384615385,0.511627906977,0.655172413793,0.648648648649,0.3,0.491228070175,0.441558441558,0.529411764706,0.625,0.714285714286,0.40625,0.472222222222,0.483333333333,0.465517241379
