,TEAM_NAME,FG3M,FG3A,FG3_PCT,FTM,FTA,FT_PCT,OREB,DREB,REB,AST,STL,BLK,TO,PF,PTS,FG2M,FG2A,FG2_PCT,OUTCOME,DEFICIT_FGM,DEFICIT_FGA,DEFICIT_FG3M,DEFICIT_FG3A,DEFICIT_FTM,DEFICIT_FTA,DEFICIT_OREB,DEFICIT_DREB,DEFICIT_REB,DEFICIT_AST,DEFICIT_STL,DEFICIT_BLK,DEFICIT_TO,DEFICIT_PF,DEFICIT_FG2M,DEFICIT_FG2A
0,Pacers,8,23,0.348,22,29,0.759,21,32,53,18,10,1,14,20,100,27,68,0.397058823529,1,0.5,0.522988505747,0.444444444444,0.46,0.55,0.56862745098,0.583333333333,0.484848484848,0.519607843137,0.473684210526,0.588235294118,0.166666666667,0.424242424242,0.47619047619,0.519230769231,0.548387096774
1,Celtics,10,27,0.37,18,22,0.818,15,34,49,20,7,5,19,22,98,25,56,0.446428571429,0,0.5,0.477011494253,0.555555555556,0.54,0.45,0.43137254902,0.416666666667,0.515151515152,0.480392156863,0.526315789474,0.411764705882,0.833333333333,0.575757575758,0.52380952381,0.480769230769,0.451612903226
