,TEAM_NAME,FG3M,FG3A,FG3_PCT,FTM,FTA,FT_PCT,OREB,DREB,REB,AST,STL,BLK,TO,PF,PTS,FG2M,FG2A,FG2_PCT,OUTCOME,DEFICIT_FGM,DEFICIT_FGA,DEFICIT_FG3M,DEFICIT_FG3A,DEFICIT_FTM,DEFICIT_FTA,DEFICIT_OREB,DEFICIT_DREB,DEFICIT_REB,DEFICIT_AST,DEFICIT_STL,DEFICIT_BLK,DEFICIT_TO,DEFICIT_PF,DEFICIT_FG2M,DEFICIT_FG2A
0,Raptors,5,14,0.357,32,39,0.821,12,33,45,12,14,3,14,16,103,28,65,0.430769230769,1,0.458333333333,0.490683229814,0.384615384615,0.378378378378,0.727272727273,0.735849056604,0.521739130435,0.52380952381,0.523255813953,0.315789473684,0.636363636364,0.230769230769,0.424242424242,0.355555555556,0.474576271186,0.524193548387
1,Thunder,8,23,0.348,12,14,0.857,11,30,41,26,8,10,19,29,98,31,59,0.525423728814,0,0.541666666667,0.509316770186,0.615384615385,0.621621621622,0.272727272727,0.264150943396,0.478260869565,0.47619047619,0.476744186047,0.684210526316,0.363636363636,0.769230769231,0.575757575758,0.644444444444,0.525423728814,0.475806451613
