,TEAM_NAME,FG3M,FG3A,FG3_PCT,FTM,FTA,FT_PCT,OREB,DREB,REB,AST,STL,BLK,TO,PF,PTS,FG2M,FG2A,FG2_PCT,OUTCOME,DEFICIT_FGM,DEFICIT_FGA,DEFICIT_FG3M,DEFICIT_FG3A,DEFICIT_FTM,DEFICIT_FTA,DEFICIT_OREB,DEFICIT_DREB,DEFICIT_REB,DEFICIT_AST,DEFICIT_STL,DEFICIT_BLK,DEFICIT_TO,DEFICIT_PF,DEFICIT_FG2M,DEFICIT_FG2A
0,Wizards,8,23,0.348,10,14,0.714,4,29,33,27,11,3,10,19,102,34,64,0.53125,1,0.53164556962,0.517857142857,0.533333333333,0.511111111111,0.357142857143,0.411764705882,0.307692307692,0.420289855072,0.40243902439,0.5625,0.6875,0.5,0.333333333333,0.475,0.53125,0.520325203252
1,Spurs,7,22,0.318,18,20,0.9,9,40,49,21,5,3,20,21,99,30,59,0.508474576271,0,0.46835443038,0.482142857143,0.466666666667,0.488888888889,0.642857142857,0.588235294118,0.692307692308,0.579710144928,0.59756097561,0.4375,0.3125,0.5,0.666666666667,0.525,0.46875,0.479674796748
