,TEAM_NAME,FG3M,FG3A,FG3_PCT,FTM,FTA,FT_PCT,OREB,DREB,REB,AST,STL,BLK,TO,PF,PTS,FG2M,FG2A,FG2_PCT,OUTCOME,DEFICIT_FGM,DEFICIT_FGA,DEFICIT_FG3M,DEFICIT_FG3A,DEFICIT_FTM,DEFICIT_FTA,DEFICIT_OREB,DEFICIT_DREB,DEFICIT_REB,DEFICIT_AST,DEFICIT_STL,DEFICIT_BLK,DEFICIT_TO,DEFICIT_PF,DEFICIT_FG2M,DEFICIT_FG2A
0,Wizards,8,23,0.348,10,14,0.714,4,29,33,27,11,3,10,19,102,34,64,0.53125,1,0.5316455696202531,0.5178571428571429,0.5333333333333333,0.5111111111111111,0.35714285714285715,0.4117647058823529,0.3076923076923077,0.42028985507246375,0.4024390243902439,0.5625,0.6875,0.5,0.3333333333333333,0.475,0.53125,0.5203252032520326
1,Spurs,7,22,0.318,18,20,0.9,9,40,49,21,5,3,20,21,99,30,59,0.5084745762711864,0,0.46835443037974683,0.48214285714285715,0.4666666666666667,0.4888888888888889,0.6428571428571429,0.5882352941176471,0.6923076923076923,0.5797101449275363,0.5975609756097561,0.4375,0.3125,0.5,0.6666666666666666,0.525,0.46875,0.4796747967479675
