,TEAM_NAME,FG3M,FG3A,FG3_PCT,FTM,FTA,FT_PCT,OREB,DREB,REB,AST,STL,BLK,TO,PF,PTS,FG2M,FG2A,FG2_PCT,OUTCOME,DEFICIT_FGM,DEFICIT_FGA,DEFICIT_FG3M,DEFICIT_FG3A,DEFICIT_FTM,DEFICIT_FTA,DEFICIT_OREB,DEFICIT_DREB,DEFICIT_REB,DEFICIT_AST,DEFICIT_STL,DEFICIT_BLK,DEFICIT_TO,DEFICIT_PF,DEFICIT_FG2M,DEFICIT_FG2A
0,Jazz,5,24,0.208,21,33,0.636,16,24,40,9,12,8,9,22,92,28,64,0.4375,0,0.445945945946,0.533333333333,0.3125,0.489795918367,0.583333333333,0.507692307692,0.551724137931,0.406779661017,0.454545454545,0.45,0.705882352941,0.533333333333,0.321428571429,0.468085106383,0.48275862069,0.551724137931
1,Trail Blazers,11,25,0.44,15,32,0.469,13,35,48,11,5,7,19,25,108,30,52,0.576923076923,1,0.554054054054,0.466666666667,0.6875,0.510204081633,0.416666666667,0.492307692308,0.448275862069,0.593220338983,0.545454545455,0.55,0.294117647059,0.466666666667,0.678571428571,0.531914893617,0.51724137931,0.448275862069
