,TEAM_NAME,FG3M,FG3A,FG3_PCT,FTM,FTA,FT_PCT,OREB,DREB,REB,AST,STL,BLK,TO,PF,PTS,FG2M,FG2A,FG2_PCT,OUTCOME,DEFICIT_FGM,DEFICIT_FGA,DEFICIT_FG3M,DEFICIT_FG3A,DEFICIT_FTM,DEFICIT_FTA,DEFICIT_OREB,DEFICIT_DREB,DEFICIT_REB,DEFICIT_AST,DEFICIT_STL,DEFICIT_BLK,DEFICIT_TO,DEFICIT_PF,DEFICIT_FG2M,DEFICIT_FG2A
0,76ers,6,28,0.214,13,15,0.867,12,39,51,23,4,9,18,23,87,28,53,0.5283018867924528,0,0.4927536231884058,0.48502994011976047,0.42857142857142855,0.5490196078431373,0.5,0.46875,0.6,0.582089552238806,0.5862068965517241,0.48936170212765956,0.4,0.6923076923076923,0.6428571428571429,0.5476190476190477,0.509090909090909,0.45689655172413796
1,Bucks,8,23,0.348,13,17,0.765,8,28,36,24,6,4,10,19,91,27,63,0.42857142857142855,1,0.5072463768115942,0.5149700598802395,0.5714285714285714,0.45098039215686275,0.5,0.53125,0.4,0.417910447761194,0.41379310344827586,0.5106382978723404,0.6,0.3076923076923077,0.35714285714285715,0.4523809523809524,0.4909090909090909,0.5431034482758621
