,TEAM_NAME,FG3M,FG3A,FG3_PCT,FTM,FTA,FT_PCT,OREB,DREB,REB,AST,STL,BLK,TO,PF,PTS,FG2M,FG2A,FG2_PCT,OUTCOME,DEFICIT_FGM,DEFICIT_FGA,DEFICIT_FG3M,DEFICIT_FG3A,DEFICIT_FTM,DEFICIT_FTA,DEFICIT_OREB,DEFICIT_DREB,DEFICIT_REB,DEFICIT_AST,DEFICIT_STL,DEFICIT_BLK,DEFICIT_TO,DEFICIT_PF,DEFICIT_FG2M,DEFICIT_FG2A
0,Bucks,10,24,0.417,15,22,0.682,8,33,41,21,6,7,14,25,95,25,62,0.403225806452,0,0.472972972973,0.5,0.454545454545,0.413793103448,0.483870967742,0.52380952381,0.5,0.485294117647,0.488095238095,0.446808510638,0.428571428571,0.583333333333,0.518518518519,0.510204081633,0.480769230769,0.543859649123
1,Nuggets,12,34,0.353,16,20,0.8,8,35,43,26,8,5,13,24,106,27,52,0.519230769231,1,0.527027027027,0.5,0.545454545455,0.586206896552,0.516129032258,0.47619047619,0.5,0.514705882353,0.511904761905,0.553191489362,0.571428571429,0.416666666667,0.481481481481,0.489795918367,0.519230769231,0.456140350877
