,TEAM_NAME,FG3M,FG3A,FG3_PCT,FTM,FTA,FT_PCT,OREB,DREB,REB,AST,STL,BLK,TO,PF,PTS,FG2M,FG2A,FG2_PCT,OUTCOME,DEFICIT_FGM,DEFICIT_FGA,DEFICIT_FG3M,DEFICIT_FG3A,DEFICIT_FTM,DEFICIT_FTA,DEFICIT_OREB,DEFICIT_DREB,DEFICIT_REB,DEFICIT_AST,DEFICIT_STL,DEFICIT_BLK,DEFICIT_TO,DEFICIT_PF,DEFICIT_FG2M,DEFICIT_FG2A
0,Wizards,8,22,0.364,14,19,0.737,10,29,39,23,10,11,11,23,92,27,62,0.435483870968,0,0.514705882353,0.518518518519,0.470588235294,0.43137254902,0.388888888889,0.387755102041,0.5,0.439393939394,0.453488372093,0.53488372093,0.666666666667,0.611111111111,0.407407407407,0.589743589744,0.529411764706,0.558558558559
1,Bulls,9,29,0.31,22,30,0.733,10,37,47,20,5,7,16,16,97,24,49,0.489795918367,1,0.485294117647,0.481481481481,0.529411764706,0.56862745098,0.611111111111,0.612244897959,0.5,0.560606060606,0.546511627907,0.46511627907,0.333333333333,0.388888888889,0.592592592593,0.410256410256,0.470588235294,0.441441441441
