,TEAM_NAME,FG3M,FG3A,FG3_PCT,FTM,FTA,FT_PCT,OREB,DREB,REB,AST,STL,BLK,TO,PF,PTS,FG2M,FG2A,FG2_PCT,OUTCOME,DEFICIT_FGM,DEFICIT_FGA,DEFICIT_FG3M,DEFICIT_FG3A,DEFICIT_FTM,DEFICIT_FTA,DEFICIT_OREB,DEFICIT_DREB,DEFICIT_REB,DEFICIT_AST,DEFICIT_STL,DEFICIT_BLK,DEFICIT_TO,DEFICIT_PF,DEFICIT_FG2M,DEFICIT_FG2A
0,Jazz,5,25,0.2,16,19,0.842,14,41,55,22,7,7,15,17,93,31,55,0.563636363636,1,0.521739130435,0.493827160494,0.625,0.694444444444,0.551724137931,0.5,0.56,0.611940298507,0.597826086957,0.594594594595,0.5,0.636363636364,0.576923076923,0.586206896552,0.508196721311,0.436507936508
1,Grizzlies,3,11,0.273,13,19,0.684,11,26,37,15,7,4,11,12,82,30,71,0.422535211268,0,0.478260869565,0.506172839506,0.375,0.305555555556,0.448275862069,0.5,0.44,0.388059701493,0.402173913043,0.405405405405,0.5,0.363636363636,0.423076923077,0.413793103448,0.491803278689,0.563492063492
