,TEAM_NAME,FG3M,FG3A,FG3_PCT,FTM,FTA,FT_PCT,OREB,DREB,REB,AST,STL,BLK,TO,PF,PTS,FG2M,FG2A,FG2_PCT,OUTCOME,DEFICIT_FGM,DEFICIT_FGA,DEFICIT_FG3M,DEFICIT_FG3A,DEFICIT_FTM,DEFICIT_FTA,DEFICIT_OREB,DEFICIT_DREB,DEFICIT_REB,DEFICIT_AST,DEFICIT_STL,DEFICIT_BLK,DEFICIT_TO,DEFICIT_PF,DEFICIT_FG2M,DEFICIT_FG2A
0,Kings,10,18,0.556,32,37,0.865,8,38,46,26,9,2,14,20,124,31,65,0.476923076923,1,0.577464788732,0.50303030303,0.714285714286,0.45,0.592592592593,0.55223880597,0.470588235294,0.567164179104,0.547619047619,0.619047619048,0.529411764706,0.181818181818,0.48275862069,0.425531914894,0.543859649123,0.52
1,Knicks,4,22,0.182,22,30,0.733,9,29,38,16,8,9,15,27,86,26,60,0.433333333333,0,0.422535211268,0.49696969697,0.285714285714,0.55,0.407407407407,0.44776119403,0.529411764706,0.432835820896,0.452380952381,0.380952380952,0.470588235294,0.818181818182,0.51724137931,0.574468085106,0.456140350877,0.48
