,TEAM_NAME,FG3M,FG3A,FG3_PCT,FTM,FTA,FT_PCT,OREB,DREB,REB,AST,STL,BLK,TO,PF,PTS,FG2M,FG2A,FG2_PCT,OUTCOME,DEFICIT_FGM,DEFICIT_FGA,DEFICIT_FG3M,DEFICIT_FG3A,DEFICIT_FTM,DEFICIT_FTA,DEFICIT_OREB,DEFICIT_DREB,DEFICIT_REB,DEFICIT_AST,DEFICIT_STL,DEFICIT_BLK,DEFICIT_TO,DEFICIT_PF,DEFICIT_FG2M,DEFICIT_FG2A
0,Lakers,3,24,0.125,25,34,0.735,9,41,50,15,10,6,13,28,94,30,65,0.46153846153846156,0,0.4925373134328358,0.4972067039106145,0.23076923076923078,0.39344262295081966,0.5208333333333334,0.4722222222222222,0.391304347826087,0.4880952380952381,0.4672897196261682,0.42857142857142855,0.5882352941176471,0.75,0.4482758620689655,0.5,0.5555555555555556,0.5508474576271186
1,Nuggets,10,37,0.27,23,38,0.605,14,43,57,20,7,2,16,28,101,24,53,0.4528301886792453,1,0.5074626865671642,0.5027932960893855,0.7692307692307693,0.6065573770491803,0.4791666666666667,0.5277777777777778,0.6086956521739131,0.5119047619047619,0.5327102803738317,0.5714285714285714,0.4117647058823529,0.25,0.5517241379310345,0.5,0.4444444444444444,0.4491525423728814
