,TEAM_NAME,FG3M,FG3A,FG3_PCT,FTM,FTA,FT_PCT,OREB,DREB,REB,AST,STL,BLK,TO,PF,PTS,FG2M,FG2A,FG2_PCT,OUTCOME,DEFICIT_FGM,DEFICIT_FGA,DEFICIT_FG3M,DEFICIT_FG3A,DEFICIT_FTM,DEFICIT_FTA,DEFICIT_OREB,DEFICIT_DREB,DEFICIT_REB,DEFICIT_AST,DEFICIT_STL,DEFICIT_BLK,DEFICIT_TO,DEFICIT_PF,DEFICIT_FG2M,DEFICIT_FG2A
0,Thunder,3,17,0.176,19,27,0.704,13,44,57,13,3,12,11,23,86,29,73,0.397260273973,0,0.492307692308,0.491803278689,0.3,0.404761904762,0.513513513514,0.529411764706,0.5,0.530120481928,0.522935779817,0.333333333333,0.3,0.6,0.55,0.560975609756,0.527272727273,0.517730496454
1,Warriors,7,25,0.28,18,24,0.75,13,39,52,26,7,8,9,18,91,26,68,0.382352941176,1,0.507692307692,0.508196721311,0.7,0.595238095238,0.486486486486,0.470588235294,0.5,0.469879518072,0.477064220183,0.666666666667,0.7,0.4,0.45,0.439024390244,0.472727272727,0.482269503546
