,TEAM_NAME,FG3M,FG3A,FG3_PCT,FTM,FTA,FT_PCT,OREB,DREB,REB,AST,STL,BLK,TO,PF,PTS,FG2M,FG2A,FG2_PCT,OUTCOME,DEFICIT_FGM,DEFICIT_FGA,DEFICIT_FG3M,DEFICIT_FG3A,DEFICIT_FTM,DEFICIT_FTA,DEFICIT_OREB,DEFICIT_DREB,DEFICIT_REB,DEFICIT_AST,DEFICIT_STL,DEFICIT_BLK,DEFICIT_TO,DEFICIT_PF,DEFICIT_FG2M,DEFICIT_FG2A
0,Trail Blazers,7,19,0.368,13,15,0.867,10,45,55,20,7,3,16,13,94,30,67,0.44776119402985076,1,0.5,0.47513812154696133,0.5833333333333334,0.4523809523809524,0.5909090909090909,0.5555555555555556,0.45454545454545453,0.569620253164557,0.5445544554455446,0.5405405405405406,0.3684210526315789,0.75,0.6666666666666666,0.4642857142857143,0.4838709677419355,0.48201438848920863
1,Celtics,5,23,0.217,9,12,0.75,12,34,46,17,12,1,8,15,88,32,72,0.4444444444444444,0,0.5,0.5248618784530387,0.4166666666666667,0.5476190476190477,0.4090909090909091,0.4444444444444444,0.5454545454545454,0.43037974683544306,0.45544554455445546,0.4594594594594595,0.631578947368421,0.25,0.3333333333333333,0.5357142857142857,0.5161290322580645,0.5179856115107914
