,TEAM_NAME,FG3M,FG3A,FG3_PCT,FTM,FTA,FT_PCT,OREB,DREB,REB,AST,STL,BLK,TO,PF,PTS,FG2M,FG2A,FG2_PCT,OUTCOME,DEFICIT_FGM,DEFICIT_FGA,DEFICIT_FG3M,DEFICIT_FG3A,DEFICIT_FTM,DEFICIT_FTA,DEFICIT_OREB,DEFICIT_DREB,DEFICIT_REB,DEFICIT_AST,DEFICIT_STL,DEFICIT_BLK,DEFICIT_TO,DEFICIT_PF,DEFICIT_FG2M,DEFICIT_FG2A
0,Spurs,10,16,0.625,22,34,0.647,8,34,42,23,10,9,12,20,118,33,66,0.5,1,0.5,0.468571428571,0.526315789474,0.4,0.578947368421,0.607142857143,0.380952380952,0.507462686567,0.477272727273,0.469387755102,0.625,0.642857142857,0.48,0.4,0.492537313433,0.488888888889
1,Suns,9,24,0.375,16,22,0.727,13,33,46,26,6,5,13,30,111,34,69,0.492753623188,0,0.5,0.531428571429,0.473684210526,0.6,0.421052631579,0.392857142857,0.619047619048,0.492537313433,0.522727272727,0.530612244898,0.375,0.357142857143,0.52,0.6,0.507462686567,0.511111111111
