,TEAM_NAME,FG3M,FG3A,FG3_PCT,FTM,FTA,FT_PCT,OREB,DREB,REB,AST,STL,BLK,TO,PF,PTS,FG2M,FG2A,FG2_PCT,OUTCOME,DEFICIT_FGM,DEFICIT_FGA,DEFICIT_FG3M,DEFICIT_FG3A,DEFICIT_FTM,DEFICIT_FTA,DEFICIT_OREB,DEFICIT_DREB,DEFICIT_REB,DEFICIT_AST,DEFICIT_STL,DEFICIT_BLK,DEFICIT_TO,DEFICIT_PF,DEFICIT_FG2M,DEFICIT_FG2A
0,Raptors,9,24,0.375,14,20,0.7,7,36,43,17,9,9,18,18,93,26,56,0.464285714286,0,0.479452054795,0.446927374302,0.6,0.470588235294,0.518518518519,0.571428571429,0.291666666667,0.521739130435,0.462365591398,0.414634146341,0.5625,0.6,0.5625,0.486486486486,0.448275862069,0.4375
1,Celtics,6,27,0.222,13,15,0.867,17,33,50,24,7,6,14,19,95,32,72,0.444444444444,1,0.520547945205,0.553072625698,0.4,0.529411764706,0.481481481481,0.428571428571,0.708333333333,0.478260869565,0.537634408602,0.585365853659,0.4375,0.4,0.4375,0.513513513514,0.551724137931,0.5625
