,TEAM_NAME,FG3M,FG3A,FG3_PCT,FTM,FTA,FT_PCT,OREB,DREB,REB,AST,STL,BLK,TO,PF,PTS,FG2M,FG2A,FG2_PCT,OUTCOME,DEFICIT_FGM,DEFICIT_FGA,DEFICIT_FG3M,DEFICIT_FG3A,DEFICIT_FTM,DEFICIT_FTA,DEFICIT_OREB,DEFICIT_DREB,DEFICIT_REB,DEFICIT_AST,DEFICIT_STL,DEFICIT_BLK,DEFICIT_TO,DEFICIT_PF,DEFICIT_FG2M,DEFICIT_FG2A
0,Lakers,3,16,0.188,34,43,0.791,20,28,48,17,9,4,7,27,115,36,83,0.43373493975903615,0,0.4588235294117647,0.5351351351351351,0.17647058823529413,0.36363636363636365,0.53125,0.5584415584415584,0.6451612903225806,0.4117647058823529,0.48484848484848486,0.3469387755102041,0.6923076923076923,0.4444444444444444,0.30434782608695654,0.5094339622641509,0.5294117647058824,0.5886524822695035
1,Warriors,14,28,0.5,30,34,0.882,11,40,51,32,4,5,16,26,136,32,58,0.5517241379310345,1,0.5411764705882353,0.4648648648648649,0.8235294117647058,0.6363636363636364,0.46875,0.44155844155844154,0.3548387096774194,0.5882352941176471,0.5151515151515151,0.6530612244897959,0.3076923076923077,0.5555555555555556,0.6956521739130435,0.49056603773584906,0.47058823529411764,0.41134751773049644
