,TEAM_NAME,FG3M,FG3A,FG3_PCT,FTM,FTA,FT_PCT,OREB,DREB,REB,AST,STL,BLK,TO,PF,PTS,FG2M,FG2A,FG2_PCT,OUTCOME,DEFICIT_FGM,DEFICIT_FGA,DEFICIT_FG3M,DEFICIT_FG3A,DEFICIT_FTM,DEFICIT_FTA,DEFICIT_OREB,DEFICIT_DREB,DEFICIT_REB,DEFICIT_AST,DEFICIT_STL,DEFICIT_BLK,DEFICIT_TO,DEFICIT_PF,DEFICIT_FG2M,DEFICIT_FG2A
0,Knicks,6,14,0.429,21,27,0.778,8,35,43,16,9,3,15,22,109,35,62,0.5645161290322581,1,0.5616438356164384,0.4810126582278481,0.3157894736842105,0.2916666666666667,0.5675675675675675,0.5094339622641509,0.4444444444444444,0.546875,0.524390243902439,0.4444444444444444,0.5,1.0,0.46875,0.5116279069767442,0.6481481481481481,0.5636363636363636
1,Nuggets,13,34,0.382,16,26,0.615,10,29,39,20,9,0,17,21,93,19,48,0.3958333333333333,0,0.4383561643835616,0.5189873417721519,0.6842105263157895,0.7083333333333334,0.43243243243243246,0.49056603773584906,0.5555555555555556,0.453125,0.47560975609756095,0.5555555555555556,0.5,0.0,0.53125,0.4883720930232558,0.35185185185185186,0.43636363636363634
