,TEAM_NAME,FG3M,FG3A,FG3_PCT,FTM,FTA,FT_PCT,OREB,DREB,REB,AST,STL,BLK,TO,PF,PTS,FG2M,FG2A,FG2_PCT,OUTCOME,DEFICIT_FGM,DEFICIT_FGA,DEFICIT_FG3M,DEFICIT_FG3A,DEFICIT_FTM,DEFICIT_FTA,DEFICIT_OREB,DEFICIT_DREB,DEFICIT_REB,DEFICIT_AST,DEFICIT_STL,DEFICIT_BLK,DEFICIT_TO,DEFICIT_PF,DEFICIT_FG2M,DEFICIT_FG2A
0,Thunder,3,19,0.158,22,28,0.786,11,34,45,14,6,15,15,30,65,17,49,0.34693877551,0,0.46511627907,0.459459459459,0.3,0.351851851852,0.578947368421,0.48275862069,0.333333333333,0.515151515152,0.454545454545,0.56,0.545454545455,0.714285714286,0.51724137931,0.566037735849,0.515151515152,0.521276595745
1,Rockets,7,35,0.2,16,30,0.533,22,32,54,11,5,6,14,23,69,16,45,0.355555555556,1,0.53488372093,0.540540540541,0.7,0.648148148148,0.421052631579,0.51724137931,0.666666666667,0.484848484848,0.545454545455,0.44,0.454545454545,0.285714285714,0.48275862069,0.433962264151,0.484848484848,0.478723404255
