,TEAM_NAME,FG3M,FG3A,FG3_PCT,FTM,FTA,FT_PCT,OREB,DREB,REB,AST,STL,BLK,TO,PF,PTS,FG2M,FG2A,FG2_PCT,OUTCOME,DEFICIT_FGM,DEFICIT_FGA,DEFICIT_FG3M,DEFICIT_FG3A,DEFICIT_FTM,DEFICIT_FTA,DEFICIT_OREB,DEFICIT_DREB,DEFICIT_REB,DEFICIT_AST,DEFICIT_STL,DEFICIT_BLK,DEFICIT_TO,DEFICIT_PF,DEFICIT_FG2M,DEFICIT_FG2A
0,Pelicans,9,19,0.474,22,30,0.733,8,37,45,25,8,8,12,13,103,27,64,0.421875,1,0.461538461538,0.466292134831,0.5,0.463414634146,0.758620689655,0.75,0.421052631579,0.486842105263,0.473684210526,0.5,0.571428571429,0.4,0.521739130435,0.382352941176,0.45,0.467153284672
1,Warriors,9,22,0.409,7,10,0.7,11,39,50,25,6,12,11,21,100,33,73,0.452054794521,0,0.538461538462,0.533707865169,0.5,0.536585365854,0.241379310345,0.25,0.578947368421,0.513157894737,0.526315789474,0.5,0.428571428571,0.6,0.478260869565,0.617647058824,0.55,0.532846715328
