,TEAM_NAME,FG3M,FG3A,FG3_PCT,FTM,FTA,FT_PCT,OREB,DREB,REB,AST,STL,BLK,TO,PF,PTS,FG2M,FG2A,FG2_PCT,OUTCOME,DEFICIT_FGM,DEFICIT_FGA,DEFICIT_FG3M,DEFICIT_FG3A,DEFICIT_FTM,DEFICIT_FTA,DEFICIT_OREB,DEFICIT_DREB,DEFICIT_REB,DEFICIT_AST,DEFICIT_STL,DEFICIT_BLK,DEFICIT_TO,DEFICIT_PF,DEFICIT_FG2M,DEFICIT_FG2A
0,Pistons,4,27,0.148,5,8,0.625,7,50,57,21,3,8,12,18,77,30,62,0.483870967742,0,0.53125,0.502824858757,0.4,0.5625,0.192307692308,0.216216216216,0.583333333333,0.520833333333,0.527777777778,0.617647058824,0.3,0.8,0.705882352941,0.620689655172,0.555555555556,0.480620155039
1,Hornets,6,21,0.286,21,29,0.724,5,46,51,13,7,2,5,11,87,24,67,0.358208955224,1,0.46875,0.497175141243,0.6,0.4375,0.807692307692,0.783783783784,0.416666666667,0.479166666667,0.472222222222,0.382352941176,0.7,0.2,0.294117647059,0.379310344828,0.444444444444,0.519379844961
