,TEAM_NAME,FG3M,FG3A,FG3_PCT,FTM,FTA,FT_PCT,OREB,DREB,REB,AST,STL,BLK,TO,PF,PTS,FG2M,FG2A,FG2_PCT,OUTCOME,DEFICIT_FGM,DEFICIT_FGA,DEFICIT_FG3M,DEFICIT_FG3A,DEFICIT_FTM,DEFICIT_FTA,DEFICIT_OREB,DEFICIT_DREB,DEFICIT_REB,DEFICIT_AST,DEFICIT_STL,DEFICIT_BLK,DEFICIT_TO,DEFICIT_PF,DEFICIT_FG2M,DEFICIT_FG2A
0,Magic,11,23,0.478,15,19,0.789,7,41,48,31,6,9,19,25,116,34,68,0.5,0,0.5,0.473958333333,0.52380952381,0.46,0.428571428571,0.463414634146,0.333333333333,0.546666666667,0.5,0.574074074074,0.375,0.692307692308,0.678571428571,0.568181818182,0.492753623188,0.478873239437
1,Hornets,10,27,0.37,20,22,0.909,14,34,48,23,10,4,9,19,120,35,74,0.472972972973,1,0.5,0.526041666667,0.47619047619,0.54,0.571428571429,0.536585365854,0.666666666667,0.453333333333,0.5,0.425925925926,0.625,0.307692307692,0.321428571429,0.431818181818,0.507246376812,0.521126760563
