,TEAM_NAME,FG3M,FG3A,FG3_PCT,FTM,FTA,FT_PCT,OREB,DREB,REB,AST,STL,BLK,TO,PF,PTS,FG2M,FG2A,FG2_PCT,OUTCOME,DEFICIT_FGM,DEFICIT_FGA,DEFICIT_FG3M,DEFICIT_FG3A,DEFICIT_FTM,DEFICIT_FTA,DEFICIT_OREB,DEFICIT_DREB,DEFICIT_REB,DEFICIT_AST,DEFICIT_STL,DEFICIT_BLK,DEFICIT_TO,DEFICIT_PF,DEFICIT_FG2M,DEFICIT_FG2A
0,Raptors,2,16,0.125,24,29,0.828,19,33,52,19,3,3,20,21,100,35,62,0.564516129032,1,0.521126760563,0.503225806452,0.222222222222,0.4,0.545454545455,0.508771929825,0.633333333333,0.634615384615,0.634146341463,0.5,0.176470588235,0.333333333333,0.666666666667,0.446808510638,0.564516129032,0.539130434783
1,Nets,7,24,0.292,20,28,0.714,11,19,30,19,14,6,10,26,95,27,53,0.509433962264,0,0.478873239437,0.496774193548,0.777777777778,0.6,0.454545454545,0.491228070175,0.366666666667,0.365384615385,0.365853658537,0.5,0.823529411765,0.666666666667,0.333333333333,0.553191489362,0.435483870968,0.460869565217
