,TEAM_NAME,FG3M,FG3A,FG3_PCT,FTM,FTA,FT_PCT,OREB,DREB,REB,AST,STL,BLK,TO,PF,PTS,FG2M,FG2A,FG2_PCT,OUTCOME,DEFICIT_FGM,DEFICIT_FGA,DEFICIT_FG3M,DEFICIT_FG3A,DEFICIT_FTM,DEFICIT_FTA,DEFICIT_OREB,DEFICIT_DREB,DEFICIT_REB,DEFICIT_AST,DEFICIT_STL,DEFICIT_BLK,DEFICIT_TO,DEFICIT_PF,DEFICIT_FG2M,DEFICIT_FG2A
0,Spurs,5,16,0.313,24,26,0.923,9,41,50,19,6,2,20,20,107,34,58,0.586206896552,1,0.534246575342,0.465408805031,0.333333333333,0.372093023256,0.631578947368,0.590909090909,0.45,0.630769230769,0.588235294118,0.558823529412,0.4,0.4,0.606060606061,0.444444444444,0.586206896552,0.5
1,Suns,10,27,0.37,14,18,0.778,11,24,35,15,9,3,13,25,92,24,58,0.413793103448,0,0.465753424658,0.534591194969,0.666666666667,0.627906976744,0.368421052632,0.409090909091,0.55,0.369230769231,0.411764705882,0.441176470588,0.6,0.6,0.393939393939,0.555555555556,0.413793103448,0.5
