,TEAM_NAME,FG3M,FG3A,FG3_PCT,FTM,FTA,FT_PCT,OREB,DREB,REB,AST,STL,BLK,TO,PF,PTS,FG2M,FG2A,FG2_PCT,OUTCOME,DEFICIT_FGM,DEFICIT_FGA,DEFICIT_FG3M,DEFICIT_FG3A,DEFICIT_FTM,DEFICIT_FTA,DEFICIT_OREB,DEFICIT_DREB,DEFICIT_REB,DEFICIT_AST,DEFICIT_STL,DEFICIT_BLK,DEFICIT_TO,DEFICIT_PF,DEFICIT_FG2M,DEFICIT_FG2A
0,Pelicans,10,27,0.37,20,28,0.714,11,44,55,23,7,8,16,16,102,26,58,0.448275862069,1,0.5,0.494186046512,0.769230769231,0.5625,0.5,0.538461538462,0.611111111111,0.530120481928,0.544554455446,0.5,0.538461538462,0.666666666667,0.571428571429,0.432432432432,0.440677966102,0.467741935484
1,Pacers,3,21,0.143,20,24,0.833,7,39,46,23,6,4,12,21,95,33,66,0.5,0,0.5,0.505813953488,0.230769230769,0.4375,0.5,0.461538461538,0.388888888889,0.469879518072,0.455445544554,0.5,0.461538461538,0.333333333333,0.428571428571,0.567567567568,0.559322033898,0.532258064516
