,TEAM_NAME,FG3M,FG3A,FG3_PCT,FTM,FTA,FT_PCT,OREB,DREB,REB,AST,STL,BLK,TO,PF,PTS,FG2M,FG2A,FG2_PCT,OUTCOME,DEFICIT_FGM,DEFICIT_FGA,DEFICIT_FG3M,DEFICIT_FG3A,DEFICIT_FTM,DEFICIT_FTA,DEFICIT_OREB,DEFICIT_DREB,DEFICIT_REB,DEFICIT_AST,DEFICIT_STL,DEFICIT_BLK,DEFICIT_TO,DEFICIT_PF,DEFICIT_FG2M,DEFICIT_FG2A
0,Suns,12,31,0.387,24,29,0.828,20,27,47,31,11,2,19,24,124,32,63,0.507936507937,1,0.511627906977,0.559523809524,0.461538461538,0.484375,0.585365853659,0.508771929825,0.8,0.5625,0.643835616438,0.543859649123,0.458333333333,0.142857142857,0.513513513514,0.5,0.533333333333,0.605769230769
1,Rockets,14,33,0.424,17,28,0.607,5,21,26,26,13,12,18,24,115,28,41,0.682926829268,0,0.488372093023,0.440476190476,0.538461538462,0.515625,0.414634146341,0.491228070175,0.2,0.4375,0.356164383562,0.456140350877,0.541666666667,0.857142857143,0.486486486486,0.5,0.466666666667,0.394230769231
