,TEAM_NAME,FG3M,FG3A,FG3_PCT,FTM,FTA,FT_PCT,OREB,DREB,REB,AST,STL,BLK,TO,PF,PTS,FG2M,FG2A,FG2_PCT,OUTCOME,DEFICIT_FGM,DEFICIT_FGA,DEFICIT_FG3M,DEFICIT_FG3A,DEFICIT_FTM,DEFICIT_FTA,DEFICIT_OREB,DEFICIT_DREB,DEFICIT_REB,DEFICIT_AST,DEFICIT_STL,DEFICIT_BLK,DEFICIT_TO,DEFICIT_PF,DEFICIT_FG2M,DEFICIT_FG2A
0,Suns,11,25,0.44,8,12,0.667,10,33,43,22,11,6,16,22,109,34,64,0.53125,1,0.584415584416,0.526627218935,0.647058823529,0.657894736842,0.258064516129,0.285714285714,0.434782608696,0.52380952381,0.5,0.55,0.55,0.666666666667,0.457142857143,0.594594594595,0.566666666667,0.488549618321
1,Magic,6,13,0.462,23,30,0.767,13,30,43,18,9,3,19,15,93,26,67,0.388059701493,0,0.415584415584,0.473372781065,0.352941176471,0.342105263158,0.741935483871,0.714285714286,0.565217391304,0.47619047619,0.5,0.45,0.45,0.333333333333,0.542857142857,0.405405405405,0.433333333333,0.511450381679
