,TEAM_NAME,FG3M,FG3A,FG3_PCT,FTM,FTA,FT_PCT,OREB,DREB,REB,AST,STL,BLK,TO,PF,PTS,FG2M,FG2A,FG2_PCT,OUTCOME,DEFICIT_FGM,DEFICIT_FGA,DEFICIT_FG3M,DEFICIT_FG3A,DEFICIT_FTM,DEFICIT_FTA,DEFICIT_OREB,DEFICIT_DREB,DEFICIT_REB,DEFICIT_AST,DEFICIT_STL,DEFICIT_BLK,DEFICIT_TO,DEFICIT_PF,DEFICIT_FG2M,DEFICIT_FG2A
0,Suns,5,25,0.2,15,24,0.625,12,36,48,17,10,5,25,30,92,31,58,0.5344827586206896,0,0.5142857142857142,0.49700598802395207,0.5,0.45454545454545453,0.40540540540540543,0.4,0.48,0.5142857142857142,0.5052631578947369,0.4857142857142857,0.4166666666666667,0.45454545454545453,0.5813953488372093,0.5769230769230769,0.5166666666666667,0.5178571428571429
1,Rockets,5,30,0.167,22,36,0.611,13,34,47,18,14,6,18,22,95,29,54,0.5370370370370371,1,0.4857142857142857,0.5029940119760479,0.5,0.5454545454545454,0.5945945945945946,0.6,0.52,0.4857142857142857,0.49473684210526314,0.5142857142857142,0.5833333333333334,0.5454545454545454,0.4186046511627907,0.4230769230769231,0.48333333333333334,0.48214285714285715
