,TEAM_NAME,FG3M,FG3A,FG3_PCT,FTM,FTA,FT_PCT,OREB,DREB,REB,AST,STL,BLK,TO,PF,PTS,FG2M,FG2A,FG2_PCT,OUTCOME,DEFICIT_FGM,DEFICIT_FGA,DEFICIT_FG3M,DEFICIT_FG3A,DEFICIT_FTM,DEFICIT_FTA,DEFICIT_OREB,DEFICIT_DREB,DEFICIT_REB,DEFICIT_AST,DEFICIT_STL,DEFICIT_BLK,DEFICIT_TO,DEFICIT_PF,DEFICIT_FG2M,DEFICIT_FG2A
0,Raptors,6,24,0.25,21,27,0.778,7,35,42,13,11,1,21,19,81,21,43,0.488372093023,1,0.465517241379,0.44966442953,0.666666666667,0.510638297872,0.65625,0.6,0.388888888889,0.514705882353,0.488372093023,0.393939393939,0.478260869565,0.333333333333,0.567567567568,0.441860465116,0.428571428571,0.421568627451
1,Knicks,3,23,0.13,11,18,0.611,11,33,44,20,12,2,16,24,76,28,59,0.474576271186,0,0.534482758621,0.55033557047,0.333333333333,0.489361702128,0.34375,0.4,0.611111111111,0.485294117647,0.511627906977,0.606060606061,0.521739130435,0.666666666667,0.432432432432,0.558139534884,0.571428571429,0.578431372549
