,TEAM_NAME,FG3M,FG3A,FG3_PCT,FTM,FTA,FT_PCT,OREB,DREB,REB,AST,STL,BLK,TO,PF,PTS,FG2M,FG2A,FG2_PCT,OUTCOME,DEFICIT_FGM,DEFICIT_FGA,DEFICIT_FG3M,DEFICIT_FG3A,DEFICIT_FTM,DEFICIT_FTA,DEFICIT_OREB,DEFICIT_DREB,DEFICIT_REB,DEFICIT_AST,DEFICIT_STL,DEFICIT_BLK,DEFICIT_TO,DEFICIT_PF,DEFICIT_FG2M,DEFICIT_FG2A
0,Nuggets,3,16,0.188,17,24,0.708,10,27,37,21,3,6,16,29,90,32,63,0.5079365079365079,0,0.49295774647887325,0.5,0.3333333333333333,0.45714285714285713,0.3469387755102041,0.3870967741935484,0.45454545454545453,0.45,0.45121951219512196,0.5121951219512195,0.23076923076923078,0.46153846153846156,0.5925925925925926,0.5576923076923077,0.5161290322580645,0.5121951219512195
1,Bulls,6,19,0.316,32,38,0.842,12,33,45,20,10,7,11,23,110,30,60,0.5,1,0.5070422535211268,0.5,0.6666666666666666,0.5428571428571428,0.6530612244897959,0.6129032258064516,0.5454545454545454,0.55,0.5487804878048781,0.4878048780487805,0.7692307692307693,0.5384615384615384,0.4074074074074074,0.4423076923076923,0.4838709677419355,0.4878048780487805
