,TEAM_NAME,FG3M,FG3A,FG3_PCT,FTM,FTA,FT_PCT,OREB,DREB,REB,AST,STL,BLK,TO,PF,PTS,FG2M,FG2A,FG2_PCT,OUTCOME,DEFICIT_FGM,DEFICIT_FGA,DEFICIT_FG3M,DEFICIT_FG3A,DEFICIT_FTM,DEFICIT_FTA,DEFICIT_OREB,DEFICIT_DREB,DEFICIT_REB,DEFICIT_AST,DEFICIT_STL,DEFICIT_BLK,DEFICIT_TO,DEFICIT_PF,DEFICIT_FG2M,DEFICIT_FG2A
0,Thunder,4,21,0.19,17,31,0.548,12,28,40,18,10,2,11,19,95,33,66,0.5,0,0.480519480519,0.511764705882,0.210526315789,0.388888888889,0.515151515152,0.596153846154,0.571428571429,0.430769230769,0.46511627907,0.391304347826,0.555555555556,0.2,0.407407407407,0.463414634146,0.568965517241,0.568965517241
1,Warriors,15,33,0.455,16,21,0.762,9,37,46,28,8,8,16,22,111,25,50,0.5,1,0.519480519481,0.488235294118,0.789473684211,0.611111111111,0.484848484848,0.403846153846,0.428571428571,0.569230769231,0.53488372093,0.608695652174,0.444444444444,0.8,0.592592592593,0.536585365854,0.431034482759,0.431034482759
