,TEAM_NAME,FG3M,FG3A,FG3_PCT,FTM,FTA,FT_PCT,OREB,DREB,REB,AST,STL,BLK,TO,PF,PTS,FG2M,FG2A,FG2_PCT,OUTCOME,DEFICIT_FGM,DEFICIT_FGA,DEFICIT_FG3M,DEFICIT_FG3A,DEFICIT_FTM,DEFICIT_FTA,DEFICIT_OREB,DEFICIT_DREB,DEFICIT_REB,DEFICIT_AST,DEFICIT_STL,DEFICIT_BLK,DEFICIT_TO,DEFICIT_PF,DEFICIT_FG2M,DEFICIT_FG2A
0,Pacers,9,26,0.346,13,20,0.65,15,35,50,25,9,6,13,23,104,32,61,0.524590163934,1,0.518987341772,0.505813953488,0.5625,0.440677966102,0.41935483871,0.425531914894,0.576923076923,0.514705882353,0.531914893617,0.595238095238,0.5625,0.666666666667,0.481481481481,0.560975609756,0.507936507937,0.53982300885
1,Rockets,7,33,0.212,18,27,0.667,11,33,44,17,7,3,14,18,101,31,52,0.596153846154,0,0.481012658228,0.494186046512,0.4375,0.559322033898,0.58064516129,0.574468085106,0.423076923077,0.485294117647,0.468085106383,0.404761904762,0.4375,0.333333333333,0.518518518519,0.439024390244,0.492063492063,0.46017699115
