,TEAM_NAME,FG3M,FG3A,FG3_PCT,FTM,FTA,FT_PCT,OREB,DREB,REB,AST,STL,BLK,TO,PF,PTS,FG2M,FG2A,FG2_PCT,OUTCOME,DEFICIT_FGM,DEFICIT_FGA,DEFICIT_FG3M,DEFICIT_FG3A,DEFICIT_FTM,DEFICIT_FTA,DEFICIT_OREB,DEFICIT_DREB,DEFICIT_REB,DEFICIT_AST,DEFICIT_STL,DEFICIT_BLK,DEFICIT_TO,DEFICIT_PF,DEFICIT_FG2M,DEFICIT_FG2A
0,Knicks,8,20,0.4,22,27,0.815,10,26,36,20,6,5,9,28,106,30,67,0.44776119403,0,0.550724637681,0.561290322581,0.470588235294,0.416666666667,0.366666666667,0.380281690141,0.47619047619,0.448275862069,0.455696202532,0.588235294118,0.5,0.454545454545,0.391304347826,0.595744680851,0.576923076923,0.626168224299
1,Rockets,9,28,0.321,38,44,0.864,11,32,43,14,6,6,14,19,109,22,40,0.55,1,0.449275362319,0.438709677419,0.529411764706,0.583333333333,0.633333333333,0.619718309859,0.52380952381,0.551724137931,0.544303797468,0.411764705882,0.5,0.545454545455,0.608695652174,0.404255319149,0.423076923077,0.373831775701
