,TEAM_NAME,FG3M,FG3A,FG3_PCT,FTM,FTA,FT_PCT,OREB,DREB,REB,AST,STL,BLK,TO,PF,PTS,FG2M,FG2A,FG2_PCT,OUTCOME,DEFICIT_FGM,DEFICIT_FGA,DEFICIT_FG3M,DEFICIT_FG3A,DEFICIT_FTM,DEFICIT_FTA,DEFICIT_OREB,DEFICIT_DREB,DEFICIT_REB,DEFICIT_AST,DEFICIT_STL,DEFICIT_BLK,DEFICIT_TO,DEFICIT_PF,DEFICIT_FG2M,DEFICIT_FG2A
0,Wizards,8,19,0.421,14,14,1.0,15,29,44,31,6,5,14,17,98,30,65,0.461538461538,1,0.542857142857,0.521739130435,0.470588235294,0.452380952381,0.4375,0.4,0.535714285714,0.537037037037,0.536585365854,0.62,0.545454545455,1.0,0.48275862069,0.459459459459,0.566037735849,0.546218487395
1,Cavaliers,9,23,0.391,18,21,0.857,13,25,38,19,5,0,15,20,91,23,54,0.425925925926,0,0.457142857143,0.478260869565,0.529411764706,0.547619047619,0.5625,0.6,0.464285714286,0.462962962963,0.463414634146,0.38,0.454545454545,0.0,0.51724137931,0.540540540541,0.433962264151,0.453781512605
