,TEAM_NAME,FG3M,FG3A,FG3_PCT,FTM,FTA,FT_PCT,OREB,DREB,REB,AST,STL,BLK,TO,PF,PTS,FG2M,FG2A,FG2_PCT,OUTCOME,DEFICIT_FGM,DEFICIT_FGA,DEFICIT_FG3M,DEFICIT_FG3A,DEFICIT_FTM,DEFICIT_FTA,DEFICIT_OREB,DEFICIT_DREB,DEFICIT_REB,DEFICIT_AST,DEFICIT_STL,DEFICIT_BLK,DEFICIT_TO,DEFICIT_PF,DEFICIT_FG2M,DEFICIT_FG2A
0,Rockets,12,31,0.387,24,33,0.727,8,22,30,29,9,2,11,23,120,30,45,0.666666666667,0,0.5,0.513513513514,0.521739130435,0.584905660377,0.461538461538,0.5,0.533333333333,0.43137254902,0.454545454545,0.527272727273,0.5,0.285714285714,0.423076923077,0.469387755102,0.491803278689,0.473684210526
1,Mavericks,11,22,0.5,28,33,0.848,7,29,36,26,9,5,15,26,123,31,50,0.62,1,0.5,0.486486486486,0.478260869565,0.415094339623,0.538461538462,0.5,0.466666666667,0.56862745098,0.545454545455,0.472727272727,0.5,0.714285714286,0.576923076923,0.530612244898,0.508196721311,0.526315789474
