,TEAM_NAME,FG3M,FG3A,FG3_PCT,FTM,FTA,FT_PCT,OREB,DREB,REB,AST,STL,BLK,TO,PF,PTS,FG2M,FG2A,FG2_PCT,OUTCOME,DEFICIT_FGM,DEFICIT_FGA,DEFICIT_FG3M,DEFICIT_FG3A,DEFICIT_FTM,DEFICIT_FTA,DEFICIT_OREB,DEFICIT_DREB,DEFICIT_REB,DEFICIT_AST,DEFICIT_STL,DEFICIT_BLK,DEFICIT_TO,DEFICIT_PF,DEFICIT_FG2M,DEFICIT_FG2A
0,Trail Blazers,11,31,0.355,10,15,0.667,16,29,45,26,10,5,16,14,91,24,55,0.436363636364,1,0.5,0.518072289157,0.6875,0.688888888889,0.588235294118,0.555555555556,0.571428571429,0.491525423729,0.51724137931,0.590909090909,0.625,0.5,0.457142857143,0.424242424242,0.444444444444,0.454545454545
1,Bucks,5,14,0.357,7,12,0.583,12,30,42,18,6,5,19,19,82,30,66,0.454545454545,0,0.5,0.481927710843,0.3125,0.311111111111,0.411764705882,0.444444444444,0.428571428571,0.508474576271,0.48275862069,0.409090909091,0.375,0.5,0.542857142857,0.575757575758,0.555555555556,0.545454545455
