,TEAM_NAME,FG3M,FG3A,FG3_PCT,FTM,FTA,FT_PCT,OREB,DREB,REB,AST,STL,BLK,TO,PF,PTS,FG2M,FG2A,FG2_PCT,OUTCOME,DEFICIT_FGM,DEFICIT_FGA,DEFICIT_FG3M,DEFICIT_FG3A,DEFICIT_FTM,DEFICIT_FTA,DEFICIT_OREB,DEFICIT_DREB,DEFICIT_REB,DEFICIT_AST,DEFICIT_STL,DEFICIT_BLK,DEFICIT_TO,DEFICIT_PF,DEFICIT_FG2M,DEFICIT_FG2A
0,Kings,7,17,0.412,32,38,0.842,9,33,42,19,11,2,10,23,113,30,63,0.47619047619,1,0.493333333333,0.484848484848,0.318181818182,0.34,0.68085106383,0.633333333333,0.409090909091,0.578947368421,0.53164556962,0.612903225806,0.647058823529,0.25,0.37037037037,0.469387755102,0.566037735849,0.547826086957
1,Suns,15,33,0.455,15,22,0.682,13,24,37,12,6,6,17,26,106,23,52,0.442307692308,0,0.506666666667,0.515151515152,0.681818181818,0.66,0.31914893617,0.366666666667,0.590909090909,0.421052631579,0.46835443038,0.387096774194,0.352941176471,0.75,0.62962962963,0.530612244898,0.433962264151,0.452173913043
