,TEAM_NAME,FG3M,FG3A,FG3_PCT,FTM,FTA,FT_PCT,OREB,DREB,REB,AST,STL,BLK,TO,PF,PTS,FG2M,FG2A,FG2_PCT,OUTCOME,DEFICIT_FGM,DEFICIT_FGA,DEFICIT_FG3M,DEFICIT_FG3A,DEFICIT_FTM,DEFICIT_FTA,DEFICIT_OREB,DEFICIT_DREB,DEFICIT_REB,DEFICIT_AST,DEFICIT_STL,DEFICIT_BLK,DEFICIT_TO,DEFICIT_PF,DEFICIT_FG2M,DEFICIT_FG2A
0,Jazz,8,24,0.333,16,20,0.8,9,28,37,27,7,7,14,25,98,29,59,0.491525423729,0,0.480519480519,0.512345679012,0.615384615385,0.615384615385,0.444444444444,0.377358490566,0.391304347826,0.48275862069,0.456790123457,0.529411764706,0.4375,0.35,0.538461538462,0.555555555556,0.453125,0.479674796748
1,Pelicans,5,15,0.333,20,33,0.606,14,30,44,24,9,13,12,20,105,35,64,0.546875,1,0.519480519481,0.487654320988,0.384615384615,0.384615384615,0.555555555556,0.622641509434,0.608695652174,0.51724137931,0.543209876543,0.470588235294,0.5625,0.65,0.461538461538,0.444444444444,0.546875,0.520325203252
