,TEAM_NAME,FG3M,FG3A,FG3_PCT,FTM,FTA,FT_PCT,OREB,DREB,REB,AST,STL,BLK,TO,PF,PTS,FG2M,FG2A,FG2_PCT,OUTCOME,DEFICIT_FGM,DEFICIT_FGA,DEFICIT_FG3M,DEFICIT_FG3A,DEFICIT_FTM,DEFICIT_FTA,DEFICIT_OREB,DEFICIT_DREB,DEFICIT_REB,DEFICIT_AST,DEFICIT_STL,DEFICIT_BLK,DEFICIT_TO,DEFICIT_PF,DEFICIT_FG2M,DEFICIT_FG2A
0,Trail Blazers,10,27,0.37,24,28,0.857,13,34,47,21,5,10,10,24,116,31,63,0.492063492063,0,0.476744186047,0.461538461538,0.454545454545,0.465517241379,0.558139534884,0.56,0.371428571429,0.523076923077,0.47,0.512195121951,0.555555555556,0.714285714286,0.555555555556,0.461538461538,0.484375,0.459854014599
1,Rockets,12,31,0.387,19,22,0.864,22,31,53,20,4,4,8,28,121,33,74,0.445945945946,1,0.523255813953,0.538461538462,0.545454545455,0.534482758621,0.441860465116,0.44,0.628571428571,0.476923076923,0.53,0.487804878049,0.444444444444,0.285714285714,0.444444444444,0.538461538462,0.515625,0.540145985401
