,TEAM_NAME,FG3M,FG3A,FG3_PCT,FTM,FTA,FT_PCT,OREB,DREB,REB,AST,STL,BLK,TO,PF,PTS,FG2M,FG2A,FG2_PCT,OUTCOME,DEFICIT_FGM,DEFICIT_FGA,DEFICIT_FG3M,DEFICIT_FG3A,DEFICIT_FTM,DEFICIT_FTA,DEFICIT_OREB,DEFICIT_DREB,DEFICIT_REB,DEFICIT_AST,DEFICIT_STL,DEFICIT_BLK,DEFICIT_TO,DEFICIT_PF,DEFICIT_FG2M,DEFICIT_FG2A
0,Pistons,6,23,0.261,13,19,0.684,5,27,32,22,7,3,7,19,91,30,51,0.588235294118,0,0.48,0.480519480519,0.333333333333,0.442307692308,0.541666666667,0.558823529412,0.294117647059,0.44262295082,0.410256410256,0.478260869565,0.7,0.428571428571,0.411764705882,0.527777777778,0.526315789474,0.5
1,Cavaliers,12,29,0.414,11,15,0.733,12,34,46,24,3,4,10,17,101,27,51,0.529411764706,1,0.52,0.519480519481,0.666666666667,0.557692307692,0.458333333333,0.441176470588,0.705882352941,0.55737704918,0.589743589744,0.521739130435,0.3,0.571428571429,0.588235294118,0.472222222222,0.473684210526,0.5
