,TEAM_NAME,FG3M,FG3A,FG3_PCT,FTM,FTA,FT_PCT,OREB,DREB,REB,AST,STL,BLK,TO,PF,PTS,FG2M,FG2A,FG2_PCT,OUTCOME,DEFICIT_FGM,DEFICIT_FGA,DEFICIT_FG3M,DEFICIT_FG3A,DEFICIT_FTM,DEFICIT_FTA,DEFICIT_OREB,DEFICIT_DREB,DEFICIT_REB,DEFICIT_AST,DEFICIT_STL,DEFICIT_BLK,DEFICIT_TO,DEFICIT_PF,DEFICIT_FG2M,DEFICIT_FG2A
0,Bulls,6,12,0.5,26,31,0.839,9,45,54,17,3,8,16,18,86,21,63,0.333333333333,1,0.45,0.451807228916,0.461538461538,0.428571428571,0.764705882353,0.659574468085,0.428571428571,0.584415584416,0.551020408163,0.404761904762,0.333333333333,0.5,0.64,0.439024390244,0.446808510638,0.45652173913
1,Bobcats,7,16,0.438,8,16,0.5,12,32,44,25,6,8,9,23,81,26,75,0.346666666667,0,0.55,0.548192771084,0.538461538462,0.571428571429,0.235294117647,0.340425531915,0.571428571429,0.415584415584,0.448979591837,0.595238095238,0.666666666667,0.5,0.36,0.560975609756,0.553191489362,0.54347826087
