,TEAM_NAME,FG3M,FG3A,FG3_PCT,FTM,FTA,FT_PCT,OREB,DREB,REB,AST,STL,BLK,TO,PF,PTS,FG2M,FG2A,FG2_PCT,OUTCOME,DEFICIT_FGM,DEFICIT_FGA,DEFICIT_FG3M,DEFICIT_FG3A,DEFICIT_FTM,DEFICIT_FTA,DEFICIT_OREB,DEFICIT_DREB,DEFICIT_REB,DEFICIT_AST,DEFICIT_STL,DEFICIT_BLK,DEFICIT_TO,DEFICIT_PF,DEFICIT_FG2M,DEFICIT_FG2A
0,76ers,6,21,0.286,12,22,0.545,18,35,53,24,12,4,12,22,94,32,78,0.410256410256,0,0.527777777778,0.559322033898,0.4,0.42,0.375,0.458333333333,0.642857142857,0.448717948718,0.5,0.48,0.6,0.266666666667,0.375,0.52380952381,0.561403508772,0.614173228346
1,Mavericks,9,29,0.31,20,26,0.769,10,43,53,26,8,11,20,20,97,25,49,0.510204081633,1,0.472222222222,0.440677966102,0.6,0.58,0.625,0.541666666667,0.357142857143,0.551282051282,0.5,0.52,0.4,0.733333333333,0.625,0.47619047619,0.438596491228,0.385826771654
