,TEAM_NAME,FG3M,FG3A,FG3_PCT,FTM,FTA,FT_PCT,OREB,DREB,REB,AST,STL,BLK,TO,PF,PTS,FG2M,FG2A,FG2_PCT,OUTCOME,DEFICIT_FGM,DEFICIT_FGA,DEFICIT_FG3M,DEFICIT_FG3A,DEFICIT_FTM,DEFICIT_FTA,DEFICIT_OREB,DEFICIT_DREB,DEFICIT_REB,DEFICIT_AST,DEFICIT_STL,DEFICIT_BLK,DEFICIT_TO,DEFICIT_PF,DEFICIT_FG2M,DEFICIT_FG2A
0,Jazz,7,15,0.467,16,19,0.842,6,34,40,18,8,5,10,21,87,25,66,0.378787878788,0,0.5,0.50625,0.368421052632,0.405405405405,0.421052631579,0.387755102041,0.3,0.441558441558,0.412371134021,0.514285714286,0.615384615385,0.454545454545,0.416666666667,0.567567567568,0.555555555556,0.536585365854
1,Warriors,12,22,0.545,22,30,0.733,14,43,57,17,5,6,14,16,98,20,57,0.350877192982,1,0.5,0.49375,0.631578947368,0.594594594595,0.578947368421,0.612244897959,0.7,0.558441558442,0.587628865979,0.485714285714,0.384615384615,0.545454545455,0.583333333333,0.432432432432,0.444444444444,0.463414634146
