,TEAM_NAME,FG3M,FG3A,FG3_PCT,FTM,FTA,FT_PCT,OREB,DREB,REB,AST,STL,BLK,TO,PF,PTS,FG2M,FG2A,FG2_PCT,OUTCOME,DEFICIT_FGM,DEFICIT_FGA,DEFICIT_FG3M,DEFICIT_FG3A,DEFICIT_FTM,DEFICIT_FTA,DEFICIT_OREB,DEFICIT_DREB,DEFICIT_REB,DEFICIT_AST,DEFICIT_STL,DEFICIT_BLK,DEFICIT_TO,DEFICIT_PF,DEFICIT_FG2M,DEFICIT_FG2A
0,Trail Blazers,8,18,0.444,18,21,0.857,9,37,46,19,5,5,14,25,108,33,58,0.568965517241,1,0.569444444444,0.472049689441,0.727272727273,0.58064516129,0.352941176471,0.375,0.391304347826,0.587301587302,0.53488372093,0.612903225806,0.357142857143,0.555555555556,0.666666666667,0.581395348837,0.540983606557,0.446153846154
1,Nets,3,13,0.231,33,35,0.943,14,26,40,12,9,4,7,18,98,28,72,0.388888888889,0,0.430555555556,0.527950310559,0.272727272727,0.41935483871,0.647058823529,0.625,0.608695652174,0.412698412698,0.46511627907,0.387096774194,0.642857142857,0.444444444444,0.333333333333,0.418604651163,0.459016393443,0.553846153846
