,TEAM_NAME,FG3M,FG3A,FG3_PCT,FTM,FTA,FT_PCT,OREB,DREB,REB,AST,STL,BLK,TO,PF,PTS,FG2M,FG2A,FG2_PCT,OUTCOME,DEFICIT_FGM,DEFICIT_FGA,DEFICIT_FG3M,DEFICIT_FG3A,DEFICIT_FTM,DEFICIT_FTA,DEFICIT_OREB,DEFICIT_DREB,DEFICIT_REB,DEFICIT_AST,DEFICIT_STL,DEFICIT_BLK,DEFICIT_TO,DEFICIT_PF,DEFICIT_FG2M,DEFICIT_FG2A
0,Raptors,7,27,0.259,30,35,0.857,7,28,35,19,9,8,9,20,103,26,56,0.464285714286,0,0.452054794521,0.512345679012,0.4375,0.551020408163,0.535714285714,0.555555555556,0.5,0.424242424242,0.4375,0.487179487179,0.6,0.888888888889,0.375,0.416666666667,0.456140350877,0.495575221239
1,Suns,9,22,0.409,26,28,0.929,7,38,45,20,6,1,15,28,115,31,57,0.543859649123,1,0.547945205479,0.487654320988,0.5625,0.448979591837,0.464285714286,0.444444444444,0.5,0.575757575758,0.5625,0.512820512821,0.4,0.111111111111,0.625,0.583333333333,0.543859649123,0.504424778761
