,TEAM_NAME,FG3M,FG3A,FG3_PCT,FTM,FTA,FT_PCT,OREB,DREB,REB,AST,STL,BLK,TO,PF,PTS,FG2M,FG2A,FG2_PCT,OUTCOME,DEFICIT_FGM,DEFICIT_FGA,DEFICIT_FG3M,DEFICIT_FG3A,DEFICIT_FTM,DEFICIT_FTA,DEFICIT_OREB,DEFICIT_DREB,DEFICIT_REB,DEFICIT_AST,DEFICIT_STL,DEFICIT_BLK,DEFICIT_TO,DEFICIT_PF,DEFICIT_FG2M,DEFICIT_FG2A
0,Kings,6,19,0.316,18,24,0.75,12,26,38,19,5,6,14,17,108,36,67,0.537313432836,0,0.47191011236,0.502923976608,0.545454545455,0.527777777778,0.486486486486,0.461538461538,0.545454545455,0.472727272727,0.493506493506,0.413043478261,0.333333333333,0.5,0.56,0.404761904762,0.461538461538,0.496296296296
1,Nuggets,5,17,0.294,19,28,0.679,10,29,39,27,10,6,11,25,118,42,68,0.617647058824,1,0.52808988764,0.497076023392,0.454545454545,0.472222222222,0.513513513514,0.538461538462,0.454545454545,0.527272727273,0.506493506494,0.586956521739,0.666666666667,0.5,0.44,0.595238095238,0.538461538462,0.503703703704
