,TEAM_NAME,FG3M,FG3A,FG3_PCT,FTM,FTA,FT_PCT,OREB,DREB,REB,AST,STL,BLK,TO,PF,PTS,FG2M,FG2A,FG2_PCT,OUTCOME,DEFICIT_FGM,DEFICIT_FGA,DEFICIT_FG3M,DEFICIT_FG3A,DEFICIT_FTM,DEFICIT_FTA,DEFICIT_OREB,DEFICIT_DREB,DEFICIT_REB,DEFICIT_AST,DEFICIT_STL,DEFICIT_BLK,DEFICIT_TO,DEFICIT_PF,DEFICIT_FG2M,DEFICIT_FG2A
0,Spurs,11,23,0.478,13,18,0.722,7,33,40,28,12,2,15,20,100,27,66,0.409090909091,1,0.506666666667,0.517441860465,0.611111111111,0.469387755102,0.481481481481,0.461538461538,0.4375,0.458333333333,0.454545454545,0.549019607843,0.545454545455,0.25,0.441176470588,0.5,0.473684210526,0.536585365854
1,Suns,7,26,0.269,14,21,0.667,9,39,48,23,10,6,19,20,95,30,57,0.526315789474,0,0.493333333333,0.482558139535,0.388888888889,0.530612244898,0.518518518519,0.538461538462,0.5625,0.541666666667,0.545454545455,0.450980392157,0.454545454545,0.75,0.558823529412,0.5,0.526315789474,0.463414634146
