,TEAM_NAME,FG3M,FG3A,FG3_PCT,FTM,FTA,FT_PCT,OREB,DREB,REB,AST,STL,BLK,TO,PF,PTS,FG2M,FG2A,FG2_PCT,OUTCOME,DEFICIT_FGM,DEFICIT_FGA,DEFICIT_FG3M,DEFICIT_FG3A,DEFICIT_FTM,DEFICIT_FTA,DEFICIT_OREB,DEFICIT_DREB,DEFICIT_REB,DEFICIT_AST,DEFICIT_STL,DEFICIT_BLK,DEFICIT_TO,DEFICIT_PF,DEFICIT_FG2M,DEFICIT_FG2A
0,76ers,8,17,0.471,10,17,0.588,11,27,38,22,15,4,14,22,90,28,62,0.45161290322580644,1,0.5217391304347826,0.5197368421052632,0.7272727272727273,0.5151515151515151,0.3448275862068966,0.38636363636363635,0.55,0.45,0.475,0.5116279069767442,0.6521739130434783,0.5714285714285714,0.45161290322580644,0.5365853658536586,0.4827586206896552,0.5210084033613446
1,Nets,3,16,0.188,19,27,0.704,9,33,42,21,8,3,17,19,88,30,57,0.5263157894736842,0,0.4782608695652174,0.48026315789473684,0.2727272727272727,0.48484848484848486,0.6551724137931034,0.6136363636363636,0.45,0.55,0.525,0.4883720930232558,0.34782608695652173,0.42857142857142855,0.5483870967741935,0.4634146341463415,0.5172413793103449,0.4789915966386555
