,TEAM_NAME,FG3M,FG3A,FG3_PCT,FTM,FTA,FT_PCT,OREB,DREB,REB,AST,STL,BLK,TO,PF,PTS,FG2M,FG2A,FG2_PCT,OUTCOME,DEFICIT_FGM,DEFICIT_FGA,DEFICIT_FG3M,DEFICIT_FG3A,DEFICIT_FTM,DEFICIT_FTA,DEFICIT_OREB,DEFICIT_DREB,DEFICIT_REB,DEFICIT_AST,DEFICIT_STL,DEFICIT_BLK,DEFICIT_TO,DEFICIT_PF,DEFICIT_FG2M,DEFICIT_FG2A
0,Pacers,9,23,0.391,30,34,0.882,16,40,56,21,5,9,16,18,107,25,69,0.36231884057971014,1,0.4533333333333333,0.4717948717948718,0.47368421052631576,0.40350877192982454,0.7317073170731707,0.68,0.5517241379310345,0.5194805194805194,0.5283018867924528,0.45652173913043476,0.3333333333333333,0.5625,0.6153846153846154,0.4,0.44642857142857145,0.5
1,Celtics,10,34,0.294,11,16,0.688,13,37,50,25,10,7,10,27,103,31,69,0.4492753623188406,0,0.5466666666666666,0.5282051282051282,0.5263157894736842,0.5964912280701754,0.2682926829268293,0.32,0.4482758620689655,0.4805194805194805,0.4716981132075472,0.5434782608695652,0.6666666666666666,0.4375,0.38461538461538464,0.6,0.5535714285714286,0.5
