,TEAM_NAME,FG3M,FG3A,FG3_PCT,FTM,FTA,FT_PCT,OREB,DREB,REB,AST,STL,BLK,TO,PF,PTS,FG2M,FG2A,FG2_PCT,OUTCOME,DEFICIT_FGM,DEFICIT_FGA,DEFICIT_FG3M,DEFICIT_FG3A,DEFICIT_FTM,DEFICIT_FTA,DEFICIT_OREB,DEFICIT_DREB,DEFICIT_REB,DEFICIT_AST,DEFICIT_STL,DEFICIT_BLK,DEFICIT_TO,DEFICIT_PF,DEFICIT_FG2M,DEFICIT_FG2A
0,Pistons,13,43,0.302,14,18,0.778,11,35,46,24,9,3,7,19,103,25,53,0.471698113208,0,0.487179487179,0.539325842697,0.565217391304,0.651515151515,0.466666666667,0.428571428571,0.647058823529,0.448717948718,0.484210526316,0.470588235294,0.75,0.5,0.333333333333,0.59375,0.454545454545,0.473214285714
1,Hawks,10,23,0.435,16,24,0.667,6,43,49,27,3,3,14,13,106,30,59,0.508474576271,1,0.512820512821,0.460674157303,0.434782608696,0.348484848485,0.533333333333,0.571428571429,0.352941176471,0.551282051282,0.515789473684,0.529411764706,0.25,0.5,0.666666666667,0.40625,0.545454545455,0.526785714286
