,TEAM_NAME,FG3M,FG3A,FG3_PCT,FTM,FTA,FT_PCT,OREB,DREB,REB,AST,STL,BLK,TO,PF,PTS,FG2M,FG2A,FG2_PCT,OUTCOME,DEFICIT_FGM,DEFICIT_FGA,DEFICIT_FG3M,DEFICIT_FG3A,DEFICIT_FTM,DEFICIT_FTA,DEFICIT_OREB,DEFICIT_DREB,DEFICIT_REB,DEFICIT_AST,DEFICIT_STL,DEFICIT_BLK,DEFICIT_TO,DEFICIT_PF,DEFICIT_FG2M,DEFICIT_FG2A
0,Timberwolves,6,22,0.273,14,17,0.824,13,27,40,22,13,3,19,14,84,26,57,0.45614035087719296,0,0.4507042253521127,0.512987012987013,0.3333333333333333,0.5365853658536586,0.6363636363636364,0.6296296296296297,0.5909090909090909,0.47368421052631576,0.5063291139240507,0.4230769230769231,0.5,0.42857142857142855,0.4634146341463415,0.4,0.49056603773584906,0.504424778761062
1,Bucks,12,19,0.632,8,10,0.8,9,30,39,30,13,4,22,21,98,27,56,0.48214285714285715,1,0.5492957746478874,0.487012987012987,0.6666666666666666,0.4634146341463415,0.36363636363636365,0.37037037037037035,0.4090909090909091,0.5263157894736842,0.4936708860759494,0.5769230769230769,0.5,0.5714285714285714,0.5365853658536586,0.6,0.5094339622641509,0.49557522123893805
