,TEAM_NAME,FG3M,FG3A,FG3_PCT,FTM,FTA,FT_PCT,OREB,DREB,REB,AST,STL,BLK,TO,PF,PTS,FG2M,FG2A,FG2_PCT,OUTCOME,DEFICIT_FGM,DEFICIT_FGA,DEFICIT_FG3M,DEFICIT_FG3A,DEFICIT_FTM,DEFICIT_FTA,DEFICIT_OREB,DEFICIT_DREB,DEFICIT_REB,DEFICIT_AST,DEFICIT_STL,DEFICIT_BLK,DEFICIT_TO,DEFICIT_PF,DEFICIT_FG2M,DEFICIT_FG2A
0,Kings,6,19,0.316,18,24,0.75,12,26,38,19,5,6,14,17,108,36,67,0.5373134328358209,0,0.47191011235955055,0.5029239766081871,0.5454545454545454,0.5277777777777778,0.4864864864864865,0.46153846153846156,0.5454545454545454,0.4727272727272727,0.4935064935064935,0.41304347826086957,0.3333333333333333,0.5,0.56,0.40476190476190477,0.46153846153846156,0.4962962962962963
1,Nuggets,5,17,0.294,19,28,0.679,10,29,39,27,10,6,11,25,118,42,68,0.6176470588235294,1,0.5280898876404494,0.49707602339181284,0.45454545454545453,0.4722222222222222,0.5135135135135135,0.5384615384615384,0.45454545454545453,0.5272727272727272,0.5064935064935064,0.5869565217391305,0.6666666666666666,0.5,0.44,0.5952380952380952,0.5384615384615384,0.5037037037037037
