,TEAM_NAME,FG3M,FG3A,FG3_PCT,FTM,FTA,FT_PCT,OREB,DREB,REB,AST,STL,BLK,TO,PF,PTS,FG2M,FG2A,FG2_PCT,OUTCOME,DEFICIT_FGM,DEFICIT_FGA,DEFICIT_FG3M,DEFICIT_FG3A,DEFICIT_FTM,DEFICIT_FTA,DEFICIT_OREB,DEFICIT_DREB,DEFICIT_REB,DEFICIT_AST,DEFICIT_STL,DEFICIT_BLK,DEFICIT_TO,DEFICIT_PF,DEFICIT_FG2M,DEFICIT_FG2A
0,Kings,11,31,0.355,24,27,0.889,8,38,46,23,11,5,19,18,105,24,47,0.510638297872,1,0.507246376812,0.4875,0.458333333333,0.5,0.571428571429,0.5625,0.571428571429,0.558823529412,0.560975609756,0.5,0.52380952381,0.714285714286,0.527777777778,0.439024390244,0.533333333333,0.479591836735
1,Pelicans,13,31,0.419,18,21,0.857,6,30,36,23,10,2,17,23,99,21,51,0.411764705882,0,0.492753623188,0.5125,0.541666666667,0.5,0.428571428571,0.4375,0.428571428571,0.441176470588,0.439024390244,0.5,0.47619047619,0.285714285714,0.472222222222,0.560975609756,0.466666666667,0.520408163265
