,TEAM_NAME,FG3M,FG3A,FG3_PCT,FTM,FTA,FT_PCT,OREB,DREB,REB,AST,STL,BLK,TO,PF,PTS,FG2M,FG2A,FG2_PCT,OUTCOME,DEFICIT_FGM,DEFICIT_FGA,DEFICIT_FG3M,DEFICIT_FG3A,DEFICIT_FTM,DEFICIT_FTA,DEFICIT_OREB,DEFICIT_DREB,DEFICIT_REB,DEFICIT_AST,DEFICIT_STL,DEFICIT_BLK,DEFICIT_TO,DEFICIT_PF,DEFICIT_FG2M,DEFICIT_FG2A
0,Timberwolves,6,24,0.25,23,26,0.885,10,36,46,27,11,4,14,14,117,38,57,0.666666666667,1,0.556962025316,0.490909090909,0.375,0.489795918367,0.71875,0.666666666667,0.526315789474,0.58064516129,0.567901234568,0.551020408163,0.611111111111,0.666666666667,0.4375,0.368421052632,0.603174603175,0.491379310345
1,Bulls,10,25,0.4,9,13,0.692,9,26,35,22,7,2,18,24,89,25,59,0.423728813559,0,0.443037974684,0.509090909091,0.625,0.510204081633,0.28125,0.333333333333,0.473684210526,0.41935483871,0.432098765432,0.448979591837,0.388888888889,0.333333333333,0.5625,0.631578947368,0.396825396825,0.508620689655
