,TEAM_NAME,FG3M,FG3A,FG3_PCT,FTM,FTA,FT_PCT,OREB,DREB,REB,AST,STL,BLK,TO,PF,PTS,FG2M,FG2A,FG2_PCT,OUTCOME,DEFICIT_FGM,DEFICIT_FGA,DEFICIT_FG3M,DEFICIT_FG3A,DEFICIT_FTM,DEFICIT_FTA,DEFICIT_OREB,DEFICIT_DREB,DEFICIT_REB,DEFICIT_AST,DEFICIT_STL,DEFICIT_BLK,DEFICIT_TO,DEFICIT_PF,DEFICIT_FG2M,DEFICIT_FG2A
0,Knicks,4,21,0.19,5,7,0.714,11,41,52,20,5,5,16,24,93,38,65,0.584615384615,0,0.545454545455,0.505882352941,0.333333333333,0.477272727273,0.227272727273,0.2,0.611111111111,0.611940298507,0.611764705882,0.487804878049,0.3125,0.5,0.761904761905,0.727272727273,0.584615384615,0.515873015873
1,Hornets,8,23,0.348,17,28,0.607,7,26,33,21,11,5,5,9,95,27,61,0.44262295082,1,0.454545454545,0.494117647059,0.666666666667,0.522727272727,0.772727272727,0.8,0.388888888889,0.388059701493,0.388235294118,0.512195121951,0.6875,0.5,0.238095238095,0.272727272727,0.415384615385,0.484126984127
