,TEAM_NAME,FG3M,FG3A,FG3_PCT,FTM,FTA,FT_PCT,OREB,DREB,REB,AST,STL,BLK,TO,PF,PTS,FG2M,FG2A,FG2_PCT,OUTCOME,DEFICIT_FGM,DEFICIT_FGA,DEFICIT_FG3M,DEFICIT_FG3A,DEFICIT_FTM,DEFICIT_FTA,DEFICIT_OREB,DEFICIT_DREB,DEFICIT_REB,DEFICIT_AST,DEFICIT_STL,DEFICIT_BLK,DEFICIT_TO,DEFICIT_PF,DEFICIT_FG2M,DEFICIT_FG2A
0,Pelicans,14,29,0.483,10,15,0.667,8,32,40,21,6,0,19,21,98,23,54,0.42592592592592593,0,0.46835443037974683,0.4911242603550296,0.5833333333333334,0.5272727272727272,0.45454545454545453,0.4838709677419355,0.5,0.47058823529411764,0.47619047619047616,0.44680851063829785,0.375,0.0,0.6129032258064516,0.5675675675675675,0.41818181818181815,0.47368421052631576
1,Hawks,10,26,0.385,12,16,0.75,8,36,44,26,10,7,12,16,106,32,60,0.5333333333333333,1,0.5316455696202531,0.5088757396449705,0.4166666666666667,0.4727272727272727,0.5454545454545454,0.5161290322580645,0.5,0.5294117647058824,0.5238095238095238,0.5531914893617021,0.625,1.0,0.3870967741935484,0.43243243243243246,0.5818181818181818,0.5263157894736842
