,TEAM_NAME,FG3M,FG3A,FG3_PCT,FTM,FTA,FT_PCT,OREB,DREB,REB,AST,STL,BLK,TO,PF,PTS,FG2M,FG2A,FG2_PCT,OUTCOME,DEFICIT_FGM,DEFICIT_FGA,DEFICIT_FG3M,DEFICIT_FG3A,DEFICIT_FTM,DEFICIT_FTA,DEFICIT_OREB,DEFICIT_DREB,DEFICIT_REB,DEFICIT_AST,DEFICIT_STL,DEFICIT_BLK,DEFICIT_TO,DEFICIT_PF,DEFICIT_FG2M,DEFICIT_FG2A
0,Bucks,10,22,0.455,8,9,0.889,8,25,33,26,8,4,16,23,102,32,57,0.5614035087719298,0,0.5185185185185185,0.5,0.5555555555555556,0.4782608695652174,0.32,0.2727272727272727,0.36363636363636365,0.5319148936170213,0.4782608695652174,0.49056603773584906,0.4444444444444444,0.4,0.5333333333333333,0.6571428571428571,0.5079365079365079,0.5089285714285714
1,Nuggets,8,24,0.333,17,24,0.708,14,22,36,27,10,6,14,12,103,31,55,0.5636363636363636,1,0.48148148148148145,0.5,0.4444444444444444,0.5217391304347826,0.68,0.7272727272727273,0.6363636363636364,0.46808510638297873,0.5217391304347826,0.5094339622641509,0.5555555555555556,0.6,0.4666666666666667,0.34285714285714286,0.49206349206349204,0.49107142857142855
