,TEAM_NAME,FG3M,FG3A,FG3_PCT,FTM,FTA,FT_PCT,OREB,DREB,REB,AST,STL,BLK,TO,PF,PTS,FG2M,FG2A,FG2_PCT,OUTCOME,DEFICIT_FGM,DEFICIT_FGA,DEFICIT_FG3M,DEFICIT_FG3A,DEFICIT_FTM,DEFICIT_FTA,DEFICIT_OREB,DEFICIT_DREB,DEFICIT_REB,DEFICIT_AST,DEFICIT_STL,DEFICIT_BLK,DEFICIT_TO,DEFICIT_PF,DEFICIT_FG2M,DEFICIT_FG2A
0,Spurs,7,15,0.467,14,18,0.778,8,34,42,27,4,4,11,21,113,39,67,0.582089552238806,1,0.5411764705882353,0.4823529411764706,0.4375,0.40540540540540543,0.5,0.43902439024390244,0.4444444444444444,0.5666666666666667,0.5384615384615384,0.5094339622641509,0.4,0.5714285714285714,0.55,0.5833333333333334,0.5652173913043478,0.5037593984962406
1,Trail Blazers,9,22,0.409,14,23,0.609,10,26,36,26,6,3,9,15,101,30,66,0.45454545454545453,0,0.4588235294117647,0.5176470588235295,0.5625,0.5945945945945946,0.5,0.5609756097560976,0.5555555555555556,0.43333333333333335,0.46153846153846156,0.49056603773584906,0.6,0.42857142857142855,0.45,0.4166666666666667,0.43478260869565216,0.49624060150375937
