,TEAM_NAME,FG3M,FG3A,FG3_PCT,FTM,FTA,FT_PCT,OREB,DREB,REB,AST,STL,BLK,TO,PF,PTS,FG2M,FG2A,FG2_PCT,OUTCOME,DEFICIT_FGM,DEFICIT_FGA,DEFICIT_FG3M,DEFICIT_FG3A,DEFICIT_FTM,DEFICIT_FTA,DEFICIT_OREB,DEFICIT_DREB,DEFICIT_REB,DEFICIT_AST,DEFICIT_STL,DEFICIT_BLK,DEFICIT_TO,DEFICIT_PF,DEFICIT_FG2M,DEFICIT_FG2A
0,Pacers,6,17,0.353,20,31,0.645,10,31,41,20,9,6,18,28,102,32,62,0.516129032258,1,0.542857142857,0.50641025641,0.6,0.414634146341,0.46511627907,0.492063492063,0.555555555556,0.525423728814,0.532467532468,0.526315789474,0.473684210526,0.666666666667,0.5,0.518518518519,0.533333333333,0.539130434783
1,Celtics,4,24,0.167,23,32,0.719,8,28,36,18,10,3,18,26,91,28,53,0.528301886792,0,0.457142857143,0.49358974359,0.4,0.585365853659,0.53488372093,0.507936507937,0.444444444444,0.474576271186,0.467532467532,0.473684210526,0.526315789474,0.333333333333,0.5,0.481481481481,0.466666666667,0.460869565217
