,TEAM_NAME,FG3M,FG3A,FG3_PCT,FTM,FTA,FT_PCT,OREB,DREB,REB,AST,STL,BLK,TO,PF,PTS,FG2M,FG2A,FG2_PCT,OUTCOME,DEFICIT_FGM,DEFICIT_FGA,DEFICIT_FG3M,DEFICIT_FG3A,DEFICIT_FTM,DEFICIT_FTA,DEFICIT_OREB,DEFICIT_DREB,DEFICIT_REB,DEFICIT_AST,DEFICIT_STL,DEFICIT_BLK,DEFICIT_TO,DEFICIT_PF,DEFICIT_FG2M,DEFICIT_FG2A
0,Kings,9,16,0.563,18,24,0.75,7,39,46,20,7,2,18,20,101,28,58,0.4827586206896552,1,0.5211267605633803,0.4539877300613497,0.5,0.3333333333333333,0.5454545454545454,0.5454545454545454,0.3333333333333333,0.5571428571428572,0.5054945054945055,0.5555555555555556,0.4117647058823529,0.4,0.5294117647058824,0.5,0.5283018867924528,0.5043478260869565
1,Pistons,9,32,0.281,15,20,0.75,14,31,45,16,10,3,16,20,92,25,57,0.43859649122807015,0,0.4788732394366197,0.5460122699386503,0.5,0.6666666666666666,0.45454545454545453,0.45454545454545453,0.6666666666666666,0.44285714285714284,0.4945054945054945,0.4444444444444444,0.5882352941176471,0.6,0.47058823529411764,0.5,0.4716981132075472,0.4956521739130435
