,TEAM_NAME,FG3M,FG3A,FG3_PCT,FTM,FTA,FT_PCT,OREB,DREB,REB,AST,STL,BLK,TO,PF,PTS,FG2M,FG2A,FG2_PCT,OUTCOME,DEFICIT_FGM,DEFICIT_FGA,DEFICIT_FG3M,DEFICIT_FG3A,DEFICIT_FTM,DEFICIT_FTA,DEFICIT_OREB,DEFICIT_DREB,DEFICIT_REB,DEFICIT_AST,DEFICIT_STL,DEFICIT_BLK,DEFICIT_TO,DEFICIT_PF,DEFICIT_FG2M,DEFICIT_FG2A
0,Rockets,8,34,0.235,6,12,0.5,13,32,45,25,9,9,7,14,98,34,64,0.53125,0,0.5,0.5,0.5,0.6666666666666666,0.3,0.41379310344827586,0.3939393939393939,0.4444444444444444,0.42857142857142855,0.5,0.6428571428571429,0.45,0.3888888888888889,0.5185185185185185,0.5,0.4413793103448276
1,Nets,8,17,0.471,14,17,0.824,20,40,60,25,5,11,11,13,106,34,81,0.41975308641975306,1,0.5,0.5,0.5,0.3333333333333333,0.7,0.5862068965517241,0.6060606060606061,0.5555555555555556,0.5714285714285714,0.5,0.35714285714285715,0.55,0.6111111111111112,0.48148148148148145,0.5,0.5586206896551724
