,TEAM_NAME,FG3M,FG3A,FG3_PCT,FTM,FTA,FT_PCT,OREB,DREB,REB,AST,STL,BLK,TO,PF,PTS,FG2M,FG2A,FG2_PCT,OUTCOME,DEFICIT_FGM,DEFICIT_FGA,DEFICIT_FG3M,DEFICIT_FG3A,DEFICIT_FTM,DEFICIT_FTA,DEFICIT_OREB,DEFICIT_DREB,DEFICIT_REB,DEFICIT_AST,DEFICIT_STL,DEFICIT_BLK,DEFICIT_TO,DEFICIT_PF,DEFICIT_FG2M,DEFICIT_FG2A
0,Spurs,7,15,0.467,14,18,0.778,8,34,42,27,4,4,11,21,113,39,67,0.582089552239,1,0.541176470588,0.482352941176,0.4375,0.405405405405,0.5,0.439024390244,0.444444444444,0.566666666667,0.538461538462,0.509433962264,0.4,0.571428571429,0.55,0.583333333333,0.565217391304,0.503759398496
1,Trail Blazers,9,22,0.409,14,23,0.609,10,26,36,26,6,3,9,15,101,30,66,0.454545454545,0,0.458823529412,0.517647058824,0.5625,0.594594594595,0.5,0.560975609756,0.555555555556,0.433333333333,0.461538461538,0.490566037736,0.6,0.428571428571,0.45,0.416666666667,0.434782608696,0.496240601504
