,TEAM_NAME,FG3M,FG3A,FG3_PCT,FTM,FTA,FT_PCT,OREB,DREB,REB,AST,STL,BLK,TO,PF,PTS,FG2M,FG2A,FG2_PCT,OUTCOME,DEFICIT_FGM,DEFICIT_FGA,DEFICIT_FG3M,DEFICIT_FG3A,DEFICIT_FTM,DEFICIT_FTA,DEFICIT_OREB,DEFICIT_DREB,DEFICIT_REB,DEFICIT_AST,DEFICIT_STL,DEFICIT_BLK,DEFICIT_TO,DEFICIT_PF,DEFICIT_FG2M,DEFICIT_FG2A
0,Raptors,5,18,0.278,28,31,0.903,17,39,56,22,7,7,8,18,119,38,71,0.5352112676056338,1,0.5180722891566265,0.5056818181818182,0.29411764705882354,0.3829787234042553,0.717948717948718,0.6458333333333334,0.6071428571428571,0.6,0.6021505376344086,0.44,0.7777777777777778,0.5,0.42105263157894735,0.42857142857142855,0.5757575757575758,0.5503875968992248
1,76ers,12,29,0.414,11,17,0.647,11,26,37,28,2,7,11,24,103,28,58,0.4827586206896552,0,0.4819277108433735,0.4943181818181818,0.7058823529411765,0.6170212765957447,0.28205128205128205,0.3541666666666667,0.39285714285714285,0.4,0.3978494623655914,0.56,0.2222222222222222,0.5,0.5789473684210527,0.5714285714285714,0.42424242424242425,0.4496124031007752
