,TEAM_NAME,FG3M,FG3A,FG3_PCT,FTM,FTA,FT_PCT,OREB,DREB,REB,AST,STL,BLK,TO,PF,PTS,FG2M,FG2A,FG2_PCT,OUTCOME,DEFICIT_FGM,DEFICIT_FGA,DEFICIT_FG3M,DEFICIT_FG3A,DEFICIT_FTM,DEFICIT_FTA,DEFICIT_OREB,DEFICIT_DREB,DEFICIT_REB,DEFICIT_AST,DEFICIT_STL,DEFICIT_BLK,DEFICIT_TO,DEFICIT_PF,DEFICIT_FG2M,DEFICIT_FG2A
0,Wizards,8,28,0.286,16,17,0.941,15,27,42,28,8,9,12,25,114,37,72,0.513888888889,1,0.569620253165,0.561797752809,0.533333333333,0.528301886792,0.333333333333,0.303571428571,0.535714285714,0.435483870968,0.466666666667,0.608695652174,0.615384615385,0.75,0.387096774194,0.531914893617,0.578125,0.576
1,Hawks,7,25,0.28,32,39,0.821,13,35,48,18,5,3,19,22,107,27,53,0.509433962264,0,0.430379746835,0.438202247191,0.466666666667,0.471698113208,0.666666666667,0.696428571429,0.464285714286,0.564516129032,0.533333333333,0.391304347826,0.384615384615,0.25,0.612903225806,0.468085106383,0.421875,0.424
