,TEAM_NAME,FG3M,FG3A,FG3_PCT,FTM,FTA,FT_PCT,OREB,DREB,REB,AST,STL,BLK,TO,PF,PTS,FG2M,FG2A,FG2_PCT,OUTCOME,DEFICIT_FGM,DEFICIT_FGA,DEFICIT_FG3M,DEFICIT_FG3A,DEFICIT_FTM,DEFICIT_FTA,DEFICIT_OREB,DEFICIT_DREB,DEFICIT_REB,DEFICIT_AST,DEFICIT_STL,DEFICIT_BLK,DEFICIT_TO,DEFICIT_PF,DEFICIT_FG2M,DEFICIT_FG2A
0,Bucks,6,15,0.4,29,34,0.853,17,24,41,18,10,7,7,24,105,29,69,0.420289855072,1,0.507246376812,0.525,0.6,0.483870967742,0.527272727273,0.472222222222,0.485714285714,0.413793103448,0.440860215054,0.58064516129,0.666666666667,0.5,0.291666666667,0.452830188679,0.491525423729,0.53488372093
1,Celtics,4,16,0.25,26,38,0.684,18,34,52,13,5,7,17,29,98,30,60,0.5,0,0.492753623188,0.475,0.4,0.516129032258,0.472727272727,0.527777777778,0.514285714286,0.586206896552,0.559139784946,0.41935483871,0.333333333333,0.5,0.708333333333,0.547169811321,0.508474576271,0.46511627907
