,TEAM_NAME,FG3M,FG3A,FG3_PCT,FTM,FTA,FT_PCT,OREB,DREB,REB,AST,STL,BLK,TO,PF,PTS,FG2M,FG2A,FG2_PCT,OUTCOME,DEFICIT_FGM,DEFICIT_FGA,DEFICIT_FG3M,DEFICIT_FG3A,DEFICIT_FTM,DEFICIT_FTA,DEFICIT_OREB,DEFICIT_DREB,DEFICIT_REB,DEFICIT_AST,DEFICIT_STL,DEFICIT_BLK,DEFICIT_TO,DEFICIT_PF,DEFICIT_FG2M,DEFICIT_FG2A
0,Cavaliers,4,18,0.222,16,22,0.727,11,31,42,14,9,1,17,29,84,28,66,0.42424242424242425,0,0.49230769230769234,0.535031847133758,0.5714285714285714,0.6,0.43243243243243246,0.39285714285714285,0.6875,0.49206349206349204,0.5316455696202531,0.4,0.5625,0.1111111111111111,0.53125,0.5918367346938775,0.4827586206896552,0.5196850393700787
1,Bobcats,3,12,0.25,21,34,0.618,5,32,37,21,7,8,15,20,90,30,61,0.4918032786885246,1,0.5076923076923077,0.46496815286624205,0.42857142857142855,0.4,0.5675675675675675,0.6071428571428571,0.3125,0.5079365079365079,0.46835443037974683,0.6,0.4375,0.8888888888888888,0.46875,0.40816326530612246,0.5172413793103449,0.48031496062992124
