,TEAM_NAME,FG3M,FG3A,FG3_PCT,FTM,FTA,FT_PCT,OREB,DREB,REB,AST,STL,BLK,TO,PF,PTS,FG2M,FG2A,FG2_PCT,OUTCOME,DEFICIT_FGM,DEFICIT_FGA,DEFICIT_FG3M,DEFICIT_FG3A,DEFICIT_FTM,DEFICIT_FTA,DEFICIT_OREB,DEFICIT_DREB,DEFICIT_REB,DEFICIT_AST,DEFICIT_STL,DEFICIT_BLK,DEFICIT_TO,DEFICIT_PF,DEFICIT_FG2M,DEFICIT_FG2A
0,Trail Blazers,14,22,0.636,11,15,0.733,16,39,55,25,3,5,7,25,113,30,81,0.37037037037,1,0.55,0.509900990099,0.7,0.55,0.354838709677,0.30612244898,0.444444444444,0.527027027027,0.5,0.641025641026,0.333333333333,0.5,0.636363636364,0.568181818182,0.5,0.5
1,Nuggets,6,18,0.333,20,34,0.588,20,35,55,14,6,5,4,19,98,30,81,0.37037037037,0,0.45,0.490099009901,0.3,0.45,0.645161290323,0.69387755102,0.555555555556,0.472972972973,0.5,0.358974358974,0.666666666667,0.5,0.363636363636,0.431818181818,0.5,0.5
