,TEAM_NAME,FG3M,FG3A,FG3_PCT,FTM,FTA,FT_PCT,OREB,DREB,REB,AST,STL,BLK,TO,PF,PTS,FG2M,FG2A,FG2_PCT,OUTCOME,DEFICIT_FGM,DEFICIT_FGA,DEFICIT_FG3M,DEFICIT_FG3A,DEFICIT_FTM,DEFICIT_FTA,DEFICIT_OREB,DEFICIT_DREB,DEFICIT_REB,DEFICIT_AST,DEFICIT_STL,DEFICIT_BLK,DEFICIT_TO,DEFICIT_PF,DEFICIT_FG2M,DEFICIT_FG2A
0,Rockets,11,29,0.379,34,51,0.667,13,38,51,17,11,4,22,20,113,23,44,0.5227272727272727,1,0.4722222222222222,0.42196531791907516,0.55,0.5178571428571429,0.6296296296296297,0.6710526315789473,0.4482758620689655,0.5846153846153846,0.5425531914893617,0.4594594594594595,0.55,0.36363636363636365,0.6111111111111112,0.3508771929824561,0.4423076923076923,0.37606837606837606
1,Mavericks,9,27,0.333,20,25,0.8,16,27,43,20,9,7,14,37,105,29,73,0.3972602739726027,0,0.5277777777777778,0.5780346820809249,0.45,0.48214285714285715,0.37037037037037035,0.32894736842105265,0.5517241379310345,0.4153846153846154,0.4574468085106383,0.5405405405405406,0.45,0.6363636363636364,0.3888888888888889,0.6491228070175439,0.5576923076923077,0.6239316239316239
