,TEAM_NAME,FG3M,FG3A,FG3_PCT,FTM,FTA,FT_PCT,OREB,DREB,REB,AST,STL,BLK,TO,PF,PTS,FG2M,FG2A,FG2_PCT,OUTCOME,DEFICIT_FGM,DEFICIT_FGA,DEFICIT_FG3M,DEFICIT_FG3A,DEFICIT_FTM,DEFICIT_FTA,DEFICIT_OREB,DEFICIT_DREB,DEFICIT_REB,DEFICIT_AST,DEFICIT_STL,DEFICIT_BLK,DEFICIT_TO,DEFICIT_PF,DEFICIT_FG2M,DEFICIT_FG2A
0,Grizzlies,6,18,0.333,25,30,0.833,6,32,38,25,13,4,20,21,111,34,59,0.576271186440678,1,0.4878048780487805,0.463855421686747,0.46153846153846156,0.46153846153846156,0.5952380952380952,0.5555555555555556,0.2857142857142857,0.5517241379310345,0.4810126582278481,0.5434782608695652,0.5652173913043478,0.4,0.5128205128205128,0.44680851063829785,0.4927536231884058,0.4645669291338583
1,Pistons,7,21,0.333,17,24,0.708,15,26,41,21,10,6,19,26,108,35,68,0.5147058823529411,0,0.5121951219512195,0.536144578313253,0.5384615384615384,0.5384615384615384,0.40476190476190477,0.4444444444444444,0.7142857142857143,0.4482758620689655,0.5189873417721519,0.45652173913043476,0.43478260869565216,0.6,0.48717948717948717,0.5531914893617021,0.5072463768115942,0.5354330708661418
