,TEAM_NAME,FG3M,FG3A,FG3_PCT,FTM,FTA,FT_PCT,OREB,DREB,REB,AST,STL,BLK,TO,PF,PTS,FG2M,FG2A,FG2_PCT,OUTCOME,DEFICIT_FGM,DEFICIT_FGA,DEFICIT_FG3M,DEFICIT_FG3A,DEFICIT_FTM,DEFICIT_FTA,DEFICIT_OREB,DEFICIT_DREB,DEFICIT_REB,DEFICIT_AST,DEFICIT_STL,DEFICIT_BLK,DEFICIT_TO,DEFICIT_PF,DEFICIT_FG2M,DEFICIT_FG2A
0,Jazz,5,17,0.294,17,27,0.63,22,31,53,20,3,1,20,20,84,26,68,0.382352941176,0,0.5,0.505952380952,0.454545454545,0.435897435897,0.472222222222,0.529411764706,0.578947368421,0.508196721311,0.535353535354,0.571428571429,0.230769230769,0.0909090909091,0.555555555556,0.454545454545,0.509803921569,0.527131782946
1,Suns,6,22,0.273,19,24,0.792,16,30,46,15,10,10,16,24,87,25,61,0.409836065574,1,0.5,0.494047619048,0.545454545455,0.564102564103,0.527777777778,0.470588235294,0.421052631579,0.491803278689,0.464646464646,0.428571428571,0.769230769231,0.909090909091,0.444444444444,0.545454545455,0.490196078431,0.472868217054
