,TEAM_NAME,FG3M,FG3A,FG3_PCT,FTM,FTA,FT_PCT,OREB,DREB,REB,AST,STL,BLK,TO,PF,PTS,FG2M,FG2A,FG2_PCT,OUTCOME,DEFICIT_FGM,DEFICIT_FGA,DEFICIT_FG3M,DEFICIT_FG3A,DEFICIT_FTM,DEFICIT_FTA,DEFICIT_OREB,DEFICIT_DREB,DEFICIT_REB,DEFICIT_AST,DEFICIT_STL,DEFICIT_BLK,DEFICIT_TO,DEFICIT_PF,DEFICIT_FG2M,DEFICIT_FG2A
0,Magic,11,22,0.5,21,27,0.778,5,39,44,22,11,7,18,19,110,28,48,0.583333333333,1,0.549295774648,0.432098765432,0.647058823529,0.647058823529,0.512195121951,0.509433962264,0.227272727273,0.590909090909,0.5,0.578947368421,0.611111111111,0.583333333333,0.6,0.475,0.518518518519,0.375
1,Pelicans,6,12,0.5,20,26,0.769,17,27,44,16,7,5,12,21,90,26,80,0.325,0,0.450704225352,0.567901234568,0.352941176471,0.352941176471,0.487804878049,0.490566037736,0.772727272727,0.409090909091,0.5,0.421052631579,0.388888888889,0.416666666667,0.4,0.525,0.481481481481,0.625
