,TEAM_NAME,FG3M,FG3A,FG3_PCT,FTM,FTA,FT_PCT,OREB,DREB,REB,AST,STL,BLK,TO,PF,PTS,FG2M,FG2A,FG2_PCT,OUTCOME,DEFICIT_FGM,DEFICIT_FGA,DEFICIT_FG3M,DEFICIT_FG3A,DEFICIT_FTM,DEFICIT_FTA,DEFICIT_OREB,DEFICIT_DREB,DEFICIT_REB,DEFICIT_AST,DEFICIT_STL,DEFICIT_BLK,DEFICIT_TO,DEFICIT_PF,DEFICIT_FG2M,DEFICIT_FG2A
0,Bucks,6,15,0.4,29,34,0.853,17,24,41,18,10,7,7,24,105,29,69,0.42028985507246375,1,0.5072463768115942,0.525,0.6,0.4838709677419355,0.5272727272727272,0.4722222222222222,0.4857142857142857,0.41379310344827586,0.44086021505376344,0.5806451612903226,0.6666666666666666,0.5,0.2916666666666667,0.4528301886792453,0.4915254237288136,0.5348837209302325
1,Celtics,4,16,0.25,26,38,0.684,18,34,52,13,5,7,17,29,98,30,60,0.5,0,0.4927536231884058,0.475,0.4,0.5161290322580645,0.4727272727272727,0.5277777777777778,0.5142857142857142,0.5862068965517241,0.5591397849462365,0.41935483870967744,0.3333333333333333,0.5,0.7083333333333334,0.5471698113207547,0.5084745762711864,0.46511627906976744
