,TEAM_NAME,FG3M,FG3A,FG3_PCT,FTM,FTA,FT_PCT,OREB,DREB,REB,AST,STL,BLK,TO,PF,PTS,FG2M,FG2A,FG2_PCT,OUTCOME,DEFICIT_FGM,DEFICIT_FGA,DEFICIT_FG3M,DEFICIT_FG3A,DEFICIT_FTM,DEFICIT_FTA,DEFICIT_OREB,DEFICIT_DREB,DEFICIT_REB,DEFICIT_AST,DEFICIT_STL,DEFICIT_BLK,DEFICIT_TO,DEFICIT_PF,DEFICIT_FG2M,DEFICIT_FG2A
0,Heat,7,14,0.5,29,36,0.806,4,26,30,24,10,2,15,29,100,25,53,0.4716981132075472,0,0.49230769230769234,0.4962962962962963,0.4666666666666667,0.4666666666666667,0.5178571428571429,0.48,0.36363636363636365,0.4406779661016949,0.42857142857142855,0.5333333333333333,0.6666666666666666,0.2857142857142857,0.45454545454545453,0.5,0.5,0.5047619047619047
1,Nets,8,16,0.5,27,39,0.692,7,33,40,21,5,5,18,29,101,25,52,0.4807692307692308,1,0.5076923076923077,0.5037037037037037,0.5333333333333333,0.5333333333333333,0.48214285714285715,0.52,0.6363636363636364,0.559322033898305,0.5714285714285714,0.4666666666666667,0.3333333333333333,0.7142857142857143,0.5454545454545454,0.5,0.5,0.49523809523809526
