,TEAM_NAME,FG3M,FG3A,FG3_PCT,FTM,FTA,FT_PCT,OREB,DREB,REB,AST,STL,BLK,TO,PF,PTS,FG2M,FG2A,FG2_PCT,OUTCOME,DEFICIT_FGM,DEFICIT_FGA,DEFICIT_FG3M,DEFICIT_FG3A,DEFICIT_FTM,DEFICIT_FTA,DEFICIT_OREB,DEFICIT_DREB,DEFICIT_REB,DEFICIT_AST,DEFICIT_STL,DEFICIT_BLK,DEFICIT_TO,DEFICIT_PF,DEFICIT_FG2M,DEFICIT_FG2A
0,Spurs,2,19,0.105,21,27,0.778,10,29,39,20,11,4,8,17,89,31,64,0.484375,1,0.5,0.5286624203821656,0.2857142857142857,0.4634146341463415,0.6,0.6136363636363636,0.5555555555555556,0.4461538461538462,0.46987951807228917,0.43478260869565216,0.6470588235294118,0.3333333333333333,0.34782608695652173,0.4594594594594595,0.5254237288135594,0.5517241379310345
1,Clippers,5,22,0.227,14,17,0.824,8,36,44,26,6,8,15,20,85,28,52,0.5384615384615384,0,0.5,0.4713375796178344,0.7142857142857143,0.5365853658536586,0.4,0.38636363636363635,0.4444444444444444,0.5538461538461539,0.5301204819277109,0.5652173913043478,0.35294117647058826,0.6666666666666666,0.6521739130434783,0.5405405405405406,0.4745762711864407,0.4482758620689655
