,TEAM_NAME,FG3M,FG3A,FG3_PCT,FTM,FTA,FT_PCT,OREB,DREB,REB,AST,STL,BLK,TO,PF,PTS,FG2M,FG2A,FG2_PCT,OUTCOME,DEFICIT_FGM,DEFICIT_FGA,DEFICIT_FG3M,DEFICIT_FG3A,DEFICIT_FTM,DEFICIT_FTA,DEFICIT_OREB,DEFICIT_DREB,DEFICIT_REB,DEFICIT_AST,DEFICIT_STL,DEFICIT_BLK,DEFICIT_TO,DEFICIT_PF,DEFICIT_FG2M,DEFICIT_FG2A
0,Pistons,7,14,0.5,16,25,0.64,9,37,46,19,5,6,15,21,91,27,66,0.4090909090909091,0,0.4657534246575342,0.47619047619047616,0.5,0.4117647058823529,0.48484848484848486,0.5555555555555556,0.5,0.4805194805194805,0.4842105263157895,0.4634146341463415,0.45454545454545453,0.42857142857142855,0.6,0.525,0.4576271186440678,0.4925373134328358
1,Bulls,7,20,0.35,17,20,0.85,9,40,49,22,6,8,10,19,102,32,68,0.47058823529411764,1,0.5342465753424658,0.5238095238095238,0.5,0.5882352941176471,0.5151515151515151,0.4444444444444444,0.5,0.5194805194805194,0.5157894736842106,0.5365853658536586,0.5454545454545454,0.5714285714285714,0.4,0.475,0.5423728813559322,0.5074626865671642
