,TEAM_NAME,FG3M,FG3A,FG3_PCT,FTM,FTA,FT_PCT,OREB,DREB,REB,AST,STL,BLK,TO,PF,PTS,FG2M,FG2A,FG2_PCT,OUTCOME,DEFICIT_FGM,DEFICIT_FGA,DEFICIT_FG3M,DEFICIT_FG3A,DEFICIT_FTM,DEFICIT_FTA,DEFICIT_OREB,DEFICIT_DREB,DEFICIT_REB,DEFICIT_AST,DEFICIT_STL,DEFICIT_BLK,DEFICIT_TO,DEFICIT_PF,DEFICIT_FG2M,DEFICIT_FG2A
0,Jazz,6,21,0.286,16,21,0.762,5,32,37,18,5,6,11,18,86,26,53,0.49056603773584906,0,0.4507042253521127,0.45121951219512196,0.5,0.5833333333333334,0.5517241379310345,0.5833333333333334,0.2777777777777778,0.5079365079365079,0.4567901234567901,0.5294117647058824,0.625,0.6666666666666666,0.6111111111111112,0.4864864864864865,0.4406779661016949,0.4140625
1,Pacers,6,15,0.4,13,15,0.867,13,31,44,16,3,3,7,19,97,33,75,0.44,1,0.5492957746478874,0.5487804878048781,0.5,0.4166666666666667,0.4482758620689655,0.4166666666666667,0.7222222222222222,0.49206349206349204,0.5432098765432098,0.47058823529411764,0.375,0.3333333333333333,0.3888888888888889,0.5135135135135135,0.559322033898305,0.5859375
