,TEAM_NAME,FG3M,FG3A,FG3_PCT,FTM,FTA,FT_PCT,OREB,DREB,REB,AST,STL,BLK,TO,PF,PTS,FG2M,FG2A,FG2_PCT,OUTCOME,DEFICIT_FGM,DEFICIT_FGA,DEFICIT_FG3M,DEFICIT_FG3A,DEFICIT_FTM,DEFICIT_FTA,DEFICIT_OREB,DEFICIT_DREB,DEFICIT_REB,DEFICIT_AST,DEFICIT_STL,DEFICIT_BLK,DEFICIT_TO,DEFICIT_PF,DEFICIT_FG2M,DEFICIT_FG2A
0,Pelicans,12,27,0.444,17,20,0.85,14,26,40,31,8,5,5,20,111,29,66,0.439393939394,0,0.506172839506,0.534482758621,0.48,0.5,0.404761904762,0.4,0.538461538462,0.440677966102,0.470588235294,0.543859649123,0.727272727273,0.5,0.357142857143,0.606060606061,0.517857142857,0.55
1,Cavaliers,13,27,0.481,25,30,0.833,12,33,45,26,3,5,9,13,118,27,54,0.5,1,0.493827160494,0.465517241379,0.52,0.5,0.595238095238,0.6,0.461538461538,0.559322033898,0.529411764706,0.456140350877,0.272727272727,0.5,0.642857142857,0.393939393939,0.482142857143,0.45
