,TEAM_NAME,FG3M,FG3A,FG3_PCT,FTM,FTA,FT_PCT,OREB,DREB,REB,AST,STL,BLK,TO,PF,PTS,FG2M,FG2A,FG2_PCT,OUTCOME,DEFICIT_FGM,DEFICIT_FGA,DEFICIT_FG3M,DEFICIT_FG3A,DEFICIT_FTM,DEFICIT_FTA,DEFICIT_OREB,DEFICIT_DREB,DEFICIT_REB,DEFICIT_AST,DEFICIT_STL,DEFICIT_BLK,DEFICIT_TO,DEFICIT_PF,DEFICIT_FG2M,DEFICIT_FG2A
0,Trail Blazers,9,28,0.321,14,19,0.737,13,32,45,16,8,6,10,13,89,24,61,0.393442622951,0,0.458333333333,0.505681818182,0.5625,0.595744680851,0.736842105263,0.730769230769,0.565217391304,0.463768115942,0.489130434783,0.410256410256,0.5,0.545454545455,0.384615384615,0.40625,0.428571428571,0.472868217054
1,Celtics,7,19,0.368,5,7,0.714,10,37,47,23,8,5,16,19,90,32,68,0.470588235294,1,0.541666666667,0.494318181818,0.4375,0.404255319149,0.263157894737,0.269230769231,0.434782608696,0.536231884058,0.510869565217,0.589743589744,0.5,0.454545454545,0.615384615385,0.59375,0.571428571429,0.527131782946
