,TEAM_NAME,FG3M,FG3A,FG3_PCT,FTM,FTA,FT_PCT,OREB,DREB,REB,AST,STL,BLK,TO,PF,PTS,FG2M,FG2A,FG2_PCT,OUTCOME,DEFICIT_FGM,DEFICIT_FGA,DEFICIT_FG3M,DEFICIT_FG3A,DEFICIT_FTM,DEFICIT_FTA,DEFICIT_OREB,DEFICIT_DREB,DEFICIT_REB,DEFICIT_AST,DEFICIT_STL,DEFICIT_BLK,DEFICIT_TO,DEFICIT_PF,DEFICIT_FG2M,DEFICIT_FG2A
0,Jazz,13,38,0.342,13,14,0.929,16,28,44,24,8,4,17,13,94,21,45,0.466666666667,1,0.5,0.560810810811,0.8125,0.826086956522,0.481481481481,0.451612903226,0.888888888889,0.528301886792,0.619718309859,0.533333333333,0.444444444444,0.285714285714,0.566666666667,0.541666666667,0.403846153846,0.441176470588
1,Bucks,3,8,0.375,14,17,0.824,2,25,27,21,10,10,13,11,85,31,57,0.543859649123,0,0.5,0.439189189189,0.1875,0.173913043478,0.518518518519,0.548387096774,0.111111111111,0.471698113208,0.380281690141,0.466666666667,0.555555555556,0.714285714286,0.433333333333,0.458333333333,0.596153846154,0.558823529412
