,TEAM_NAME,FG3M,FG3A,FG3_PCT,FTM,FTA,FT_PCT,OREB,DREB,REB,AST,STL,BLK,TO,PF,PTS,FG2M,FG2A,FG2_PCT,OUTCOME,DEFICIT_FGM,DEFICIT_FGA,DEFICIT_FG3M,DEFICIT_FG3A,DEFICIT_FTM,DEFICIT_FTA,DEFICIT_OREB,DEFICIT_DREB,DEFICIT_REB,DEFICIT_AST,DEFICIT_STL,DEFICIT_BLK,DEFICIT_TO,DEFICIT_PF,DEFICIT_FG2M,DEFICIT_FG2A
0,Heat,7,25,0.28,14,25,0.56,14,44,58,23,4,6,15,16,95,30,57,0.526315789474,1,0.528571428571,0.479532163743,0.4375,0.480769230769,0.5,0.595238095238,0.7,0.578947368421,0.604166666667,0.621621621622,0.333333333333,0.545454545455,0.652173913043,0.432432432432,0.555555555556,0.478991596639
1,Pacers,9,27,0.333,14,17,0.824,6,32,38,14,8,5,8,21,89,24,62,0.387096774194,0,0.471428571429,0.520467836257,0.5625,0.519230769231,0.5,0.404761904762,0.3,0.421052631579,0.395833333333,0.378378378378,0.666666666667,0.454545454545,0.347826086957,0.567567567568,0.444444444444,0.521008403361
