,TEAM_NAME,FG3M,FG3A,FG3_PCT,FTM,FTA,FT_PCT,OREB,DREB,REB,AST,STL,BLK,TO,PF,PTS,FG2M,FG2A,FG2_PCT,OUTCOME,DEFICIT_FGM,DEFICIT_FGA,DEFICIT_FG3M,DEFICIT_FG3A,DEFICIT_FTM,DEFICIT_FTA,DEFICIT_OREB,DEFICIT_DREB,DEFICIT_REB,DEFICIT_AST,DEFICIT_STL,DEFICIT_BLK,DEFICIT_TO,DEFICIT_PF,DEFICIT_FG2M,DEFICIT_FG2A
0,Wizards,5,18,0.278,14,17,0.824,12,29,41,27,15,3,14,18,109,40,69,0.579710144928,1,0.542168674699,0.540372670807,0.263157894737,0.352941176471,0.466666666667,0.447368421053,0.705882352941,0.508771929825,0.554054054054,0.519230769231,0.681818181818,0.272727272727,0.4375,0.5,0.625,0.627272727273
1,Hornets,14,33,0.424,16,21,0.762,5,28,33,25,7,8,18,18,106,24,41,0.585365853659,0,0.457831325301,0.459627329193,0.736842105263,0.647058823529,0.533333333333,0.552631578947,0.294117647059,0.491228070175,0.445945945946,0.480769230769,0.318181818182,0.727272727273,0.5625,0.5,0.375,0.372727272727
