,TEAM_NAME,FG3M,FG3A,FG3_PCT,FTM,FTA,FT_PCT,OREB,DREB,REB,AST,STL,BLK,TO,PF,PTS,FG2M,FG2A,FG2_PCT,OUTCOME,DEFICIT_FGM,DEFICIT_FGA,DEFICIT_FG3M,DEFICIT_FG3A,DEFICIT_FTM,DEFICIT_FTA,DEFICIT_OREB,DEFICIT_DREB,DEFICIT_REB,DEFICIT_AST,DEFICIT_STL,DEFICIT_BLK,DEFICIT_TO,DEFICIT_PF,DEFICIT_FG2M,DEFICIT_FG2A
0,Spurs,8,22,0.364,12,14,0.857,5,33,38,33,9,3,16,17,108,36,58,0.620689655172,1,0.543209876543,0.487804878049,0.444444444444,0.415094339623,0.413793103448,0.411764705882,0.384615384615,0.55,0.520547945205,0.568965517241,0.428571428571,0.5,0.571428571429,0.566666666667,0.571428571429,0.522522522523
1,Celtics,10,31,0.323,17,20,0.85,8,27,35,25,12,3,12,13,101,27,53,0.509433962264,0,0.456790123457,0.512195121951,0.555555555556,0.584905660377,0.586206896552,0.588235294118,0.615384615385,0.45,0.479452054795,0.431034482759,0.571428571429,0.5,0.428571428571,0.433333333333,0.428571428571,0.477477477477
