,TEAM_NAME,FG3M,FG3A,FG3_PCT,FTM,FTA,FT_PCT,OREB,DREB,REB,AST,STL,BLK,TO,PF,PTS,FG2M,FG2A,FG2_PCT,OUTCOME,DEFICIT_FGM,DEFICIT_FGA,DEFICIT_FG3M,DEFICIT_FG3A,DEFICIT_FTM,DEFICIT_FTA,DEFICIT_OREB,DEFICIT_DREB,DEFICIT_REB,DEFICIT_AST,DEFICIT_STL,DEFICIT_BLK,DEFICIT_TO,DEFICIT_PF,DEFICIT_FG2M,DEFICIT_FG2A
0,Nuggets,6,21,0.286,19,26,0.731,17,31,48,20,8,2,12,19,99,31,68,0.45588235294117646,0,0.5,0.5426829268292683,0.4,0.5,0.5277777777777778,0.49056603773584906,0.68,0.484375,0.5393258426966292,0.5,0.5,0.25,0.46153846153846156,0.4418604651162791,0.5254237288135594,0.5573770491803278
1,Celtics,9,21,0.429,17,27,0.63,8,33,41,20,8,6,14,24,100,28,54,0.5185185185185185,1,0.5,0.4573170731707317,0.6,0.5,0.4722222222222222,0.5094339622641509,0.32,0.515625,0.4606741573033708,0.5,0.5,0.75,0.5384615384615384,0.5581395348837209,0.4745762711864407,0.4426229508196721
