,TEAM_NAME,FG3M,FG3A,FG3_PCT,FTM,FTA,FT_PCT,OREB,DREB,REB,AST,STL,BLK,TO,PF,PTS,FG2M,FG2A,FG2_PCT,OUTCOME,DEFICIT_FGM,DEFICIT_FGA,DEFICIT_FG3M,DEFICIT_FG3A,DEFICIT_FTM,DEFICIT_FTA,DEFICIT_OREB,DEFICIT_DREB,DEFICIT_REB,DEFICIT_AST,DEFICIT_STL,DEFICIT_BLK,DEFICIT_TO,DEFICIT_PF,DEFICIT_FG2M,DEFICIT_FG2A
0,Spurs,7,24,0.292,20,27,0.741,12,40,52,19,5,4,10,16,99,29,60,0.48333333333333334,1,0.5217391304347826,0.5029940119760479,0.5833333333333334,0.6486486486486487,0.5882352941176471,0.574468085106383,0.6,0.5555555555555556,0.5652173913043478,0.5135135135135135,0.5555555555555556,0.5,0.5555555555555556,0.43243243243243246,0.5087719298245614,0.46153846153846156
1,Lakers,5,13,0.385,14,20,0.7,8,32,40,18,4,4,8,21,85,28,70,0.4,0,0.4782608695652174,0.49700598802395207,0.4166666666666667,0.35135135135135137,0.4117647058823529,0.425531914893617,0.4,0.4444444444444444,0.43478260869565216,0.4864864864864865,0.4444444444444444,0.5,0.4444444444444444,0.5675675675675675,0.49122807017543857,0.5384615384615384
