,TEAM_NAME,FG3M,FG3A,FG3_PCT,FTM,FTA,FT_PCT,OREB,DREB,REB,AST,STL,BLK,TO,PF,PTS,FG2M,FG2A,FG2_PCT,OUTCOME,DEFICIT_FGM,DEFICIT_FGA,DEFICIT_FG3M,DEFICIT_FG3A,DEFICIT_FTM,DEFICIT_FTA,DEFICIT_OREB,DEFICIT_DREB,DEFICIT_REB,DEFICIT_AST,DEFICIT_STL,DEFICIT_BLK,DEFICIT_TO,DEFICIT_PF,DEFICIT_FG2M,DEFICIT_FG2A
0,Pelicans,3,4,0.75,9,14,0.643,6,31,37,17,7,9,13,16,92,37,76,0.486842105263,1,0.533333333333,0.487804878049,0.6,0.307692307692,0.428571428571,0.451612903226,0.4,0.516666666667,0.493333333333,0.386363636364,0.7,0.692307692308,0.5,0.470588235294,0.528571428571,0.503311258278
1,Timberwolves,2,9,0.222,12,17,0.706,9,29,38,27,3,4,13,18,84,33,75,0.44,0,0.466666666667,0.512195121951,0.4,0.692307692308,0.571428571429,0.548387096774,0.6,0.483333333333,0.506666666667,0.613636363636,0.3,0.307692307692,0.5,0.529411764706,0.471428571429,0.496688741722
