,TEAM_NAME,FG3M,FG3A,FG3_PCT,FTM,FTA,FT_PCT,OREB,DREB,REB,AST,STL,BLK,TO,PF,PTS,FG2M,FG2A,FG2_PCT,OUTCOME,DEFICIT_FGM,DEFICIT_FGA,DEFICIT_FG3M,DEFICIT_FG3A,DEFICIT_FTM,DEFICIT_FTA,DEFICIT_OREB,DEFICIT_DREB,DEFICIT_REB,DEFICIT_AST,DEFICIT_STL,DEFICIT_BLK,DEFICIT_TO,DEFICIT_PF,DEFICIT_FG2M,DEFICIT_FG2A
0,Mavericks,6,18,0.333,18,18,1.0,9,21,30,16,12,8,12,16,98,31,64,0.484375,0,0.49333333333333335,0.5125,0.4,0.5294117647058824,0.5142857142857142,0.47368421052631576,0.375,0.39622641509433965,0.38961038961038963,0.42105263157894735,0.6,0.6153846153846154,0.36363636363636365,0.47058823529411764,0.5166666666666667,0.5079365079365079
1,Bulls,9,16,0.563,17,20,0.85,15,32,47,22,8,5,21,18,102,29,62,0.46774193548387094,1,0.5066666666666667,0.4875,0.6,0.47058823529411764,0.4857142857142857,0.5263157894736842,0.625,0.6037735849056604,0.6103896103896104,0.5789473684210527,0.4,0.38461538461538464,0.6363636363636364,0.5294117647058824,0.48333333333333334,0.49206349206349204
