,TEAM_NAME,FG3M,FG3A,FG3_PCT,FTM,FTA,FT_PCT,OREB,DREB,REB,AST,STL,BLK,TO,PF,PTS,FG2M,FG2A,FG2_PCT,OUTCOME,DEFICIT_FGM,DEFICIT_FGA,DEFICIT_FG3M,DEFICIT_FG3A,DEFICIT_FTM,DEFICIT_FTA,DEFICIT_OREB,DEFICIT_DREB,DEFICIT_REB,DEFICIT_AST,DEFICIT_STL,DEFICIT_BLK,DEFICIT_TO,DEFICIT_PF,DEFICIT_FG2M,DEFICIT_FG2A
0,Thunder,9,19,0.474,6,9,0.667,8,35,43,26,8,10,15,22,113,40,68,0.588235294118,1,0.56976744186,0.494318181818,0.5,0.395833333333,0.230769230769,0.257142857143,0.347826086957,0.530303030303,0.483146067416,0.541666666667,0.4,0.833333333333,0.555555555556,0.611111111111,0.588235294118,0.53125
1,Timberwolves,9,29,0.31,20,26,0.769,15,31,46,22,12,2,12,14,103,28,60,0.466666666667,0,0.43023255814,0.505681818182,0.5,0.604166666667,0.769230769231,0.742857142857,0.652173913043,0.469696969697,0.516853932584,0.458333333333,0.6,0.166666666667,0.444444444444,0.388888888889,0.411764705882,0.46875
