,TEAM_NAME,FG3M,FG3A,FG3_PCT,FTM,FTA,FT_PCT,OREB,DREB,REB,AST,STL,BLK,TO,PF,PTS,FG2M,FG2A,FG2_PCT,OUTCOME,DEFICIT_FGM,DEFICIT_FGA,DEFICIT_FG3M,DEFICIT_FG3A,DEFICIT_FTM,DEFICIT_FTA,DEFICIT_OREB,DEFICIT_DREB,DEFICIT_REB,DEFICIT_AST,DEFICIT_STL,DEFICIT_BLK,DEFICIT_TO,DEFICIT_PF,DEFICIT_FG2M,DEFICIT_FG2A
0,76ers,7,23,0.304,17,19,0.895,6,35,41,22,15,7,20,27,100,31,65,0.476923076923,0,0.481012658228,0.497175141243,0.411764705882,0.450980392157,0.425,0.327586206897,0.272727272727,0.460526315789,0.418367346939,0.458333333333,0.555555555556,0.5,0.46511627907,0.574468085106,0.5,0.515873015873
1,Pistons,10,28,0.357,23,39,0.59,16,41,57,26,12,7,23,20,115,31,61,0.508196721311,1,0.518987341772,0.502824858757,0.588235294118,0.549019607843,0.575,0.672413793103,0.727272727273,0.539473684211,0.581632653061,0.541666666667,0.444444444444,0.5,0.53488372093,0.425531914894,0.5,0.484126984127
