,TEAM_NAME,FG3M,FG3A,FG3_PCT,FTM,FTA,FT_PCT,OREB,DREB,REB,AST,STL,BLK,TO,PF,PTS,FG2M,FG2A,FG2_PCT,OUTCOME,DEFICIT_FGM,DEFICIT_FGA,DEFICIT_FG3M,DEFICIT_FG3A,DEFICIT_FTM,DEFICIT_FTA,DEFICIT_OREB,DEFICIT_DREB,DEFICIT_REB,DEFICIT_AST,DEFICIT_STL,DEFICIT_BLK,DEFICIT_TO,DEFICIT_PF,DEFICIT_FG2M,DEFICIT_FG2A
0,Spurs,8,26,0.308,19,27,0.704,9,32,41,28,6,9,13,26,125,41,61,0.672131147541,0,0.52688172043,0.488764044944,0.363636363636,0.5,0.422222222222,0.473684210526,0.45,0.551724137931,0.525641025641,0.595744680851,0.428571428571,0.818181818182,0.52,0.541666666667,0.577464788732,0.484126984127
1,Cavaliers,14,26,0.538,26,30,0.867,11,26,37,19,8,2,12,22,128,30,65,0.461538461538,1,0.47311827957,0.511235955056,0.636363636364,0.5,0.577777777778,0.526315789474,0.55,0.448275862069,0.474358974359,0.404255319149,0.571428571429,0.181818181818,0.48,0.458333333333,0.422535211268,0.515873015873
