,TEAM_NAME,FG3M,FG3A,FG3_PCT,FTM,FTA,FT_PCT,OREB,DREB,REB,AST,STL,BLK,TO,PF,PTS,FG2M,FG2A,FG2_PCT,OUTCOME,DEFICIT_FGM,DEFICIT_FGA,DEFICIT_FG3M,DEFICIT_FG3A,DEFICIT_FTM,DEFICIT_FTA,DEFICIT_OREB,DEFICIT_DREB,DEFICIT_REB,DEFICIT_AST,DEFICIT_STL,DEFICIT_BLK,DEFICIT_TO,DEFICIT_PF,DEFICIT_FG2M,DEFICIT_FG2A
0,Wizards,5,17,0.294,22,31,0.71,10,32,42,25,11,5,13,24,107,35,63,0.555555555556,1,0.56338028169,0.5,0.625,0.472222222222,0.5,0.508196721311,0.416666666667,0.542372881356,0.506024096386,0.581395348837,0.55,0.625,0.382352941176,0.452830188679,0.555555555556,0.508064516129
1,Grizzlies,3,19,0.158,22,30,0.733,14,27,41,18,9,3,21,29,87,28,61,0.459016393443,0,0.43661971831,0.5,0.375,0.527777777778,0.5,0.491803278689,0.583333333333,0.457627118644,0.493975903614,0.418604651163,0.45,0.375,0.617647058824,0.547169811321,0.444444444444,0.491935483871
