,TEAM_NAME,FG3M,FG3A,FG3_PCT,FTM,FTA,FT_PCT,OREB,DREB,REB,AST,STL,BLK,TO,PF,PTS,FG2M,FG2A,FG2_PCT,OUTCOME,DEFICIT_FGM,DEFICIT_FGA,DEFICIT_FG3M,DEFICIT_FG3A,DEFICIT_FTM,DEFICIT_FTA,DEFICIT_OREB,DEFICIT_DREB,DEFICIT_REB,DEFICIT_AST,DEFICIT_STL,DEFICIT_BLK,DEFICIT_TO,DEFICIT_PF,DEFICIT_FG2M,DEFICIT_FG2A
0,Clippers,6,25,0.24,33,45,0.733,12,29,41,18,6,3,19,23,93,21,48,0.4375,0,0.4153846153846154,0.46794871794871795,0.5454545454545454,0.5813953488372093,0.5892857142857143,0.6,0.48,0.47540983606557374,0.47674418604651164,0.4864864864864865,0.3333333333333333,0.42857142857142855,0.59375,0.3898305084745763,0.3888888888888889,0.4247787610619469
1,Nuggets,5,18,0.278,23,30,0.767,13,32,45,19,12,4,13,36,104,33,65,0.5076923076923077,1,0.5846153846153846,0.532051282051282,0.45454545454545453,0.4186046511627907,0.4107142857142857,0.4,0.52,0.5245901639344263,0.5232558139534884,0.5135135135135135,0.6666666666666666,0.5714285714285714,0.40625,0.6101694915254238,0.6111111111111112,0.5752212389380531
