,TEAM_NAME,FG3M,FG3A,FG3_PCT,FTM,FTA,FT_PCT,OREB,DREB,REB,AST,STL,BLK,TO,PF,PTS,FG2M,FG2A,FG2_PCT,OUTCOME,DEFICIT_FGM,DEFICIT_FGA,DEFICIT_FG3M,DEFICIT_FG3A,DEFICIT_FTM,DEFICIT_FTA,DEFICIT_OREB,DEFICIT_DREB,DEFICIT_REB,DEFICIT_AST,DEFICIT_STL,DEFICIT_BLK,DEFICIT_TO,DEFICIT_PF,DEFICIT_FG2M,DEFICIT_FG2A
0,Spurs,12,31,0.387,30,36,0.833,15,35,50,27,1,3,28,36,108,21,49,0.428571428571,0,0.485294117647,0.509554140127,0.631578947368,0.584905660377,0.46875,0.433734939759,0.6,0.564516129032,0.574712643678,0.574468085106,0.0526315789474,0.428571428571,0.682926829268,0.521739130435,0.428571428571,0.471153846154
1,Heat,7,22,0.318,34,47,0.723,10,27,37,20,18,4,13,33,111,28,55,0.509090909091,1,0.514705882353,0.490445859873,0.368421052632,0.415094339623,0.53125,0.566265060241,0.4,0.435483870968,0.425287356322,0.425531914894,0.947368421053,0.571428571429,0.317073170732,0.478260869565,0.571428571429,0.528846153846
