,TEAM_NAME,FG3M,FG3A,FG3_PCT,FTM,FTA,FT_PCT,OREB,DREB,REB,AST,STL,BLK,TO,PF,PTS,FG2M,FG2A,FG2_PCT,OUTCOME,DEFICIT_FGM,DEFICIT_FGA,DEFICIT_FG3M,DEFICIT_FG3A,DEFICIT_FTM,DEFICIT_FTA,DEFICIT_OREB,DEFICIT_DREB,DEFICIT_REB,DEFICIT_AST,DEFICIT_STL,DEFICIT_BLK,DEFICIT_TO,DEFICIT_PF,DEFICIT_FG2M,DEFICIT_FG2A
0,Pistons,8,21,0.381,20,31,0.645,5,42,47,28,11,6,18,26,104,30,60,0.5,1,0.513513513514,0.490909090909,0.421052631579,0.4375,0.540540540541,0.516666666667,0.384615384615,0.545454545455,0.522222222222,0.5,0.578947368421,0.666666666667,0.5625,0.52,0.545454545455,0.512820512821
1,Hawks,11,27,0.407,17,29,0.586,8,35,43,28,8,3,14,24,100,25,57,0.438596491228,0,0.486486486486,0.509090909091,0.578947368421,0.5625,0.459459459459,0.483333333333,0.615384615385,0.454545454545,0.477777777778,0.5,0.421052631579,0.333333333333,0.4375,0.48,0.454545454545,0.487179487179
