,TEAM_NAME,FG3M,FG3A,FG3_PCT,FTM,FTA,FT_PCT,OREB,DREB,REB,AST,STL,BLK,TO,PF,PTS,FG2M,FG2A,FG2_PCT,OUTCOME,DEFICIT_FGM,DEFICIT_FGA,DEFICIT_FG3M,DEFICIT_FG3A,DEFICIT_FTM,DEFICIT_FTA,DEFICIT_OREB,DEFICIT_DREB,DEFICIT_REB,DEFICIT_AST,DEFICIT_STL,DEFICIT_BLK,DEFICIT_TO,DEFICIT_PF,DEFICIT_FG2M,DEFICIT_FG2A
0,Warriors,11,34,0.324,14,21,0.667,14,31,45,30,7,10,10,16,107,30,56,0.535714285714,1,0.5125,0.502793296089,0.785714285714,0.68,0.4375,0.512195121951,0.666666666667,0.476923076923,0.523255813953,0.612244897959,0.583333333333,0.833333333333,0.454545454545,0.421052631579,0.454545454545,0.434108527132
1,Nets,3,16,0.188,18,20,0.9,7,34,41,19,5,2,12,22,99,36,73,0.493150684932,0,0.4875,0.497206703911,0.214285714286,0.32,0.5625,0.487804878049,0.333333333333,0.523076923077,0.476744186047,0.387755102041,0.416666666667,0.166666666667,0.545454545455,0.578947368421,0.545454545455,0.565891472868
