,TEAM_NAME,FG3M,FG3A,FG3_PCT,FTM,FTA,FT_PCT,OREB,DREB,REB,AST,STL,BLK,TO,PF,PTS,FG2M,FG2A,FG2_PCT,OUTCOME,DEFICIT_FGM,DEFICIT_FGA,DEFICIT_FG3M,DEFICIT_FG3A,DEFICIT_FTM,DEFICIT_FTA,DEFICIT_OREB,DEFICIT_DREB,DEFICIT_REB,DEFICIT_AST,DEFICIT_STL,DEFICIT_BLK,DEFICIT_TO,DEFICIT_PF,DEFICIT_FG2M,DEFICIT_FG2A
0,Kings,7,13,0.538,29,34,0.853,13,31,44,12,6,5,14,26,110,30,64,0.46875,0,0.4868421052631579,0.5,0.5384615384615384,0.5909090909090909,0.5178571428571429,0.5,0.6190476190476191,0.5849056603773585,0.5945945945945946,0.3333333333333333,0.4,0.5555555555555556,0.6086956521739131,0.5098039215686274,0.47619047619047616,0.48484848484848486
1,Grizzlies,6,9,0.667,27,34,0.794,8,22,30,24,9,4,9,25,111,33,68,0.4852941176470588,1,0.5131578947368421,0.5,0.46153846153846156,0.4090909090909091,0.48214285714285715,0.5,0.38095238095238093,0.41509433962264153,0.40540540540540543,0.6666666666666666,0.6,0.4444444444444444,0.391304347826087,0.49019607843137253,0.5238095238095238,0.5151515151515151
