,TEAM_NAME,FG3M,FG3A,FG3_PCT,FTM,FTA,FT_PCT,OREB,DREB,REB,AST,STL,BLK,TO,PF,PTS,FG2M,FG2A,FG2_PCT,OUTCOME,DEFICIT_FGM,DEFICIT_FGA,DEFICIT_FG3M,DEFICIT_FG3A,DEFICIT_FTM,DEFICIT_FTA,DEFICIT_OREB,DEFICIT_DREB,DEFICIT_REB,DEFICIT_AST,DEFICIT_STL,DEFICIT_BLK,DEFICIT_TO,DEFICIT_PF,DEFICIT_FG2M,DEFICIT_FG2A
0,Wizards,10,21,0.476,7,10,0.7,10,35,45,28,9,3,10,17,107,35,68,0.514705882353,1,0.542168674699,0.514450867052,0.5,0.396226415094,0.466666666667,0.4,0.5,0.522388059701,0.51724137931,0.528301886792,0.529411764706,0.5,0.416666666667,0.586206896552,0.555555555556,0.566666666667
1,Pelicans,10,32,0.313,8,15,0.533,10,32,42,25,8,3,14,12,94,28,52,0.538461538462,0,0.457831325301,0.485549132948,0.5,0.603773584906,0.533333333333,0.6,0.5,0.477611940299,0.48275862069,0.471698113208,0.470588235294,0.5,0.583333333333,0.413793103448,0.444444444444,0.433333333333
