,TEAM_NAME,FG3M,FG3A,FG3_PCT,FTM,FTA,FT_PCT,OREB,DREB,REB,AST,STL,BLK,TO,PF,PTS,FG2M,FG2A,FG2_PCT,OUTCOME,DEFICIT_FGM,DEFICIT_FGA,DEFICIT_FG3M,DEFICIT_FG3A,DEFICIT_FTM,DEFICIT_FTA,DEFICIT_OREB,DEFICIT_DREB,DEFICIT_REB,DEFICIT_AST,DEFICIT_STL,DEFICIT_BLK,DEFICIT_TO,DEFICIT_PF,DEFICIT_FG2M,DEFICIT_FG2A
0,Thunder,6,26,0.231,11,16,0.688,13,42,55,20,5,4,16,19,91,31,74,0.418918918919,0,0.474358974359,0.520833333333,0.428571428571,0.472727272727,0.392857142857,0.421052631579,0.619047619048,0.494117647059,0.518867924528,0.47619047619,0.357142857143,0.4,0.615384615385,0.542857142857,0.484375,0.540145985401
1,Cavaliers,8,29,0.276,17,22,0.773,8,43,51,22,9,6,10,16,107,33,63,0.52380952381,1,0.525641025641,0.479166666667,0.571428571429,0.527272727273,0.607142857143,0.578947368421,0.380952380952,0.505882352941,0.481132075472,0.52380952381,0.642857142857,0.6,0.384615384615,0.457142857143,0.515625,0.459854014599
