,TEAM_NAME,FG3M,FG3A,FG3_PCT,FTM,FTA,FT_PCT,OREB,DREB,REB,AST,STL,BLK,TO,PF,PTS,FG2M,FG2A,FG2_PCT,OUTCOME,DEFICIT_FGM,DEFICIT_FGA,DEFICIT_FG3M,DEFICIT_FG3A,DEFICIT_FTM,DEFICIT_FTA,DEFICIT_OREB,DEFICIT_DREB,DEFICIT_REB,DEFICIT_AST,DEFICIT_STL,DEFICIT_BLK,DEFICIT_TO,DEFICIT_PF,DEFICIT_FG2M,DEFICIT_FG2A
0,Raptors,12,28,0.429,29,36,0.806,9,31,40,19,8,3,11,20,113,24,51,0.470588235294,0,0.461538461538,0.5,0.545454545455,0.549019607843,0.591836734694,0.58064516129,0.6,0.508196721311,0.526315789474,0.431818181818,0.571428571429,0.333333333333,0.478260869565,0.416666666667,0.428571428571,0.476635514019
1,Magic,10,23,0.435,20,26,0.769,6,30,36,25,6,6,12,28,114,32,56,0.571428571429,1,0.538461538462,0.5,0.454545454545,0.450980392157,0.408163265306,0.41935483871,0.4,0.491803278689,0.473684210526,0.568181818182,0.428571428571,0.666666666667,0.521739130435,0.583333333333,0.571428571429,0.523364485981
