,TEAM_NAME,FG3M,FG3A,FG3_PCT,FTM,FTA,FT_PCT,OREB,DREB,REB,AST,STL,BLK,TO,PF,PTS,FG2M,FG2A,FG2_PCT,OUTCOME,DEFICIT_FGM,DEFICIT_FGA,DEFICIT_FG3M,DEFICIT_FG3A,DEFICIT_FTM,DEFICIT_FTA,DEFICIT_OREB,DEFICIT_DREB,DEFICIT_REB,DEFICIT_AST,DEFICIT_STL,DEFICIT_BLK,DEFICIT_TO,DEFICIT_PF,DEFICIT_FG2M,DEFICIT_FG2A
0,Suns,5,19,0.263,29,39,0.744,13,29,42,11,8,8,17,19,96,26,55,0.472727272727,0,0.442857142857,0.480519480519,0.238095238095,0.404255319149,0.58,0.619047619048,0.565217391304,0.460317460317,0.488372093023,0.305555555556,0.380952380952,0.8,0.5,0.413043478261,0.530612244898,0.514018691589
1,Grizzlies,16,28,0.571,21,24,0.875,10,34,44,25,13,2,17,27,115,23,52,0.442307692308,1,0.557142857143,0.519480519481,0.761904761905,0.595744680851,0.42,0.380952380952,0.434782608696,0.539682539683,0.511627906977,0.694444444444,0.619047619048,0.2,0.5,0.586956521739,0.469387755102,0.485981308411
