,TEAM_NAME,FG3M,FG3A,FG3_PCT,FTM,FTA,FT_PCT,OREB,DREB,REB,AST,STL,BLK,TO,PF,PTS,FG2M,FG2A,FG2_PCT,OUTCOME,DEFICIT_FGM,DEFICIT_FGA,DEFICIT_FG3M,DEFICIT_FG3A,DEFICIT_FTM,DEFICIT_FTA,DEFICIT_OREB,DEFICIT_DREB,DEFICIT_REB,DEFICIT_AST,DEFICIT_STL,DEFICIT_BLK,DEFICIT_TO,DEFICIT_PF,DEFICIT_FG2M,DEFICIT_FG2A
0,Kings,13,29,0.448,24,29,0.828,9,24,33,31,7,3,20,28,119,28,45,0.622222222222,0,0.476744186047,0.471337579618,0.541666666667,0.483333333333,0.533333333333,0.527272727273,0.5,0.545454545455,0.532258064516,0.492063492063,0.35,0.6,0.588235294118,0.608695652174,0.451612903226,0.463917525773
1,76ers,11,31,0.355,21,26,0.808,9,20,29,32,13,2,14,18,122,34,52,0.653846153846,1,0.523255813953,0.528662420382,0.458333333333,0.516666666667,0.466666666667,0.472727272727,0.5,0.454545454545,0.467741935484,0.507936507937,0.65,0.4,0.411764705882,0.391304347826,0.548387096774,0.536082474227
