,TEAM_NAME,FG3M,FG3A,FG3_PCT,FTM,FTA,FT_PCT,OREB,DREB,REB,AST,STL,BLK,TO,PF,PTS,FG2M,FG2A,FG2_PCT,OUTCOME,DEFICIT_FGM,DEFICIT_FGA,DEFICIT_FG3M,DEFICIT_FG3A,DEFICIT_FTM,DEFICIT_FTA,DEFICIT_OREB,DEFICIT_DREB,DEFICIT_REB,DEFICIT_AST,DEFICIT_STL,DEFICIT_BLK,DEFICIT_TO,DEFICIT_PF,DEFICIT_FG2M,DEFICIT_FG2A
0,Pacers,9,27,0.333,8,9,0.889,14,32,46,19,7,4,16,21,87,26,60,0.433333333333,0,0.507246376812,0.537037037037,0.473684210526,0.54,0.296296296296,0.290322580645,0.7,0.533333333333,0.575,0.413043478261,0.466666666667,0.571428571429,0.615384615385,0.6,0.52,0.535714285714
1,Hawks,10,23,0.435,19,22,0.864,6,28,34,27,8,3,10,14,97,24,52,0.461538461538,1,0.492753623188,0.462962962963,0.526315789474,0.46,0.703703703704,0.709677419355,0.3,0.466666666667,0.425,0.586956521739,0.533333333333,0.428571428571,0.384615384615,0.4,0.48,0.464285714286
