,TEAM_NAME,FG3M,FG3A,FG3_PCT,FTM,FTA,FT_PCT,OREB,DREB,REB,AST,STL,BLK,TO,PF,PTS,FG2M,FG2A,FG2_PCT,OUTCOME,DEFICIT_FGM,DEFICIT_FGA,DEFICIT_FG3M,DEFICIT_FG3A,DEFICIT_FTM,DEFICIT_FTA,DEFICIT_OREB,DEFICIT_DREB,DEFICIT_REB,DEFICIT_AST,DEFICIT_STL,DEFICIT_BLK,DEFICIT_TO,DEFICIT_PF,DEFICIT_FG2M,DEFICIT_FG2A
0,Raptors,11,31,0.355,31,34,0.912,12,43,55,25,5,10,12,30,112,24,55,0.436363636364,1,0.507246376812,0.5,0.733333333333,0.659574468085,0.62,0.492753623188,0.521739130435,0.544303797468,0.539215686275,0.555555555556,0.416666666667,0.666666666667,0.444444444444,0.535714285714,0.444444444444,0.44
1,Pistons,4,16,0.25,19,35,0.543,11,36,47,20,7,5,15,26,91,30,70,0.428571428571,0,0.492753623188,0.5,0.266666666667,0.340425531915,0.38,0.507246376812,0.478260869565,0.455696202532,0.460784313725,0.444444444444,0.583333333333,0.333333333333,0.555555555556,0.464285714286,0.555555555556,0.56
