,TEAM_NAME,FG3M,FG3A,FG3_PCT,FTM,FTA,FT_PCT,OREB,DREB,REB,AST,STL,BLK,TO,PF,PTS,FG2M,FG2A,FG2_PCT,OUTCOME,DEFICIT_FGM,DEFICIT_FGA,DEFICIT_FG3M,DEFICIT_FG3A,DEFICIT_FTM,DEFICIT_FTA,DEFICIT_OREB,DEFICIT_DREB,DEFICIT_REB,DEFICIT_AST,DEFICIT_STL,DEFICIT_BLK,DEFICIT_TO,DEFICIT_PF,DEFICIT_FG2M,DEFICIT_FG2A
0,Heat,7,22,0.318,19,30,0.633,12,41,53,13,1,8,14,20,80,20,57,0.350877192982,0,0.435483870968,0.467455621302,0.583333333333,0.55,0.475,0.576923076923,0.571428571429,0.518987341772,0.53,0.41935483871,0.166666666667,0.666666666667,0.823529411765,0.454545454545,0.4,0.441860465116
1,Hornets,5,18,0.278,21,22,0.955,9,38,47,18,5,4,3,24,96,30,72,0.416666666667,1,0.564516129032,0.532544378698,0.416666666667,0.45,0.525,0.423076923077,0.428571428571,0.481012658228,0.47,0.58064516129,0.833333333333,0.333333333333,0.176470588235,0.545454545455,0.6,0.558139534884
