,TEAM_NAME,FG3M,FG3A,FG3_PCT,FTM,FTA,FT_PCT,OREB,DREB,REB,AST,STL,BLK,TO,PF,PTS,FG2M,FG2A,FG2_PCT,OUTCOME,DEFICIT_FGM,DEFICIT_FGA,DEFICIT_FG3M,DEFICIT_FG3A,DEFICIT_FTM,DEFICIT_FTA,DEFICIT_OREB,DEFICIT_DREB,DEFICIT_REB,DEFICIT_AST,DEFICIT_STL,DEFICIT_BLK,DEFICIT_TO,DEFICIT_PF,DEFICIT_FG2M,DEFICIT_FG2A
0,Jazz,6,27,0.222,15,20,0.75,12,35,47,13,4,3,19,16,81,24,46,0.521739130435,0,0.416666666667,0.462025316456,0.333333333333,0.465517241379,0.555555555556,0.526315789474,0.6,0.564516129032,0.573170731707,0.351351351351,0.307692307692,0.3,0.730769230769,0.457142857143,0.444444444444,0.46
1,Knicks,12,31,0.387,12,18,0.667,8,27,35,24,9,7,7,19,108,30,54,0.555555555556,1,0.583333333333,0.537974683544,0.666666666667,0.534482758621,0.444444444444,0.473684210526,0.4,0.435483870968,0.426829268293,0.648648648649,0.692307692308,0.7,0.269230769231,0.542857142857,0.555555555556,0.54
