,TEAM_NAME,FG3M,FG3A,FG3_PCT,FTM,FTA,FT_PCT,OREB,DREB,REB,AST,STL,BLK,TO,PF,PTS,FG2M,FG2A,FG2_PCT,OUTCOME,DEFICIT_FGM,DEFICIT_FGA,DEFICIT_FG3M,DEFICIT_FG3A,DEFICIT_FTM,DEFICIT_FTA,DEFICIT_OREB,DEFICIT_DREB,DEFICIT_REB,DEFICIT_AST,DEFICIT_STL,DEFICIT_BLK,DEFICIT_TO,DEFICIT_PF,DEFICIT_FG2M,DEFICIT_FG2A
0,Celtics,8,21,0.381,21,26,0.808,12,39,51,20,11,3,25,28,91,23,49,0.469387755102,1,0.516666666667,0.466666666667,0.666666666667,0.411764705882,0.488372093023,0.5,0.571428571429,0.672413793103,0.645569620253,0.588235294118,0.478260869565,0.375,0.641025641026,0.583333333333,0.479166666667,0.494949494949
1,Nets,4,30,0.133,22,26,0.846,9,19,28,14,12,5,14,20,84,25,50,0.5,0,0.483333333333,0.533333333333,0.333333333333,0.588235294118,0.511627906977,0.5,0.428571428571,0.327586206897,0.354430379747,0.411764705882,0.521739130435,0.625,0.358974358974,0.416666666667,0.520833333333,0.505050505051
