,TEAM_NAME,FG3M,FG3A,FG3_PCT,FTM,FTA,FT_PCT,OREB,DREB,REB,AST,STL,BLK,TO,PF,PTS,FG2M,FG2A,FG2_PCT,OUTCOME,DEFICIT_FGM,DEFICIT_FGA,DEFICIT_FG3M,DEFICIT_FG3A,DEFICIT_FTM,DEFICIT_FTA,DEFICIT_OREB,DEFICIT_DREB,DEFICIT_REB,DEFICIT_AST,DEFICIT_STL,DEFICIT_BLK,DEFICIT_TO,DEFICIT_PF,DEFICIT_FG2M,DEFICIT_FG2A
0,Trail Blazers,7,26,0.269,15,21,0.714,14,35,49,17,5,6,19,29,98,31,57,0.543859649123,0,0.506666666667,0.512345679012,0.636363636364,0.666666666667,0.375,0.381818181818,0.608695652174,0.546875,0.563218390805,0.5,0.333333333333,0.6,0.678571428571,0.56862745098,0.484375,0.463414634146
1,Mavericks,4,13,0.308,25,34,0.735,9,29,38,17,10,4,9,22,103,33,66,0.5,1,0.493333333333,0.487654320988,0.363636363636,0.333333333333,0.625,0.618181818182,0.391304347826,0.453125,0.436781609195,0.5,0.666666666667,0.4,0.321428571429,0.43137254902,0.515625,0.536585365854
