,TEAM_NAME,FG3M,FG3A,FG3_PCT,FTM,FTA,FT_PCT,OREB,DREB,REB,AST,STL,BLK,TO,PF,PTS,FG2M,FG2A,FG2_PCT,OUTCOME,DEFICIT_FGM,DEFICIT_FGA,DEFICIT_FG3M,DEFICIT_FG3A,DEFICIT_FTM,DEFICIT_FTA,DEFICIT_OREB,DEFICIT_DREB,DEFICIT_REB,DEFICIT_AST,DEFICIT_STL,DEFICIT_BLK,DEFICIT_TO,DEFICIT_PF,DEFICIT_FG2M,DEFICIT_FG2A
0,Pelicans,8,20,0.4,20,23,0.87,11,31,42,31,4,9,9,26,112,34,64,0.53125,1,0.512195121951,0.485549132948,0.615384615385,0.5,0.512820512821,0.479166666667,0.407407407407,0.516666666667,0.48275862069,0.563636363636,0.571428571429,0.6,0.5,0.541666666667,0.492753623188,0.481203007519
1,Bucks,5,20,0.25,19,25,0.76,16,29,45,24,3,6,9,22,104,35,69,0.507246376812,0,0.487804878049,0.514450867052,0.384615384615,0.5,0.487179487179,0.520833333333,0.592592592593,0.483333333333,0.51724137931,0.436363636364,0.428571428571,0.4,0.5,0.458333333333,0.507246376812,0.518796992481
