,TEAM_NAME,FG3M,FG3A,FG3_PCT,FTM,FTA,FT_PCT,OREB,DREB,REB,AST,STL,BLK,TO,PF,PTS,FG2M,FG2A,FG2_PCT,OUTCOME,DEFICIT_FGM,DEFICIT_FGA,DEFICIT_FG3M,DEFICIT_FG3A,DEFICIT_FTM,DEFICIT_FTA,DEFICIT_OREB,DEFICIT_DREB,DEFICIT_REB,DEFICIT_AST,DEFICIT_STL,DEFICIT_BLK,DEFICIT_TO,DEFICIT_PF,DEFICIT_FG2M,DEFICIT_FG2A
0,Rockets,13,36,0.361,27,40,0.675,15,35,50,24,15,10,15,19,130,32,62,0.516129032258,1,0.46875,0.478048780488,0.481481481481,0.537313432836,0.75,0.754716981132,0.5,0.472972972973,0.480769230769,0.461538461538,0.652173913043,0.555555555556,0.416666666667,0.441860465116,0.463768115942,0.449275362319
1,Nuggets,14,31,0.452,9,13,0.692,15,39,54,28,8,8,21,24,125,37,76,0.486842105263,0,0.53125,0.521951219512,0.518518518519,0.462686567164,0.25,0.245283018868,0.5,0.527027027027,0.519230769231,0.538461538462,0.347826086957,0.444444444444,0.583333333333,0.558139534884,0.536231884058,0.550724637681
