,TEAM_NAME,FG3M,FG3A,FG3_PCT,FTM,FTA,FT_PCT,OREB,DREB,REB,AST,STL,BLK,TO,PF,PTS,FG2M,FG2A,FG2_PCT,OUTCOME,DEFICIT_FGM,DEFICIT_FGA,DEFICIT_FG3M,DEFICIT_FG3A,DEFICIT_FTM,DEFICIT_FTA,DEFICIT_OREB,DEFICIT_DREB,DEFICIT_REB,DEFICIT_AST,DEFICIT_STL,DEFICIT_BLK,DEFICIT_TO,DEFICIT_PF,DEFICIT_FG2M,DEFICIT_FG2A
0,Spurs,9,22,0.409,17,18,0.944,6,34,40,27,7,3,15,16,112,34,55,0.618181818182,1,0.530864197531,0.472392638037,0.642857142857,0.611111111111,0.607142857143,0.514285714286,0.315789473684,0.586206896552,0.519480519481,0.551020408163,0.466666666667,0.5,0.51724137931,0.457142857143,0.507462686567,0.433070866142
1,Grizzlies,5,14,0.357,11,17,0.647,13,24,37,22,8,3,14,19,92,33,72,0.458333333333,0,0.469135802469,0.527607361963,0.357142857143,0.388888888889,0.392857142857,0.485714285714,0.684210526316,0.413793103448,0.480519480519,0.448979591837,0.533333333333,0.5,0.48275862069,0.542857142857,0.492537313433,0.566929133858
