,TEAM_NAME,FG3M,FG3A,FG3_PCT,FTM,FTA,FT_PCT,OREB,DREB,REB,AST,STL,BLK,TO,PF,PTS,FG2M,FG2A,FG2_PCT,OUTCOME,DEFICIT_FGM,DEFICIT_FGA,DEFICIT_FG3M,DEFICIT_FG3A,DEFICIT_FTM,DEFICIT_FTA,DEFICIT_OREB,DEFICIT_DREB,DEFICIT_REB,DEFICIT_AST,DEFICIT_STL,DEFICIT_BLK,DEFICIT_TO,DEFICIT_PF,DEFICIT_FG2M,DEFICIT_FG2A
0,Pacers,5,20,0.25,19,30,0.633,10,25,35,18,9,3,11,26,88,27,58,0.465517241379,0,0.438356164384,0.516556291391,0.294117647059,0.425531914894,0.59375,0.63829787234,0.666666666667,0.416666666667,0.466666666667,0.45,0.692307692308,0.5,0.423076923077,0.5,0.482142857143,0.557692307692
1,Hawks,12,27,0.444,13,17,0.765,5,35,40,22,4,3,15,26,107,29,46,0.630434782609,1,0.561643835616,0.483443708609,0.705882352941,0.574468085106,0.40625,0.36170212766,0.333333333333,0.583333333333,0.533333333333,0.55,0.307692307692,0.5,0.576923076923,0.5,0.517857142857,0.442307692308
