,TEAM_NAME,FG3M,FG3A,FG3_PCT,FTM,FTA,FT_PCT,OREB,DREB,REB,AST,STL,BLK,TO,PF,PTS,FG2M,FG2A,FG2_PCT,OUTCOME,DEFICIT_FGM,DEFICIT_FGA,DEFICIT_FG3M,DEFICIT_FG3A,DEFICIT_FTM,DEFICIT_FTA,DEFICIT_OREB,DEFICIT_DREB,DEFICIT_REB,DEFICIT_AST,DEFICIT_STL,DEFICIT_BLK,DEFICIT_TO,DEFICIT_PF,DEFICIT_FG2M,DEFICIT_FG2A
0,Trail Blazers,11,36,0.306,18,22,0.818,13,32,45,19,11,8,15,19,107,28,53,0.528301886792,1,0.493670886076,0.486338797814,0.611111111111,0.590163934426,0.6,0.55,0.393939393939,0.492307692308,0.459183673469,0.441860465116,0.52380952381,0.571428571429,0.428571428571,0.5,0.459016393443,0.434426229508
1,Nuggets,7,25,0.28,12,18,0.667,20,33,53,24,10,6,20,19,99,33,69,0.478260869565,0,0.506329113924,0.513661202186,0.388888888889,0.409836065574,0.4,0.45,0.606060606061,0.507692307692,0.540816326531,0.558139534884,0.47619047619,0.428571428571,0.571428571429,0.5,0.540983606557,0.565573770492
