,TEAM_NAME,FG3M,FG3A,FG3_PCT,FTM,FTA,FT_PCT,OREB,DREB,REB,AST,STL,BLK,TO,PF,PTS,FG2M,FG2A,FG2_PCT,OUTCOME,DEFICIT_FGM,DEFICIT_FGA,DEFICIT_FG3M,DEFICIT_FG3A,DEFICIT_FTM,DEFICIT_FTA,DEFICIT_OREB,DEFICIT_DREB,DEFICIT_REB,DEFICIT_AST,DEFICIT_STL,DEFICIT_BLK,DEFICIT_TO,DEFICIT_PF,DEFICIT_FG2M,DEFICIT_FG2A
0,Magic,8,27,0.296,11,18,0.611,5,34,39,22,7,4,10,18,103,34,64,0.53125,0,0.47191011236,0.514124293785,0.421052631579,0.482142857143,0.478260869565,0.486486486486,0.5,0.453333333333,0.458823529412,0.407407407407,0.538461538462,0.444444444444,0.526315789474,0.5625,0.485714285714,0.528925619835
1,Hornets,11,29,0.379,12,19,0.632,5,41,46,32,6,5,9,14,117,36,57,0.631578947368,1,0.52808988764,0.485875706215,0.578947368421,0.517857142857,0.521739130435,0.513513513514,0.5,0.546666666667,0.541176470588,0.592592592593,0.461538461538,0.555555555556,0.473684210526,0.4375,0.514285714286,0.471074380165
