,TEAM_NAME,FG3M,FG3A,FG3_PCT,FTM,FTA,FT_PCT,OREB,DREB,REB,AST,STL,BLK,TO,PF,PTS,FG2M,FG2A,FG2_PCT,OUTCOME,DEFICIT_FGM,DEFICIT_FGA,DEFICIT_FG3M,DEFICIT_FG3A,DEFICIT_FTM,DEFICIT_FTA,DEFICIT_OREB,DEFICIT_DREB,DEFICIT_REB,DEFICIT_AST,DEFICIT_STL,DEFICIT_BLK,DEFICIT_TO,DEFICIT_PF,DEFICIT_FG2M,DEFICIT_FG2A
0,Heat,2,19,0.105,10,12,0.833,14,30,44,14,5,10,8,21,88,36,69,0.521739130435,0,0.506666666667,0.505747126437,0.285714285714,0.575757575758,0.344827586207,0.352941176471,0.583333333333,0.508474576271,0.530120481928,0.411764705882,0.416666666667,0.769230769231,0.533333333333,0.512195121951,0.529411764706,0.489361702128
1,Celtics,5,14,0.357,19,22,0.864,10,29,39,20,7,3,7,20,98,32,72,0.444444444444,1,0.493333333333,0.494252873563,0.714285714286,0.424242424242,0.655172413793,0.647058823529,0.416666666667,0.491525423729,0.469879518072,0.588235294118,0.583333333333,0.230769230769,0.466666666667,0.487804878049,0.470588235294,0.510638297872
