,TEAM_NAME,FG3M,FG3A,FG3_PCT,FTM,FTA,FT_PCT,OREB,DREB,REB,AST,STL,BLK,TO,PF,PTS,FG2M,FG2A,FG2_PCT,OUTCOME,DEFICIT_FGM,DEFICIT_FGA,DEFICIT_FG3M,DEFICIT_FG3A,DEFICIT_FTM,DEFICIT_FTA,DEFICIT_OREB,DEFICIT_DREB,DEFICIT_REB,DEFICIT_AST,DEFICIT_STL,DEFICIT_BLK,DEFICIT_TO,DEFICIT_PF,DEFICIT_FG2M,DEFICIT_FG2A
0,Grizzlies,8,24,0.333,12,16,0.75,13,27,40,25,12,1,13,18,104,34,74,0.459459459459,0,0.477272727273,0.52972972973,0.285714285714,0.338028169014,0.48,0.5,0.52,0.409090909091,0.43956043956,0.416666666667,0.631578947368,0.125,0.433333333333,0.5625,0.566666666667,0.649122807018
1,Warriors,20,47,0.426,13,16,0.813,12,39,51,35,7,7,17,14,125,26,40,0.65,1,0.522727272727,0.47027027027,0.714285714286,0.661971830986,0.52,0.5,0.48,0.590909090909,0.56043956044,0.583333333333,0.368421052632,0.875,0.566666666667,0.4375,0.433333333333,0.350877192982
