,TEAM_NAME,FG3M,FG3A,FG3_PCT,FTM,FTA,FT_PCT,OREB,DREB,REB,AST,STL,BLK,TO,PF,PTS,FG2M,FG2A,FG2_PCT,OUTCOME,DEFICIT_FGM,DEFICIT_FGA,DEFICIT_FG3M,DEFICIT_FG3A,DEFICIT_FTM,DEFICIT_FTA,DEFICIT_OREB,DEFICIT_DREB,DEFICIT_REB,DEFICIT_AST,DEFICIT_STL,DEFICIT_BLK,DEFICIT_TO,DEFICIT_PF,DEFICIT_FG2M,DEFICIT_FG2A
0,Trail Blazers,10,28,0.357,21,29,0.724,16,28,44,21,8,2,9,17,103,26,57,0.45614035087719296,1,0.4675324675324675,0.5182926829268293,0.6666666666666666,0.5957446808510638,0.6363636363636364,0.6744186046511628,0.8,0.45901639344262296,0.5432098765432098,0.5121951219512195,0.5714285714285714,0.3333333333333333,0.4090909090909091,0.425,0.41935483870967744,0.48717948717948717
1,Knicks,5,19,0.263,12,14,0.857,4,33,37,20,6,4,13,23,99,36,60,0.6,0,0.5324675324675324,0.4817073170731707,0.3333333333333333,0.40425531914893614,0.36363636363636365,0.32558139534883723,0.2,0.5409836065573771,0.4567901234567901,0.4878048780487805,0.42857142857142855,0.6666666666666666,0.5909090909090909,0.575,0.5806451612903226,0.5128205128205128
