,TEAM_NAME,FG3M,FG3A,FG3_PCT,FTM,FTA,FT_PCT,OREB,DREB,REB,AST,STL,BLK,TO,PF,PTS,FG2M,FG2A,FG2_PCT,OUTCOME,DEFICIT_FGM,DEFICIT_FGA,DEFICIT_FG3M,DEFICIT_FG3A,DEFICIT_FTM,DEFICIT_FTA,DEFICIT_OREB,DEFICIT_DREB,DEFICIT_REB,DEFICIT_AST,DEFICIT_STL,DEFICIT_BLK,DEFICIT_TO,DEFICIT_PF,DEFICIT_FG2M,DEFICIT_FG2A
0,Celtics,11,22,0.5,15,21,0.714,10,25,35,14,8,1,9,22,96,24,58,0.413793103448,0,0.472972972973,0.533333333333,0.785714285714,0.647058823529,0.394736842105,0.428571428571,0.555555555556,0.423728813559,0.454545454545,0.424242424242,0.666666666667,0.333333333333,0.409090909091,0.578947368421,0.4,0.5
1,Nets,3,12,0.25,23,28,0.821,8,34,42,19,4,2,13,16,104,36,58,0.620689655172,1,0.527027027027,0.466666666667,0.214285714286,0.352941176471,0.605263157895,0.571428571429,0.444444444444,0.576271186441,0.545454545455,0.575757575758,0.333333333333,0.666666666667,0.590909090909,0.421052631579,0.6,0.5
