,TEAM_NAME,FG3M,FG3A,FG3_PCT,FTM,FTA,FT_PCT,OREB,DREB,REB,AST,STL,BLK,TO,PF,PTS,FG2M,FG2A,FG2_PCT,OUTCOME,DEFICIT_FGM,DEFICIT_FGA,DEFICIT_FG3M,DEFICIT_FG3A,DEFICIT_FTM,DEFICIT_FTA,DEFICIT_OREB,DEFICIT_DREB,DEFICIT_REB,DEFICIT_AST,DEFICIT_STL,DEFICIT_BLK,DEFICIT_TO,DEFICIT_PF,DEFICIT_FG2M,DEFICIT_FG2A
0,Knicks,10,31,0.323,4,5,0.8,9,22,31,27,4,5,13,19,94,30,56,0.535714285714,0,0.487804878049,0.540372670807,0.526315789474,0.62,0.2,0.185185185185,0.5,0.43137254902,0.449275362319,0.519230769231,0.4,0.833333333333,0.52,0.59375,0.47619047619,0.504504504505
1,Cavaliers,9,19,0.474,16,22,0.727,9,29,38,25,6,1,12,13,109,33,55,0.6,1,0.512195121951,0.459627329193,0.473684210526,0.38,0.8,0.814814814815,0.5,0.56862745098,0.550724637681,0.480769230769,0.6,0.166666666667,0.48,0.40625,0.52380952381,0.495495495495
