,TEAM_NAME,FG3M,FG3A,FG3_PCT,FTM,FTA,FT_PCT,OREB,DREB,REB,AST,STL,BLK,TO,PF,PTS,FG2M,FG2A,FG2_PCT,OUTCOME,DEFICIT_FGM,DEFICIT_FGA,DEFICIT_FG3M,DEFICIT_FG3A,DEFICIT_FTM,DEFICIT_FTA,DEFICIT_OREB,DEFICIT_DREB,DEFICIT_REB,DEFICIT_AST,DEFICIT_STL,DEFICIT_BLK,DEFICIT_TO,DEFICIT_PF,DEFICIT_FG2M,DEFICIT_FG2A
0,Knicks,3,15,0.2,23,30,0.767,13,28,41,13,4,4,12,27,86,27,63,0.428571428571,0,0.5,0.496815286624,0.3,0.454545454545,0.479166666667,0.5,0.52,0.459016393443,0.476744186047,0.448275862069,0.444444444444,0.571428571429,0.521739130435,0.519230769231,0.54,0.508064516129
1,Pacers,7,18,0.389,25,30,0.833,12,33,45,16,5,3,11,25,92,23,61,0.377049180328,1,0.5,0.503184713376,0.7,0.545454545455,0.520833333333,0.5,0.48,0.540983606557,0.523255813953,0.551724137931,0.555555555556,0.428571428571,0.478260869565,0.480769230769,0.46,0.491935483871
