,TEAM_NAME,FG3M,FG3A,FG3_PCT,FTM,FTA,FT_PCT,OREB,DREB,REB,AST,STL,BLK,TO,PF,PTS,FG2M,FG2A,FG2_PCT,OUTCOME,DEFICIT_FGM,DEFICIT_FGA,DEFICIT_FG3M,DEFICIT_FG3A,DEFICIT_FTM,DEFICIT_FTA,DEFICIT_OREB,DEFICIT_DREB,DEFICIT_REB,DEFICIT_AST,DEFICIT_STL,DEFICIT_BLK,DEFICIT_TO,DEFICIT_PF,DEFICIT_FG2M,DEFICIT_FG2A
0,Pelicans,8,23,0.348,11,13,0.846,7,34,41,24,8,13,18,18,95,30,57,0.526315789474,1,0.542857142857,0.519480519481,0.571428571429,0.589743589744,0.366666666667,0.309523809524,0.466666666667,0.523076923077,0.5125,0.48,0.347826086957,0.65,0.5625,0.486486486486,0.535714285714,0.495652173913
1,Grizzlies,6,16,0.375,19,29,0.655,8,31,39,26,15,7,14,19,89,26,58,0.448275862069,0,0.457142857143,0.480519480519,0.428571428571,0.410256410256,0.633333333333,0.690476190476,0.533333333333,0.476923076923,0.4875,0.52,0.652173913043,0.35,0.4375,0.513513513514,0.464285714286,0.504347826087
