,TEAM_NAME,FG3M,FG3A,FG3_PCT,FTM,FTA,FT_PCT,OREB,DREB,REB,AST,STL,BLK,TO,PF,PTS,FG2M,FG2A,FG2_PCT,OUTCOME,DEFICIT_FGM,DEFICIT_FGA,DEFICIT_FG3M,DEFICIT_FG3A,DEFICIT_FTM,DEFICIT_FTA,DEFICIT_OREB,DEFICIT_DREB,DEFICIT_REB,DEFICIT_AST,DEFICIT_STL,DEFICIT_BLK,DEFICIT_TO,DEFICIT_PF,DEFICIT_FG2M,DEFICIT_FG2A
0,Trail Blazers,10,21,0.476,22,26,0.846,20,29,49,29,3,3,11,14,112,30,72,0.416666666667,1,0.47619047619,0.494680851064,0.714285714286,0.6,0.647058823529,0.604651162791,0.5,0.527272727273,0.515789473684,0.537037037037,0.272727272727,0.428571428571,0.55,0.388888888889,0.428571428571,0.470588235294
1,Celtics,4,14,0.286,12,17,0.706,20,26,46,25,8,4,9,22,104,40,81,0.493827160494,0,0.52380952381,0.505319148936,0.285714285714,0.4,0.352941176471,0.395348837209,0.5,0.472727272727,0.484210526316,0.462962962963,0.727272727273,0.571428571429,0.45,0.611111111111,0.571428571429,0.529411764706
