,TEAM_NAME,FG3M,FG3A,FG3_PCT,FTM,FTA,FT_PCT,OREB,DREB,REB,AST,STL,BLK,TO,PF,PTS,FG2M,FG2A,FG2_PCT,OUTCOME,DEFICIT_FGM,DEFICIT_FGA,DEFICIT_FG3M,DEFICIT_FG3A,DEFICIT_FTM,DEFICIT_FTA,DEFICIT_OREB,DEFICIT_DREB,DEFICIT_REB,DEFICIT_AST,DEFICIT_STL,DEFICIT_BLK,DEFICIT_TO,DEFICIT_PF,DEFICIT_FG2M,DEFICIT_FG2A
0,Bulls,6,14,0.429,21,26,0.808,12,34,46,26,6,8,10,19,103,32,67,0.477611940299,1,0.506666666667,0.50625,0.6,0.56,0.525,0.565217391304,0.666666666667,0.548387096774,0.575,0.590909090909,0.545454545455,0.533333333333,0.526315789474,0.452380952381,0.492307692308,0.496296296296
1,Bobcats,4,11,0.364,19,20,0.95,6,28,34,18,5,7,9,23,97,33,68,0.485294117647,0,0.493333333333,0.49375,0.4,0.44,0.475,0.434782608696,0.333333333333,0.451612903226,0.425,0.409090909091,0.454545454545,0.466666666667,0.473684210526,0.547619047619,0.507692307692,0.503703703704
