,TEAM_NAME,FG3M,FG3A,FG3_PCT,FTM,FTA,FT_PCT,OREB,DREB,REB,AST,STL,BLK,TO,PF,PTS,FG2M,FG2A,FG2_PCT,OUTCOME,DEFICIT_FGM,DEFICIT_FGA,DEFICIT_FG3M,DEFICIT_FG3A,DEFICIT_FTM,DEFICIT_FTA,DEFICIT_OREB,DEFICIT_DREB,DEFICIT_REB,DEFICIT_AST,DEFICIT_STL,DEFICIT_BLK,DEFICIT_TO,DEFICIT_PF,DEFICIT_FG2M,DEFICIT_FG2A
0,Wizards,5,19,0.263,22,31,0.71,17,30,47,24,11,3,11,32,107,35,76,0.460526315789,0,0.512820512821,0.565476190476,0.384615384615,0.513513513514,0.423076923077,0.424657534247,0.653846153846,0.46875,0.522222222222,0.521739130435,0.611111111111,0.375,0.366666666667,0.561403508772,0.538461538462,0.580152671756
1,Rockets,8,18,0.444,30,42,0.714,9,34,43,22,7,5,19,25,114,30,55,0.545454545455,1,0.487179487179,0.434523809524,0.615384615385,0.486486486486,0.576923076923,0.575342465753,0.346153846154,0.53125,0.477777777778,0.478260869565,0.388888888889,0.625,0.633333333333,0.438596491228,0.461538461538,0.419847328244
