,TEAM_NAME,FG3M,FG3A,FG3_PCT,FTM,FTA,FT_PCT,OREB,DREB,REB,AST,STL,BLK,TO,PF,PTS,FG2M,FG2A,FG2_PCT,OUTCOME,DEFICIT_FGM,DEFICIT_FGA,DEFICIT_FG3M,DEFICIT_FG3A,DEFICIT_FTM,DEFICIT_FTA,DEFICIT_OREB,DEFICIT_DREB,DEFICIT_REB,DEFICIT_AST,DEFICIT_STL,DEFICIT_BLK,DEFICIT_TO,DEFICIT_PF,DEFICIT_FG2M,DEFICIT_FG2A
0,Magic,4,20,0.2,16,23,0.696,8,32,40,23,4,4,11,19,94,33,64,0.515625,0,0.456790123457,0.491228070175,0.25,0.416666666667,0.444444444444,0.469387755102,0.4,0.457142857143,0.444444444444,0.433962264151,0.444444444444,0.363636363636,0.52380952381,0.475,0.507692307692,0.520325203252
1,Nuggets,12,28,0.429,20,26,0.769,12,38,50,30,5,7,10,21,120,32,59,0.542372881356,1,0.543209876543,0.508771929825,0.75,0.583333333333,0.555555555556,0.530612244898,0.6,0.542857142857,0.555555555556,0.566037735849,0.555555555556,0.636363636364,0.47619047619,0.525,0.492307692308,0.479674796748
