,TEAM_NAME,FG3M,FG3A,FG3_PCT,FTM,FTA,FT_PCT,OREB,DREB,REB,AST,STL,BLK,TO,PF,PTS,FG2M,FG2A,FG2_PCT,OUTCOME,DEFICIT_FGM,DEFICIT_FGA,DEFICIT_FG3M,DEFICIT_FG3A,DEFICIT_FTM,DEFICIT_FTA,DEFICIT_OREB,DEFICIT_DREB,DEFICIT_REB,DEFICIT_AST,DEFICIT_STL,DEFICIT_BLK,DEFICIT_TO,DEFICIT_PF,DEFICIT_FG2M,DEFICIT_FG2A
0,Raptors,11,25,0.44,21,28,0.75,16,33,49,16,8,6,12,21,96,21,54,0.388888888889,1,0.516129032258,0.512987012987,0.578947368421,0.5,0.636363636364,0.608695652174,0.64,0.52380952381,0.556818181818,0.533333333333,0.533333333333,0.375,0.461538461538,0.446808510638,0.488372093023,0.519230769231
1,Nets,8,25,0.32,12,18,0.667,9,30,39,14,7,10,14,26,80,22,50,0.44,0,0.483870967742,0.487012987013,0.421052631579,0.5,0.363636363636,0.391304347826,0.36,0.47619047619,0.443181818182,0.466666666667,0.466666666667,0.625,0.538461538462,0.553191489362,0.511627906977,0.480769230769
