,TEAM_NAME,FG3M,FG3A,FG3_PCT,FTM,FTA,FT_PCT,OREB,DREB,REB,AST,STL,BLK,TO,PF,PTS,FG2M,FG2A,FG2_PCT,OUTCOME,DEFICIT_FGM,DEFICIT_FGA,DEFICIT_FG3M,DEFICIT_FG3A,DEFICIT_FTM,DEFICIT_FTA,DEFICIT_OREB,DEFICIT_DREB,DEFICIT_REB,DEFICIT_AST,DEFICIT_STL,DEFICIT_BLK,DEFICIT_TO,DEFICIT_PF,DEFICIT_FG2M,DEFICIT_FG2A
0,Pelicans,8,19,0.421,25,31,0.806,13,35,48,22,6,2,17,33,107,29,58,0.5,0,0.55223880597,0.534722222222,0.421052631579,0.413043478261,0.390625,0.407894736842,0.722222222222,0.583333333333,0.615384615385,0.52380952381,0.352941176471,0.4,0.548387096774,0.589285714286,0.604166666667,0.591836734694
1,Mavericks,11,27,0.407,39,45,0.867,5,25,30,20,11,3,14,23,110,19,40,0.475,1,0.44776119403,0.465277777778,0.578947368421,0.586956521739,0.609375,0.592105263158,0.277777777778,0.416666666667,0.384615384615,0.47619047619,0.647058823529,0.6,0.451612903226,0.410714285714,0.395833333333,0.408163265306
