,TEAM_NAME,FG3M,FG3A,FG3_PCT,FTM,FTA,FT_PCT,OREB,DREB,REB,AST,STL,BLK,TO,PF,PTS,FG2M,FG2A,FG2_PCT,OUTCOME,DEFICIT_FGM,DEFICIT_FGA,DEFICIT_FG3M,DEFICIT_FG3A,DEFICIT_FTM,DEFICIT_FTA,DEFICIT_OREB,DEFICIT_DREB,DEFICIT_REB,DEFICIT_AST,DEFICIT_STL,DEFICIT_BLK,DEFICIT_TO,DEFICIT_PF,DEFICIT_FG2M,DEFICIT_FG2A
0,Jazz,8,22,0.364,14,23,0.609,11,32,43,13,9,5,15,11,98,30,50,0.6,1,0.520547945205,0.476821192053,0.470588235294,0.488888888889,0.7,0.69696969697,0.52380952381,0.571428571429,0.558441558442,0.342105263158,0.45,0.833333333333,0.5,0.354838709677,0.535714285714,0.471698113208
1,Timberwolves,9,23,0.391,6,10,0.6,10,24,34,25,11,1,15,20,85,26,56,0.464285714286,0,0.479452054795,0.523178807947,0.529411764706,0.511111111111,0.3,0.30303030303,0.47619047619,0.428571428571,0.441558441558,0.657894736842,0.55,0.166666666667,0.5,0.645161290323,0.464285714286,0.528301886792
