,TEAM_NAME,FG3M,FG3A,FG3_PCT,FTM,FTA,FT_PCT,OREB,DREB,REB,AST,STL,BLK,TO,PF,PTS,FG2M,FG2A,FG2_PCT,OUTCOME,DEFICIT_FGM,DEFICIT_FGA,DEFICIT_FG3M,DEFICIT_FG3A,DEFICIT_FTM,DEFICIT_FTA,DEFICIT_OREB,DEFICIT_DREB,DEFICIT_REB,DEFICIT_AST,DEFICIT_STL,DEFICIT_BLK,DEFICIT_TO,DEFICIT_PF,DEFICIT_FG2M,DEFICIT_FG2A
0,76ers,10,39,0.256,15,21,0.714,9,39,48,24,5,7,9,20,91,23,51,0.450980392157,0,0.478260869565,0.51724137931,0.588235294118,0.590909090909,0.416666666667,0.4375,0.529411764706,0.453488372093,0.466019417476,0.510638297872,0.357142857143,0.538461538462,0.45,0.588235294118,0.442307692308,0.472222222222
1,Hornets,7,27,0.259,21,27,0.778,8,47,55,23,9,6,11,14,100,29,57,0.508771929825,1,0.521739130435,0.48275862069,0.411764705882,0.409090909091,0.583333333333,0.5625,0.470588235294,0.546511627907,0.533980582524,0.489361702128,0.642857142857,0.461538461538,0.55,0.411764705882,0.557692307692,0.527777777778
