,TEAM_NAME,FG3M,FG3A,FG3_PCT,FTM,FTA,FT_PCT,OREB,DREB,REB,AST,STL,BLK,TO,PF,PTS,FG2M,FG2A,FG2_PCT,OUTCOME,DEFICIT_FGM,DEFICIT_FGA,DEFICIT_FG3M,DEFICIT_FG3A,DEFICIT_FTM,DEFICIT_FTA,DEFICIT_OREB,DEFICIT_DREB,DEFICIT_REB,DEFICIT_AST,DEFICIT_STL,DEFICIT_BLK,DEFICIT_TO,DEFICIT_PF,DEFICIT_FG2M,DEFICIT_FG2A
0,Magic,8,24,0.333,10,12,0.833,4,33,37,34,13,8,20,22,110,38,62,0.612903225806,0,0.494623655914,0.5,0.666666666667,0.585365853659,0.4,0.324324324324,0.307692307692,0.515625,0.480519480519,0.523076923077,0.481481481481,0.571428571429,0.555555555556,0.594594594595,0.469135802469,0.473282442748
1,Bucks,4,17,0.235,15,25,0.6,9,31,40,31,14,6,16,15,113,43,69,0.623188405797,1,0.505376344086,0.5,0.333333333333,0.414634146341,0.6,0.675675675676,0.692307692308,0.484375,0.519480519481,0.476923076923,0.518518518519,0.428571428571,0.444444444444,0.405405405405,0.530864197531,0.526717557252
