,TEAM_NAME,FG3M,FG3A,FG3_PCT,FTM,FTA,FT_PCT,OREB,DREB,REB,AST,STL,BLK,TO,PF,PTS,FG2M,FG2A,FG2_PCT,OUTCOME,DEFICIT_FGM,DEFICIT_FGA,DEFICIT_FG3M,DEFICIT_FG3A,DEFICIT_FTM,DEFICIT_FTA,DEFICIT_OREB,DEFICIT_DREB,DEFICIT_REB,DEFICIT_AST,DEFICIT_STL,DEFICIT_BLK,DEFICIT_TO,DEFICIT_PF,DEFICIT_FG2M,DEFICIT_FG2A
0,Wizards,10,26,0.385,20,25,0.8,9,35,44,22,6,7,12,24,106,28,60,0.466666666667,1,0.513513513514,0.480446927374,0.588235294118,0.530612244898,0.5,0.490196078431,0.346153846154,0.472972972973,0.44,0.536585365854,0.545454545455,0.7,0.428571428571,0.521739130435,0.491228070175,0.461538461538
1,Suns,7,23,0.304,20,26,0.769,17,39,56,19,5,3,16,22,99,29,70,0.414285714286,0,0.486486486486,0.519553072626,0.411764705882,0.469387755102,0.5,0.509803921569,0.653846153846,0.527027027027,0.56,0.463414634146,0.454545454545,0.3,0.571428571429,0.478260869565,0.508771929825,0.538461538462
