,TEAM_NAME,FG3M,FG3A,FG3_PCT,FTM,FTA,FT_PCT,OREB,DREB,REB,AST,STL,BLK,TO,PF,PTS,FG2M,FG2A,FG2_PCT,OUTCOME,DEFICIT_FGM,DEFICIT_FGA,DEFICIT_FG3M,DEFICIT_FG3A,DEFICIT_FTM,DEFICIT_FTA,DEFICIT_OREB,DEFICIT_DREB,DEFICIT_REB,DEFICIT_AST,DEFICIT_STL,DEFICIT_BLK,DEFICIT_TO,DEFICIT_PF,DEFICIT_FG2M,DEFICIT_FG2A
0,Wizards,3,15,0.2,15,19,0.789,10,36,46,16,7,5,15,21,94,35,72,0.486111111111,0,0.513513513514,0.50289017341,0.176470588235,0.3125,0.441176470588,0.422222222222,0.434782608696,0.514285714286,0.494623655914,0.5,0.4375,0.454545454545,0.5,0.5,0.614035087719,0.576
1,Cavaliers,14,33,0.424,19,26,0.731,13,34,47,16,9,6,15,21,105,22,53,0.415094339623,1,0.486486486486,0.49710982659,0.823529411765,0.6875,0.558823529412,0.577777777778,0.565217391304,0.485714285714,0.505376344086,0.5,0.5625,0.545454545455,0.5,0.5,0.385964912281,0.424
