,TEAM_NAME,FG3M,FG3A,FG3_PCT,FTM,FTA,FT_PCT,OREB,DREB,REB,AST,STL,BLK,TO,PF,PTS,FG2M,FG2A,FG2_PCT,OUTCOME,DEFICIT_FGM,DEFICIT_FGA,DEFICIT_FG3M,DEFICIT_FG3A,DEFICIT_FTM,DEFICIT_FTA,DEFICIT_OREB,DEFICIT_DREB,DEFICIT_REB,DEFICIT_AST,DEFICIT_STL,DEFICIT_BLK,DEFICIT_TO,DEFICIT_PF,DEFICIT_FG2M,DEFICIT_FG2A
0,Kings,6,21,0.286,28,35,0.8,13,35,48,18,7,3,15,21,120,37,67,0.55223880597,0,0.488636363636,0.505747126437,0.315789473684,0.388888888889,0.595744680851,0.564516129032,0.65,0.546875,0.571428571429,0.382978723404,0.466666666667,0.428571428571,0.576923076923,0.466666666667,0.536231884058,0.558333333333
1,Trail Blazers,13,33,0.394,19,27,0.704,7,29,36,29,8,4,11,24,122,32,53,0.603773584906,1,0.511363636364,0.494252873563,0.684210526316,0.611111111111,0.404255319149,0.435483870968,0.35,0.453125,0.428571428571,0.617021276596,0.533333333333,0.571428571429,0.423076923077,0.533333333333,0.463768115942,0.441666666667
