,TEAM_NAME,FG3M,FG3A,FG3_PCT,FTM,FTA,FT_PCT,OREB,DREB,REB,AST,STL,BLK,TO,PF,PTS,FG2M,FG2A,FG2_PCT,OUTCOME,DEFICIT_FGM,DEFICIT_FGA,DEFICIT_FG3M,DEFICIT_FG3A,DEFICIT_FTM,DEFICIT_FTA,DEFICIT_OREB,DEFICIT_DREB,DEFICIT_REB,DEFICIT_AST,DEFICIT_STL,DEFICIT_BLK,DEFICIT_TO,DEFICIT_PF,DEFICIT_FG2M,DEFICIT_FG2A
0,Knicks,6,23,0.261,15,17,0.882,21,36,57,19,7,11,25,26,87,27,71,0.380281690141,0,0.485294117647,0.510869565217,0.352941176471,0.46,0.30612244898,0.283333333333,0.525,0.514285714286,0.518181818182,0.452380952381,0.304347826087,0.785714285714,0.625,0.590909090909,0.529411764706,0.529850746269
1,Celtics,11,27,0.407,34,43,0.791,19,34,53,23,16,3,15,18,115,24,63,0.380952380952,1,0.514705882353,0.489130434783,0.647058823529,0.54,0.69387755102,0.716666666667,0.475,0.485714285714,0.481818181818,0.547619047619,0.695652173913,0.214285714286,0.375,0.409090909091,0.470588235294,0.470149253731
