,TEAM_NAME,FG3M,FG3A,FG3_PCT,FTM,FTA,FT_PCT,OREB,DREB,REB,AST,STL,BLK,TO,PF,PTS,FG2M,FG2A,FG2_PCT,OUTCOME,DEFICIT_FGM,DEFICIT_FGA,DEFICIT_FG3M,DEFICIT_FG3A,DEFICIT_FTM,DEFICIT_FTA,DEFICIT_OREB,DEFICIT_DREB,DEFICIT_REB,DEFICIT_AST,DEFICIT_STL,DEFICIT_BLK,DEFICIT_TO,DEFICIT_PF,DEFICIT_FG2M,DEFICIT_FG2A
0,Knicks,14,25,0.56,11,15,0.733,14,39,53,28,4,6,10,16,115,31,62,0.5,1,0.542168674699,0.514792899408,0.48275862069,0.438596491228,0.407407407407,0.416666666667,0.7,0.582089552239,0.609195402299,0.491228070175,0.363636363636,0.545454545455,0.625,0.571428571429,0.574074074074,0.553571428571
1,Bulls,15,32,0.469,16,21,0.762,6,28,34,29,7,5,6,12,107,23,50,0.46,0,0.457831325301,0.485207100592,0.51724137931,0.561403508772,0.592592592593,0.583333333333,0.3,0.417910447761,0.390804597701,0.508771929825,0.636363636364,0.454545454545,0.375,0.428571428571,0.425925925926,0.446428571429
