,TEAM_NAME,FG3M,FG3A,FG3_PCT,FTM,FTA,FT_PCT,OREB,DREB,REB,AST,STL,BLK,TO,PF,PTS,FG2M,FG2A,FG2_PCT,OUTCOME,DEFICIT_FGM,DEFICIT_FGA,DEFICIT_FG3M,DEFICIT_FG3A,DEFICIT_FTM,DEFICIT_FTA,DEFICIT_OREB,DEFICIT_DREB,DEFICIT_REB,DEFICIT_AST,DEFICIT_STL,DEFICIT_BLK,DEFICIT_TO,DEFICIT_PF,DEFICIT_FG2M,DEFICIT_FG2A
0,76ers,15,37,0.405,14,15,0.933,8,37,45,26,7,4,9,27,103,22,57,0.385964912281,0,0.528571428571,0.552941176471,0.714285714286,0.685185185185,0.304347826087,0.272727272727,0.533333333333,0.486842105263,0.494505494505,0.590909090909,0.5,0.307692307692,0.36,0.586956521739,0.448979591837,0.491379310345
1,Nuggets,6,17,0.353,32,40,0.8,7,39,46,18,7,9,16,19,104,27,59,0.457627118644,1,0.471428571429,0.447058823529,0.285714285714,0.314814814815,0.695652173913,0.727272727273,0.466666666667,0.513157894737,0.505494505495,0.409090909091,0.5,0.692307692308,0.64,0.413043478261,0.551020408163,0.508620689655
