,TEAM_NAME,FG3M,FG3A,FG3_PCT,FTM,FTA,FT_PCT,OREB,DREB,REB,AST,STL,BLK,TO,PF,PTS,FG2M,FG2A,FG2_PCT,OUTCOME,DEFICIT_FGM,DEFICIT_FGA,DEFICIT_FG3M,DEFICIT_FG3A,DEFICIT_FTM,DEFICIT_FTA,DEFICIT_OREB,DEFICIT_DREB,DEFICIT_REB,DEFICIT_AST,DEFICIT_STL,DEFICIT_BLK,DEFICIT_TO,DEFICIT_PF,DEFICIT_FG2M,DEFICIT_FG2A
0,Bucks,7,16,0.438,11,15,0.733,10,21,31,23,8,4,14,24,104,36,64,0.5625,0,0.518072289157,0.490797546012,0.411764705882,0.32,0.323529411765,0.357142857143,0.37037037037,0.45652173913,0.424657534247,0.442307692308,0.571428571429,0.333333333333,0.538461538462,0.585365853659,0.545454545455,0.566371681416
1,Cavaliers,10,34,0.294,23,27,0.852,17,25,42,29,6,8,12,17,113,30,49,0.612244897959,1,0.481927710843,0.509202453988,0.588235294118,0.68,0.676470588235,0.642857142857,0.62962962963,0.54347826087,0.575342465753,0.557692307692,0.428571428571,0.666666666667,0.461538461538,0.414634146341,0.454545454545,0.433628318584
