,TEAM_NAME,FG3M,FG3A,FG3_PCT,FTM,FTA,FT_PCT,OREB,DREB,REB,AST,STL,BLK,TO,PF,PTS,FG2M,FG2A,FG2_PCT,OUTCOME,DEFICIT_FGM,DEFICIT_FGA,DEFICIT_FG3M,DEFICIT_FG3A,DEFICIT_FTM,DEFICIT_FTA,DEFICIT_OREB,DEFICIT_DREB,DEFICIT_REB,DEFICIT_AST,DEFICIT_STL,DEFICIT_BLK,DEFICIT_TO,DEFICIT_PF,DEFICIT_FG2M,DEFICIT_FG2A
0,Raptors,15,32,0.469,28,34,0.824,13,32,45,23,8,4,14,22,115,21,48,0.4375,1,0.48,0.5,0.681818181818,0.603773584906,0.651162790698,0.62962962963,0.65,0.516129032258,0.548780487805,0.5,0.421052631579,0.5,0.5,0.458333333333,0.396226415094,0.448598130841
1,Knicks,7,21,0.333,15,20,0.75,7,30,37,23,11,4,14,26,100,32,59,0.542372881356,0,0.52,0.5,0.318181818182,0.396226415094,0.348837209302,0.37037037037,0.35,0.483870967742,0.451219512195,0.5,0.578947368421,0.5,0.5,0.541666666667,0.603773584906,0.551401869159
