,TEAM_NAME,FG3M,FG3A,FG3_PCT,FTM,FTA,FT_PCT,OREB,DREB,REB,AST,STL,BLK,TO,PF,PTS,FG2M,FG2A,FG2_PCT,OUTCOME,DEFICIT_FGM,DEFICIT_FGA,DEFICIT_FG3M,DEFICIT_FG3A,DEFICIT_FTM,DEFICIT_FTA,DEFICIT_OREB,DEFICIT_DREB,DEFICIT_REB,DEFICIT_AST,DEFICIT_STL,DEFICIT_BLK,DEFICIT_TO,DEFICIT_PF,DEFICIT_FG2M,DEFICIT_FG2A
0,Pacers,8,19,0.421,21,25,0.84,5,36,41,28,8,2,17,18,105,30,52,0.576923076923,1,0.513513513514,0.47972972973,0.5,0.475,0.65625,0.609756097561,0.5,0.610169491525,0.594202898551,0.682926829268,0.470588235294,0.333333333333,0.566666666667,0.45,0.51724137931,0.481481481481
1,Nets,8,21,0.381,11,16,0.688,5,23,28,13,9,4,13,22,91,28,56,0.5,0,0.486486486486,0.52027027027,0.5,0.525,0.34375,0.390243902439,0.5,0.389830508475,0.405797101449,0.317073170732,0.529411764706,0.666666666667,0.433333333333,0.55,0.48275862069,0.518518518519
