,TEAM_NAME,FG3M,FG3A,FG3_PCT,FTM,FTA,FT_PCT,OREB,DREB,REB,AST,STL,BLK,TO,PF,PTS,FG2M,FG2A,FG2_PCT,OUTCOME,DEFICIT_FGM,DEFICIT_FGA,DEFICIT_FG3M,DEFICIT_FG3A,DEFICIT_FTM,DEFICIT_FTA,DEFICIT_OREB,DEFICIT_DREB,DEFICIT_REB,DEFICIT_AST,DEFICIT_STL,DEFICIT_BLK,DEFICIT_TO,DEFICIT_PF,DEFICIT_FG2M,DEFICIT_FG2A
0,Wizards,9,19,0.474,11,17,0.647,16,30,46,34,10,5,17,20,106,34,67,0.507462686567,1,0.581081081081,0.527607361963,0.5625,0.475,0.458333333333,0.5,0.592592592593,0.526315789474,0.547619047619,0.62962962963,0.526315789474,0.5,0.435897435897,0.526315789474,0.586206896552,0.544715447154
1,Pistons,7,21,0.333,13,17,0.765,11,27,38,20,9,5,22,18,82,24,56,0.428571428571,0,0.418918918919,0.472392638037,0.4375,0.525,0.541666666667,0.5,0.407407407407,0.473684210526,0.452380952381,0.37037037037,0.473684210526,0.5,0.564102564103,0.473684210526,0.413793103448,0.455284552846
