,TEAM_NAME,FG3M,FG3A,FG3_PCT,FTM,FTA,FT_PCT,OREB,DREB,REB,AST,STL,BLK,TO,PF,PTS,FG2M,FG2A,FG2_PCT,OUTCOME,DEFICIT_FGM,DEFICIT_FGA,DEFICIT_FG3M,DEFICIT_FG3A,DEFICIT_FTM,DEFICIT_FTA,DEFICIT_OREB,DEFICIT_DREB,DEFICIT_REB,DEFICIT_AST,DEFICIT_STL,DEFICIT_BLK,DEFICIT_TO,DEFICIT_PF,DEFICIT_FG2M,DEFICIT_FG2A
0,Suns,9,33,0.273,18,23,0.783,15,42,57,24,9,11,19,21,115,35,62,0.564516129032,1,0.543209876543,0.5,0.45,0.532258064516,0.529411764706,0.511111111111,0.5,0.552631578947,0.537735849057,0.558139534884,0.428571428571,0.785714285714,0.487179487179,0.466666666667,0.573770491803,0.484375
1,76ers,11,29,0.379,16,22,0.727,15,34,49,19,12,3,20,24,101,26,66,0.393939393939,0,0.456790123457,0.5,0.55,0.467741935484,0.470588235294,0.488888888889,0.5,0.447368421053,0.462264150943,0.441860465116,0.571428571429,0.214285714286,0.512820512821,0.533333333333,0.426229508197,0.515625
