,TEAM_NAME,FG3M,FG3A,FG3_PCT,FTM,FTA,FT_PCT,OREB,DREB,REB,AST,STL,BLK,TO,PF,PTS,FG2M,FG2A,FG2_PCT,OUTCOME,DEFICIT_FGM,DEFICIT_FGA,DEFICIT_FG3M,DEFICIT_FG3A,DEFICIT_FTM,DEFICIT_FTA,DEFICIT_OREB,DEFICIT_DREB,DEFICIT_REB,DEFICIT_AST,DEFICIT_STL,DEFICIT_BLK,DEFICIT_TO,DEFICIT_PF,DEFICIT_FG2M,DEFICIT_FG2A
0,Cavaliers,9,18,0.5,17,24,0.708,10,30,40,17,5,4,15,21,100,28,61,0.459016393443,0,0.493333333333,0.487654320988,0.5,0.418604651163,0.485714285714,0.489795918367,0.434782608696,0.5,0.481927710843,0.435897435897,0.357142857143,0.444444444444,0.5,0.538461538462,0.491228070175,0.512605042017
1,Celtics,9,25,0.36,18,25,0.72,13,30,43,22,9,5,15,18,103,29,58,0.5,1,0.506666666667,0.512345679012,0.5,0.581395348837,0.514285714286,0.510204081633,0.565217391304,0.5,0.518072289157,0.564102564103,0.642857142857,0.555555555556,0.5,0.461538461538,0.508771929825,0.487394957983
