,TEAM_NAME,FG3M,FG3A,FG3_PCT,FTM,FTA,FT_PCT,OREB,DREB,REB,AST,STL,BLK,TO,PF,PTS,FG2M,FG2A,FG2_PCT,OUTCOME,DEFICIT_FGM,DEFICIT_FGA,DEFICIT_FG3M,DEFICIT_FG3A,DEFICIT_FTM,DEFICIT_FTA,DEFICIT_OREB,DEFICIT_DREB,DEFICIT_REB,DEFICIT_AST,DEFICIT_STL,DEFICIT_BLK,DEFICIT_TO,DEFICIT_PF,DEFICIT_FG2M,DEFICIT_FG2A
0,Bobcats,10,26,0.385,16,22,0.727,12,43,55,26,6,4,10,27,116,35,78,0.448717948718,0,0.548780487805,0.533333333333,0.384615384615,0.4,0.363636363636,0.392857142857,0.666666666667,0.483146067416,0.514018691589,0.472727272727,0.428571428571,0.4,0.454545454545,0.627906976744,0.625,0.6
1,Hawks,16,39,0.41,28,34,0.824,6,46,52,29,8,6,12,16,118,21,52,0.403846153846,1,0.451219512195,0.466666666667,0.615384615385,0.6,0.636363636364,0.607142857143,0.333333333333,0.516853932584,0.485981308411,0.527272727273,0.571428571429,0.6,0.545454545455,0.372093023256,0.375,0.4
