,TEAM_NAME,FG3M,FG3A,FG3_PCT,FTM,FTA,FT_PCT,OREB,DREB,REB,AST,STL,BLK,TO,PF,PTS,FG2M,FG2A,FG2_PCT,OUTCOME,DEFICIT_FGM,DEFICIT_FGA,DEFICIT_FG3M,DEFICIT_FG3A,DEFICIT_FTM,DEFICIT_FTA,DEFICIT_OREB,DEFICIT_DREB,DEFICIT_REB,DEFICIT_AST,DEFICIT_STL,DEFICIT_BLK,DEFICIT_TO,DEFICIT_PF,DEFICIT_FG2M,DEFICIT_FG2A
0,Timberwolves,11,24,0.458,20,29,0.69,19,33,52,33,14,2,18,15,117,32,66,0.484848484848,1,0.518072289157,0.502793296089,0.6875,0.521739130435,0.666666666667,0.630434782609,0.542857142857,0.55,0.547368421053,0.568965517241,0.538461538462,0.25,0.473684210526,0.428571428571,0.477611940299,0.496240601504
1,Bucks,5,22,0.227,10,17,0.588,16,27,43,25,12,6,20,20,95,35,67,0.522388059701,0,0.481927710843,0.497206703911,0.3125,0.478260869565,0.333333333333,0.369565217391,0.457142857143,0.45,0.452631578947,0.431034482759,0.461538461538,0.75,0.526315789474,0.571428571429,0.522388059701,0.503759398496
