,TEAM_NAME,FG3M,FG3A,FG3_PCT,FTM,FTA,FT_PCT,OREB,DREB,REB,AST,STL,BLK,TO,PF,PTS,FG2M,FG2A,FG2_PCT,OUTCOME,DEFICIT_FGM,DEFICIT_FGA,DEFICIT_FG3M,DEFICIT_FG3A,DEFICIT_FTM,DEFICIT_FTA,DEFICIT_OREB,DEFICIT_DREB,DEFICIT_REB,DEFICIT_AST,DEFICIT_STL,DEFICIT_BLK,DEFICIT_TO,DEFICIT_PF,DEFICIT_FG2M,DEFICIT_FG2A
0,Raptors,7,27,0.259,16,21,0.762,10,37,47,20,10,7,10,16,109,36,60,0.6,1,0.558441558442,0.511764705882,0.7,0.5625,0.666666666667,0.7,0.5,0.536231884058,0.52808988764,0.606060606061,0.666666666667,0.7,0.344827586207,0.484848484848,0.537313432836,0.491803278689
1,Magic,3,21,0.143,8,9,0.889,10,32,42,13,5,3,19,17,79,31,62,0.5,0,0.441558441558,0.488235294118,0.3,0.4375,0.333333333333,0.3,0.5,0.463768115942,0.47191011236,0.393939393939,0.333333333333,0.3,0.655172413793,0.515151515152,0.462686567164,0.508196721311
