,TEAM_NAME,FG3M,FG3A,FG3_PCT,FTM,FTA,FT_PCT,OREB,DREB,REB,AST,STL,BLK,TO,PF,PTS,FG2M,FG2A,FG2_PCT,OUTCOME,DEFICIT_FGM,DEFICIT_FGA,DEFICIT_FG3M,DEFICIT_FG3A,DEFICIT_FTM,DEFICIT_FTA,DEFICIT_OREB,DEFICIT_DREB,DEFICIT_REB,DEFICIT_AST,DEFICIT_STL,DEFICIT_BLK,DEFICIT_TO,DEFICIT_PF,DEFICIT_FG2M,DEFICIT_FG2A
0,Heat,9,24,0.375,14,25,0.56,6,35,41,23,7,5,23,20,95,27,45,0.6,0,0.467532467532,0.433962264151,0.5,0.461538461538,0.5,0.568181818182,0.352941176471,0.573770491803,0.525641025641,0.522727272727,0.35,0.714285714286,0.676470588235,0.555555555556,0.457627118644,0.420560747664
1,Celtics,9,28,0.321,14,19,0.737,11,26,37,21,13,2,11,16,105,32,62,0.516129032258,1,0.532467532468,0.566037735849,0.5,0.538461538462,0.5,0.431818181818,0.647058823529,0.426229508197,0.474358974359,0.477272727273,0.65,0.285714285714,0.323529411765,0.444444444444,0.542372881356,0.579439252336
