,TEAM_NAME,FG3M,FG3A,FG3_PCT,FTM,FTA,FT_PCT,OREB,DREB,REB,AST,STL,BLK,TO,PF,PTS,FG2M,FG2A,FG2_PCT,OUTCOME,DEFICIT_FGM,DEFICIT_FGA,DEFICIT_FG3M,DEFICIT_FG3A,DEFICIT_FTM,DEFICIT_FTA,DEFICIT_OREB,DEFICIT_DREB,DEFICIT_REB,DEFICIT_AST,DEFICIT_STL,DEFICIT_BLK,DEFICIT_TO,DEFICIT_PF,DEFICIT_FG2M,DEFICIT_FG2A
0,Heat,5,22,0.227,30,39,0.769,15,37,52,14,5,6,7,23,103,29,68,0.426470588235,1,0.478873239437,0.489130434783,0.384615384615,0.44,0.625,0.609375,0.51724137931,0.474358974359,0.485981308411,0.4375,0.555555555556,0.666666666667,0.411764705882,0.469387755102,0.5,0.507462686567
1,Pacers,8,28,0.286,18,25,0.72,14,41,55,18,4,3,10,26,100,29,66,0.439393939394,0,0.521126760563,0.510869565217,0.615384615385,0.56,0.375,0.390625,0.48275862069,0.525641025641,0.514018691589,0.5625,0.444444444444,0.333333333333,0.588235294118,0.530612244898,0.5,0.492537313433
