,TEAM_NAME,FG3M,FG3A,FG3_PCT,FTM,FTA,FT_PCT,OREB,DREB,REB,AST,STL,BLK,TO,PF,PTS,FG2M,FG2A,FG2_PCT,OUTCOME,DEFICIT_FGM,DEFICIT_FGA,DEFICIT_FG3M,DEFICIT_FG3A,DEFICIT_FTM,DEFICIT_FTA,DEFICIT_OREB,DEFICIT_DREB,DEFICIT_REB,DEFICIT_AST,DEFICIT_STL,DEFICIT_BLK,DEFICIT_TO,DEFICIT_PF,DEFICIT_FG2M,DEFICIT_FG2A
0,Spurs,9,20,0.45,16,20,0.8,13,31,44,32,11,5,13,20,123,40,70,0.571428571429,1,0.56976744186,0.538922155689,0.75,0.625,0.444444444444,0.416666666667,0.565217391304,0.553571428571,0.556962025316,0.581818181818,0.647058823529,0.5,0.464285714286,0.526315789474,0.540540540541,0.518518518519
1,Bucks,3,12,0.25,20,28,0.714,10,25,35,23,6,5,15,18,97,34,65,0.523076923077,0,0.43023255814,0.461077844311,0.25,0.375,0.555555555556,0.583333333333,0.434782608696,0.446428571429,0.443037974684,0.418181818182,0.352941176471,0.5,0.535714285714,0.473684210526,0.459459459459,0.481481481481
