,TEAM_NAME,FG3M,FG3A,FG3_PCT,FTM,FTA,FT_PCT,OREB,DREB,REB,AST,STL,BLK,TO,PF,PTS,FG2M,FG2A,FG2_PCT,OUTCOME,DEFICIT_FGM,DEFICIT_FGA,DEFICIT_FG3M,DEFICIT_FG3A,DEFICIT_FTM,DEFICIT_FTA,DEFICIT_OREB,DEFICIT_DREB,DEFICIT_REB,DEFICIT_AST,DEFICIT_STL,DEFICIT_BLK,DEFICIT_TO,DEFICIT_PF,DEFICIT_FG2M,DEFICIT_FG2A
0,Jazz,12,29,0.414,19,25,0.76,15,29,44,17,9,4,15,20,91,18,46,0.391304347826,0,0.47619047619,0.524475524476,0.521739130435,0.527272727273,0.542857142857,0.54347826087,0.714285714286,0.508771929825,0.564102564103,0.5,0.529411764706,0.666666666667,0.483870967742,0.555555555556,0.45,0.522727272727
1,Rockets,11,26,0.423,16,21,0.762,6,28,34,17,8,2,16,16,93,22,42,0.52380952381,1,0.52380952381,0.475524475524,0.478260869565,0.472727272727,0.457142857143,0.45652173913,0.285714285714,0.491228070175,0.435897435897,0.5,0.470588235294,0.333333333333,0.516129032258,0.444444444444,0.55,0.477272727273
