,TEAM_NAME,FG3M,FG3A,FG3_PCT,FTM,FTA,FT_PCT,OREB,DREB,REB,AST,STL,BLK,TO,PF,PTS,FG2M,FG2A,FG2_PCT,OUTCOME,DEFICIT_FGM,DEFICIT_FGA,DEFICIT_FG3M,DEFICIT_FG3A,DEFICIT_FTM,DEFICIT_FTA,DEFICIT_OREB,DEFICIT_DREB,DEFICIT_REB,DEFICIT_AST,DEFICIT_STL,DEFICIT_BLK,DEFICIT_TO,DEFICIT_PF,DEFICIT_FG2M,DEFICIT_FG2A
0,Celtics,6,21,0.286,15,19,0.789,12,36,48,22,10,5,7,21,103,35,71,0.492957746479,1,0.561643835616,0.519774011299,0.5,0.428571428571,0.384615384615,0.413043478261,0.428571428571,0.493150684932,0.475247524752,0.578947368421,0.714285714286,0.454545454545,0.333333333333,0.538461538462,0.573770491803,0.5546875
1,Nets,6,28,0.214,24,27,0.889,16,37,53,16,4,6,14,18,94,26,57,0.456140350877,0,0.438356164384,0.480225988701,0.5,0.571428571429,0.615384615385,0.586956521739,0.571428571429,0.506849315068,0.524752475248,0.421052631579,0.285714285714,0.545454545455,0.666666666667,0.461538461538,0.426229508197,0.4453125
