,TEAM_NAME,FG3M,FG3A,FG3_PCT,FTM,FTA,FT_PCT,OREB,DREB,REB,AST,STL,BLK,TO,PF,PTS,FG2M,FG2A,FG2_PCT,OUTCOME,DEFICIT_FGM,DEFICIT_FGA,DEFICIT_FG3M,DEFICIT_FG3A,DEFICIT_FTM,DEFICIT_FTA,DEFICIT_OREB,DEFICIT_DREB,DEFICIT_REB,DEFICIT_AST,DEFICIT_STL,DEFICIT_BLK,DEFICIT_TO,DEFICIT_PF,DEFICIT_FG2M,DEFICIT_FG2A
0,Spurs,11,22,0.5,22,25,0.88,6,42,48,24,2,6,15,22,111,28,52,0.538461538462,1,0.534246575342,0.46835443038,0.458333333333,0.392857142857,0.5,0.462962962963,0.461538461538,0.6,0.578313253012,0.510638297872,0.2,0.75,0.75,0.536585365854,0.571428571429,0.509803921569
1,76ers,13,34,0.382,22,29,0.759,7,28,35,23,8,2,5,19,103,21,50,0.42,0,0.465753424658,0.53164556962,0.541666666667,0.607142857143,0.5,0.537037037037,0.538461538462,0.4,0.421686746988,0.489361702128,0.8,0.25,0.25,0.463414634146,0.428571428571,0.490196078431
