,TEAM_NAME,FG3M,FG3A,FG3_PCT,FTM,FTA,FT_PCT,OREB,DREB,REB,AST,STL,BLK,TO,PF,PTS,FG2M,FG2A,FG2_PCT,OUTCOME,DEFICIT_FGM,DEFICIT_FGA,DEFICIT_FG3M,DEFICIT_FG3A,DEFICIT_FTM,DEFICIT_FTA,DEFICIT_OREB,DEFICIT_DREB,DEFICIT_REB,DEFICIT_AST,DEFICIT_STL,DEFICIT_BLK,DEFICIT_TO,DEFICIT_PF,DEFICIT_FG2M,DEFICIT_FG2A
0,Bucks,6,15,0.4,16,28,0.571,5,28,33,18,10,4,12,18,88,27,56,0.482142857143,0,0.445945945946,0.452229299363,0.352941176471,0.3125,0.551724137931,0.608695652174,0.263157894737,0.451612903226,0.407407407407,0.439024390244,0.666666666667,0.444444444444,0.444444444444,0.461538461538,0.473684210526,0.51376146789
1,Heat,11,33,0.333,13,18,0.722,14,34,48,23,5,5,15,21,106,30,53,0.566037735849,1,0.554054054054,0.547770700637,0.647058823529,0.6875,0.448275862069,0.391304347826,0.736842105263,0.548387096774,0.592592592593,0.560975609756,0.333333333333,0.555555555556,0.555555555556,0.538461538462,0.526315789474,0.48623853211
