,TEAM_NAME,FG3M,FG3A,FG3_PCT,FTM,FTA,FT_PCT,OREB,DREB,REB,AST,STL,BLK,TO,PF,PTS,FG2M,FG2A,FG2_PCT,OUTCOME,DEFICIT_FGM,DEFICIT_FGA,DEFICIT_FG3M,DEFICIT_FG3A,DEFICIT_FTM,DEFICIT_FTA,DEFICIT_OREB,DEFICIT_DREB,DEFICIT_REB,DEFICIT_AST,DEFICIT_STL,DEFICIT_BLK,DEFICIT_TO,DEFICIT_PF,DEFICIT_FG2M,DEFICIT_FG2A
0,Suns,5,23,0.217,28,34,0.824,18,28,46,13,12,5,15,27,91,24,64,0.375,0,0.453125,0.547169811321,0.263157894737,0.489361702128,0.518518518519,0.5,0.620689655172,0.48275862069,0.528735632184,0.351351351351,0.666666666667,0.384615384615,0.405405405405,0.519230769231,0.533333333333,0.571428571429
1,Grizzlies,14,24,0.583,26,34,0.765,11,30,41,24,6,8,22,25,110,21,48,0.4375,1,0.546875,0.452830188679,0.736842105263,0.510638297872,0.481481481481,0.5,0.379310344828,0.51724137931,0.471264367816,0.648648648649,0.333333333333,0.615384615385,0.594594594595,0.480769230769,0.466666666667,0.428571428571
