,TEAM_NAME,FG3M,FG3A,FG3_PCT,FTM,FTA,FT_PCT,OREB,DREB,REB,AST,STL,BLK,TO,PF,PTS,FG2M,FG2A,FG2_PCT,OUTCOME,DEFICIT_FGM,DEFICIT_FGA,DEFICIT_FG3M,DEFICIT_FG3A,DEFICIT_FTM,DEFICIT_FTA,DEFICIT_OREB,DEFICIT_DREB,DEFICIT_REB,DEFICIT_AST,DEFICIT_STL,DEFICIT_BLK,DEFICIT_TO,DEFICIT_PF,DEFICIT_FG2M,DEFICIT_FG2A
0,Wizards,9,25,0.36,25,33,0.758,17,37,54,21,9,5,12,26,114,31,72,0.430555555556,1,0.512820512821,0.515957446809,0.5,0.431034482759,0.5,0.478260869565,0.53125,0.480519480519,0.495412844037,0.512195121951,0.6,0.5,0.428571428571,0.52,0.516666666667,0.553846153846
1,Nets,9,33,0.273,25,36,0.694,15,40,55,20,6,5,16,24,110,29,58,0.5,0,0.487179487179,0.484042553191,0.5,0.568965517241,0.5,0.521739130435,0.46875,0.519480519481,0.504587155963,0.487804878049,0.4,0.5,0.571428571429,0.48,0.483333333333,0.446153846154
