,TEAM_NAME,FG3M,FG3A,FG3_PCT,FTM,FTA,FT_PCT,OREB,DREB,REB,AST,STL,BLK,TO,PF,PTS,FG2M,FG2A,FG2_PCT,OUTCOME,DEFICIT_FGM,DEFICIT_FGA,DEFICIT_FG3M,DEFICIT_FG3A,DEFICIT_FTM,DEFICIT_FTA,DEFICIT_OREB,DEFICIT_DREB,DEFICIT_REB,DEFICIT_AST,DEFICIT_STL,DEFICIT_BLK,DEFICIT_TO,DEFICIT_PF,DEFICIT_FG2M,DEFICIT_FG2A
0,Pacers,13,25,0.52,22,26,0.846,7,31,38,24,7,2,12,18,117,28,57,0.491228070175,0,0.471264367816,0.493975903614,0.448275862069,0.409836065574,0.478260869565,0.5,0.583333333333,0.476923076923,0.493506493506,0.5,0.5,0.285714285714,0.571428571429,0.529411764706,0.48275862069,0.542857142857
1,Cavaliers,16,36,0.444,24,26,0.923,5,34,39,24,7,5,9,16,132,30,48,0.625,1,0.528735632184,0.506024096386,0.551724137931,0.590163934426,0.521739130435,0.5,0.416666666667,0.523076923077,0.506493506494,0.5,0.5,0.714285714286,0.428571428571,0.470588235294,0.51724137931,0.457142857143
