,TEAM_NAME,FG3M,FG3A,FG3_PCT,FTM,FTA,FT_PCT,OREB,DREB,REB,AST,STL,BLK,TO,PF,PTS,FG2M,FG2A,FG2_PCT,OUTCOME,DEFICIT_FGM,DEFICIT_FGA,DEFICIT_FG3M,DEFICIT_FG3A,DEFICIT_FTM,DEFICIT_FTA,DEFICIT_OREB,DEFICIT_DREB,DEFICIT_REB,DEFICIT_AST,DEFICIT_STL,DEFICIT_BLK,DEFICIT_TO,DEFICIT_PF,DEFICIT_FG2M,DEFICIT_FG2A
0,Jazz,14,32,0.438,17,21,0.81,12,36,48,25,9,2,8,19,127,34,56,0.607142857143,1,0.578313253012,0.533333333333,0.736842105263,0.571428571429,0.472222222222,0.45652173913,0.631578947368,0.545454545455,0.564705882353,0.595238095238,0.6,0.25,0.380952380952,0.527777777778,0.53125,0.51376146789
1,Pelicans,5,24,0.208,19,25,0.76,7,30,37,17,6,6,13,17,94,30,53,0.566037735849,0,0.421686746988,0.466666666667,0.263157894737,0.428571428571,0.527777777778,0.54347826087,0.368421052632,0.454545454545,0.435294117647,0.404761904762,0.4,0.75,0.619047619048,0.472222222222,0.46875,0.48623853211
