,TEAM_NAME,FG3M,FG3A,FG3_PCT,FTM,FTA,FT_PCT,OREB,DREB,REB,AST,STL,BLK,TO,PF,PTS,FG2M,FG2A,FG2_PCT,OUTCOME,DEFICIT_FGM,DEFICIT_FGA,DEFICIT_FG3M,DEFICIT_FG3A,DEFICIT_FTM,DEFICIT_FTA,DEFICIT_OREB,DEFICIT_DREB,DEFICIT_REB,DEFICIT_AST,DEFICIT_STL,DEFICIT_BLK,DEFICIT_TO,DEFICIT_PF,DEFICIT_FG2M,DEFICIT_FG2A
0,Rockets,10,25,0.4,32,45,0.711,8,36,44,26,11,9,13,22,118,28,60,0.466666666667,1,0.463414634146,0.461956521739,0.625,0.595238095238,0.695652173913,0.725806451613,0.363636363636,0.507042253521,0.47311827957,0.577777777778,0.6875,0.692307692308,0.433333333333,0.44,0.424242424242,0.422535211268
1,Mavericks,6,17,0.353,14,17,0.824,14,35,49,19,5,4,17,28,108,38,82,0.463414634146,0,0.536585365854,0.538043478261,0.375,0.404761904762,0.304347826087,0.274193548387,0.636363636364,0.492957746479,0.52688172043,0.422222222222,0.3125,0.307692307692,0.566666666667,0.56,0.575757575758,0.577464788732
