,TEAM_NAME,FG3M,FG3A,FG3_PCT,FTM,FTA,FT_PCT,OREB,DREB,REB,AST,STL,BLK,TO,PF,PTS,FG2M,FG2A,FG2_PCT,OUTCOME,DEFICIT_FGM,DEFICIT_FGA,DEFICIT_FG3M,DEFICIT_FG3A,DEFICIT_FTM,DEFICIT_FTA,DEFICIT_OREB,DEFICIT_DREB,DEFICIT_REB,DEFICIT_AST,DEFICIT_STL,DEFICIT_BLK,DEFICIT_TO,DEFICIT_PF,DEFICIT_FG2M,DEFICIT_FG2A
0,Bucks,4,16,0.25,17,26,0.654,13,28,41,22,11,3,13,23,91,31,73,0.424657534247,0,0.479452054795,0.517441860465,0.25,0.333333333333,0.53125,0.541666666667,0.565217391304,0.4,0.440860215054,0.423076923077,0.578947368421,0.3,0.40625,0.522727272727,0.543859649123,0.588709677419
1,Bulls,12,32,0.375,15,22,0.682,10,42,52,30,8,7,19,21,103,26,51,0.509803921569,1,0.520547945205,0.482558139535,0.75,0.666666666667,0.46875,0.458333333333,0.434782608696,0.6,0.559139784946,0.576923076923,0.421052631579,0.7,0.59375,0.477272727273,0.456140350877,0.411290322581
