,TEAM_NAME,FG3M,FG3A,FG3_PCT,FTM,FTA,FT_PCT,OREB,DREB,REB,AST,STL,BLK,TO,PF,PTS,FG2M,FG2A,FG2_PCT,OUTCOME,DEFICIT_FGM,DEFICIT_FGA,DEFICIT_FG3M,DEFICIT_FG3A,DEFICIT_FTM,DEFICIT_FTA,DEFICIT_OREB,DEFICIT_DREB,DEFICIT_REB,DEFICIT_AST,DEFICIT_STL,DEFICIT_BLK,DEFICIT_TO,DEFICIT_PF,DEFICIT_FG2M,DEFICIT_FG2A
0,Trail Blazers,14,34,0.412,20,27,0.741,15,35,50,26,9,10,15,20,116,27,56,0.482142857143,1,0.525641025641,0.505617977528,0.608695652174,0.586206896552,0.434782608696,0.44262295082,0.483870967742,0.522388059701,0.510204081633,0.565217391304,0.428571428571,0.625,0.5,0.444444444444,0.490909090909,0.466666666667
1,Celtics,9,24,0.375,26,34,0.765,16,32,48,20,12,6,15,25,109,28,64,0.4375,0,0.474358974359,0.494382022472,0.391304347826,0.413793103448,0.565217391304,0.55737704918,0.516129032258,0.477611940299,0.489795918367,0.434782608696,0.571428571429,0.375,0.5,0.555555555556,0.509090909091,0.533333333333
