,TEAM_NAME,FG3M,FG3A,FG3_PCT,FTM,FTA,FT_PCT,OREB,DREB,REB,AST,STL,BLK,TO,PF,PTS,FG2M,FG2A,FG2_PCT,OUTCOME,DEFICIT_FGM,DEFICIT_FGA,DEFICIT_FG3M,DEFICIT_FG3A,DEFICIT_FTM,DEFICIT_FTA,DEFICIT_OREB,DEFICIT_DREB,DEFICIT_REB,DEFICIT_AST,DEFICIT_STL,DEFICIT_BLK,DEFICIT_TO,DEFICIT_PF,DEFICIT_FG2M,DEFICIT_FG2A
0,Pelicans,13,29,0.448,8,9,0.889,14,37,51,29,7,4,16,16,101,27,61,0.44262295082,1,0.526315789474,0.520231213873,0.565217391304,0.517857142857,0.380952380952,0.346153846154,0.636363636364,0.536231884058,0.56043956044,0.508771929825,0.411764705882,0.363636363636,0.551724137931,0.516129032258,0.509433962264,0.521367521368
1,Nuggets,10,27,0.37,13,17,0.765,8,32,40,28,10,7,13,15,95,26,56,0.464285714286,0,0.473684210526,0.479768786127,0.434782608696,0.482142857143,0.619047619048,0.653846153846,0.363636363636,0.463768115942,0.43956043956,0.491228070175,0.588235294118,0.636363636364,0.448275862069,0.483870967742,0.490566037736,0.478632478632
