,TEAM_NAME,FG3M,FG3A,FG3_PCT,FTM,FTA,FT_PCT,OREB,DREB,REB,AST,STL,BLK,TO,PF,PTS,FG2M,FG2A,FG2_PCT,OUTCOME,DEFICIT_FGM,DEFICIT_FGA,DEFICIT_FG3M,DEFICIT_FG3A,DEFICIT_FTM,DEFICIT_FTA,DEFICIT_OREB,DEFICIT_DREB,DEFICIT_REB,DEFICIT_AST,DEFICIT_STL,DEFICIT_BLK,DEFICIT_TO,DEFICIT_PF,DEFICIT_FG2M,DEFICIT_FG2A
0,Spurs,2,21,0.095,25,27,0.926,15,32,47,12,5,0,18,17,85,27,62,0.435483870968,0,0.408450704225,0.50303030303,0.285714285714,0.45652173913,0.595238095238,0.519230769231,0.625,0.484848484848,0.522222222222,0.387096774194,0.3125,0.0,0.6,0.459459459459,0.421875,0.521008403361
1,Suns,5,25,0.2,17,25,0.68,9,34,43,19,11,6,12,20,106,37,57,0.649122807018,1,0.591549295775,0.49696969697,0.714285714286,0.54347826087,0.404761904762,0.480769230769,0.375,0.515151515152,0.477777777778,0.612903225806,0.6875,1.0,0.4,0.540540540541,0.578125,0.478991596639
