,TEAM_NAME,FG3M,FG3A,FG3_PCT,FTM,FTA,FT_PCT,OREB,DREB,REB,AST,STL,BLK,TO,PF,PTS,FG2M,FG2A,FG2_PCT,OUTCOME,DEFICIT_FGM,DEFICIT_FGA,DEFICIT_FG3M,DEFICIT_FG3A,DEFICIT_FTM,DEFICIT_FTA,DEFICIT_OREB,DEFICIT_DREB,DEFICIT_REB,DEFICIT_AST,DEFICIT_STL,DEFICIT_BLK,DEFICIT_TO,DEFICIT_PF,DEFICIT_FG2M,DEFICIT_FG2A
0,Pelicans,9,23,0.391,8,11,0.727,6,32,38,20,2,7,10,27,87,26,60,0.433333333333,0,0.530303030303,0.509202453988,0.75,0.605263157895,0.242424242424,0.234042553191,0.3,0.492307692308,0.447058823529,0.540540540541,0.285714285714,0.4375,0.47619047619,0.627906976744,0.481481481481,0.48
1,Bobcats,3,15,0.2,25,36,0.694,14,33,47,17,5,9,11,16,90,28,65,0.430769230769,1,0.469696969697,0.490797546012,0.25,0.394736842105,0.757575757576,0.765957446809,0.7,0.507692307692,0.552941176471,0.459459459459,0.714285714286,0.5625,0.52380952381,0.372093023256,0.518518518519,0.52
