,TEAM_NAME,FG3M,FG3A,FG3_PCT,FTM,FTA,FT_PCT,OREB,DREB,REB,AST,STL,BLK,TO,PF,PTS,FG2M,FG2A,FG2_PCT,OUTCOME,DEFICIT_FGM,DEFICIT_FGA,DEFICIT_FG3M,DEFICIT_FG3A,DEFICIT_FTM,DEFICIT_FTA,DEFICIT_OREB,DEFICIT_DREB,DEFICIT_REB,DEFICIT_AST,DEFICIT_STL,DEFICIT_BLK,DEFICIT_TO,DEFICIT_PF,DEFICIT_FG2M,DEFICIT_FG2A
0,Wizards,12,27,0.444,15,22,0.682,7,32,39,32,10,5,11,20,111,30,57,0.526315789474,1,0.494117647059,0.485549132948,0.705882352941,0.613636363636,0.75,0.578947368421,0.304347826087,0.484848484848,0.438202247191,0.571428571429,0.555555555556,0.5,0.366666666667,0.47619047619,0.441176470588,0.441860465116
1,Nets,5,17,0.294,5,16,0.313,16,34,50,24,8,5,19,22,96,38,72,0.527777777778,0,0.505882352941,0.514450867052,0.294117647059,0.386363636364,0.25,0.421052631579,0.695652173913,0.515151515152,0.561797752809,0.428571428571,0.444444444444,0.5,0.633333333333,0.52380952381,0.558823529412,0.558139534884
