,TEAM_NAME,FG3M,FG3A,FG3_PCT,FTM,FTA,FT_PCT,OREB,DREB,REB,AST,STL,BLK,TO,PF,PTS,FG2M,FG2A,FG2_PCT,OUTCOME,DEFICIT_FGM,DEFICIT_FGA,DEFICIT_FG3M,DEFICIT_FG3A,DEFICIT_FTM,DEFICIT_FTA,DEFICIT_OREB,DEFICIT_DREB,DEFICIT_REB,DEFICIT_AST,DEFICIT_STL,DEFICIT_BLK,DEFICIT_TO,DEFICIT_PF,DEFICIT_FG2M,DEFICIT_FG2A
0,Magic,9,19,0.474,6,13,0.462,9,25,34,31,7,2,9,18,101,34,60,0.566666666667,0,0.530864197531,0.50641025641,0.473684210526,0.487179487179,0.214285714286,0.361111111111,0.5,0.462962962963,0.472222222222,0.584905660377,0.583333333333,0.333333333333,0.529411764706,0.642857142857,0.548387096774,0.512820512821
1,Heat,10,20,0.5,22,23,0.957,9,29,38,22,5,4,8,10,108,28,57,0.491228070175,1,0.469135802469,0.49358974359,0.526315789474,0.512820512821,0.785714285714,0.638888888889,0.5,0.537037037037,0.527777777778,0.415094339623,0.416666666667,0.666666666667,0.470588235294,0.357142857143,0.451612903226,0.487179487179
