,TEAM_NAME,FG3M,FG3A,FG3_PCT,FTM,FTA,FT_PCT,OREB,DREB,REB,AST,STL,BLK,TO,PF,PTS,FG2M,FG2A,FG2_PCT,OUTCOME,DEFICIT_FGM,DEFICIT_FGA,DEFICIT_FG3M,DEFICIT_FG3A,DEFICIT_FTM,DEFICIT_FTA,DEFICIT_OREB,DEFICIT_DREB,DEFICIT_REB,DEFICIT_AST,DEFICIT_STL,DEFICIT_BLK,DEFICIT_TO,DEFICIT_PF,DEFICIT_FG2M,DEFICIT_FG2A
0,Raptors,13,29,0.448,14,19,0.737,9,35,44,31,7,10,8,17,111,29,52,0.557692307692,1,0.552631578947,0.5,0.684210526316,0.674418604651,0.466666666667,0.513513513514,0.5,0.546875,0.536585365854,0.553571428571,0.7,0.666666666667,0.380952380952,0.5,0.508771929825,0.436974789916
1,Bucks,6,14,0.429,16,18,0.889,9,29,38,25,3,5,13,17,90,28,67,0.417910447761,0,0.447368421053,0.5,0.315789473684,0.325581395349,0.533333333333,0.486486486486,0.5,0.453125,0.463414634146,0.446428571429,0.3,0.333333333333,0.619047619048,0.5,0.491228070175,0.563025210084
