,TEAM_NAME,FG3M,FG3A,FG3_PCT,FTM,FTA,FT_PCT,OREB,DREB,REB,AST,STL,BLK,TO,PF,PTS,FG2M,FG2A,FG2_PCT,OUTCOME,DEFICIT_FGM,DEFICIT_FGA,DEFICIT_FG3M,DEFICIT_FG3A,DEFICIT_FTM,DEFICIT_FTA,DEFICIT_OREB,DEFICIT_DREB,DEFICIT_REB,DEFICIT_AST,DEFICIT_STL,DEFICIT_BLK,DEFICIT_TO,DEFICIT_PF,DEFICIT_FG2M,DEFICIT_FG2A
0,Grizzlies,7,19,0.368,11,21,0.524,16,32,48,21,9,5,13,24,92,30,71,0.422535211268,0,0.569230769231,0.566037735849,0.333333333333,0.372549019608,0.282051282051,0.396226415094,0.695652173913,0.470588235294,0.527472527473,0.5,0.473684210526,0.277777777778,0.448275862069,0.5,0.681818181818,0.657407407407
1,Hornets,14,32,0.438,28,32,0.875,7,36,43,21,10,13,16,24,98,14,37,0.378378378378,1,0.430769230769,0.433962264151,0.666666666667,0.627450980392,0.717948717949,0.603773584906,0.304347826087,0.529411764706,0.472527472527,0.5,0.526315789474,0.722222222222,0.551724137931,0.5,0.318181818182,0.342592592593
