,TEAM_NAME,FG3M,FG3A,FG3_PCT,FTM,FTA,FT_PCT,OREB,DREB,REB,AST,STL,BLK,TO,PF,PTS,FG2M,FG2A,FG2_PCT,OUTCOME,DEFICIT_FGM,DEFICIT_FGA,DEFICIT_FG3M,DEFICIT_FG3A,DEFICIT_FTM,DEFICIT_FTA,DEFICIT_OREB,DEFICIT_DREB,DEFICIT_REB,DEFICIT_AST,DEFICIT_STL,DEFICIT_BLK,DEFICIT_TO,DEFICIT_PF,DEFICIT_FG2M,DEFICIT_FG2A
0,Spurs,7,10,0.7,16,17,0.941,10,31,41,21,11,12,11,10,101,32,71,0.450704225352,1,0.506493506494,0.48502994012,0.583333333333,0.357142857143,0.761904761905,0.739130434783,0.555555555556,0.525423728814,0.532467532468,0.45652173913,0.647058823529,0.8,0.423076923077,0.384615384615,0.492307692308,0.510791366906
1,Nuggets,5,18,0.278,5,6,0.833,8,28,36,25,6,3,15,16,86,33,68,0.485294117647,0,0.493506493506,0.51497005988,0.416666666667,0.642857142857,0.238095238095,0.260869565217,0.444444444444,0.474576271186,0.467532467532,0.54347826087,0.352941176471,0.2,0.576923076923,0.615384615385,0.507692307692,0.489208633094
