,TEAM_NAME,FG3M,FG3A,FG3_PCT,FTM,FTA,FT_PCT,OREB,DREB,REB,AST,STL,BLK,TO,PF,PTS,FG2M,FG2A,FG2_PCT,OUTCOME,DEFICIT_FGM,DEFICIT_FGA,DEFICIT_FG3M,DEFICIT_FG3A,DEFICIT_FTM,DEFICIT_FTA,DEFICIT_OREB,DEFICIT_DREB,DEFICIT_REB,DEFICIT_AST,DEFICIT_STL,DEFICIT_BLK,DEFICIT_TO,DEFICIT_PF,DEFICIT_FG2M,DEFICIT_FG2A
0,Spurs,6,22,0.273,17,26,0.654,7,35,42,23,4,7,13,19,95,30,53,0.566037735849,1,0.514285714286,0.474683544304,0.545454545455,0.611111111111,0.459459459459,0.509803921569,0.466666666667,0.5,0.494117647059,0.605263157895,0.333333333333,0.636363636364,0.590909090909,0.422222222222,0.508474576271,0.434426229508
1,Kings,5,14,0.357,20,25,0.8,8,35,43,15,8,4,9,26,93,29,69,0.420289855072,0,0.485714285714,0.525316455696,0.454545454545,0.388888888889,0.540540540541,0.490196078431,0.533333333333,0.5,0.505882352941,0.394736842105,0.666666666667,0.363636363636,0.409090909091,0.577777777778,0.491525423729,0.565573770492
