,TEAM_NAME,FG3M,FG3A,FG3_PCT,FTM,FTA,FT_PCT,OREB,DREB,REB,AST,STL,BLK,TO,PF,PTS,FG2M,FG2A,FG2_PCT,OUTCOME,DEFICIT_FGM,DEFICIT_FGA,DEFICIT_FG3M,DEFICIT_FG3A,DEFICIT_FTM,DEFICIT_FTA,DEFICIT_OREB,DEFICIT_DREB,DEFICIT_REB,DEFICIT_AST,DEFICIT_STL,DEFICIT_BLK,DEFICIT_TO,DEFICIT_PF,DEFICIT_FG2M,DEFICIT_FG2A
0,76ers,5,21,0.238,15,23,0.652,13,31,44,17,12,2,19,28,96,33,68,0.485294117647,0,0.481012658228,0.491712707182,0.416666666667,0.45652173913,0.384615384615,0.365079365079,0.361111111111,0.469696969697,0.43137254902,0.425,0.5,0.2,0.542857142857,0.583333333333,0.492537313433,0.503703703704
1,Pistons,7,25,0.28,24,40,0.6,23,35,58,23,12,8,16,20,113,34,67,0.507462686567,1,0.518987341772,0.508287292818,0.583333333333,0.54347826087,0.615384615385,0.634920634921,0.638888888889,0.530303030303,0.56862745098,0.575,0.5,0.8,0.457142857143,0.416666666667,0.507462686567,0.496296296296
