,TEAM_NAME,FG3M,FG3A,FG3_PCT,FTM,FTA,FT_PCT,OREB,DREB,REB,AST,STL,BLK,TO,PF,PTS,FG2M,FG2A,FG2_PCT,OUTCOME,DEFICIT_FGM,DEFICIT_FGA,DEFICIT_FG3M,DEFICIT_FG3A,DEFICIT_FTM,DEFICIT_FTA,DEFICIT_OREB,DEFICIT_DREB,DEFICIT_REB,DEFICIT_AST,DEFICIT_STL,DEFICIT_BLK,DEFICIT_TO,DEFICIT_PF,DEFICIT_FG2M,DEFICIT_FG2A
0,Knicks,11,26,0.423,14,23,0.609,9,24,33,14,7,4,17,22,91,22,41,0.536585365854,0,0.445945945946,0.468531468531,0.578947368421,0.530612244898,0.466666666667,0.489361702128,0.5625,0.470588235294,0.492537313433,0.4375,0.411764705882,0.571428571429,0.566666666667,0.52380952381,0.4,0.436170212766
1,Heat,8,23,0.348,16,24,0.667,7,27,34,18,10,3,13,20,106,33,53,0.622641509434,1,0.554054054054,0.531468531469,0.421052631579,0.469387755102,0.533333333333,0.510638297872,0.4375,0.529411764706,0.507462686567,0.5625,0.588235294118,0.428571428571,0.433333333333,0.47619047619,0.6,0.563829787234
