,TEAM_NAME,FG3M,FG3A,FG3_PCT,FTM,FTA,FT_PCT,OREB,DREB,REB,AST,STL,BLK,TO,PF,PTS,FG2M,FG2A,FG2_PCT,OUTCOME,DEFICIT_FGM,DEFICIT_FGA,DEFICIT_FG3M,DEFICIT_FG3A,DEFICIT_FTM,DEFICIT_FTA,DEFICIT_OREB,DEFICIT_DREB,DEFICIT_REB,DEFICIT_AST,DEFICIT_STL,DEFICIT_BLK,DEFICIT_TO,DEFICIT_PF,DEFICIT_FG2M,DEFICIT_FG2A
0,Knicks,9,25,0.36,16,18,0.889,10,30,40,15,5,3,9,19,89,23,55,0.418181818182,1,0.533333333333,0.503144654088,0.473684210526,0.446428571429,0.470588235294,0.45,0.416666666667,0.483870967742,0.46511627907,0.51724137931,0.714285714286,0.3,0.473684210526,0.5,0.560975609756,0.533980582524
1,Warriors,10,31,0.323,18,22,0.818,14,32,46,14,2,7,10,19,84,18,48,0.375,0,0.466666666667,0.496855345912,0.526315789474,0.553571428571,0.529411764706,0.55,0.583333333333,0.516129032258,0.53488372093,0.48275862069,0.285714285714,0.7,0.526315789474,0.5,0.439024390244,0.466019417476
