,TEAM_NAME,FG3M,FG3A,FG3_PCT,FTM,FTA,FT_PCT,OREB,DREB,REB,AST,STL,BLK,TO,PF,PTS,FG2M,FG2A,FG2_PCT,OUTCOME,DEFICIT_FGM,DEFICIT_FGA,DEFICIT_FG3M,DEFICIT_FG3A,DEFICIT_FTM,DEFICIT_FTA,DEFICIT_OREB,DEFICIT_DREB,DEFICIT_REB,DEFICIT_AST,DEFICIT_STL,DEFICIT_BLK,DEFICIT_TO,DEFICIT_PF,DEFICIT_FG2M,DEFICIT_FG2A
0,Bulls,8,16,0.5,25,31,0.806,2,29,31,24,8,5,15,13,107,29,54,0.537037037037,1,0.480519480519,0.445859872611,0.444444444444,0.355555555556,0.675675675676,0.659574468085,0.142857142857,0.517857142857,0.442857142857,0.510638297872,0.470588235294,0.833333333333,0.5,0.361111111111,0.491525423729,0.482142857143
1,Celtics,10,29,0.345,12,16,0.75,12,27,39,23,9,1,15,23,102,30,58,0.51724137931,0,0.519480519481,0.554140127389,0.555555555556,0.644444444444,0.324324324324,0.340425531915,0.857142857143,0.482142857143,0.557142857143,0.489361702128,0.529411764706,0.166666666667,0.5,0.638888888889,0.508474576271,0.517857142857
