,TEAM_NAME,FG3M,FG3A,FG3_PCT,FTM,FTA,FT_PCT,OREB,DREB,REB,AST,STL,BLK,TO,PF,PTS,FG2M,FG2A,FG2_PCT,OUTCOME,DEFICIT_FGM,DEFICIT_FGA,DEFICIT_FG3M,DEFICIT_FG3A,DEFICIT_FTM,DEFICIT_FTA,DEFICIT_OREB,DEFICIT_DREB,DEFICIT_REB,DEFICIT_AST,DEFICIT_STL,DEFICIT_BLK,DEFICIT_TO,DEFICIT_PF,DEFICIT_FG2M,DEFICIT_FG2A
0,Spurs,10,23,0.435,17,20,0.85,7,37,44,28,9,2,10,23,93,23,57,0.40350877192982454,1,0.5409836065573771,0.5161290322580645,0.8333333333333334,0.6571428571428571,0.4358974358974359,0.39215686274509803,0.3888888888888889,0.5138888888888888,0.4888888888888889,0.6222222222222222,0.6,0.2857142857142857,0.43478260869565216,0.6388888888888888,0.46938775510204084,0.475
1,Lakers,2,12,0.167,22,31,0.71,11,35,46,17,6,5,13,13,80,26,63,0.4126984126984127,0,0.45901639344262296,0.4838709677419355,0.16666666666666666,0.34285714285714286,0.5641025641025641,0.6078431372549019,0.6111111111111112,0.4861111111111111,0.5111111111111111,0.37777777777777777,0.4,0.7142857142857143,0.5652173913043478,0.3611111111111111,0.5306122448979592,0.525
