,TEAM_NAME,FG3M,FG3A,FG3_PCT,FTM,FTA,FT_PCT,OREB,DREB,REB,AST,STL,BLK,TO,PF,PTS,FG2M,FG2A,FG2_PCT,OUTCOME,DEFICIT_FGM,DEFICIT_FGA,DEFICIT_FG3M,DEFICIT_FG3A,DEFICIT_FTM,DEFICIT_FTA,DEFICIT_OREB,DEFICIT_DREB,DEFICIT_REB,DEFICIT_AST,DEFICIT_STL,DEFICIT_BLK,DEFICIT_TO,DEFICIT_PF,DEFICIT_FG2M,DEFICIT_FG2A
0,Cavaliers,8,23,0.348,28,37,0.757,8,32,40,22,5,5,11,21,122,35,62,0.564516129032,1,0.472527472527,0.491329479769,0.571428571429,0.53488372093,0.595744680851,0.616666666667,0.5,0.507936507937,0.506329113924,0.407407407407,0.416666666667,0.833333333333,0.44,0.446808510638,0.454545454545,0.476923076923
1,Celtics,6,20,0.3,19,23,0.826,8,31,39,32,7,1,14,26,121,42,68,0.617647058824,0,0.527472527473,0.508670520231,0.428571428571,0.46511627907,0.404255319149,0.383333333333,0.5,0.492063492063,0.493670886076,0.592592592593,0.583333333333,0.166666666667,0.56,0.553191489362,0.545454545455,0.523076923077
