,TEAM_NAME,FG3M,FG3A,FG3_PCT,FTM,FTA,FT_PCT,OREB,DREB,REB,AST,STL,BLK,TO,PF,PTS,FG2M,FG2A,FG2_PCT,OUTCOME,DEFICIT_FGM,DEFICIT_FGA,DEFICIT_FG3M,DEFICIT_FG3A,DEFICIT_FTM,DEFICIT_FTA,DEFICIT_OREB,DEFICIT_DREB,DEFICIT_REB,DEFICIT_AST,DEFICIT_STL,DEFICIT_BLK,DEFICIT_TO,DEFICIT_PF,DEFICIT_FG2M,DEFICIT_FG2A
0,Magic,10,24,0.417,21,27,0.778,10,35,45,22,7,3,15,15,101,25,56,0.446428571429,1,0.492957746479,0.5,0.833333333333,0.558139534884,0.65625,0.658536585366,0.666666666667,0.514705882353,0.542168674699,0.536585365854,0.466666666667,0.428571428571,0.483870967742,0.375,0.423728813559,0.478632478632
1,Bucks,2,19,0.105,11,14,0.786,5,33,38,19,8,4,16,25,85,34,61,0.55737704918,0,0.507042253521,0.5,0.166666666667,0.441860465116,0.34375,0.341463414634,0.333333333333,0.485294117647,0.457831325301,0.463414634146,0.533333333333,0.571428571429,0.516129032258,0.625,0.576271186441,0.521367521368
