,TEAM_NAME,FG3M,FG3A,FG3_PCT,FTM,FTA,FT_PCT,OREB,DREB,REB,AST,STL,BLK,TO,PF,PTS,FG2M,FG2A,FG2_PCT,OUTCOME,DEFICIT_FGM,DEFICIT_FGA,DEFICIT_FG3M,DEFICIT_FG3A,DEFICIT_FTM,DEFICIT_FTA,DEFICIT_OREB,DEFICIT_DREB,DEFICIT_REB,DEFICIT_AST,DEFICIT_STL,DEFICIT_BLK,DEFICIT_TO,DEFICIT_PF,DEFICIT_FG2M,DEFICIT_FG2A
0,Pelicans,15,20,0.75,12,16,0.75,3,31,34,31,13,3,13,30,139,41,64,0.640625,1,0.658823529412,0.538461538462,0.833333333333,0.588235294118,0.285714285714,0.280701754386,0.214285714286,0.543859649123,0.478873239437,0.704545454545,0.722222222222,0.5,0.371428571429,0.63829787234,0.611940298507,0.524590163934
1,Timberwolves,3,14,0.214,30,41,0.732,11,26,37,13,5,3,22,17,91,26,58,0.448275862069,0,0.341176470588,0.461538461538,0.166666666667,0.411764705882,0.714285714286,0.719298245614,0.785714285714,0.456140350877,0.521126760563,0.295454545455,0.277777777778,0.5,0.628571428571,0.36170212766,0.388059701493,0.475409836066
