,TEAM_NAME,FG3M,FG3A,FG3_PCT,FTM,FTA,FT_PCT,OREB,DREB,REB,AST,STL,BLK,TO,PF,PTS,FG2M,FG2A,FG2_PCT,OUTCOME,DEFICIT_FGM,DEFICIT_FGA,DEFICIT_FG3M,DEFICIT_FG3A,DEFICIT_FTM,DEFICIT_FTA,DEFICIT_OREB,DEFICIT_DREB,DEFICIT_REB,DEFICIT_AST,DEFICIT_STL,DEFICIT_BLK,DEFICIT_TO,DEFICIT_PF,DEFICIT_FG2M,DEFICIT_FG2A
0,76ers,7,21,0.333,12,18,0.667,14,32,46,19,10,5,23,28,87,27,59,0.4576271186440678,0,0.5396825396825397,0.5063291139240507,0.5,0.38181818181818183,0.34285714285714286,0.32727272727272727,0.5185185185185185,0.48484848484848486,0.4946236559139785,0.5428571428571428,0.37037037037037035,0.3125,0.5227272727272727,0.5283018867924528,0.5510204081632653,0.5728155339805825
1,Rockets,7,34,0.206,23,37,0.622,13,34,47,16,17,11,21,25,88,22,44,0.5,1,0.4603174603174603,0.4936708860759494,0.5,0.6181818181818182,0.6571428571428571,0.6727272727272727,0.48148148148148145,0.5151515151515151,0.5053763440860215,0.45714285714285713,0.6296296296296297,0.6875,0.4772727272727273,0.4716981132075472,0.4489795918367347,0.42718446601941745
