,TEAM_NAME,FG3M,FG3A,FG3_PCT,FTM,FTA,FT_PCT,OREB,DREB,REB,AST,STL,BLK,TO,PF,PTS,FG2M,FG2A,FG2_PCT,OUTCOME,DEFICIT_FGM,DEFICIT_FGA,DEFICIT_FG3M,DEFICIT_FG3A,DEFICIT_FTM,DEFICIT_FTA,DEFICIT_OREB,DEFICIT_DREB,DEFICIT_REB,DEFICIT_AST,DEFICIT_STL,DEFICIT_BLK,DEFICIT_TO,DEFICIT_PF,DEFICIT_FG2M,DEFICIT_FG2A
0,Jazz,10,22,0.455,20,25,0.8,11,28,39,25,6,8,18,20,102,26,48,0.5416666666666666,1,0.48,0.4605263157894737,0.6666666666666666,0.7333333333333333,0.5405405405405406,0.5555555555555556,0.6111111111111112,0.5384615384615384,0.5571428571428572,0.625,0.3333333333333333,0.8888888888888888,0.6923076923076923,0.43478260869565216,0.43333333333333335,0.39344262295081966
1,Knicks,5,8,0.625,17,20,0.85,7,24,31,15,12,1,8,26,100,34,74,0.4594594594594595,0,0.52,0.5394736842105263,0.3333333333333333,0.26666666666666666,0.4594594594594595,0.4444444444444444,0.3888888888888889,0.46153846153846156,0.44285714285714284,0.375,0.6666666666666666,0.1111111111111111,0.3076923076923077,0.5652173913043478,0.5666666666666667,0.6065573770491803
