,TEAM_NAME,FG3M,FG3A,FG3_PCT,FTM,FTA,FT_PCT,OREB,DREB,REB,AST,STL,BLK,TO,PF,PTS,FG2M,FG2A,FG2_PCT,OUTCOME,DEFICIT_FGM,DEFICIT_FGA,DEFICIT_FG3M,DEFICIT_FG3A,DEFICIT_FTM,DEFICIT_FTA,DEFICIT_OREB,DEFICIT_DREB,DEFICIT_REB,DEFICIT_AST,DEFICIT_STL,DEFICIT_BLK,DEFICIT_TO,DEFICIT_PF,DEFICIT_FG2M,DEFICIT_FG2A
0,Knicks,11,26,0.423,11,21,0.524,10,28,38,22,12,1,21,22,96,26,54,0.481481481481,0,0.474358974359,0.509554140127,0.407407407407,0.41935483871,0.333333333333,0.396226415094,0.588235294118,0.491228070175,0.513513513514,0.468085106383,0.461538461538,0.166666666667,0.525,0.488888888889,0.509803921569,0.568421052632
1,Rockets,16,36,0.444,22,32,0.688,7,29,36,25,14,5,19,23,120,25,41,0.609756097561,1,0.525641025641,0.490445859873,0.592592592593,0.58064516129,0.666666666667,0.603773584906,0.411764705882,0.508771929825,0.486486486486,0.531914893617,0.538461538462,0.833333333333,0.475,0.511111111111,0.490196078431,0.431578947368
