,TEAM_NAME,FG3M,FG3A,FG3_PCT,FTM,FTA,FT_PCT,OREB,DREB,REB,AST,STL,BLK,TO,PF,PTS,FG2M,FG2A,FG2_PCT,OUTCOME,DEFICIT_FGM,DEFICIT_FGA,DEFICIT_FG3M,DEFICIT_FG3A,DEFICIT_FTM,DEFICIT_FTA,DEFICIT_OREB,DEFICIT_DREB,DEFICIT_REB,DEFICIT_AST,DEFICIT_STL,DEFICIT_BLK,DEFICIT_TO,DEFICIT_PF,DEFICIT_FG2M,DEFICIT_FG2A
0,Knicks,11,26,0.423,11,21,0.524,10,28,38,22,12,1,21,22,96,26,54,0.48148148148148145,0,0.47435897435897434,0.5095541401273885,0.4074074074074074,0.41935483870967744,0.3333333333333333,0.39622641509433965,0.5882352941176471,0.49122807017543857,0.5135135135135135,0.46808510638297873,0.46153846153846156,0.16666666666666666,0.525,0.4888888888888889,0.5098039215686274,0.5684210526315789
1,Rockets,16,36,0.444,22,32,0.688,7,29,36,25,14,5,19,23,120,25,41,0.6097560975609756,1,0.5256410256410257,0.49044585987261147,0.5925925925925926,0.5806451612903226,0.6666666666666666,0.6037735849056604,0.4117647058823529,0.5087719298245614,0.4864864864864865,0.5319148936170213,0.5384615384615384,0.8333333333333334,0.475,0.5111111111111111,0.49019607843137253,0.43157894736842106
