,TEAM_NAME,FG3M,FG3A,FG3_PCT,FTM,FTA,FT_PCT,OREB,DREB,REB,AST,STL,BLK,TO,PF,PTS,FG2M,FG2A,FG2_PCT,OUTCOME,DEFICIT_FGM,DEFICIT_FGA,DEFICIT_FG3M,DEFICIT_FG3A,DEFICIT_FTM,DEFICIT_FTA,DEFICIT_OREB,DEFICIT_DREB,DEFICIT_REB,DEFICIT_AST,DEFICIT_STL,DEFICIT_BLK,DEFICIT_TO,DEFICIT_PF,DEFICIT_FG2M,DEFICIT_FG2A
0,Magic,2,9,0.222,14,20,0.7,7,39,46,24,10,4,14,21,96,38,73,0.5205479452054794,1,0.5633802816901409,0.5030674846625767,0.18181818181818182,0.2727272727272727,0.3888888888888889,0.425531914893617,0.5,0.5571428571428572,0.5476190476190477,0.5454545454545454,0.5882352941176471,0.3333333333333333,0.5185185185185185,0.5675675675675675,0.6333333333333333,0.5615384615384615
1,Pacers,9,24,0.375,22,27,0.815,7,31,38,20,7,8,13,16,93,22,57,0.38596491228070173,0,0.43661971830985913,0.49693251533742333,0.8181818181818182,0.7272727272727273,0.6111111111111112,0.574468085106383,0.5,0.44285714285714284,0.4523809523809524,0.45454545454545453,0.4117647058823529,0.6666666666666666,0.48148148148148145,0.43243243243243246,0.36666666666666664,0.43846153846153846
