,TEAM_NAME,FG3M,FG3A,FG3_PCT,FTM,FTA,FT_PCT,OREB,DREB,REB,AST,STL,BLK,TO,PF,PTS,FG2M,FG2A,FG2_PCT,OUTCOME,DEFICIT_FGM,DEFICIT_FGA,DEFICIT_FG3M,DEFICIT_FG3A,DEFICIT_FTM,DEFICIT_FTA,DEFICIT_OREB,DEFICIT_DREB,DEFICIT_REB,DEFICIT_AST,DEFICIT_STL,DEFICIT_BLK,DEFICIT_TO,DEFICIT_PF,DEFICIT_FG2M,DEFICIT_FG2A
0,Thunder,12,26,0.462,30,40,0.75,6,40,46,22,12,6,20,36,118,26,53,0.49056603773584906,1,0.5352112676056338,0.4968553459119497,0.5217391304347826,0.41935483870967744,0.4838709677419355,0.47058823529411764,0.35294117647058826,0.5405405405405406,0.5054945054945055,0.4782608695652174,0.6666666666666666,0.6666666666666666,0.5,0.5294117647058824,0.5416666666666666,0.5463917525773195
1,Mavericks,11,36,0.306,32,45,0.711,11,34,45,24,6,3,20,32,109,22,44,0.5,0,0.4647887323943662,0.5031446540880503,0.4782608695652174,0.5806451612903226,0.5161290322580645,0.5294117647058824,0.6470588235294118,0.4594594594594595,0.4945054945054945,0.5217391304347826,0.3333333333333333,0.3333333333333333,0.5,0.47058823529411764,0.4583333333333333,0.4536082474226804
