,TEAM_NAME,FG3M,FG3A,FG3_PCT,FTM,FTA,FT_PCT,OREB,DREB,REB,AST,STL,BLK,TO,PF,PTS,FG2M,FG2A,FG2_PCT,OUTCOME,DEFICIT_FGM,DEFICIT_FGA,DEFICIT_FG3M,DEFICIT_FG3A,DEFICIT_FTM,DEFICIT_FTA,DEFICIT_OREB,DEFICIT_DREB,DEFICIT_REB,DEFICIT_AST,DEFICIT_STL,DEFICIT_BLK,DEFICIT_TO,DEFICIT_PF,DEFICIT_FG2M,DEFICIT_FG2A
0,Trail Blazers,4,21,0.19,16,26,0.615,13,36,49,15,8,6,14,14,90,31,62,0.5,0,0.479452054795,0.479768786127,0.363636363636,0.567567567568,0.615384615385,0.684210526316,0.5,0.5,0.5,0.483870967742,0.5,0.428571428571,0.518518518519,0.388888888889,0.5,0.455882352941
1,Bucks,7,16,0.438,10,12,0.833,13,36,49,16,8,8,13,22,93,31,74,0.418918918919,1,0.520547945205,0.520231213873,0.636363636364,0.432432432432,0.384615384615,0.315789473684,0.5,0.5,0.5,0.516129032258,0.5,0.571428571429,0.481481481481,0.611111111111,0.5,0.544117647059
