,TEAM_NAME,FG3M,FG3A,FG3_PCT,FTM,FTA,FT_PCT,OREB,DREB,REB,AST,STL,BLK,TO,PF,PTS,FG2M,FG2A,FG2_PCT,OUTCOME,DEFICIT_FGM,DEFICIT_FGA,DEFICIT_FG3M,DEFICIT_FG3A,DEFICIT_FTM,DEFICIT_FTA,DEFICIT_OREB,DEFICIT_DREB,DEFICIT_REB,DEFICIT_AST,DEFICIT_STL,DEFICIT_BLK,DEFICIT_TO,DEFICIT_PF,DEFICIT_FG2M,DEFICIT_FG2A
0,Spurs,8,24,0.333,18,22,0.818,9,24,33,22,12,5,15,19,100,29,53,0.547169811321,1,0.536231884058,0.51677852349,0.533333333333,0.615384615385,0.45,0.468085106383,0.428571428571,0.470588235294,0.458333333333,0.52380952381,0.545454545455,0.714285714286,0.394736842105,0.441860465116,0.537037037037,0.481818181818
1,Timberwolves,7,15,0.467,22,25,0.88,12,27,39,20,10,2,23,24,93,25,57,0.438596491228,0,0.463768115942,0.48322147651,0.466666666667,0.384615384615,0.55,0.531914893617,0.571428571429,0.529411764706,0.541666666667,0.47619047619,0.454545454545,0.285714285714,0.605263157895,0.558139534884,0.462962962963,0.518181818182
