,TEAM_NAME,FG3M,FG3A,FG3_PCT,FTM,FTA,FT_PCT,OREB,DREB,REB,AST,STL,BLK,TO,PF,PTS,FG2M,FG2A,FG2_PCT,OUTCOME,DEFICIT_FGM,DEFICIT_FGA,DEFICIT_FG3M,DEFICIT_FG3A,DEFICIT_FTM,DEFICIT_FTA,DEFICIT_OREB,DEFICIT_DREB,DEFICIT_REB,DEFICIT_AST,DEFICIT_STL,DEFICIT_BLK,DEFICIT_TO,DEFICIT_PF,DEFICIT_FG2M,DEFICIT_FG2A
0,Suns,8,15,0.533,17,24,0.708,14,35,49,20,10,5,14,16,117,38,77,0.493506493506,1,0.528735632184,0.513966480447,0.444444444444,0.30612244898,0.62962962963,0.666666666667,0.777777777778,0.522388059701,0.576470588235,0.416666666667,0.588235294118,0.5,0.4375,0.432432432432,0.550724637681,0.592307692308
1,Rockets,10,34,0.294,10,12,0.833,4,32,36,28,7,5,18,21,102,31,53,0.584905660377,0,0.471264367816,0.486033519553,0.555555555556,0.69387755102,0.37037037037,0.333333333333,0.222222222222,0.477611940299,0.423529411765,0.583333333333,0.411764705882,0.5,0.5625,0.567567567568,0.449275362319,0.407692307692
