,TEAM_NAME,FG3M,FG3A,FG3_PCT,FTM,FTA,FT_PCT,OREB,DREB,REB,AST,STL,BLK,TO,PF,PTS,FG2M,FG2A,FG2_PCT,OUTCOME,DEFICIT_FGM,DEFICIT_FGA,DEFICIT_FG3M,DEFICIT_FG3A,DEFICIT_FTM,DEFICIT_FTA,DEFICIT_OREB,DEFICIT_DREB,DEFICIT_REB,DEFICIT_AST,DEFICIT_STL,DEFICIT_BLK,DEFICIT_TO,DEFICIT_PF,DEFICIT_FG2M,DEFICIT_FG2A
0,Pacers,8,23,0.348,13,18,0.722,11,28,39,22,3,2,9,23,111,37,67,0.55223880597,0,0.494505494505,0.545454545455,0.571428571429,0.657142857143,0.342105263158,0.367346938776,0.785714285714,0.466666666667,0.527027027027,0.511627906977,0.428571428571,0.333333333333,0.529411764706,0.560975609756,0.480519480519,0.515384615385
1,Nets,6,12,0.5,25,31,0.806,3,32,35,21,4,4,8,18,123,40,63,0.634920634921,1,0.505494505495,0.454545454545,0.428571428571,0.342857142857,0.657894736842,0.632653061224,0.214285714286,0.533333333333,0.472972972973,0.488372093023,0.571428571429,0.666666666667,0.470588235294,0.439024390244,0.519480519481,0.484615384615
