,TEAM_NAME,FG3M,FG3A,FG3_PCT,FTM,FTA,FT_PCT,OREB,DREB,REB,AST,STL,BLK,TO,PF,PTS,FG2M,FG2A,FG2_PCT,OUTCOME,DEFICIT_FGM,DEFICIT_FGA,DEFICIT_FG3M,DEFICIT_FG3A,DEFICIT_FTM,DEFICIT_FTA,DEFICIT_OREB,DEFICIT_DREB,DEFICIT_REB,DEFICIT_AST,DEFICIT_STL,DEFICIT_BLK,DEFICIT_TO,DEFICIT_PF,DEFICIT_FG2M,DEFICIT_FG2A
0,Trail Blazers,6,21,0.286,28,33,0.848,16,39,55,25,8,12,19,22,114,34,67,0.507462686567,1,0.493827160494,0.483516483516,0.352941176471,0.42,0.651162790698,0.622641509434,0.571428571429,0.549295774648,0.555555555556,0.581395348837,0.444444444444,0.8,0.542857142857,0.43137254902,0.53125,0.507575757576
1,76ers,11,29,0.379,15,20,0.75,12,32,44,18,10,3,16,29,108,30,65,0.461538461538,0,0.506172839506,0.516483516484,0.647058823529,0.58,0.348837209302,0.377358490566,0.428571428571,0.450704225352,0.444444444444,0.418604651163,0.555555555556,0.2,0.457142857143,0.56862745098,0.46875,0.492424242424
