,TEAM_NAME,FG3M,FG3A,FG3_PCT,FTM,FTA,FT_PCT,OREB,DREB,REB,AST,STL,BLK,TO,PF,PTS,FG2M,FG2A,FG2_PCT,OUTCOME,DEFICIT_FGM,DEFICIT_FGA,DEFICIT_FG3M,DEFICIT_FG3A,DEFICIT_FTM,DEFICIT_FTA,DEFICIT_OREB,DEFICIT_DREB,DEFICIT_REB,DEFICIT_AST,DEFICIT_STL,DEFICIT_BLK,DEFICIT_TO,DEFICIT_PF,DEFICIT_FG2M,DEFICIT_FG2A
0,Trail Blazers,11,31,0.355,22,23,0.957,3,28,31,18,8,0,13,23,103,24,47,0.510638297872,0,0.443037974684,0.481481481481,0.478260869565,0.584905660377,0.488888888889,0.450980392157,0.230769230769,0.444444444444,0.407894736842,0.45,0.533333333333,0.0,0.52,0.5,0.428571428571,0.43119266055
1,Pistons,12,22,0.545,23,28,0.821,10,35,45,22,7,1,12,23,123,32,62,0.516129032258,1,0.556962025316,0.518518518519,0.521739130435,0.415094339623,0.511111111111,0.549019607843,0.769230769231,0.555555555556,0.592105263158,0.55,0.466666666667,1.0,0.48,0.5,0.571428571429,0.56880733945
