,TEAM_NAME,FG3M,FG3A,FG3_PCT,FTM,FTA,FT_PCT,OREB,DREB,REB,AST,STL,BLK,TO,PF,PTS,FG2M,FG2A,FG2_PCT,OUTCOME,DEFICIT_FGM,DEFICIT_FGA,DEFICIT_FG3M,DEFICIT_FG3A,DEFICIT_FTM,DEFICIT_FTA,DEFICIT_OREB,DEFICIT_DREB,DEFICIT_REB,DEFICIT_AST,DEFICIT_STL,DEFICIT_BLK,DEFICIT_TO,DEFICIT_PF,DEFICIT_FG2M,DEFICIT_FG2A
0,Raptors,12,33,0.364,21,27,0.778,7,35,42,27,8,6,15,24,107,25,44,0.568181818182,0,0.493333333333,0.496774193548,0.48,0.532258064516,0.466666666667,0.421875,0.466666666667,0.546875,0.53164556962,0.5,0.470588235294,0.6,0.6,0.533333333333,0.5,0.47311827957
1,Rockets,13,29,0.448,24,37,0.649,8,29,37,27,9,4,10,21,113,25,49,0.510204081633,1,0.506666666667,0.503225806452,0.52,0.467741935484,0.533333333333,0.578125,0.533333333333,0.453125,0.46835443038,0.5,0.529411764706,0.4,0.4,0.466666666667,0.5,0.52688172043
