,TEAM_NAME,FG3M,FG3A,FG3_PCT,FTM,FTA,FT_PCT,OREB,DREB,REB,AST,STL,BLK,TO,PF,PTS,FG2M,FG2A,FG2_PCT,OUTCOME,DEFICIT_FGM,DEFICIT_FGA,DEFICIT_FG3M,DEFICIT_FG3A,DEFICIT_FTM,DEFICIT_FTA,DEFICIT_OREB,DEFICIT_DREB,DEFICIT_REB,DEFICIT_AST,DEFICIT_STL,DEFICIT_BLK,DEFICIT_TO,DEFICIT_PF,DEFICIT_FG2M,DEFICIT_FG2A
0,Cavaliers,5,14,0.357,14,20,0.7,11,27,38,13,7,11,18,22,81,26,61,0.426229508197,0,0.476923076923,0.474683544304,0.555555555556,0.466666666667,0.368421052632,0.434782608696,0.44,0.5,0.481012658228,0.351351351351,0.4375,0.611111111111,0.620689655172,0.511627906977,0.464285714286,0.4765625
1,Bulls,4,16,0.25,24,26,0.923,14,27,41,24,9,7,11,21,96,30,67,0.44776119403,1,0.523076923077,0.525316455696,0.444444444444,0.533333333333,0.631578947368,0.565217391304,0.56,0.5,0.518987341772,0.648648648649,0.5625,0.388888888889,0.379310344828,0.488372093023,0.535714285714,0.5234375
