,TEAM_NAME,FG3M,FG3A,FG3_PCT,FTM,FTA,FT_PCT,OREB,DREB,REB,AST,STL,BLK,TO,PF,PTS,FG2M,FG2A,FG2_PCT,OUTCOME,DEFICIT_FGM,DEFICIT_FGA,DEFICIT_FG3M,DEFICIT_FG3A,DEFICIT_FTM,DEFICIT_FTA,DEFICIT_OREB,DEFICIT_DREB,DEFICIT_REB,DEFICIT_AST,DEFICIT_STL,DEFICIT_BLK,DEFICIT_TO,DEFICIT_PF,DEFICIT_FG2M,DEFICIT_FG2A
0,Raptors,8,25,0.32,20,27,0.741,20,31,51,10,12,5,13,38,104,30,89,0.33707865168539325,0,0.5066666666666667,0.5757575757575758,0.5333333333333333,0.49019607843137253,0.40816326530612246,0.36486486486486486,0.6060606060606061,0.4025974025974026,0.4636363636363636,0.3225806451612903,0.6,0.2631578947368421,0.3611111111111111,0.5588235294117647,0.5,0.6054421768707483
1,Rockets,7,26,0.269,29,47,0.617,13,46,59,21,8,14,23,30,110,30,58,0.5172413793103449,1,0.49333333333333335,0.42424242424242425,0.4666666666666667,0.5098039215686274,0.5918367346938775,0.6351351351351351,0.3939393939393939,0.5974025974025974,0.5363636363636364,0.6774193548387096,0.4,0.7368421052631579,0.6388888888888888,0.4411764705882353,0.5,0.3945578231292517
