,TEAM_NAME,FG3M,FG3A,FG3_PCT,FTM,FTA,FT_PCT,OREB,DREB,REB,AST,STL,BLK,TO,PF,PTS,FG2M,FG2A,FG2_PCT,OUTCOME,DEFICIT_FGM,DEFICIT_FGA,DEFICIT_FG3M,DEFICIT_FG3A,DEFICIT_FTM,DEFICIT_FTA,DEFICIT_OREB,DEFICIT_DREB,DEFICIT_REB,DEFICIT_AST,DEFICIT_STL,DEFICIT_BLK,DEFICIT_TO,DEFICIT_PF,DEFICIT_FG2M,DEFICIT_FG2A
0,Wizards,8,22,0.364,27,37,0.73,15,39,54,21,8,1,18,27,111,30,56,0.535714285714,1,0.520547945205,0.496815286624,0.421052631579,0.44,0.529411764706,0.560606060606,0.75,0.573529411765,0.613636363636,0.466666666667,0.444444444444,0.2,0.58064516129,0.482142857143,0.555555555556,0.523364485981
1,Pacers,11,28,0.393,24,29,0.828,5,29,34,24,10,4,13,29,105,24,51,0.470588235294,0,0.479452054795,0.503184713376,0.578947368421,0.56,0.470588235294,0.439393939394,0.25,0.426470588235,0.386363636364,0.533333333333,0.555555555556,0.8,0.41935483871,0.517857142857,0.444444444444,0.476635514019
