,TEAM_NAME,FG3M,FG3A,FG3_PCT,FTM,FTA,FT_PCT,OREB,DREB,REB,AST,STL,BLK,TO,PF,PTS,FG2M,FG2A,FG2_PCT,OUTCOME,DEFICIT_FGM,DEFICIT_FGA,DEFICIT_FG3M,DEFICIT_FG3A,DEFICIT_FTM,DEFICIT_FTA,DEFICIT_OREB,DEFICIT_DREB,DEFICIT_REB,DEFICIT_AST,DEFICIT_STL,DEFICIT_BLK,DEFICIT_TO,DEFICIT_PF,DEFICIT_FG2M,DEFICIT_FG2A
0,Kings,9,28,0.321,18,23,0.783,6,33,39,20,8,3,11,20,89,22,51,0.43137254902,0,0.469696969697,0.516339869281,0.428571428571,0.528301886792,0.473684210526,0.511111111111,0.545454545455,0.452054794521,0.464285714286,0.512820512821,0.571428571429,0.428571428571,0.423076923077,0.555555555556,0.488888888889,0.51
1,Trail Blazers,12,25,0.48,20,22,0.909,5,40,45,19,6,4,15,16,102,23,49,0.469387755102,1,0.530303030303,0.483660130719,0.571428571429,0.471698113208,0.526315789474,0.488888888889,0.454545454545,0.547945205479,0.535714285714,0.487179487179,0.428571428571,0.571428571429,0.576923076923,0.444444444444,0.511111111111,0.49
