,TEAM_NAME,FG3M,FG3A,FG3_PCT,FTM,FTA,FT_PCT,OREB,DREB,REB,AST,STL,BLK,TO,PF,PTS,FG2M,FG2A,FG2_PCT,OUTCOME,DEFICIT_FGM,DEFICIT_FGA,DEFICIT_FG3M,DEFICIT_FG3A,DEFICIT_FTM,DEFICIT_FTA,DEFICIT_OREB,DEFICIT_DREB,DEFICIT_REB,DEFICIT_AST,DEFICIT_STL,DEFICIT_BLK,DEFICIT_TO,DEFICIT_PF,DEFICIT_FG2M,DEFICIT_FG2A
0,Raptors,13,35,0.371,18,22,0.818,19,26,45,24,13,6,7,18,111,27,68,0.397058823529,0,0.46511627907,0.559782608696,0.481481481481,0.603448275862,0.545454545455,0.55,0.678571428571,0.382352941176,0.46875,0.421052631579,0.764705882353,0.4,0.259259259259,0.529411764706,0.457627118644,0.539682539683
1,Warriors,14,23,0.609,15,18,0.833,9,42,51,33,4,9,20,16,121,32,58,0.551724137931,1,0.53488372093,0.440217391304,0.518518518519,0.396551724138,0.454545454545,0.45,0.321428571429,0.617647058824,0.53125,0.578947368421,0.235294117647,0.6,0.740740740741,0.470588235294,0.542372881356,0.460317460317
