,TEAM_NAME,FG3M,FG3A,FG3_PCT,FTM,FTA,FT_PCT,OREB,DREB,REB,AST,STL,BLK,TO,PF,PTS,FG2M,FG2A,FG2_PCT,OUTCOME,DEFICIT_FGM,DEFICIT_FGA,DEFICIT_FG3M,DEFICIT_FG3A,DEFICIT_FTM,DEFICIT_FTA,DEFICIT_OREB,DEFICIT_DREB,DEFICIT_REB,DEFICIT_AST,DEFICIT_STL,DEFICIT_BLK,DEFICIT_TO,DEFICIT_PF,DEFICIT_FG2M,DEFICIT_FG2A
0,Magic,9,34,0.265,8,10,0.8,9,24,33,25,7,7,13,15,101,33,52,0.634615384615,0,0.477272727273,0.505882352941,0.473684210526,0.586206896552,0.307692307692,0.344827586207,0.473684210526,0.4,0.417721518987,0.5,0.5,0.7,0.5,0.535714285714,0.478260869565,0.464285714286
1,Hornets,10,24,0.417,18,19,0.947,10,36,46,25,7,3,13,13,120,36,60,0.6,1,0.522727272727,0.494117647059,0.526315789474,0.413793103448,0.692307692308,0.655172413793,0.526315789474,0.6,0.582278481013,0.5,0.5,0.3,0.5,0.464285714286,0.521739130435,0.535714285714
