,TEAM_NAME,FG3M,FG3A,FG3_PCT,FTM,FTA,FT_PCT,OREB,DREB,REB,AST,STL,BLK,TO,PF,PTS,FG2M,FG2A,FG2_PCT,OUTCOME,DEFICIT_FGM,DEFICIT_FGA,DEFICIT_FG3M,DEFICIT_FG3A,DEFICIT_FTM,DEFICIT_FTA,DEFICIT_OREB,DEFICIT_DREB,DEFICIT_REB,DEFICIT_AST,DEFICIT_STL,DEFICIT_BLK,DEFICIT_TO,DEFICIT_PF,DEFICIT_FG2M,DEFICIT_FG2A
0,Bucks,11,22,0.5,12,16,0.75,3,35,38,36,8,5,7,14,119,37,62,0.596774193548,1,0.551724137931,0.488372093023,0.647058823529,0.478260869565,0.545454545455,0.5,0.214285714286,0.514705882353,0.463414634146,0.5625,0.666666666667,0.833333333333,0.411764705882,0.538461538462,0.528571428571,0.492063492063
1,Pistons,6,24,0.25,10,16,0.625,11,33,44,28,4,1,10,12,94,33,64,0.515625,0,0.448275862069,0.511627906977,0.352941176471,0.521739130435,0.454545454545,0.5,0.785714285714,0.485294117647,0.536585365854,0.4375,0.333333333333,0.166666666667,0.588235294118,0.461538461538,0.471428571429,0.507936507937
