,TEAM_NAME,FG3M,FG3A,FG3_PCT,FTM,FTA,FT_PCT,OREB,DREB,REB,AST,STL,BLK,TO,PF,PTS,FG2M,FG2A,FG2_PCT,OUTCOME,DEFICIT_FGM,DEFICIT_FGA,DEFICIT_FG3M,DEFICIT_FG3A,DEFICIT_FTM,DEFICIT_FTA,DEFICIT_OREB,DEFICIT_DREB,DEFICIT_REB,DEFICIT_AST,DEFICIT_STL,DEFICIT_BLK,DEFICIT_TO,DEFICIT_PF,DEFICIT_FG2M,DEFICIT_FG2A
0,Pelicans,2,11,0.182,21,28,0.75,15,32,47,18,4,5,13,17,87,30,72,0.416666666667,0,0.463768115942,0.497005988024,0.25,0.333333333333,0.552631578947,0.595744680851,0.6,0.492307692308,0.522222222222,0.514285714286,0.363636363636,0.3125,0.619047619048,0.459459459459,0.491803278689,0.537313432836
1,Warriors,6,22,0.273,17,19,0.895,10,33,43,17,7,11,8,20,97,31,62,0.5,1,0.536231884058,0.502994011976,0.75,0.666666666667,0.447368421053,0.404255319149,0.4,0.507692307692,0.477777777778,0.485714285714,0.636363636364,0.6875,0.380952380952,0.540540540541,0.508196721311,0.462686567164
