,TEAM_NAME,FG3M,FG3A,FG3_PCT,FTM,FTA,FT_PCT,OREB,DREB,REB,AST,STL,BLK,TO,PF,PTS,FG2M,FG2A,FG2_PCT,OUTCOME,DEFICIT_FGM,DEFICIT_FGA,DEFICIT_FG3M,DEFICIT_FG3A,DEFICIT_FTM,DEFICIT_FTA,DEFICIT_OREB,DEFICIT_DREB,DEFICIT_REB,DEFICIT_AST,DEFICIT_STL,DEFICIT_BLK,DEFICIT_TO,DEFICIT_PF,DEFICIT_FG2M,DEFICIT_FG2A
0,76ers,2,19,0.105,8,12,0.667,16,26,42,17,9,5,17,20,78,32,78,0.410256410256,0,0.459459459459,0.541899441341,0.25,0.487179487179,0.32,0.375,0.592592592593,0.388059701493,0.446808510638,0.386363636364,0.473684210526,0.333333333333,0.515151515152,0.571428571429,0.484848484848,0.557142857143
1,Bulls,6,20,0.3,17,20,0.85,11,41,52,27,10,10,16,15,103,34,62,0.548387096774,1,0.540540540541,0.458100558659,0.75,0.512820512821,0.68,0.625,0.407407407407,0.611940298507,0.553191489362,0.613636363636,0.526315789474,0.666666666667,0.484848484848,0.428571428571,0.515151515152,0.442857142857
