,TEAM_NAME,FG3M,FG3A,FG3_PCT,FTM,FTA,FT_PCT,OREB,DREB,REB,AST,STL,BLK,TO,PF,PTS,FG2M,FG2A,FG2_PCT,OUTCOME,DEFICIT_FGM,DEFICIT_FGA,DEFICIT_FG3M,DEFICIT_FG3A,DEFICIT_FTM,DEFICIT_FTA,DEFICIT_OREB,DEFICIT_DREB,DEFICIT_REB,DEFICIT_AST,DEFICIT_STL,DEFICIT_BLK,DEFICIT_TO,DEFICIT_PF,DEFICIT_FG2M,DEFICIT_FG2A
0,Trail Blazers,9,26,0.346,26,28,0.929,14,41,55,26,6,4,15,20,127,37,64,0.578125,1,0.522727272727,0.5,0.5625,0.590909090909,0.565217391304,0.528301886792,0.777777777778,0.611940298507,0.647058823529,0.634146341463,0.545454545455,0.571428571429,0.652173913043,0.46511627907,0.513888888889,0.470588235294
1,Mavericks,7,18,0.389,20,25,0.8,4,26,30,15,5,3,8,23,111,35,72,0.486111111111,0,0.477272727273,0.5,0.4375,0.409090909091,0.434782608696,0.471698113208,0.222222222222,0.388059701493,0.352941176471,0.365853658537,0.454545454545,0.428571428571,0.347826086957,0.53488372093,0.486111111111,0.529411764706
