,TEAM_NAME,FG3M,FG3A,FG3_PCT,FTM,FTA,FT_PCT,OREB,DREB,REB,AST,STL,BLK,TO,PF,PTS,FG2M,FG2A,FG2_PCT,OUTCOME,DEFICIT_FGM,DEFICIT_FGA,DEFICIT_FG3M,DEFICIT_FG3A,DEFICIT_FTM,DEFICIT_FTA,DEFICIT_OREB,DEFICIT_DREB,DEFICIT_REB,DEFICIT_AST,DEFICIT_STL,DEFICIT_BLK,DEFICIT_TO,DEFICIT_PF,DEFICIT_FG2M,DEFICIT_FG2A
0,Heat,7,21,0.333,19,29,0.655,8,35,43,16,5,5,12,23,104,32,58,0.551724137931,1,0.52,0.512987012987,0.5,0.552631578947,0.527777777778,0.557692307692,0.666666666667,0.538461538462,0.558441558442,0.340425531915,0.454545454545,0.454545454545,0.48,0.5,0.524590163934,0.5
1,Bobcats,7,17,0.412,17,23,0.739,4,30,34,31,6,6,13,23,96,29,58,0.5,0,0.48,0.487012987013,0.5,0.447368421053,0.472222222222,0.442307692308,0.333333333333,0.461538461538,0.441558441558,0.659574468085,0.545454545455,0.545454545455,0.52,0.5,0.475409836066,0.5
