,TEAM_NAME,FG3M,FG3A,FG3_PCT,FTM,FTA,FT_PCT,OREB,DREB,REB,AST,STL,BLK,TO,PF,PTS,FG2M,FG2A,FG2_PCT,OUTCOME,DEFICIT_FGM,DEFICIT_FGA,DEFICIT_FG3M,DEFICIT_FG3A,DEFICIT_FTM,DEFICIT_FTA,DEFICIT_OREB,DEFICIT_DREB,DEFICIT_REB,DEFICIT_AST,DEFICIT_STL,DEFICIT_BLK,DEFICIT_TO,DEFICIT_PF,DEFICIT_FG2M,DEFICIT_FG2A
0,Wizards,8,21,0.381,16,29,0.552,6,29,35,22,7,1,19,26,98,29,55,0.527272727273,0,0.480519480519,0.484076433121,0.571428571429,0.5,0.470588235294,0.483333333333,0.352941176471,0.467741935484,0.443037974684,0.564102564103,0.4375,0.25,0.575757575758,0.52,0.460317460317,0.478260869565
1,Pistons,6,21,0.286,18,31,0.581,11,33,44,17,9,3,14,24,104,34,60,0.566666666667,1,0.519480519481,0.515923566879,0.428571428571,0.5,0.529411764706,0.516666666667,0.647058823529,0.532258064516,0.556962025316,0.435897435897,0.5625,0.75,0.424242424242,0.48,0.539682539683,0.521739130435
