,TEAM_NAME,FG3M,FG3A,FG3_PCT,FTM,FTA,FT_PCT,OREB,DREB,REB,AST,STL,BLK,TO,PF,PTS,FG2M,FG2A,FG2_PCT,OUTCOME,DEFICIT_FGM,DEFICIT_FGA,DEFICIT_FG3M,DEFICIT_FG3A,DEFICIT_FTM,DEFICIT_FTA,DEFICIT_OREB,DEFICIT_DREB,DEFICIT_REB,DEFICIT_AST,DEFICIT_STL,DEFICIT_BLK,DEFICIT_TO,DEFICIT_PF,DEFICIT_FG2M,DEFICIT_FG2A
0,Timberwolves,9,26,0.346,23,28,0.821,21,37,58,28,10,2,23,26,130,40,68,0.588235294118,0,0.52688172043,0.5,0.290322580645,0.309523809524,0.418181818182,0.4,0.617647058824,0.660714285714,0.644444444444,0.466666666667,0.4,0.25,0.638888888889,0.553191489362,0.645161290323,0.653846153846
1,Rockets,22,58,0.379,32,42,0.762,13,19,32,32,15,6,13,21,142,22,36,0.611111111111,1,0.47311827957,0.5,0.709677419355,0.690476190476,0.581818181818,0.6,0.382352941176,0.339285714286,0.355555555556,0.533333333333,0.6,0.75,0.361111111111,0.446808510638,0.354838709677,0.346153846154
