,TEAM_NAME,FG3M,FG3A,FG3_PCT,FTM,FTA,FT_PCT,OREB,DREB,REB,AST,STL,BLK,TO,PF,PTS,FG2M,FG2A,FG2_PCT,OUTCOME,DEFICIT_FGM,DEFICIT_FGA,DEFICIT_FG3M,DEFICIT_FG3A,DEFICIT_FTM,DEFICIT_FTA,DEFICIT_OREB,DEFICIT_DREB,DEFICIT_REB,DEFICIT_AST,DEFICIT_STL,DEFICIT_BLK,DEFICIT_TO,DEFICIT_PF,DEFICIT_FG2M,DEFICIT_FG2A
0,Warriors,11,31,0.355,17,22,0.773,13,39,52,30,10,11,11,17,112,31,69,0.449275362319,1,0.525,0.515463917526,0.578947368421,0.525423728814,0.607142857143,0.564102564103,0.541666666667,0.4875,0.5,0.545454545455,0.555555555556,0.785714285714,0.407407407407,0.459459459459,0.508196721311,0.511111111111
1,Nets,8,28,0.286,11,17,0.647,11,41,52,25,8,3,16,20,95,30,66,0.454545454545,0,0.475,0.484536082474,0.421052631579,0.474576271186,0.392857142857,0.435897435897,0.458333333333,0.5125,0.5,0.454545454545,0.444444444444,0.214285714286,0.592592592593,0.540540540541,0.491803278689,0.488888888889
