,TEAM_NAME,FG3M,FG3A,FG3_PCT,FTM,FTA,FT_PCT,OREB,DREB,REB,AST,STL,BLK,TO,PF,PTS,FG2M,FG2A,FG2_PCT,OUTCOME,DEFICIT_FGM,DEFICIT_FGA,DEFICIT_FG3M,DEFICIT_FG3A,DEFICIT_FTM,DEFICIT_FTA,DEFICIT_OREB,DEFICIT_DREB,DEFICIT_REB,DEFICIT_AST,DEFICIT_STL,DEFICIT_BLK,DEFICIT_TO,DEFICIT_PF,DEFICIT_FG2M,DEFICIT_FG2A
0,Kings,11,28,0.393,12,15,0.8,9,32,41,18,3,6,14,19,85,20,51,0.392156862745,0,0.476923076923,0.481707317073,0.44,0.424242424242,0.413793103448,0.454545454545,0.409090909091,0.463768115942,0.450549450549,0.409090909091,0.230769230769,0.666666666667,0.583333333333,0.59375,0.5,0.520408163265
1,Hornets,14,38,0.368,17,18,0.944,13,37,50,26,10,3,10,13,99,20,47,0.425531914894,1,0.523076923077,0.518292682927,0.56,0.575757575758,0.586206896552,0.545454545455,0.590909090909,0.536231884058,0.549450549451,0.590909090909,0.769230769231,0.333333333333,0.416666666667,0.40625,0.5,0.479591836735
