,TEAM_NAME,FG3M,FG3A,FG3_PCT,FTM,FTA,FT_PCT,OREB,DREB,REB,AST,STL,BLK,TO,PF,PTS,FG2M,FG2A,FG2_PCT,OUTCOME,DEFICIT_FGM,DEFICIT_FGA,DEFICIT_FG3M,DEFICIT_FG3A,DEFICIT_FTM,DEFICIT_FTA,DEFICIT_OREB,DEFICIT_DREB,DEFICIT_REB,DEFICIT_AST,DEFICIT_STL,DEFICIT_BLK,DEFICIT_TO,DEFICIT_PF,DEFICIT_FG2M,DEFICIT_FG2A
0,Bucks,6,16,0.375,8,14,0.571,17,26,43,28,9,3,10,19,106,40,86,0.46511627907,0,0.5,0.551351351351,0.545454545455,0.457142857143,0.285714285714,0.411764705882,0.708333333333,0.40625,0.488636363636,0.509090909091,0.642857142857,0.230769230769,0.4,0.633333333333,0.493827160494,0.573333333333
1,Bulls,5,19,0.263,20,20,1.0,7,38,45,27,5,10,15,11,117,41,64,0.640625,1,0.5,0.448648648649,0.454545454545,0.542857142857,0.714285714286,0.588235294118,0.291666666667,0.59375,0.511363636364,0.490909090909,0.357142857143,0.769230769231,0.6,0.366666666667,0.506172839506,0.426666666667
