,TEAM_NAME,FG3M,FG3A,FG3_PCT,FTM,FTA,FT_PCT,OREB,DREB,REB,AST,STL,BLK,TO,PF,PTS,FG2M,FG2A,FG2_PCT,OUTCOME,DEFICIT_FGM,DEFICIT_FGA,DEFICIT_FG3M,DEFICIT_FG3A,DEFICIT_FTM,DEFICIT_FTA,DEFICIT_OREB,DEFICIT_DREB,DEFICIT_REB,DEFICIT_AST,DEFICIT_STL,DEFICIT_BLK,DEFICIT_TO,DEFICIT_PF,DEFICIT_FG2M,DEFICIT_FG2A
0,76ers,11,26,0.423,16,20,0.8,7,33,40,21,8,5,14,25,101,26,52,0.5,1,0.521126760563,0.469879518072,0.611111111111,0.456140350877,0.457142857143,0.416666666667,0.25,0.532258064516,0.444444444444,0.552631578947,0.533333333333,0.454545454545,0.518518518519,0.531914893617,0.490566037736,0.477064220183
1,Heat,7,31,0.226,19,28,0.679,21,29,50,17,7,6,13,22,94,27,57,0.473684210526,0,0.478873239437,0.530120481928,0.388888888889,0.543859649123,0.542857142857,0.583333333333,0.75,0.467741935484,0.555555555556,0.447368421053,0.466666666667,0.545454545455,0.481481481481,0.468085106383,0.509433962264,0.522935779817
