,TEAM_NAME,FG3M,FG3A,FG3_PCT,FTM,FTA,FT_PCT,OREB,DREB,REB,AST,STL,BLK,TO,PF,PTS,FG2M,FG2A,FG2_PCT,OUTCOME,DEFICIT_FGM,DEFICIT_FGA,DEFICIT_FG3M,DEFICIT_FG3A,DEFICIT_FTM,DEFICIT_FTA,DEFICIT_OREB,DEFICIT_DREB,DEFICIT_REB,DEFICIT_AST,DEFICIT_STL,DEFICIT_BLK,DEFICIT_TO,DEFICIT_PF,DEFICIT_FG2M,DEFICIT_FG2A
0,Trail Blazers,9,26,0.346,24,31,0.774,10,31,41,23,4,6,15,23,111,30,51,0.588235294118,0,0.469879518072,0.458333333333,0.473684210526,0.464285714286,0.521739130435,0.534482758621,0.416666666667,0.516666666667,0.488095238095,0.5,0.333333333333,0.857142857143,0.652173913043,0.522727272727,0.46875,0.455357142857
1,Celtics,10,30,0.333,22,27,0.815,14,29,43,23,8,1,8,21,120,34,61,0.55737704918,1,0.530120481928,0.541666666667,0.526315789474,0.535714285714,0.478260869565,0.465517241379,0.583333333333,0.483333333333,0.511904761905,0.5,0.666666666667,0.142857142857,0.347826086957,0.477272727273,0.53125,0.544642857143
