,TEAM_NAME,FG3M,FG3A,FG3_PCT,FTM,FTA,FT_PCT,OREB,DREB,REB,AST,STL,BLK,TO,PF,PTS,FG2M,FG2A,FG2_PCT,OUTCOME,DEFICIT_FGM,DEFICIT_FGA,DEFICIT_FG3M,DEFICIT_FG3A,DEFICIT_FTM,DEFICIT_FTA,DEFICIT_OREB,DEFICIT_DREB,DEFICIT_REB,DEFICIT_AST,DEFICIT_STL,DEFICIT_BLK,DEFICIT_TO,DEFICIT_PF,DEFICIT_FG2M,DEFICIT_FG2A
0,Rockets,13,40,0.325,16,20,0.8,9,33,42,22,13,5,17,19,107,26,47,0.553191489362,1,0.513157894737,0.505813953488,0.619047619048,0.606060606061,0.551724137931,0.588235294118,0.473684210526,0.471428571429,0.47191011236,0.458333333333,0.619047619048,0.5,0.447368421053,0.527777777778,0.472727272727,0.443396226415
1,Hornets,8,26,0.308,13,14,0.929,10,37,47,26,8,5,21,17,95,29,59,0.491525423729,0,0.486842105263,0.494186046512,0.380952380952,0.393939393939,0.448275862069,0.411764705882,0.526315789474,0.528571428571,0.52808988764,0.541666666667,0.380952380952,0.5,0.552631578947,0.472222222222,0.527272727273,0.556603773585
