,TEAM_NAME,FG3M,FG3A,FG3_PCT,FTM,FTA,FT_PCT,OREB,DREB,REB,AST,STL,BLK,TO,PF,PTS,FG2M,FG2A,FG2_PCT,OUTCOME,DEFICIT_FGM,DEFICIT_FGA,DEFICIT_FG3M,DEFICIT_FG3A,DEFICIT_FTM,DEFICIT_FTA,DEFICIT_OREB,DEFICIT_DREB,DEFICIT_REB,DEFICIT_AST,DEFICIT_STL,DEFICIT_BLK,DEFICIT_TO,DEFICIT_PF,DEFICIT_FG2M,DEFICIT_FG2A
0,76ers,11,28,0.393,21,27,0.778,13,32,45,25,13,5,15,19,112,29,67,0.432835820896,1,0.493827160494,0.530726256983,0.52380952381,0.571428571429,0.525,0.529411764706,0.65,0.444444444444,0.489130434783,0.480769230769,0.764705882353,0.384615384615,0.416666666667,0.487179487179,0.483333333333,0.515384615385
1,Magic,10,21,0.476,19,24,0.792,7,40,47,27,4,8,21,20,111,31,63,0.492063492063,0,0.506172839506,0.469273743017,0.47619047619,0.428571428571,0.475,0.470588235294,0.35,0.555555555556,0.510869565217,0.519230769231,0.235294117647,0.615384615385,0.583333333333,0.512820512821,0.516666666667,0.484615384615
