,TEAM_NAME,FG3M,FG3A,FG3_PCT,FTM,FTA,FT_PCT,OREB,DREB,REB,AST,STL,BLK,TO,PF,PTS,FG2M,FG2A,FG2_PCT,OUTCOME,DEFICIT_FGM,DEFICIT_FGA,DEFICIT_FG3M,DEFICIT_FG3A,DEFICIT_FTM,DEFICIT_FTA,DEFICIT_OREB,DEFICIT_DREB,DEFICIT_REB,DEFICIT_AST,DEFICIT_STL,DEFICIT_BLK,DEFICIT_TO,DEFICIT_PF,DEFICIT_FG2M,DEFICIT_FG2A
0,Magic,7,20,0.35,23,29,0.793,9,32,41,17,9,4,16,18,94,25,59,0.423728813559,0,0.426666666667,0.478787878788,0.411764705882,0.454545454545,0.575,0.58,0.529411764706,0.457142857143,0.471264367816,0.377777777778,0.529411764706,0.4,0.571428571429,0.473684210526,0.431034482759,0.487603305785
1,Celtics,10,24,0.417,17,21,0.81,8,38,46,28,8,6,12,20,113,33,62,0.532258064516,1,0.573333333333,0.521212121212,0.588235294118,0.545454545455,0.425,0.42,0.470588235294,0.542857142857,0.528735632184,0.622222222222,0.470588235294,0.6,0.428571428571,0.526315789474,0.568965517241,0.512396694215
