,TEAM_NAME,FG3M,FG3A,FG3_PCT,FTM,FTA,FT_PCT,OREB,DREB,REB,AST,STL,BLK,TO,PF,PTS,FG2M,FG2A,FG2_PCT,OUTCOME,DEFICIT_FGM,DEFICIT_FGA,DEFICIT_FG3M,DEFICIT_FG3A,DEFICIT_FTM,DEFICIT_FTA,DEFICIT_OREB,DEFICIT_DREB,DEFICIT_REB,DEFICIT_AST,DEFICIT_STL,DEFICIT_BLK,DEFICIT_TO,DEFICIT_PF,DEFICIT_FG2M,DEFICIT_FG2A
0,Pistons,7,23,0.304,19,26,0.731,9,30,39,20,5,4,9,24,106,33,61,0.540983606557,0,0.506329113924,0.502994011976,0.4375,0.5,0.413043478261,0.472727272727,0.473684210526,0.44776119403,0.453488372093,0.5,0.555555555556,0.8,0.5625,0.489795918367,0.52380952381,0.504132231405
1,Cavaliers,9,23,0.391,27,29,0.931,10,37,47,20,4,1,7,25,114,30,60,0.5,1,0.493670886076,0.497005988024,0.5625,0.5,0.586956521739,0.527272727273,0.526315789474,0.55223880597,0.546511627907,0.5,0.444444444444,0.2,0.4375,0.510204081633,0.47619047619,0.495867768595
