,TEAM_NAME,FG3M,FG3A,FG3_PCT,FTM,FTA,FT_PCT,OREB,DREB,REB,AST,STL,BLK,TO,PF,PTS,FG2M,FG2A,FG2_PCT,OUTCOME,DEFICIT_FGM,DEFICIT_FGA,DEFICIT_FG3M,DEFICIT_FG3A,DEFICIT_FTM,DEFICIT_FTA,DEFICIT_OREB,DEFICIT_DREB,DEFICIT_REB,DEFICIT_AST,DEFICIT_STL,DEFICIT_BLK,DEFICIT_TO,DEFICIT_PF,DEFICIT_FG2M,DEFICIT_FG2A
0,Trail Blazers,7,20,0.35,12,16,0.75,13,38,51,24,10,4,11,21,109,38,72,0.527777777778,1,0.592105263158,0.53488372093,0.411764705882,0.408163265306,0.387096774194,0.363636363636,0.481481481481,0.535211267606,0.520408163265,0.585365853659,0.526315789474,0.5,0.407407407407,0.636363636364,0.64406779661,0.585365853659
1,Hornets,10,29,0.345,19,28,0.679,14,33,47,17,9,4,16,12,91,21,51,0.411764705882,0,0.407894736842,0.46511627907,0.588235294118,0.591836734694,0.612903225806,0.636363636364,0.518518518519,0.464788732394,0.479591836735,0.414634146341,0.473684210526,0.5,0.592592592593,0.363636363636,0.35593220339,0.414634146341
