,TEAM_NAME,FG3M,FG3A,FG3_PCT,FTM,FTA,FT_PCT,OREB,DREB,REB,AST,STL,BLK,TO,PF,PTS,FG2M,FG2A,FG2_PCT,OUTCOME,DEFICIT_FGM,DEFICIT_FGA,DEFICIT_FG3M,DEFICIT_FG3A,DEFICIT_FTM,DEFICIT_FTA,DEFICIT_OREB,DEFICIT_DREB,DEFICIT_REB,DEFICIT_AST,DEFICIT_STL,DEFICIT_BLK,DEFICIT_TO,DEFICIT_PF,DEFICIT_FG2M,DEFICIT_FG2A
0,Timberwolves,4,12,0.333,20,22,0.909,10,34,44,16,7,6,16,27,84,26,73,0.3561643835616438,0,0.44776119402985076,0.5279503105590062,0.5,0.46153846153846156,0.5263157894736842,0.46808510638297873,0.5882352941176471,0.4927536231884058,0.5116279069767442,0.5333333333333333,0.5384615384615384,0.5,0.5,0.5869565217391305,0.4406779661016949,0.5407407407407407
1,Heat,4,14,0.286,18,25,0.72,7,35,42,14,6,6,16,19,96,33,62,0.532258064516129,1,0.5522388059701493,0.4720496894409938,0.5,0.5384615384615384,0.47368421052631576,0.5319148936170213,0.4117647058823529,0.5072463768115942,0.4883720930232558,0.4666666666666667,0.46153846153846156,0.5,0.5,0.41304347826086957,0.559322033898305,0.45925925925925926
