,TEAM_NAME,FG3M,FG3A,FG3_PCT,FTM,FTA,FT_PCT,OREB,DREB,REB,AST,STL,BLK,TO,PF,PTS,FG2M,FG2A,FG2_PCT,OUTCOME,DEFICIT_FGM,DEFICIT_FGA,DEFICIT_FG3M,DEFICIT_FG3A,DEFICIT_FTM,DEFICIT_FTA,DEFICIT_OREB,DEFICIT_DREB,DEFICIT_REB,DEFICIT_AST,DEFICIT_STL,DEFICIT_BLK,DEFICIT_TO,DEFICIT_PF,DEFICIT_FG2M,DEFICIT_FG2A
0,Thunder,5,13,0.385,17,20,0.85,9,35,44,21,2,8,9,18,98,33,71,0.464788732394,0,0.487179487179,0.48275862069,0.416666666667,0.41935483871,0.5,0.487804878049,0.45,0.492957746479,0.483516483516,0.512195121951,0.4,0.533333333333,0.6,0.514285714286,0.5,0.496503496503
1,Bulls,7,18,0.389,17,21,0.81,11,36,47,20,3,7,6,17,104,33,72,0.458333333333,1,0.512820512821,0.51724137931,0.583333333333,0.58064516129,0.5,0.512195121951,0.55,0.507042253521,0.516483516484,0.487804878049,0.6,0.466666666667,0.4,0.485714285714,0.5,0.503496503497
