,TEAM_NAME,FG3M,FG3A,FG3_PCT,FTM,FTA,FT_PCT,OREB,DREB,REB,AST,STL,BLK,TO,PF,PTS,FG2M,FG2A,FG2_PCT,OUTCOME,DEFICIT_FGM,DEFICIT_FGA,DEFICIT_FG3M,DEFICIT_FG3A,DEFICIT_FTM,DEFICIT_FTA,DEFICIT_OREB,DEFICIT_DREB,DEFICIT_REB,DEFICIT_AST,DEFICIT_STL,DEFICIT_BLK,DEFICIT_TO,DEFICIT_PF,DEFICIT_FG2M,DEFICIT_FG2A
0,Timberwolves,4,12,0.333,20,22,0.909,10,34,44,16,7,6,16,27,84,26,73,0.356164383562,0,0.44776119403,0.527950310559,0.5,0.461538461538,0.526315789474,0.468085106383,0.588235294118,0.492753623188,0.511627906977,0.533333333333,0.538461538462,0.5,0.5,0.586956521739,0.440677966102,0.540740740741
1,Heat,4,14,0.286,18,25,0.72,7,35,42,14,6,6,16,19,96,33,62,0.532258064516,1,0.55223880597,0.472049689441,0.5,0.538461538462,0.473684210526,0.531914893617,0.411764705882,0.507246376812,0.488372093023,0.466666666667,0.461538461538,0.5,0.5,0.413043478261,0.559322033898,0.459259259259
