,TEAM_NAME,FG3M,FG3A,FG3_PCT,FTM,FTA,FT_PCT,OREB,DREB,REB,AST,STL,BLK,TO,PF,PTS,FG2M,FG2A,FG2_PCT,OUTCOME,DEFICIT_FGM,DEFICIT_FGA,DEFICIT_FG3M,DEFICIT_FG3A,DEFICIT_FTM,DEFICIT_FTA,DEFICIT_OREB,DEFICIT_DREB,DEFICIT_REB,DEFICIT_AST,DEFICIT_STL,DEFICIT_BLK,DEFICIT_TO,DEFICIT_PF,DEFICIT_FG2M,DEFICIT_FG2A
0,Suns,7,25,0.28,23,34,0.676,15,35,50,16,14,3,19,30,98,27,68,0.397058823529,0,0.441558441558,0.494680851064,0.466666666667,0.462962962963,0.418181818182,0.447368421053,0.46875,0.443037974684,0.45045045045,0.390243902439,0.56,0.375,0.527777777778,0.535714285714,0.435483870968,0.507462686567
1,Nets,8,29,0.276,32,42,0.762,17,44,61,25,11,5,17,26,126,35,66,0.530303030303,1,0.558441558442,0.505319148936,0.533333333333,0.537037037037,0.581818181818,0.552631578947,0.53125,0.556962025316,0.54954954955,0.609756097561,0.44,0.625,0.472222222222,0.464285714286,0.564516129032,0.492537313433
