,TEAM_NAME,FG3M,FG3A,FG3_PCT,FTM,FTA,FT_PCT,OREB,DREB,REB,AST,STL,BLK,TO,PF,PTS,FG2M,FG2A,FG2_PCT,OUTCOME,DEFICIT_FGM,DEFICIT_FGA,DEFICIT_FG3M,DEFICIT_FG3A,DEFICIT_FTM,DEFICIT_FTA,DEFICIT_OREB,DEFICIT_DREB,DEFICIT_REB,DEFICIT_AST,DEFICIT_STL,DEFICIT_BLK,DEFICIT_TO,DEFICIT_PF,DEFICIT_FG2M,DEFICIT_FG2A
0,Spurs,5,19,0.263,21,25,0.84,13,34,47,20,8,4,19,19,100,32,64,0.5,0,0.46835443038,0.488235294118,0.3125,0.387755102041,0.617647058824,0.54347826087,0.565217391304,0.539682539683,0.546511627907,0.454545454545,0.470588235294,0.444444444444,0.542857142857,0.463414634146,0.507936507937,0.528925619835
1,Heat,11,30,0.367,13,21,0.619,10,29,39,24,9,5,16,22,108,31,57,0.543859649123,1,0.53164556962,0.511764705882,0.6875,0.612244897959,0.382352941176,0.45652173913,0.434782608696,0.460317460317,0.453488372093,0.545454545455,0.529411764706,0.555555555556,0.457142857143,0.536585365854,0.492063492063,0.471074380165
