,TEAM_NAME,FG3M,FG3A,FG3_PCT,FTM,FTA,FT_PCT,OREB,DREB,REB,AST,STL,BLK,TO,PF,PTS,FG2M,FG2A,FG2_PCT,OUTCOME,DEFICIT_FGM,DEFICIT_FGA,DEFICIT_FG3M,DEFICIT_FG3A,DEFICIT_FTM,DEFICIT_FTA,DEFICIT_OREB,DEFICIT_DREB,DEFICIT_REB,DEFICIT_AST,DEFICIT_STL,DEFICIT_BLK,DEFICIT_TO,DEFICIT_PF,DEFICIT_FG2M,DEFICIT_FG2A
0,Warriors,17,42,0.405,22,33,0.667,11,41,52,27,10,11,16,22,129,28,56,0.5,1,0.473684210526,0.47572815534,0.586206896552,0.591549295775,0.578947368421,0.589285714286,0.392857142857,0.488095238095,0.464285714286,0.490909090909,0.526315789474,0.785714285714,0.5,0.458333333333,0.424242424242,0.414814814815
1,Nuggets,12,29,0.414,16,23,0.696,17,43,60,28,9,3,16,26,128,38,79,0.481012658228,0,0.526315789474,0.52427184466,0.413793103448,0.408450704225,0.421052631579,0.410714285714,0.607142857143,0.511904761905,0.535714285714,0.509090909091,0.473684210526,0.214285714286,0.5,0.541666666667,0.575757575758,0.585185185185
