,TEAM_NAME,FG3M,FG3A,FG3_PCT,FTM,FTA,FT_PCT,OREB,DREB,REB,AST,STL,BLK,TO,PF,PTS,FG2M,FG2A,FG2_PCT,OUTCOME,DEFICIT_FGM,DEFICIT_FGA,DEFICIT_FG3M,DEFICIT_FG3A,DEFICIT_FTM,DEFICIT_FTA,DEFICIT_OREB,DEFICIT_DREB,DEFICIT_REB,DEFICIT_AST,DEFICIT_STL,DEFICIT_BLK,DEFICIT_TO,DEFICIT_PF,DEFICIT_FG2M,DEFICIT_FG2A
0,Rockets,9,30,0.3,16,25,0.64,21,39,60,24,4,6,12,25,99,28,71,0.394366197183,0,0.5,0.520618556701,0.5,0.526315789474,0.457142857143,0.510204081633,0.6,0.527027027027,0.550458715596,0.571428571429,0.333333333333,0.4,0.5,0.510204081633,0.5,0.518248175182
1,Warriors,9,27,0.333,19,24,0.792,14,35,49,18,8,9,12,24,102,28,66,0.424242424242,1,0.5,0.479381443299,0.5,0.473684210526,0.542857142857,0.489795918367,0.4,0.472972972973,0.449541284404,0.428571428571,0.666666666667,0.6,0.5,0.489795918367,0.5,0.481751824818
