,TEAM_NAME,FG3M,FG3A,FG3_PCT,FTM,FTA,FT_PCT,OREB,DREB,REB,AST,STL,BLK,TO,PF,PTS,FG2M,FG2A,FG2_PCT,OUTCOME,DEFICIT_FGM,DEFICIT_FGA,DEFICIT_FG3M,DEFICIT_FG3A,DEFICIT_FTM,DEFICIT_FTA,DEFICIT_OREB,DEFICIT_DREB,DEFICIT_REB,DEFICIT_AST,DEFICIT_STL,DEFICIT_BLK,DEFICIT_TO,DEFICIT_PF,DEFICIT_FG2M,DEFICIT_FG2A
0,Bucks,4,21,0.19,16,20,0.8,12,24,36,15,4,6,12,20,90,31,61,0.508196721311,0,0.472972972973,0.518987341772,0.333333333333,0.538461538462,0.516129032258,0.434782608696,0.5,0.452830188679,0.467532467532,0.405405405405,0.4,0.5,0.444444444444,0.5,0.5,0.512605042017
1,Nuggets,8,18,0.444,15,26,0.577,12,29,41,22,6,6,15,20,101,31,58,0.534482758621,1,0.527027027027,0.481012658228,0.666666666667,0.461538461538,0.483870967742,0.565217391304,0.5,0.547169811321,0.532467532468,0.594594594595,0.6,0.5,0.555555555556,0.5,0.5,0.487394957983
