,TEAM_NAME,FG3M,FG3A,FG3_PCT,FTM,FTA,FT_PCT,OREB,DREB,REB,AST,STL,BLK,TO,PF,PTS,FG2M,FG2A,FG2_PCT,OUTCOME,DEFICIT_FGM,DEFICIT_FGA,DEFICIT_FG3M,DEFICIT_FG3A,DEFICIT_FTM,DEFICIT_FTA,DEFICIT_OREB,DEFICIT_DREB,DEFICIT_REB,DEFICIT_AST,DEFICIT_STL,DEFICIT_BLK,DEFICIT_TO,DEFICIT_PF,DEFICIT_FG2M,DEFICIT_FG2A
0,Knicks,3,19,0.158,6,7,0.857,19,31,50,16,8,2,11,16,83,34,80,0.425,0,0.480519480519,0.556179775281,0.2,0.365384615385,0.4,0.318181818182,0.730769230769,0.43661971831,0.515463917526,0.421052631579,0.615384615385,0.4,0.423076923077,0.533333333333,0.548387096774,0.634920634921
1,Cavaliers,12,33,0.364,9,15,0.6,7,40,47,22,5,3,15,14,101,28,46,0.608695652174,1,0.519480519481,0.443820224719,0.8,0.634615384615,0.6,0.681818181818,0.269230769231,0.56338028169,0.484536082474,0.578947368421,0.384615384615,0.6,0.576923076923,0.466666666667,0.451612903226,0.365079365079
