,TEAM_NAME,FG3M,FG3A,FG3_PCT,FTM,FTA,FT_PCT,OREB,DREB,REB,AST,STL,BLK,TO,PF,PTS,FG2M,FG2A,FG2_PCT,OUTCOME,DEFICIT_FGM,DEFICIT_FGA,DEFICIT_FG3M,DEFICIT_FG3A,DEFICIT_FTM,DEFICIT_FTA,DEFICIT_OREB,DEFICIT_DREB,DEFICIT_REB,DEFICIT_AST,DEFICIT_STL,DEFICIT_BLK,DEFICIT_TO,DEFICIT_PF,DEFICIT_FG2M,DEFICIT_FG2A
0,Mavericks,5,18,0.278,15,19,0.789,6,43,49,20,7,6,15,16,92,31,60,0.516666666667,1,0.521739130435,0.464285714286,0.454545454545,0.486486486486,0.625,0.59375,0.315789473684,0.558441558442,0.510416666667,0.5,0.411764705882,0.75,0.51724137931,0.444444444444,0.534482758621,0.458015267176
1,Hornets,6,19,0.316,9,13,0.692,13,34,47,20,10,2,14,20,81,27,71,0.380281690141,0,0.478260869565,0.535714285714,0.545454545455,0.513513513514,0.375,0.40625,0.684210526316,0.441558441558,0.489583333333,0.5,0.588235294118,0.25,0.48275862069,0.555555555556,0.465517241379,0.541984732824
