,TEAM_NAME,FG3M,FG3A,FG3_PCT,FTM,FTA,FT_PCT,OREB,DREB,REB,AST,STL,BLK,TO,PF,PTS,FG2M,FG2A,FG2_PCT,OUTCOME,DEFICIT_FGM,DEFICIT_FGA,DEFICIT_FG3M,DEFICIT_FG3A,DEFICIT_FTM,DEFICIT_FTA,DEFICIT_OREB,DEFICIT_DREB,DEFICIT_REB,DEFICIT_AST,DEFICIT_STL,DEFICIT_BLK,DEFICIT_TO,DEFICIT_PF,DEFICIT_FG2M,DEFICIT_FG2A
0,Heat,7,29,0.241,19,24,0.792,16,24,40,19,9,5,15,22,108,34,62,0.548387096774,0,0.5,0.541666666667,0.466666666667,0.547169811321,0.463414634146,0.489795918367,0.666666666667,0.470588235294,0.533333333333,0.372549019608,0.529411764706,0.625,0.483870967742,0.536585365854,0.507462686567,0.539130434783
1,Celtics,8,24,0.333,22,25,0.88,8,27,35,32,8,3,16,19,112,33,53,0.622641509434,1,0.5,0.458333333333,0.533333333333,0.452830188679,0.536585365854,0.510204081633,0.333333333333,0.529411764706,0.466666666667,0.627450980392,0.470588235294,0.375,0.516129032258,0.463414634146,0.492537313433,0.460869565217
