,TEAM_NAME,FG3M,FG3A,FG3_PCT,FTM,FTA,FT_PCT,OREB,DREB,REB,AST,STL,BLK,TO,PF,PTS,FG2M,FG2A,FG2_PCT,OUTCOME,DEFICIT_FGM,DEFICIT_FGA,DEFICIT_FG3M,DEFICIT_FG3A,DEFICIT_FTM,DEFICIT_FTA,DEFICIT_OREB,DEFICIT_DREB,DEFICIT_REB,DEFICIT_AST,DEFICIT_STL,DEFICIT_BLK,DEFICIT_TO,DEFICIT_PF,DEFICIT_FG2M,DEFICIT_FG2A
0,Suns,6,16,0.375,18,22,0.818,8,31,39,25,6,3,12,17,106,35,65,0.538461538462,0,0.493975903614,0.482142857143,0.3,0.347826086957,0.45,0.478260869565,0.5,0.484375,0.4875,0.462962962963,0.428571428571,0.6,0.631578947368,0.548387096774,0.555555555556,0.532786885246
1,Hornets,14,30,0.467,22,24,0.917,8,33,41,29,8,2,7,14,120,28,57,0.491228070175,1,0.506024096386,0.517857142857,0.7,0.652173913043,0.55,0.521739130435,0.5,0.515625,0.5125,0.537037037037,0.571428571429,0.4,0.368421052632,0.451612903226,0.444444444444,0.467213114754
