,TEAM_NAME,FG3M,FG3A,FG3_PCT,FTM,FTA,FT_PCT,OREB,DREB,REB,AST,STL,BLK,TO,PF,PTS,FG2M,FG2A,FG2_PCT,OUTCOME,DEFICIT_FGM,DEFICIT_FGA,DEFICIT_FG3M,DEFICIT_FG3A,DEFICIT_FTM,DEFICIT_FTA,DEFICIT_OREB,DEFICIT_DREB,DEFICIT_REB,DEFICIT_AST,DEFICIT_STL,DEFICIT_BLK,DEFICIT_TO,DEFICIT_PF,DEFICIT_FG2M,DEFICIT_FG2A
0,Grizzlies,8,29,0.276,10,15,0.667,13,24,37,21,11,0,13,13,94,30,56,0.535714285714,0,0.493506493506,0.544871794872,0.32,0.483333333333,0.47619047619,0.5,0.65,0.444444444444,0.5,0.411764705882,0.55,0.0,0.41935483871,0.464285714286,0.576923076923,0.583333333333
1,Warriors,17,31,0.548,11,15,0.733,7,30,37,30,9,4,18,15,106,22,40,0.55,1,0.506493506494,0.455128205128,0.68,0.516666666667,0.52380952381,0.5,0.35,0.555555555556,0.5,0.588235294118,0.45,1.0,0.58064516129,0.535714285714,0.423076923077,0.416666666667
