,TEAM_NAME,FG3M,FG3A,FG3_PCT,FTM,FTA,FT_PCT,OREB,DREB,REB,AST,STL,BLK,TO,PF,PTS,FG2M,FG2A,FG2_PCT,OUTCOME,DEFICIT_FGM,DEFICIT_FGA,DEFICIT_FG3M,DEFICIT_FG3A,DEFICIT_FTM,DEFICIT_FTA,DEFICIT_OREB,DEFICIT_DREB,DEFICIT_REB,DEFICIT_AST,DEFICIT_STL,DEFICIT_BLK,DEFICIT_TO,DEFICIT_PF,DEFICIT_FG2M,DEFICIT_FG2A
0,Bucks,7,23,0.304,13,17,0.765,9,25,34,20,8,0,9,9,94,30,61,0.491803278689,0,0.44578313253,0.497041420118,0.411764705882,0.522727272727,0.65,0.62962962963,0.473684210526,0.390625,0.409638554217,0.377358490566,0.666666666667,0.0,0.391304347826,0.36,0.454545454545,0.488
1,Bulls,10,21,0.476,7,10,0.7,10,39,49,33,4,2,14,16,109,36,64,0.5625,1,0.55421686747,0.502958579882,0.588235294118,0.477272727273,0.35,0.37037037037,0.526315789474,0.609375,0.590361445783,0.622641509434,0.333333333333,1.0,0.608695652174,0.64,0.545454545455,0.512
