,TEAM_NAME,FG3M,FG3A,FG3_PCT,FTM,FTA,FT_PCT,OREB,DREB,REB,AST,STL,BLK,TO,PF,PTS,FG2M,FG2A,FG2_PCT,OUTCOME,DEFICIT_FGM,DEFICIT_FGA,DEFICIT_FG3M,DEFICIT_FG3A,DEFICIT_FTM,DEFICIT_FTA,DEFICIT_OREB,DEFICIT_DREB,DEFICIT_REB,DEFICIT_AST,DEFICIT_STL,DEFICIT_BLK,DEFICIT_TO,DEFICIT_PF,DEFICIT_FG2M,DEFICIT_FG2A
0,Magic,10,22,0.455,9,11,0.818,8,25,33,19,8,3,9,17,107,34,64,0.53125,1,0.530120481928,0.530864197531,0.588235294118,0.478260869565,0.391304347826,0.407407407407,0.470588235294,0.454545454545,0.458333333333,0.475,0.615384615385,0.333333333333,0.375,0.548387096774,0.515151515152,0.551724137931
1,Knicks,7,24,0.292,14,16,0.875,9,30,39,21,5,6,15,14,99,32,52,0.615384615385,0,0.469879518072,0.469135802469,0.411764705882,0.521739130435,0.608695652174,0.592592592593,0.529411764706,0.545454545455,0.541666666667,0.525,0.384615384615,0.666666666667,0.625,0.451612903226,0.484848484848,0.448275862069
