,TEAM_NAME,FG3M,FG3A,FG3_PCT,FTM,FTA,FT_PCT,OREB,DREB,REB,AST,STL,BLK,TO,PF,PTS,FG2M,FG2A,FG2_PCT,OUTCOME,DEFICIT_FGM,DEFICIT_FGA,DEFICIT_FG3M,DEFICIT_FG3A,DEFICIT_FTM,DEFICIT_FTA,DEFICIT_OREB,DEFICIT_DREB,DEFICIT_REB,DEFICIT_AST,DEFICIT_STL,DEFICIT_BLK,DEFICIT_TO,DEFICIT_PF,DEFICIT_FG2M,DEFICIT_FG2A
0,Thunder,3,14,0.214,10,15,0.667,11,39,50,25,9,5,15,28,97,39,79,0.493670886076,1,0.567567567568,0.502702702703,0.428571428571,0.358974358974,0.344827586207,0.333333333333,0.407407407407,0.541666666667,0.505050505051,0.625,0.5,0.5,0.483870967742,0.7,0.582089552239,0.541095890411
1,Nuggets,4,25,0.16,19,30,0.633,16,33,49,15,9,5,16,12,87,28,67,0.417910447761,0,0.432432432432,0.497297297297,0.571428571429,0.641025641026,0.655172413793,0.666666666667,0.592592592593,0.458333333333,0.494949494949,0.375,0.5,0.5,0.516129032258,0.3,0.417910447761,0.458904109589
