,TEAM_NAME,FG3M,FG3A,FG3_PCT,FTM,FTA,FT_PCT,OREB,DREB,REB,AST,STL,BLK,TO,PF,PTS,FG2M,FG2A,FG2_PCT,OUTCOME,DEFICIT_FGM,DEFICIT_FGA,DEFICIT_FG3M,DEFICIT_FG3A,DEFICIT_FTM,DEFICIT_FTA,DEFICIT_OREB,DEFICIT_DREB,DEFICIT_REB,DEFICIT_AST,DEFICIT_STL,DEFICIT_BLK,DEFICIT_TO,DEFICIT_PF,DEFICIT_FG2M,DEFICIT_FG2A
0,Magic,2,19,0.105,19,24,0.792,10,32,42,13,6,3,15,15,77,26,64,0.40625,0,0.394366197183,0.497005988024,0.166666666667,0.441860465116,0.633333333333,0.685714285714,0.588235294118,0.450704225352,0.477272727273,0.361111111111,0.375,0.25,0.535714285714,0.428571428571,0.440677966102,0.516129032258
1,Heat,10,24,0.417,11,11,1.0,7,39,46,23,10,9,13,20,107,33,60,0.55,1,0.605633802817,0.502994011976,0.833333333333,0.558139534884,0.366666666667,0.314285714286,0.411764705882,0.549295774648,0.522727272727,0.638888888889,0.625,0.75,0.464285714286,0.571428571429,0.559322033898,0.483870967742
