,TEAM_NAME,FG3M,FG3A,FG3_PCT,FTM,FTA,FT_PCT,OREB,DREB,REB,AST,STL,BLK,TO,PF,PTS,FG2M,FG2A,FG2_PCT,OUTCOME,DEFICIT_FGM,DEFICIT_FGA,DEFICIT_FG3M,DEFICIT_FG3A,DEFICIT_FTM,DEFICIT_FTA,DEFICIT_OREB,DEFICIT_DREB,DEFICIT_REB,DEFICIT_AST,DEFICIT_STL,DEFICIT_BLK,DEFICIT_TO,DEFICIT_PF,DEFICIT_FG2M,DEFICIT_FG2A
0,Wizards,6,19,0.316,22,31,0.71,6,41,47,20,12,3,15,17,96,28,63,0.444444444444,1,0.485714285714,0.5,0.428571428571,0.372549019608,0.666666666667,0.584905660377,0.545454545455,0.5,0.505376344086,0.454545454545,0.571428571429,0.375,0.441176470588,0.369565217391,0.5,0.557522123894
1,Cavaliers,8,32,0.25,11,22,0.5,5,41,46,24,9,5,19,29,91,28,50,0.56,0,0.514285714286,0.5,0.571428571429,0.627450980392,0.333333333333,0.415094339623,0.454545454545,0.5,0.494623655914,0.545454545455,0.428571428571,0.625,0.558823529412,0.630434782609,0.5,0.442477876106
