,TEAM_NAME,FG3M,FG3A,FG3_PCT,FTM,FTA,FT_PCT,OREB,DREB,REB,AST,STL,BLK,TO,PF,PTS,FG2M,FG2A,FG2_PCT,OUTCOME,DEFICIT_FGM,DEFICIT_FGA,DEFICIT_FG3M,DEFICIT_FG3A,DEFICIT_FTM,DEFICIT_FTA,DEFICIT_OREB,DEFICIT_DREB,DEFICIT_REB,DEFICIT_AST,DEFICIT_STL,DEFICIT_BLK,DEFICIT_TO,DEFICIT_PF,DEFICIT_FG2M,DEFICIT_FG2A
0,Spurs,4,11,0.364,21,25,0.84,7,40,47,32,4,1,7,17,119,43,65,0.661538461538,1,0.643835616438,0.503311258278,0.5,0.314285714286,0.636363636364,0.54347826087,0.538461538462,0.615384615385,0.602564102564,0.695652173913,0.571428571429,0.5,0.35,0.404761904762,0.661538461538,0.560344827586
1,76ers,4,24,0.167,12,21,0.571,6,25,31,14,3,1,13,25,68,22,51,0.43137254902,0,0.356164383562,0.496688741722,0.5,0.685714285714,0.363636363636,0.45652173913,0.461538461538,0.384615384615,0.397435897436,0.304347826087,0.428571428571,0.5,0.65,0.595238095238,0.338461538462,0.439655172414
