,TEAM_NAME,FG3M,FG3A,FG3_PCT,FTM,FTA,FT_PCT,OREB,DREB,REB,AST,STL,BLK,TO,PF,PTS,FG2M,FG2A,FG2_PCT,OUTCOME,DEFICIT_FGM,DEFICIT_FGA,DEFICIT_FG3M,DEFICIT_FG3A,DEFICIT_FTM,DEFICIT_FTA,DEFICIT_OREB,DEFICIT_DREB,DEFICIT_REB,DEFICIT_AST,DEFICIT_STL,DEFICIT_BLK,DEFICIT_TO,DEFICIT_PF,DEFICIT_FG2M,DEFICIT_FG2A
0,Knicks,6,29,0.207,19,21,0.905,16,32,48,21,10,4,21,24,101,32,64,0.5,0,0.475,0.528409090909,0.375,0.547169811321,0.513513513514,0.446808510638,0.695652173913,0.5,0.551724137931,0.446808510638,0.47619047619,0.5,0.583333333333,0.571428571429,0.5,0.520325203252
1,Hawks,10,24,0.417,18,26,0.692,7,32,39,26,11,4,15,18,112,32,59,0.542372881356,1,0.525,0.471590909091,0.625,0.452830188679,0.486486486486,0.553191489362,0.304347826087,0.5,0.448275862069,0.553191489362,0.52380952381,0.5,0.416666666667,0.428571428571,0.5,0.479674796748
