,TEAM_NAME,FG3M,FG3A,FG3_PCT,FTM,FTA,FT_PCT,OREB,DREB,REB,AST,STL,BLK,TO,PF,PTS,FG2M,FG2A,FG2_PCT,OUTCOME,DEFICIT_FGM,DEFICIT_FGA,DEFICIT_FG3M,DEFICIT_FG3A,DEFICIT_FTM,DEFICIT_FTA,DEFICIT_OREB,DEFICIT_DREB,DEFICIT_REB,DEFICIT_AST,DEFICIT_STL,DEFICIT_BLK,DEFICIT_TO,DEFICIT_PF,DEFICIT_FG2M,DEFICIT_FG2A
0,Knicks,6,29,0.207,19,21,0.905,16,32,48,21,10,4,21,24,101,32,64,0.5,0,0.475,0.5284090909090909,0.375,0.5471698113207547,0.5135135135135135,0.44680851063829785,0.6956521739130435,0.5,0.5517241379310345,0.44680851063829785,0.47619047619047616,0.5,0.5833333333333334,0.5714285714285714,0.5,0.5203252032520326
1,Hawks,10,24,0.417,18,26,0.692,7,32,39,26,11,4,15,18,112,32,59,0.5423728813559322,1,0.525,0.4715909090909091,0.625,0.4528301886792453,0.4864864864864865,0.5531914893617021,0.30434782608695654,0.5,0.4482758620689655,0.5531914893617021,0.5238095238095238,0.5,0.4166666666666667,0.42857142857142855,0.5,0.4796747967479675
