,TEAM_NAME,FG3M,FG3A,FG3_PCT,FTM,FTA,FT_PCT,OREB,DREB,REB,AST,STL,BLK,TO,PF,PTS,FG2M,FG2A,FG2_PCT,OUTCOME,DEFICIT_FGM,DEFICIT_FGA,DEFICIT_FG3M,DEFICIT_FG3A,DEFICIT_FTM,DEFICIT_FTA,DEFICIT_OREB,DEFICIT_DREB,DEFICIT_REB,DEFICIT_AST,DEFICIT_STL,DEFICIT_BLK,DEFICIT_TO,DEFICIT_PF,DEFICIT_FG2M,DEFICIT_FG2A
0,Wizards,10,23,0.435,23,29,0.793,11,41,52,24,5,4,11,14,105,26,67,0.388059701493,1,0.455696202532,0.48128342246,0.588235294118,0.479166666667,0.741935483871,0.74358974359,0.55,0.525641025641,0.530612244898,0.48,0.454545454545,0.4,0.44,0.368421052632,0.41935483871,0.482014388489
1,Magic,7,25,0.28,8,10,0.8,9,37,46,26,6,6,14,24,101,36,72,0.5,0,0.544303797468,0.51871657754,0.411764705882,0.520833333333,0.258064516129,0.25641025641,0.45,0.474358974359,0.469387755102,0.52,0.545454545455,0.6,0.56,0.631578947368,0.58064516129,0.517985611511
