,TEAM_NAME,FG3M,FG3A,FG3_PCT,FTM,FTA,FT_PCT,OREB,DREB,REB,AST,STL,BLK,TO,PF,PTS,FG2M,FG2A,FG2_PCT,OUTCOME,DEFICIT_FGM,DEFICIT_FGA,DEFICIT_FG3M,DEFICIT_FG3A,DEFICIT_FTM,DEFICIT_FTA,DEFICIT_OREB,DEFICIT_DREB,DEFICIT_REB,DEFICIT_AST,DEFICIT_STL,DEFICIT_BLK,DEFICIT_TO,DEFICIT_PF,DEFICIT_FG2M,DEFICIT_FG2A
0,Bulls,6,21,0.286,15,15,1.0,15,37,52,14,7,8,17,15,87,27,63,0.428571428571,0,0.445945945946,0.494117647059,0.260869565217,0.362068965517,0.75,0.681818181818,0.681818181818,0.55223880597,0.584269662921,0.291666666667,0.388888888889,0.8,0.586206896552,0.555555555556,0.529411764706,0.5625
1,Celtics,17,37,0.459,5,7,0.714,7,30,37,34,11,2,12,12,104,24,49,0.489795918367,1,0.554054054054,0.505882352941,0.739130434783,0.637931034483,0.25,0.318181818182,0.318181818182,0.44776119403,0.415730337079,0.708333333333,0.611111111111,0.2,0.413793103448,0.444444444444,0.470588235294,0.4375
