,TEAM_NAME,FG3M,FG3A,FG3_PCT,FTM,FTA,FT_PCT,OREB,DREB,REB,AST,STL,BLK,TO,PF,PTS,FG2M,FG2A,FG2_PCT,OUTCOME,DEFICIT_FGM,DEFICIT_FGA,DEFICIT_FG3M,DEFICIT_FG3A,DEFICIT_FTM,DEFICIT_FTA,DEFICIT_OREB,DEFICIT_DREB,DEFICIT_REB,DEFICIT_AST,DEFICIT_STL,DEFICIT_BLK,DEFICIT_TO,DEFICIT_PF,DEFICIT_FG2M,DEFICIT_FG2A
0,Thunder,5,23,0.217,25,34,0.735,15,35,50,15,2,4,22,25,94,27,55,0.4909090909090909,0,0.4383561643835616,0.46987951807228917,0.45454545454545453,0.5348837209302325,0.5102040816326531,0.53125,0.5769230769230769,0.5384615384615384,0.5494505494505495,0.36585365853658536,0.10526315789473684,0.6666666666666666,0.7333333333333333,0.44642857142857145,0.43548387096774194,0.44715447154471544
1,Timberwolves,6,20,0.3,24,30,0.8,11,30,41,26,17,2,8,31,112,35,68,0.5147058823529411,1,0.5616438356164384,0.5301204819277109,0.5454545454545454,0.46511627906976744,0.4897959183673469,0.46875,0.4230769230769231,0.46153846153846156,0.45054945054945056,0.6341463414634146,0.8947368421052632,0.3333333333333333,0.26666666666666666,0.5535714285714286,0.5645161290322581,0.5528455284552846
