,TEAM_NAME,FG3M,FG3A,FG3_PCT,FTM,FTA,FT_PCT,OREB,DREB,REB,AST,STL,BLK,TO,PF,PTS,FG2M,FG2A,FG2_PCT,OUTCOME,DEFICIT_FGM,DEFICIT_FGA,DEFICIT_FG3M,DEFICIT_FG3A,DEFICIT_FTM,DEFICIT_FTA,DEFICIT_OREB,DEFICIT_DREB,DEFICIT_REB,DEFICIT_AST,DEFICIT_STL,DEFICIT_BLK,DEFICIT_TO,DEFICIT_PF,DEFICIT_FG2M,DEFICIT_FG2A
0,Rockets,8,25,0.32,20,33,0.606,13,35,48,19,15,4,14,19,90,23,54,0.42592592592592593,1,0.484375,0.5,0.5714285714285714,0.4807692307692308,0.6451612903225806,0.673469387755102,0.6842105263157895,0.4794520547945205,0.5217391304347826,0.41304347826086957,0.7142857142857143,0.4,0.4,0.4523809523809524,0.46,0.5094339622641509
1,Warriors,6,27,0.222,11,16,0.688,6,38,44,27,6,6,21,23,83,27,52,0.5192307692307693,0,0.515625,0.5,0.42857142857142855,0.5192307692307693,0.3548387096774194,0.32653061224489793,0.3157894736842105,0.5205479452054794,0.4782608695652174,0.5869565217391305,0.2857142857142857,0.6,0.6,0.5476190476190477,0.54,0.49056603773584906
