,TEAM_NAME,FG3M,FG3A,FG3_PCT,FTM,FTA,FT_PCT,OREB,DREB,REB,AST,STL,BLK,TO,PF,PTS,FG2M,FG2A,FG2_PCT,OUTCOME,DEFICIT_FGM,DEFICIT_FGA,DEFICIT_FG3M,DEFICIT_FG3A,DEFICIT_FTM,DEFICIT_FTA,DEFICIT_OREB,DEFICIT_DREB,DEFICIT_REB,DEFICIT_AST,DEFICIT_STL,DEFICIT_BLK,DEFICIT_TO,DEFICIT_PF,DEFICIT_FG2M,DEFICIT_FG2A
0,Celtics,9,29,0.31,18,22,0.818,20,30,50,18,11,3,16,26,95,25,61,0.409836065574,1,0.515151515152,0.55900621118,0.692307692308,0.630434782609,0.45,0.43137254902,0.740740740741,0.461538461538,0.54347826087,0.529411764706,0.785714285714,0.428571428571,0.5,0.577777777778,0.471698113208,0.530434782609
1,Nets,4,17,0.235,22,29,0.759,7,35,42,16,3,4,16,19,90,28,54,0.518518518519,0,0.484848484848,0.44099378882,0.307692307692,0.369565217391,0.55,0.56862745098,0.259259259259,0.538461538462,0.45652173913,0.470588235294,0.214285714286,0.571428571429,0.5,0.422222222222,0.528301886792,0.469565217391
