,TEAM_NAME,FG3M,FG3A,FG3_PCT,FTM,FTA,FT_PCT,OREB,DREB,REB,AST,STL,BLK,TO,PF,PTS,FG2M,FG2A,FG2_PCT,OUTCOME,DEFICIT_FGM,DEFICIT_FGA,DEFICIT_FG3M,DEFICIT_FG3A,DEFICIT_FTM,DEFICIT_FTA,DEFICIT_OREB,DEFICIT_DREB,DEFICIT_REB,DEFICIT_AST,DEFICIT_STL,DEFICIT_BLK,DEFICIT_TO,DEFICIT_PF,DEFICIT_FG2M,DEFICIT_FG2A
0,Bulls,7,22,0.318,22,27,0.815,7,36,43,23,7,6,12,22,101,29,55,0.527272727273,1,0.48,0.466666666667,0.538461538462,0.536585365854,0.647058823529,0.627906976744,0.411764705882,0.5,0.483146067416,0.479166666667,0.636363636364,0.666666666667,0.48,0.52380952381,0.467741935484,0.443548387097
1,Hornets,6,19,0.316,12,16,0.75,10,36,46,25,4,3,13,20,96,33,69,0.478260869565,0,0.52,0.533333333333,0.461538461538,0.463414634146,0.352941176471,0.372093023256,0.588235294118,0.5,0.516853932584,0.520833333333,0.363636363636,0.333333333333,0.52,0.47619047619,0.532258064516,0.556451612903
