,TEAM_NAME,FG3M,FG3A,FG3_PCT,FTM,FTA,FT_PCT,OREB,DREB,REB,AST,STL,BLK,TO,PF,PTS,FG2M,FG2A,FG2_PCT,OUTCOME,DEFICIT_FGM,DEFICIT_FGA,DEFICIT_FG3M,DEFICIT_FG3A,DEFICIT_FTM,DEFICIT_FTA,DEFICIT_OREB,DEFICIT_DREB,DEFICIT_REB,DEFICIT_AST,DEFICIT_STL,DEFICIT_BLK,DEFICIT_TO,DEFICIT_PF,DEFICIT_FG2M,DEFICIT_FG2A
0,Thunder,5,23,0.217,25,34,0.735,15,35,50,15,2,4,22,25,94,27,55,0.490909090909,0,0.438356164384,0.469879518072,0.454545454545,0.53488372093,0.510204081633,0.53125,0.576923076923,0.538461538462,0.549450549451,0.365853658537,0.105263157895,0.666666666667,0.733333333333,0.446428571429,0.435483870968,0.447154471545
1,Timberwolves,6,20,0.3,24,30,0.8,11,30,41,26,17,2,8,31,112,35,68,0.514705882353,1,0.561643835616,0.530120481928,0.545454545455,0.46511627907,0.489795918367,0.46875,0.423076923077,0.461538461538,0.450549450549,0.634146341463,0.894736842105,0.333333333333,0.266666666667,0.553571428571,0.564516129032,0.552845528455
