,TEAM_NAME,FG3M,FG3A,FG3_PCT,FTM,FTA,FT_PCT,OREB,DREB,REB,AST,STL,BLK,TO,PF,PTS,FG2M,FG2A,FG2_PCT,OUTCOME,DEFICIT_FGM,DEFICIT_FGA,DEFICIT_FG3M,DEFICIT_FG3A,DEFICIT_FTM,DEFICIT_FTA,DEFICIT_OREB,DEFICIT_DREB,DEFICIT_REB,DEFICIT_AST,DEFICIT_STL,DEFICIT_BLK,DEFICIT_TO,DEFICIT_PF,DEFICIT_FG2M,DEFICIT_FG2A
0,Magic,13,24,0.542,20,26,0.769,14,28,42,25,10,4,16,23,123,32,64,0.5,1,0.5294117647058824,0.5057471264367817,0.43333333333333335,0.36363636363636365,0.47619047619047616,0.41935483870967744,0.4827586206896552,0.5,0.49411764705882355,0.49019607843137253,0.45454545454545453,0.4,0.5333333333333333,0.4791666666666667,0.5818181818181818,0.5925925925925926
1,Rockets,17,42,0.405,22,36,0.611,15,28,43,26,12,6,14,25,119,23,44,0.5227272727272727,0,0.47058823529411764,0.4942528735632184,0.5666666666666667,0.6363636363636364,0.5238095238095238,0.5806451612903226,0.5172413793103449,0.5,0.5058823529411764,0.5098039215686274,0.5454545454545454,0.6,0.4666666666666667,0.5208333333333334,0.41818181818181815,0.4074074074074074
