,TEAM_NAME,FG3M,FG3A,FG3_PCT,FTM,FTA,FT_PCT,OREB,DREB,REB,AST,STL,BLK,TO,PF,PTS,FG2M,FG2A,FG2_PCT,OUTCOME,DEFICIT_FGM,DEFICIT_FGA,DEFICIT_FG3M,DEFICIT_FG3A,DEFICIT_FTM,DEFICIT_FTA,DEFICIT_OREB,DEFICIT_DREB,DEFICIT_REB,DEFICIT_AST,DEFICIT_STL,DEFICIT_BLK,DEFICIT_TO,DEFICIT_PF,DEFICIT_FG2M,DEFICIT_FG2A
0,76ers,7,24,0.292,17,23,0.739,9,28,37,22,7,5,13,18,100,31,61,0.5081967213114754,0,0.475,0.5120481927710844,0.4666666666666667,0.5217391304347826,0.53125,0.5348837209302325,0.5625,0.4375,0.4625,0.44,0.5833333333333334,0.35714285714285715,0.4482758620689655,0.4864864864864865,0.47692307692307695,0.5083333333333333
1,Cavaliers,8,22,0.364,15,20,0.75,7,36,43,28,5,9,16,19,107,34,59,0.576271186440678,1,0.525,0.4879518072289157,0.5333333333333333,0.4782608695652174,0.46875,0.46511627906976744,0.4375,0.5625,0.5375,0.56,0.4166666666666667,0.6428571428571429,0.5517241379310345,0.5135135135135135,0.5230769230769231,0.49166666666666664
