,TEAM_NAME,FG3M,FG3A,FG3_PCT,FTM,FTA,FT_PCT,OREB,DREB,REB,AST,STL,BLK,TO,PF,PTS,FG2M,FG2A,FG2_PCT,OUTCOME,DEFICIT_FGM,DEFICIT_FGA,DEFICIT_FG3M,DEFICIT_FG3A,DEFICIT_FTM,DEFICIT_FTA,DEFICIT_OREB,DEFICIT_DREB,DEFICIT_REB,DEFICIT_AST,DEFICIT_STL,DEFICIT_BLK,DEFICIT_TO,DEFICIT_PF,DEFICIT_FG2M,DEFICIT_FG2A
0,Bucks,9,23,0.391,18,26,0.692,8,28,36,24,6,7,14,23,103,29,50,0.58,1,0.513513513514,0.480263157895,0.6,0.547619047619,0.5,0.541666666667,0.444444444444,0.528301886792,0.507042253521,0.533333333333,0.666666666667,0.636363636364,0.4375,0.5,0.491525423729,0.454545454545
1,Nets,6,19,0.316,18,22,0.818,10,25,35,21,3,4,18,23,96,30,60,0.5,0,0.486486486486,0.519736842105,0.4,0.452380952381,0.5,0.458333333333,0.555555555556,0.471698113208,0.492957746479,0.466666666667,0.333333333333,0.363636363636,0.5625,0.5,0.508474576271,0.545454545455
