,TEAM_NAME,FG3M,FG3A,FG3_PCT,FTM,FTA,FT_PCT,OREB,DREB,REB,AST,STL,BLK,TO,PF,PTS,FG2M,FG2A,FG2_PCT,OUTCOME,DEFICIT_FGM,DEFICIT_FGA,DEFICIT_FG3M,DEFICIT_FG3A,DEFICIT_FTM,DEFICIT_FTA,DEFICIT_OREB,DEFICIT_DREB,DEFICIT_REB,DEFICIT_AST,DEFICIT_STL,DEFICIT_BLK,DEFICIT_TO,DEFICIT_PF,DEFICIT_FG2M,DEFICIT_FG2A
0,Spurs,4,13,0.308,12,17,0.706,8,37,45,21,6,7,13,12,94,35,66,0.5303030303030303,1,0.5492957746478874,0.47023809523809523,0.5,0.5,0.42857142857142855,0.4473684210526316,0.32,0.5362318840579711,0.4787234042553192,0.5526315789473685,0.42857142857142855,0.7,0.5652173913043478,0.4,0.5555555555555556,0.4647887323943662
1,Knicks,4,13,0.308,16,21,0.762,17,32,49,17,8,3,10,18,84,28,76,0.3684210526315789,0,0.4507042253521127,0.5297619047619048,0.5,0.5,0.5714285714285714,0.5526315789473685,0.68,0.463768115942029,0.5212765957446809,0.4473684210526316,0.5714285714285714,0.3,0.43478260869565216,0.6,0.4444444444444444,0.5352112676056338
