,TEAM_NAME,FG3M,FG3A,FG3_PCT,FTM,FTA,FT_PCT,OREB,DREB,REB,AST,STL,BLK,TO,PF,PTS,FG2M,FG2A,FG2_PCT,OUTCOME,DEFICIT_FGM,DEFICIT_FGA,DEFICIT_FG3M,DEFICIT_FG3A,DEFICIT_FTM,DEFICIT_FTA,DEFICIT_OREB,DEFICIT_DREB,DEFICIT_REB,DEFICIT_AST,DEFICIT_STL,DEFICIT_BLK,DEFICIT_TO,DEFICIT_PF,DEFICIT_FG2M,DEFICIT_FG2A
0,Trail Blazers,14,31,0.452,20,28,0.714,7,28,35,22,5,4,20,27,124,31,50,0.62,1,0.511363636364,0.48502994012,0.666666666667,0.596153846154,0.416666666667,0.459016393443,0.318181818182,0.518518518519,0.460526315789,0.55,0.333333333333,0.666666666667,0.555555555556,0.5,0.462686567164,0.434782608696
1,Suns,7,21,0.333,28,33,0.848,15,26,41,18,10,2,16,27,121,36,65,0.553846153846,0,0.488636363636,0.51497005988,0.333333333333,0.403846153846,0.583333333333,0.540983606557,0.681818181818,0.481481481481,0.539473684211,0.45,0.666666666667,0.333333333333,0.444444444444,0.5,0.537313432836,0.565217391304
