,TEAM_NAME,FG3M,FG3A,FG3_PCT,FTM,FTA,FT_PCT,OREB,DREB,REB,AST,STL,BLK,TO,PF,PTS,FG2M,FG2A,FG2_PCT,OUTCOME,DEFICIT_FGM,DEFICIT_FGA,DEFICIT_FG3M,DEFICIT_FG3A,DEFICIT_FTM,DEFICIT_FTA,DEFICIT_OREB,DEFICIT_DREB,DEFICIT_REB,DEFICIT_AST,DEFICIT_STL,DEFICIT_BLK,DEFICIT_TO,DEFICIT_PF,DEFICIT_FG2M,DEFICIT_FG2A
0,Cavaliers,11,42,0.262,21,25,0.84,13,26,39,21,12,1,6,20,106,26,57,0.456140350877,0,0.474358974359,0.55,0.5,0.591549295775,0.552631578947,0.510204081633,0.541666666667,0.4,0.438202247191,0.488372093023,0.923076923077,0.2,0.24,0.487804878049,0.464285714286,0.522935779817
1,Hawks,11,29,0.379,17,24,0.708,11,39,50,22,1,4,19,21,110,30,52,0.576923076923,1,0.525641025641,0.45,0.5,0.408450704225,0.447368421053,0.489795918367,0.458333333333,0.6,0.561797752809,0.511627906977,0.0769230769231,0.8,0.76,0.512195121951,0.535714285714,0.477064220183
