,TEAM_NAME,FG3M,FG3A,FG3_PCT,FTM,FTA,FT_PCT,OREB,DREB,REB,AST,STL,BLK,TO,PF,PTS,FG2M,FG2A,FG2_PCT,OUTCOME,DEFICIT_FGM,DEFICIT_FGA,DEFICIT_FG3M,DEFICIT_FG3A,DEFICIT_FTM,DEFICIT_FTA,DEFICIT_OREB,DEFICIT_DREB,DEFICIT_REB,DEFICIT_AST,DEFICIT_STL,DEFICIT_BLK,DEFICIT_TO,DEFICIT_PF,DEFICIT_FG2M,DEFICIT_FG2A
0,76ers,6,23,0.261,9,19,0.474,14,28,42,16,12,3,22,24,77,25,60,0.416666666667,0,0.449275362319,0.542483660131,0.6,0.605263157895,0.28125,0.372549019608,0.666666666667,0.451612903226,0.506024096386,0.372093023256,0.48,0.428571428571,0.5,0.5,0.423728813559,0.521739130435
1,Grizzlies,4,15,0.267,23,32,0.719,7,34,41,27,13,4,22,24,103,34,55,0.618181818182,1,0.550724637681,0.457516339869,0.4,0.394736842105,0.71875,0.627450980392,0.333333333333,0.548387096774,0.493975903614,0.627906976744,0.52,0.571428571429,0.5,0.5,0.576271186441,0.478260869565
