,TEAM_NAME,FG3M,FG3A,FG3_PCT,FTM,FTA,FT_PCT,OREB,DREB,REB,AST,STL,BLK,TO,PF,PTS,FG2M,FG2A,FG2_PCT,OUTCOME,DEFICIT_FGM,DEFICIT_FGA,DEFICIT_FG3M,DEFICIT_FG3A,DEFICIT_FTM,DEFICIT_FTA,DEFICIT_OREB,DEFICIT_DREB,DEFICIT_REB,DEFICIT_AST,DEFICIT_STL,DEFICIT_BLK,DEFICIT_TO,DEFICIT_PF,DEFICIT_FG2M,DEFICIT_FG2A
0,Thunder,11,20,0.55,25,29,0.862,16,43,59,23,7,2,13,22,128,35,79,0.443037974684,1,0.511111111111,0.510309278351,0.5,0.46511627907,0.520833333333,0.491525423729,0.64,0.565789473684,0.584158415842,0.489361702128,0.4375,0.222222222222,0.590909090909,0.511627906977,0.514705882353,0.523178807947
1,Knicks,11,23,0.478,23,30,0.767,9,33,42,24,9,7,9,21,122,33,72,0.458333333333,0,0.488888888889,0.489690721649,0.5,0.53488372093,0.479166666667,0.508474576271,0.36,0.434210526316,0.415841584158,0.510638297872,0.5625,0.777777777778,0.409090909091,0.488372093023,0.485294117647,0.476821192053
