,TEAM_NAME,FG3M,FG3A,FG3_PCT,FTM,FTA,FT_PCT,OREB,DREB,REB,AST,STL,BLK,TO,PF,PTS,FG2M,FG2A,FG2_PCT,OUTCOME,DEFICIT_FGM,DEFICIT_FGA,DEFICIT_FG3M,DEFICIT_FG3A,DEFICIT_FTM,DEFICIT_FTA,DEFICIT_OREB,DEFICIT_DREB,DEFICIT_REB,DEFICIT_AST,DEFICIT_STL,DEFICIT_BLK,DEFICIT_TO,DEFICIT_PF,DEFICIT_FG2M,DEFICIT_FG2A
0,Trail Blazers,9,24,0.375,13,18,0.722,10,28,38,25,9,8,9,27,112,36,69,0.521739130435,1,0.5625,0.528409090909,0.5625,0.510638297872,0.282608695652,0.321428571429,0.4,0.444444444444,0.431818181818,0.609756097561,0.529411764706,0.421052631579,0.375,0.613636363636,0.5625,0.53488372093
1,Bulls,7,23,0.304,33,38,0.868,15,35,50,16,8,11,15,17,110,28,60,0.466666666667,0,0.4375,0.471590909091,0.4375,0.489361702128,0.717391304348,0.678571428571,0.6,0.555555555556,0.568181818182,0.390243902439,0.470588235294,0.578947368421,0.625,0.386363636364,0.4375,0.46511627907
