,TEAM_NAME,FG3M,FG3A,FG3_PCT,FTM,FTA,FT_PCT,OREB,DREB,REB,AST,STL,BLK,TO,PF,PTS,FG2M,FG2A,FG2_PCT,OUTCOME,DEFICIT_FGM,DEFICIT_FGA,DEFICIT_FG3M,DEFICIT_FG3A,DEFICIT_FTM,DEFICIT_FTA,DEFICIT_OREB,DEFICIT_DREB,DEFICIT_REB,DEFICIT_AST,DEFICIT_STL,DEFICIT_BLK,DEFICIT_TO,DEFICIT_PF,DEFICIT_FG2M,DEFICIT_FG2A
0,Raptors,13,32,0.406,23,27,0.852,10,23,33,22,8,5,7,22,112,25,56,0.446428571429,0,0.487179487179,0.511627906977,0.481481481481,0.5,0.511111111111,0.5,0.434782608696,0.396551724138,0.407407407407,0.511627906977,0.666666666667,0.625,0.333333333333,0.511627906977,0.490196078431,0.518518518519
1,Cavaliers,14,32,0.438,22,27,0.815,13,35,48,21,4,3,14,21,116,26,52,0.5,1,0.512820512821,0.488372093023,0.518518518519,0.5,0.488888888889,0.5,0.565217391304,0.603448275862,0.592592592593,0.488372093023,0.333333333333,0.375,0.666666666667,0.488372093023,0.509803921569,0.481481481481
