,TEAM_NAME,FG3M,FG3A,FG3_PCT,FTM,FTA,FT_PCT,OREB,DREB,REB,AST,STL,BLK,TO,PF,PTS,FG2M,FG2A,FG2_PCT,OUTCOME,DEFICIT_FGM,DEFICIT_FGA,DEFICIT_FG3M,DEFICIT_FG3A,DEFICIT_FTM,DEFICIT_FTA,DEFICIT_OREB,DEFICIT_DREB,DEFICIT_REB,DEFICIT_AST,DEFICIT_STL,DEFICIT_BLK,DEFICIT_TO,DEFICIT_PF,DEFICIT_FG2M,DEFICIT_FG2A
0,Wizards,14,34,0.412,14,18,0.778,8,27,35,26,17,5,10,22,118,31,58,0.534482758621,1,0.529411764706,0.531791907514,0.56,0.55737704918,0.388888888889,0.375,0.380952380952,0.421875,0.411764705882,0.509803921569,0.772727272727,0.625,0.322580645161,0.594594594595,0.516666666667,0.517857142857
1,Nets,11,27,0.407,22,30,0.733,13,37,50,25,5,3,21,15,113,29,54,0.537037037037,0,0.470588235294,0.468208092486,0.44,0.44262295082,0.611111111111,0.625,0.619047619048,0.578125,0.588235294118,0.490196078431,0.227272727273,0.375,0.677419354839,0.405405405405,0.483333333333,0.482142857143
