,TEAM_NAME,FG3M,FG3A,FG3_PCT,FTM,FTA,FT_PCT,OREB,DREB,REB,AST,STL,BLK,TO,PF,PTS,FG2M,FG2A,FG2_PCT,OUTCOME,DEFICIT_FGM,DEFICIT_FGA,DEFICIT_FG3M,DEFICIT_FG3A,DEFICIT_FTM,DEFICIT_FTA,DEFICIT_OREB,DEFICIT_DREB,DEFICIT_REB,DEFICIT_AST,DEFICIT_STL,DEFICIT_BLK,DEFICIT_TO,DEFICIT_PF,DEFICIT_FG2M,DEFICIT_FG2A
0,Spurs,12,28,0.429,26,30,0.867,9,42,51,22,5,4,13,19,120,29,48,0.6041666666666666,1,0.5694444444444444,0.4810126582278481,0.6666666666666666,0.56,0.5531914893617021,0.5084745762711864,0.5,0.6363636363636364,0.6071428571428571,0.5789473684210527,0.45454545454545453,0.8,0.5652173913043478,0.4634146341463415,0.5370370370370371,0.4444444444444444
1,Knicks,6,22,0.273,21,29,0.724,9,24,33,16,6,1,10,22,89,25,60,0.4166666666666667,0,0.4305555555555556,0.5189873417721519,0.3333333333333333,0.44,0.44680851063829785,0.4915254237288136,0.5,0.36363636363636365,0.39285714285714285,0.42105263157894735,0.5454545454545454,0.2,0.43478260869565216,0.5365853658536586,0.46296296296296297,0.5555555555555556
