,TEAM_NAME,FG3M,FG3A,FG3_PCT,FTM,FTA,FT_PCT,OREB,DREB,REB,AST,STL,BLK,TO,PF,PTS,FG2M,FG2A,FG2_PCT,OUTCOME,DEFICIT_FGM,DEFICIT_FGA,DEFICIT_FG3M,DEFICIT_FG3A,DEFICIT_FTM,DEFICIT_FTA,DEFICIT_OREB,DEFICIT_DREB,DEFICIT_REB,DEFICIT_AST,DEFICIT_STL,DEFICIT_BLK,DEFICIT_TO,DEFICIT_PF,DEFICIT_FG2M,DEFICIT_FG2A
0,Suns,7,22,0.318,18,23,0.783,10,30,40,14,10,11,14,16,101,31,56,0.5535714285714286,1,0.4935064935064935,0.46987951807228917,0.6363636363636364,0.6285714285714286,0.6,0.6388888888888888,0.4166666666666667,0.5084745762711864,0.4819277108433735,0.4117647058823529,0.625,0.7857142857142857,0.4827586206896552,0.4444444444444444,0.4696969696969697,0.42748091603053434
1,Pelicans,4,13,0.308,12,13,0.923,14,29,43,20,6,3,15,20,94,35,75,0.4666666666666667,0,0.5064935064935064,0.5301204819277109,0.36363636363636365,0.37142857142857144,0.4,0.3611111111111111,0.5833333333333334,0.4915254237288136,0.5180722891566265,0.5882352941176471,0.375,0.21428571428571427,0.5172413793103449,0.5555555555555556,0.5303030303030303,0.5725190839694656
