,TEAM_NAME,FG3M,FG3A,FG3_PCT,FTM,FTA,FT_PCT,OREB,DREB,REB,AST,STL,BLK,TO,PF,PTS,FG2M,FG2A,FG2_PCT,OUTCOME,DEFICIT_FGM,DEFICIT_FGA,DEFICIT_FG3M,DEFICIT_FG3A,DEFICIT_FTM,DEFICIT_FTA,DEFICIT_OREB,DEFICIT_DREB,DEFICIT_REB,DEFICIT_AST,DEFICIT_STL,DEFICIT_BLK,DEFICIT_TO,DEFICIT_PF,DEFICIT_FG2M,DEFICIT_FG2A
0,Spurs,12,28,0.429,26,30,0.867,9,42,51,22,5,4,13,19,120,29,48,0.604166666667,1,0.569444444444,0.481012658228,0.666666666667,0.56,0.553191489362,0.508474576271,0.5,0.636363636364,0.607142857143,0.578947368421,0.454545454545,0.8,0.565217391304,0.463414634146,0.537037037037,0.444444444444
1,Knicks,6,22,0.273,21,29,0.724,9,24,33,16,6,1,10,22,89,25,60,0.416666666667,0,0.430555555556,0.518987341772,0.333333333333,0.44,0.446808510638,0.491525423729,0.5,0.363636363636,0.392857142857,0.421052631579,0.545454545455,0.2,0.434782608696,0.536585365854,0.462962962963,0.555555555556
