,TEAM_NAME,FG3M,FG3A,FG3_PCT,FTM,FTA,FT_PCT,OREB,DREB,REB,AST,STL,BLK,TO,PF,PTS,FG2M,FG2A,FG2_PCT,OUTCOME,DEFICIT_FGM,DEFICIT_FGA,DEFICIT_FG3M,DEFICIT_FG3A,DEFICIT_FTM,DEFICIT_FTA,DEFICIT_OREB,DEFICIT_DREB,DEFICIT_REB,DEFICIT_AST,DEFICIT_STL,DEFICIT_BLK,DEFICIT_TO,DEFICIT_PF,DEFICIT_FG2M,DEFICIT_FG2A
0,Bucks,3,8,0.375,21,26,0.808,6,16,22,22,8,2,11,29,100,35,65,0.5384615384615384,0,0.48717948717948717,0.5069444444444444,0.21428571428571427,0.25,0.4666666666666667,0.4642857142857143,0.3157894736842105,0.34782608695652173,0.3384615384615385,0.43137254901960786,0.7272727272727273,0.5,0.39285714285714285,0.5471698113207547,0.546875,0.5803571428571429
1,Cavaliers,11,24,0.458,24,30,0.8,13,30,43,29,3,2,17,24,115,29,47,0.6170212765957447,1,0.5128205128205128,0.4930555555555556,0.7857142857142857,0.75,0.5333333333333333,0.5357142857142857,0.6842105263157895,0.6521739130434783,0.6615384615384615,0.5686274509803921,0.2727272727272727,0.5,0.6071428571428571,0.4528301886792453,0.453125,0.41964285714285715
