,TEAM_NAME,FG3M,FG3A,FG3_PCT,FTM,FTA,FT_PCT,OREB,DREB,REB,AST,STL,BLK,TO,PF,PTS,FG2M,FG2A,FG2_PCT,OUTCOME,DEFICIT_FGM,DEFICIT_FGA,DEFICIT_FG3M,DEFICIT_FG3A,DEFICIT_FTM,DEFICIT_FTA,DEFICIT_OREB,DEFICIT_DREB,DEFICIT_REB,DEFICIT_AST,DEFICIT_STL,DEFICIT_BLK,DEFICIT_TO,DEFICIT_PF,DEFICIT_FG2M,DEFICIT_FG2A
0,Kings,12,23,0.522,11,20,0.55,9,33,42,25,3,3,18,27,109,31,61,0.5081967213114754,0,0.5058823529411764,0.48554913294797686,0.631578947368421,0.48936170212765956,0.3055555555555556,0.37735849056603776,0.42857142857142855,0.532258064516129,0.5060240963855421,0.5,0.21428571428571427,0.3,0.72,0.6428571428571429,0.4696969696969697,0.48412698412698413
1,Heat,7,24,0.292,25,33,0.758,12,29,41,25,11,7,7,15,116,35,65,0.5384615384615384,1,0.49411764705882355,0.5144508670520231,0.3684210526315789,0.5106382978723404,0.6944444444444444,0.6226415094339622,0.5714285714285714,0.46774193548387094,0.4939759036144578,0.5,0.7857142857142857,0.7,0.28,0.35714285714285715,0.5303030303030303,0.5158730158730159
