,TEAM_NAME,FG3M,FG3A,FG3_PCT,FTM,FTA,FT_PCT,OREB,DREB,REB,AST,STL,BLK,TO,PF,PTS,FG2M,FG2A,FG2_PCT,OUTCOME,DEFICIT_FGM,DEFICIT_FGA,DEFICIT_FG3M,DEFICIT_FG3A,DEFICIT_FTM,DEFICIT_FTA,DEFICIT_OREB,DEFICIT_DREB,DEFICIT_REB,DEFICIT_AST,DEFICIT_STL,DEFICIT_BLK,DEFICIT_TO,DEFICIT_PF,DEFICIT_FG2M,DEFICIT_FG2A
0,Jazz,11,26,0.423,15,24,0.625,9,33,42,15,7,4,12,19,86,19,54,0.351851851852,0,0.44776119403,0.490797546012,0.647058823529,0.565217391304,0.428571428571,0.521739130435,0.5,0.452054794521,0.461538461538,0.46875,0.4375,0.333333333333,0.521739130435,0.431818181818,0.38,0.461538461538
1,Spurs,6,20,0.3,20,22,0.909,9,40,49,17,9,8,11,25,100,31,63,0.492063492063,1,0.55223880597,0.509202453988,0.352941176471,0.434782608696,0.571428571429,0.478260869565,0.5,0.547945205479,0.538461538462,0.53125,0.5625,0.666666666667,0.478260869565,0.568181818182,0.62,0.538461538462
