,TEAM_NAME,FG3M,FG3A,FG3_PCT,FTM,FTA,FT_PCT,OREB,DREB,REB,AST,STL,BLK,TO,PF,PTS,FG2M,FG2A,FG2_PCT,OUTCOME,DEFICIT_FGM,DEFICIT_FGA,DEFICIT_FG3M,DEFICIT_FG3A,DEFICIT_FTM,DEFICIT_FTA,DEFICIT_OREB,DEFICIT_DREB,DEFICIT_REB,DEFICIT_AST,DEFICIT_STL,DEFICIT_BLK,DEFICIT_TO,DEFICIT_PF,DEFICIT_FG2M,DEFICIT_FG2A
0,Raptors,6,25,0.24,16,18,0.889,13,37,50,14,7,5,15,16,96,31,59,0.525423728814,1,0.521126760563,0.488372093023,0.4,0.471698113208,0.615384615385,0.545454545455,0.52,0.544117647059,0.537634408602,0.424242424242,0.411764705882,0.5,0.535714285714,0.421052631579,0.553571428571,0.495798319328
1,Heat,9,28,0.321,10,15,0.667,12,31,43,19,10,5,13,22,87,25,60,0.416666666667,0,0.478873239437,0.511627906977,0.6,0.528301886792,0.384615384615,0.454545454545,0.48,0.455882352941,0.462365591398,0.575757575758,0.588235294118,0.5,0.464285714286,0.578947368421,0.446428571429,0.504201680672
