,TEAM_NAME,FG3M,FG3A,FG3_PCT,FTM,FTA,FT_PCT,OREB,DREB,REB,AST,STL,BLK,TO,PF,PTS,FG2M,FG2A,FG2_PCT,OUTCOME,DEFICIT_FGM,DEFICIT_FGA,DEFICIT_FG3M,DEFICIT_FG3A,DEFICIT_FTM,DEFICIT_FTA,DEFICIT_OREB,DEFICIT_DREB,DEFICIT_REB,DEFICIT_AST,DEFICIT_STL,DEFICIT_BLK,DEFICIT_TO,DEFICIT_PF,DEFICIT_FG2M,DEFICIT_FG2A
0,Wizards,5,20,0.25,28,35,0.8,11,35,46,13,7,3,19,23,95,26,60,0.433333333333,1,0.492063492063,0.490797546012,0.5,0.444444444444,0.549019607843,0.492957746479,0.52380952381,0.486111111111,0.494623655914,0.371428571429,0.368421052632,0.5,0.513513513514,0.489361702128,0.490566037736,0.508474576271
1,Hawks,5,25,0.2,23,36,0.639,10,37,47,22,12,3,18,24,92,27,58,0.465517241379,0,0.507936507937,0.509202453988,0.5,0.555555555556,0.450980392157,0.507042253521,0.47619047619,0.513888888889,0.505376344086,0.628571428571,0.631578947368,0.5,0.486486486486,0.510638297872,0.509433962264,0.491525423729
