,TEAM_NAME,FG3M,FG3A,FG3_PCT,FTM,FTA,FT_PCT,OREB,DREB,REB,AST,STL,BLK,TO,PF,PTS,FG2M,FG2A,FG2_PCT,OUTCOME,DEFICIT_FGM,DEFICIT_FGA,DEFICIT_FG3M,DEFICIT_FG3A,DEFICIT_FTM,DEFICIT_FTA,DEFICIT_OREB,DEFICIT_DREB,DEFICIT_REB,DEFICIT_AST,DEFICIT_STL,DEFICIT_BLK,DEFICIT_TO,DEFICIT_PF,DEFICIT_FG2M,DEFICIT_FG2A
0,Hornets,10,30,0.333,17,24,0.708,7,42,49,24,7,3,16,18,99,26,56,0.464285714286,1,0.507042253521,0.49710982659,0.526315789474,0.454545454545,0.515151515152,0.533333333333,0.5,0.518518518519,0.515789473684,0.545454545455,0.368421052632,0.428571428571,0.516129032258,0.45,0.5,0.523364485981
1,Nets,9,36,0.25,16,21,0.762,7,39,46,20,12,4,15,22,95,26,51,0.509803921569,0,0.492957746479,0.50289017341,0.473684210526,0.545454545455,0.484848484848,0.466666666667,0.5,0.481481481481,0.484210526316,0.454545454545,0.631578947368,0.571428571429,0.483870967742,0.55,0.5,0.476635514019
