,TEAM_NAME,FG3M,FG3A,FG3_PCT,FTM,FTA,FT_PCT,OREB,DREB,REB,AST,STL,BLK,TO,PF,PTS,FG2M,FG2A,FG2_PCT,OUTCOME,DEFICIT_FGM,DEFICIT_FGA,DEFICIT_FG3M,DEFICIT_FG3A,DEFICIT_FTM,DEFICIT_FTA,DEFICIT_OREB,DEFICIT_DREB,DEFICIT_REB,DEFICIT_AST,DEFICIT_STL,DEFICIT_BLK,DEFICIT_TO,DEFICIT_PF,DEFICIT_FG2M,DEFICIT_FG2A
0,Pelicans,6,31,0.194,21,26,0.808,11,33,44,24,10,8,20,21,99,30,55,0.545454545455,0,0.444444444444,0.485875706215,0.230769230769,0.378048780488,0.525,0.52,0.478260869565,0.478260869565,0.478260869565,0.461538461538,0.454545454545,0.615384615385,0.555555555556,0.45652173913,0.545454545455,0.578947368421
1,Rockets,20,51,0.392,19,24,0.792,12,36,48,28,12,5,16,25,129,25,40,0.625,1,0.555555555556,0.514124293785,0.769230769231,0.621951219512,0.475,0.48,0.521739130435,0.521739130435,0.521739130435,0.538461538462,0.545454545455,0.384615384615,0.444444444444,0.54347826087,0.454545454545,0.421052631579
