,TEAM_NAME,FG3M,FG3A,FG3_PCT,FTM,FTA,FT_PCT,OREB,DREB,REB,AST,STL,BLK,TO,PF,PTS,FG2M,FG2A,FG2_PCT,OUTCOME,DEFICIT_FGM,DEFICIT_FGA,DEFICIT_FG3M,DEFICIT_FG3A,DEFICIT_FTM,DEFICIT_FTA,DEFICIT_OREB,DEFICIT_DREB,DEFICIT_REB,DEFICIT_AST,DEFICIT_STL,DEFICIT_BLK,DEFICIT_TO,DEFICIT_PF,DEFICIT_FG2M,DEFICIT_FG2A
0,Wizards,8,19,0.421,17,23,0.739,10,30,40,21,7,0,10,15,95,27,70,0.385714285714,0,0.448717948718,0.532934131737,0.421052631579,0.452380952381,0.653846153846,0.605263157895,0.666666666667,0.422535211268,0.46511627907,0.4375,0.466666666667,0.0,0.4,0.454545454545,0.457627118644,0.56
1,Heat,11,23,0.478,9,15,0.6,5,41,46,27,8,4,15,18,106,32,55,0.581818181818,1,0.551282051282,0.467065868263,0.578947368421,0.547619047619,0.346153846154,0.394736842105,0.333333333333,0.577464788732,0.53488372093,0.5625,0.533333333333,1.0,0.6,0.545454545455,0.542372881356,0.44
