,TEAM_NAME,FG3M,FG3A,FG3_PCT,FTM,FTA,FT_PCT,OREB,DREB,REB,AST,STL,BLK,TO,PF,PTS,FG2M,FG2A,FG2_PCT,OUTCOME,DEFICIT_FGM,DEFICIT_FGA,DEFICIT_FG3M,DEFICIT_FG3A,DEFICIT_FTM,DEFICIT_FTA,DEFICIT_OREB,DEFICIT_DREB,DEFICIT_REB,DEFICIT_AST,DEFICIT_STL,DEFICIT_BLK,DEFICIT_TO,DEFICIT_PF,DEFICIT_FG2M,DEFICIT_FG2A
0,Kings,10,25,0.4,13,15,0.867,19,29,48,22,9,7,14,24,101,29,75,0.386666666667,0,0.5,0.555555555556,0.384615384615,0.454545454545,0.333333333333,0.326086956522,0.59375,0.453125,0.5,0.407407407407,0.529411764706,0.5,0.5,0.558139534884,0.557692307692,0.6
1,Warriors,16,30,0.533,26,31,0.839,13,35,48,32,8,7,14,19,120,23,50,0.46,1,0.5,0.444444444444,0.615384615385,0.545454545455,0.666666666667,0.673913043478,0.40625,0.546875,0.5,0.592592592593,0.470588235294,0.5,0.5,0.441860465116,0.442307692308,0.4
