,TEAM_NAME,FG3M,FG3A,FG3_PCT,FTM,FTA,FT_PCT,OREB,DREB,REB,AST,STL,BLK,TO,PF,PTS,FG2M,FG2A,FG2_PCT,OUTCOME,DEFICIT_FGM,DEFICIT_FGA,DEFICIT_FG3M,DEFICIT_FG3A,DEFICIT_FTM,DEFICIT_FTA,DEFICIT_OREB,DEFICIT_DREB,DEFICIT_REB,DEFICIT_AST,DEFICIT_STL,DEFICIT_BLK,DEFICIT_TO,DEFICIT_PF,DEFICIT_FG2M,DEFICIT_FG2A
0,Wizards,7,23,0.304,21,27,0.778,10,32,42,20,11,3,14,16,82,20,59,0.338983050847,0,0.465517241379,0.532467532468,0.388888888889,0.489361702128,0.65625,0.658536585366,0.625,0.432432432432,0.466666666667,0.540540540541,0.578947368421,0.3,0.388888888889,0.432432432432,0.5,0.551401869159
1,Raptors,11,24,0.458,11,14,0.786,6,42,48,17,8,7,22,21,84,20,48,0.416666666667,1,0.534482758621,0.467532467532,0.611111111111,0.510638297872,0.34375,0.341463414634,0.375,0.567567567568,0.533333333333,0.459459459459,0.421052631579,0.7,0.611111111111,0.567567567568,0.5,0.448598130841
