,TEAM_NAME,FG3M,FG3A,FG3_PCT,FTM,FTA,FT_PCT,OREB,DREB,REB,AST,STL,BLK,TO,PF,PTS,FG2M,FG2A,FG2_PCT,OUTCOME,DEFICIT_FGM,DEFICIT_FGA,DEFICIT_FG3M,DEFICIT_FG3A,DEFICIT_FTM,DEFICIT_FTA,DEFICIT_OREB,DEFICIT_DREB,DEFICIT_REB,DEFICIT_AST,DEFICIT_STL,DEFICIT_BLK,DEFICIT_TO,DEFICIT_PF,DEFICIT_FG2M,DEFICIT_FG2A
0,Spurs,9,17,0.529,19,20,0.95,12,37,49,25,11,9,16,14,108,31,68,0.455882352941,1,0.519480519481,0.494186046512,0.6,0.395348837209,0.703703703704,0.606060606061,0.5,0.544117647059,0.532608695652,0.471698113208,0.55,0.642857142857,0.470588235294,0.451612903226,0.5,0.527131782946
1,Hawks,6,26,0.231,8,13,0.615,12,31,43,28,9,5,18,17,88,31,61,0.508196721311,0,0.480519480519,0.505813953488,0.4,0.604651162791,0.296296296296,0.393939393939,0.5,0.455882352941,0.467391304348,0.528301886792,0.45,0.357142857143,0.529411764706,0.548387096774,0.5,0.472868217054
