,TEAM_NAME,FG3M,FG3A,FG3_PCT,FTM,FTA,FT_PCT,OREB,DREB,REB,AST,STL,BLK,TO,PF,PTS,FG2M,FG2A,FG2_PCT,OUTCOME,DEFICIT_FGM,DEFICIT_FGA,DEFICIT_FG3M,DEFICIT_FG3A,DEFICIT_FTM,DEFICIT_FTA,DEFICIT_OREB,DEFICIT_DREB,DEFICIT_REB,DEFICIT_AST,DEFICIT_STL,DEFICIT_BLK,DEFICIT_TO,DEFICIT_PF,DEFICIT_FG2M,DEFICIT_FG2A
0,Raptors,5,23,0.217,22,29,0.759,15,29,44,13,5,5,9,18,87,25,63,0.396825396825,0,0.47619047619,0.527607361963,0.357142857143,0.479166666667,0.564102564103,0.56862745098,0.714285714286,0.460317460317,0.52380952381,0.371428571429,0.555555555556,0.555555555556,0.428571428571,0.418604651163,0.510204081633,0.547826086957
1,Magic,9,25,0.36,17,22,0.773,6,34,40,22,4,4,12,25,92,24,52,0.461538461538,1,0.52380952381,0.472392638037,0.642857142857,0.520833333333,0.435897435897,0.43137254902,0.285714285714,0.539682539683,0.47619047619,0.628571428571,0.444444444444,0.444444444444,0.571428571429,0.581395348837,0.489795918367,0.452173913043
