,TEAM_NAME,FG3M,FG3A,FG3_PCT,FTM,FTA,FT_PCT,OREB,DREB,REB,AST,STL,BLK,TO,PF,PTS,FG2M,FG2A,FG2_PCT,OUTCOME,DEFICIT_FGM,DEFICIT_FGA,DEFICIT_FG3M,DEFICIT_FG3A,DEFICIT_FTM,DEFICIT_FTA,DEFICIT_OREB,DEFICIT_DREB,DEFICIT_REB,DEFICIT_AST,DEFICIT_STL,DEFICIT_BLK,DEFICIT_TO,DEFICIT_PF,DEFICIT_FG2M,DEFICIT_FG2A
0,Wizards,8,25,0.32,18,23,0.783,10,35,45,23,10,8,24,27,98,28,63,0.4444444444444444,0,0.45,0.4756756756756757,0.4,0.45454545454545453,0.5,0.5,0.4,0.4794520547945205,0.45918367346938777,0.48936170212765956,0.35714285714285715,0.6153846153846154,0.5853658536585366,0.5625,0.4666666666666667,0.4846153846153846
1,Celtics,12,30,0.4,18,23,0.783,15,38,53,24,18,5,17,21,118,32,67,0.47761194029850745,1,0.55,0.5243243243243243,0.6,0.5454545454545454,0.5,0.5,0.6,0.5205479452054794,0.5408163265306123,0.5106382978723404,0.6428571428571429,0.38461538461538464,0.4146341463414634,0.4375,0.5333333333333333,0.5153846153846153
