,TEAM_NAME,FG3M,FG3A,FG3_PCT,FTM,FTA,FT_PCT,OREB,DREB,REB,AST,STL,BLK,TO,PF,PTS,FG2M,FG2A,FG2_PCT,OUTCOME,DEFICIT_FGM,DEFICIT_FGA,DEFICIT_FG3M,DEFICIT_FG3A,DEFICIT_FTM,DEFICIT_FTA,DEFICIT_OREB,DEFICIT_DREB,DEFICIT_REB,DEFICIT_AST,DEFICIT_STL,DEFICIT_BLK,DEFICIT_TO,DEFICIT_PF,DEFICIT_FG2M,DEFICIT_FG2A
0,76ers,10,23,0.435,10,15,0.667,7,31,38,23,9,4,16,18,102,31,56,0.5535714285714286,0,0.47674418604651164,0.47305389221556887,0.5,0.46938775510204084,0.5555555555555556,0.5555555555555556,0.3888888888888889,0.47692307692307695,0.4578313253012048,0.4423076923076923,0.5,1.0,0.48484848484848486,0.47368421052631576,0.4696969696969697,0.4745762711864407
1,Cavaliers,10,26,0.385,8,12,0.667,11,34,45,29,9,0,17,20,108,35,62,0.5645161290322581,1,0.5232558139534884,0.5269461077844312,0.5,0.5306122448979592,0.4444444444444444,0.4444444444444444,0.6111111111111112,0.5230769230769231,0.5421686746987951,0.5576923076923077,0.5,0.0,0.5151515151515151,0.5263157894736842,0.5303030303030303,0.5254237288135594
