,TEAM_NAME,FG3M,FG3A,FG3_PCT,FTM,FTA,FT_PCT,OREB,DREB,REB,AST,STL,BLK,TO,PF,PTS,FG2M,FG2A,FG2_PCT,OUTCOME,DEFICIT_FGM,DEFICIT_FGA,DEFICIT_FG3M,DEFICIT_FG3A,DEFICIT_FTM,DEFICIT_FTA,DEFICIT_OREB,DEFICIT_DREB,DEFICIT_REB,DEFICIT_AST,DEFICIT_STL,DEFICIT_BLK,DEFICIT_TO,DEFICIT_PF,DEFICIT_FG2M,DEFICIT_FG2A
0,Suns,10,30,0.333,8,13,0.615,11,35,46,14,8,3,16,29,92,27,62,0.435483870968,0,0.5,0.55421686747,0.555555555556,0.576923076923,0.307692307692,0.265306122449,0.647058823529,0.460526315789,0.494623655914,0.48275862069,0.5,0.5,0.516129032258,0.58,0.482142857143,0.543859649123
1,Pistons,8,22,0.364,18,36,0.5,6,41,47,15,8,3,15,21,100,29,52,0.557692307692,1,0.5,0.44578313253,0.444444444444,0.423076923077,0.692307692308,0.734693877551,0.352941176471,0.539473684211,0.505376344086,0.51724137931,0.5,0.5,0.483870967742,0.42,0.517857142857,0.456140350877
