,TEAM_NAME,FG3M,FG3A,FG3_PCT,FTM,FTA,FT_PCT,OREB,DREB,REB,AST,STL,BLK,TO,PF,PTS,FG2M,FG2A,FG2_PCT,OUTCOME,DEFICIT_FGM,DEFICIT_FGA,DEFICIT_FG3M,DEFICIT_FG3A,DEFICIT_FTM,DEFICIT_FTA,DEFICIT_OREB,DEFICIT_DREB,DEFICIT_REB,DEFICIT_AST,DEFICIT_STL,DEFICIT_BLK,DEFICIT_TO,DEFICIT_PF,DEFICIT_FG2M,DEFICIT_FG2A
0,Suns,10,30,0.333,8,13,0.615,11,35,46,14,8,3,16,29,92,27,62,0.43548387096774194,0,0.5,0.5542168674698795,0.5555555555555556,0.5769230769230769,0.3076923076923077,0.2653061224489796,0.6470588235294118,0.4605263157894737,0.4946236559139785,0.4827586206896552,0.5,0.5,0.5161290322580645,0.58,0.48214285714285715,0.543859649122807
1,Pistons,8,22,0.364,18,36,0.5,6,41,47,15,8,3,15,21,100,29,52,0.5576923076923077,1,0.5,0.4457831325301205,0.4444444444444444,0.4230769230769231,0.6923076923076923,0.7346938775510204,0.35294117647058826,0.5394736842105263,0.5053763440860215,0.5172413793103449,0.5,0.5,0.4838709677419355,0.42,0.5178571428571429,0.45614035087719296
