,TEAM_NAME,FG3M,FG3A,FG3_PCT,FTM,FTA,FT_PCT,OREB,DREB,REB,AST,STL,BLK,TO,PF,PTS,FG2M,FG2A,FG2_PCT,OUTCOME,DEFICIT_FGM,DEFICIT_FGA,DEFICIT_FG3M,DEFICIT_FG3A,DEFICIT_FTM,DEFICIT_FTA,DEFICIT_OREB,DEFICIT_DREB,DEFICIT_REB,DEFICIT_AST,DEFICIT_STL,DEFICIT_BLK,DEFICIT_TO,DEFICIT_PF,DEFICIT_FG2M,DEFICIT_FG2A
0,Wizards,4,14,0.286,8,13,0.615,9,22,31,23,6,6,6,18,92,36,68,0.529411764706,0,0.481927710843,0.5125,0.5,0.466666666667,0.421052631579,0.41935483871,0.5,0.43137254902,0.449275362319,0.46,0.6,0.545454545455,0.375,0.529411764706,0.48,0.523076923077
1,Spurs,4,16,0.25,11,18,0.611,9,29,38,27,4,5,10,16,101,39,62,0.629032258065,1,0.518072289157,0.4875,0.5,0.533333333333,0.578947368421,0.58064516129,0.5,0.56862745098,0.550724637681,0.54,0.4,0.454545454545,0.625,0.470588235294,0.52,0.476923076923
