,TEAM_NAME,FG3M,FG3A,FG3_PCT,FTM,FTA,FT_PCT,OREB,DREB,REB,AST,STL,BLK,TO,PF,PTS,FG2M,FG2A,FG2_PCT,OUTCOME,DEFICIT_FGM,DEFICIT_FGA,DEFICIT_FG3M,DEFICIT_FG3A,DEFICIT_FTM,DEFICIT_FTA,DEFICIT_OREB,DEFICIT_DREB,DEFICIT_REB,DEFICIT_AST,DEFICIT_STL,DEFICIT_BLK,DEFICIT_TO,DEFICIT_PF,DEFICIT_FG2M,DEFICIT_FG2A
0,Bulls,6,28,0.214,29,40,0.725,24,35,59,19,10,9,16,14,109,31,72,0.430555555556,1,0.451219512195,0.5,0.545454545455,0.622222222222,0.763157894737,0.78431372549,0.705882352941,0.5,0.567307692308,0.422222222222,0.526315789474,0.6,0.444444444444,0.333333333333,0.43661971831,0.464516129032
1,Celtics,5,17,0.294,9,11,0.818,10,35,45,26,9,6,20,28,104,40,83,0.481927710843,0,0.548780487805,0.5,0.454545454545,0.377777777778,0.236842105263,0.21568627451,0.294117647059,0.5,0.432692307692,0.577777777778,0.473684210526,0.4,0.555555555556,0.666666666667,0.56338028169,0.535483870968
