,TEAM_NAME,FG3M,FG3A,FG3_PCT,FTM,FTA,FT_PCT,OREB,DREB,REB,AST,STL,BLK,TO,PF,PTS,FG2M,FG2A,FG2_PCT,OUTCOME,DEFICIT_FGM,DEFICIT_FGA,DEFICIT_FG3M,DEFICIT_FG3A,DEFICIT_FTM,DEFICIT_FTA,DEFICIT_OREB,DEFICIT_DREB,DEFICIT_REB,DEFICIT_AST,DEFICIT_STL,DEFICIT_BLK,DEFICIT_TO,DEFICIT_PF,DEFICIT_FG2M,DEFICIT_FG2A
0,Magic,4,19,0.211,20,21,0.952,12,32,44,18,9,3,7,24,90,29,68,0.4264705882352941,0,0.4852941176470588,0.5272727272727272,0.5,0.5428571428571428,0.45454545454545453,0.39622641509433965,0.42857142857142855,0.463768115942029,0.4536082474226804,0.5294117647058824,0.6923076923076923,0.42857142857142855,0.3333333333333333,0.6153846153846154,0.48333333333333334,0.5230769230769231
1,Hornets,4,16,0.25,24,32,0.75,16,37,53,16,4,4,14,15,98,31,62,0.5,1,0.5147058823529411,0.4727272727272727,0.5,0.45714285714285713,0.5454545454545454,0.6037735849056604,0.5714285714285714,0.5362318840579711,0.5463917525773195,0.47058823529411764,0.3076923076923077,0.5714285714285714,0.6666666666666666,0.38461538461538464,0.5166666666666667,0.47692307692307695
