,TEAM_NAME,FG3M,FG3A,FG3_PCT,FTM,FTA,FT_PCT,OREB,DREB,REB,AST,STL,BLK,TO,PF,PTS,FG2M,FG2A,FG2_PCT,OUTCOME,DEFICIT_FGM,DEFICIT_FGA,DEFICIT_FG3M,DEFICIT_FG3A,DEFICIT_FTM,DEFICIT_FTA,DEFICIT_OREB,DEFICIT_DREB,DEFICIT_REB,DEFICIT_AST,DEFICIT_STL,DEFICIT_BLK,DEFICIT_TO,DEFICIT_PF,DEFICIT_FG2M,DEFICIT_FG2A
0,Wizards,4,14,0.286,8,13,0.615,9,22,31,23,6,6,6,18,92,36,68,0.5294117647058824,0,0.4819277108433735,0.5125,0.5,0.4666666666666667,0.42105263157894735,0.41935483870967744,0.5,0.43137254901960786,0.4492753623188406,0.46,0.6,0.5454545454545454,0.375,0.5294117647058824,0.48,0.5230769230769231
1,Spurs,4,16,0.25,11,18,0.611,9,29,38,27,4,5,10,16,101,39,62,0.6290322580645161,1,0.5180722891566265,0.4875,0.5,0.5333333333333333,0.5789473684210527,0.5806451612903226,0.5,0.5686274509803921,0.5507246376811594,0.54,0.4,0.45454545454545453,0.625,0.47058823529411764,0.52,0.47692307692307695
