,TEAM_NAME,FG3M,FG3A,FG3_PCT,FTM,FTA,FT_PCT,OREB,DREB,REB,AST,STL,BLK,TO,PF,PTS,FG2M,FG2A,FG2_PCT,OUTCOME,DEFICIT_FGM,DEFICIT_FGA,DEFICIT_FG3M,DEFICIT_FG3A,DEFICIT_FTM,DEFICIT_FTA,DEFICIT_OREB,DEFICIT_DREB,DEFICIT_REB,DEFICIT_AST,DEFICIT_STL,DEFICIT_BLK,DEFICIT_TO,DEFICIT_PF,DEFICIT_FG2M,DEFICIT_FG2A
0,Jazz,11,20,0.55,14,21,0.667,11,36,47,23,6,10,12,16,101,27,55,0.490909090909,1,0.527777777778,0.465838509317,0.647058823529,0.512820512821,0.48275862069,0.538461538462,0.44,0.610169491525,0.559523809524,0.575,0.428571428571,0.666666666667,0.6,0.516129032258,0.490909090909,0.450819672131
1,Timberwolves,6,19,0.316,15,18,0.833,14,23,37,17,8,5,8,15,89,28,67,0.417910447761,0,0.472222222222,0.534161490683,0.352941176471,0.487179487179,0.51724137931,0.461538461538,0.56,0.389830508475,0.440476190476,0.425,0.571428571429,0.333333333333,0.4,0.483870967742,0.509090909091,0.549180327869
