,TEAM_NAME,FG3M,FG3A,FG3_PCT,FTM,FTA,FT_PCT,OREB,DREB,REB,AST,STL,BLK,TO,PF,PTS,FG2M,FG2A,FG2_PCT,OUTCOME,DEFICIT_FGM,DEFICIT_FGA,DEFICIT_FG3M,DEFICIT_FG3A,DEFICIT_FTM,DEFICIT_FTA,DEFICIT_OREB,DEFICIT_DREB,DEFICIT_REB,DEFICIT_AST,DEFICIT_STL,DEFICIT_BLK,DEFICIT_TO,DEFICIT_PF,DEFICIT_FG2M,DEFICIT_FG2A
0,Trail Blazers,13,33,0.394,10,12,0.833,11,33,44,24,6,7,18,23,107,29,60,0.483333333333,0,0.494117647059,0.525423728814,0.684210526316,0.66,0.30303030303,0.279069767442,0.52380952381,0.478260869565,0.488888888889,0.585365853659,0.4,0.583333333333,0.5625,0.605263157895,0.439393939394,0.472440944882
1,Hawks,6,17,0.353,23,31,0.742,10,36,46,17,9,5,14,15,115,37,67,0.55223880597,1,0.505882352941,0.474576271186,0.315789473684,0.34,0.69696969697,0.720930232558,0.47619047619,0.521739130435,0.511111111111,0.414634146341,0.6,0.416666666667,0.4375,0.394736842105,0.560606060606,0.527559055118
