,TEAM_NAME,FG3M,FG3A,FG3_PCT,FTM,FTA,FT_PCT,OREB,DREB,REB,AST,STL,BLK,TO,PF,PTS,FG2M,FG2A,FG2_PCT,OUTCOME,DEFICIT_FGM,DEFICIT_FGA,DEFICIT_FG3M,DEFICIT_FG3A,DEFICIT_FTM,DEFICIT_FTA,DEFICIT_OREB,DEFICIT_DREB,DEFICIT_REB,DEFICIT_AST,DEFICIT_STL,DEFICIT_BLK,DEFICIT_TO,DEFICIT_PF,DEFICIT_FG2M,DEFICIT_FG2A
0,Heat,4,17,0.235,15,25,0.6,8,25,33,20,6,3,21,18,79,26,51,0.509803921569,0,0.422535211268,0.450331125828,0.235294117647,0.354166666667,0.428571428571,0.471698113208,0.32,0.446428571429,0.407407407407,0.487804878049,0.315789473684,0.75,0.567567567568,0.5,0.481481481481,0.495145631068
1,Rockets,13,31,0.419,20,28,0.714,17,31,48,21,13,1,16,18,115,28,52,0.538461538462,1,0.577464788732,0.549668874172,0.764705882353,0.645833333333,0.571428571429,0.528301886792,0.68,0.553571428571,0.592592592593,0.512195121951,0.684210526316,0.25,0.432432432432,0.5,0.518518518519,0.504854368932
