,TEAM_NAME,FG3M,FG3A,FG3_PCT,FTM,FTA,FT_PCT,OREB,DREB,REB,AST,STL,BLK,TO,PF,PTS,FG2M,FG2A,FG2_PCT,OUTCOME,DEFICIT_FGM,DEFICIT_FGA,DEFICIT_FG3M,DEFICIT_FG3A,DEFICIT_FTM,DEFICIT_FTA,DEFICIT_OREB,DEFICIT_DREB,DEFICIT_REB,DEFICIT_AST,DEFICIT_STL,DEFICIT_BLK,DEFICIT_TO,DEFICIT_PF,DEFICIT_FG2M,DEFICIT_FG2A
0,Grizzlies,4,12,0.333,1,1,1.0,11,30,41,22,14,5,15,12,79,33,78,0.423076923077,1,0.55223880597,0.5625,0.333333333333,0.375,0.111111111111,0.0625,0.611111111111,0.461538461538,0.493975903614,0.511627906977,0.583333333333,0.625,0.416666666667,0.545454545455,0.6,0.609375
1,Hawks,8,20,0.4,8,15,0.533,7,35,42,21,10,3,21,10,76,22,50,0.44,0,0.44776119403,0.4375,0.666666666667,0.625,0.888888888889,0.9375,0.388888888889,0.538461538462,0.506024096386,0.488372093023,0.416666666667,0.375,0.583333333333,0.454545454545,0.4,0.390625
