,TEAM_NAME,FG3M,FG3A,FG3_PCT,FTM,FTA,FT_PCT,OREB,DREB,REB,AST,STL,BLK,TO,PF,PTS,FG2M,FG2A,FG2_PCT,OUTCOME,DEFICIT_FGM,DEFICIT_FGA,DEFICIT_FG3M,DEFICIT_FG3A,DEFICIT_FTM,DEFICIT_FTA,DEFICIT_OREB,DEFICIT_DREB,DEFICIT_REB,DEFICIT_AST,DEFICIT_STL,DEFICIT_BLK,DEFICIT_TO,DEFICIT_PF,DEFICIT_FG2M,DEFICIT_FG2A
0,Suns,11,21,0.524,25,30,0.833,12,33,45,16,9,2,17,22,122,32,59,0.542372881356,1,0.511904761905,0.487804878049,0.578947368421,0.45652173913,0.568181818182,0.535714285714,0.5,0.6,0.569620253165,0.5,0.642857142857,0.333333333333,0.586206896552,0.511627906977,0.492307692308,0.5
1,Warriors,8,25,0.32,19,26,0.731,12,22,34,16,5,4,12,21,109,33,59,0.559322033898,0,0.488095238095,0.512195121951,0.421052631579,0.54347826087,0.431818181818,0.464285714286,0.5,0.4,0.430379746835,0.5,0.357142857143,0.666666666667,0.413793103448,0.488372093023,0.507692307692,0.5
