,TEAM_NAME,FG3M,FG3A,FG3_PCT,FTM,FTA,FT_PCT,OREB,DREB,REB,AST,STL,BLK,TO,PF,PTS,FG2M,FG2A,FG2_PCT,OUTCOME,DEFICIT_FGM,DEFICIT_FGA,DEFICIT_FG3M,DEFICIT_FG3A,DEFICIT_FTM,DEFICIT_FTA,DEFICIT_OREB,DEFICIT_DREB,DEFICIT_REB,DEFICIT_AST,DEFICIT_STL,DEFICIT_BLK,DEFICIT_TO,DEFICIT_PF,DEFICIT_FG2M,DEFICIT_FG2A
0,Timberwolves,4,8,0.5,25,30,0.833,10,33,43,23,9,3,13,24,107,35,69,0.5072463768115942,1,0.5652173913043478,0.5202702702702703,0.3076923076923077,0.25,0.5555555555555556,0.4918032786885246,0.5555555555555556,0.55,0.5512820512820513,0.6216216216216216,0.5,0.3333333333333333,0.3939393939393939,0.5106382978723404,0.625,0.5948275862068966
1,Pacers,9,24,0.375,20,31,0.645,8,27,35,14,9,6,20,23,89,21,47,0.44680851063829785,0,0.43478260869565216,0.4797297297297297,0.6923076923076923,0.75,0.4444444444444444,0.5081967213114754,0.4444444444444444,0.45,0.44871794871794873,0.3783783783783784,0.5,0.6666666666666666,0.6060606060606061,0.48936170212765956,0.375,0.4051724137931034
