,TEAM_NAME,FG3M,FG3A,FG3_PCT,FTM,FTA,FT_PCT,OREB,DREB,REB,AST,STL,BLK,TO,PF,PTS,FG2M,FG2A,FG2_PCT,OUTCOME,DEFICIT_FGM,DEFICIT_FGA,DEFICIT_FG3M,DEFICIT_FG3A,DEFICIT_FTM,DEFICIT_FTA,DEFICIT_OREB,DEFICIT_DREB,DEFICIT_REB,DEFICIT_AST,DEFICIT_STL,DEFICIT_BLK,DEFICIT_TO,DEFICIT_PF,DEFICIT_FG2M,DEFICIT_FG2A
0,Heat,8,27,0.296,14,21,0.667,9,26,35,19,10,6,18,20,90,26,46,0.5652173913043478,1,0.53125,0.4899328859060403,0.42105263157894735,0.45,0.5,0.525,0.375,0.4727272727272727,0.4430379746835443,0.6129032258064516,0.5555555555555556,0.75,0.5,0.46511627906976744,0.5777777777777777,0.5168539325842697
1,Rockets,11,33,0.333,14,19,0.737,15,29,44,12,8,2,18,23,85,19,43,0.4418604651162791,0,0.46875,0.5100671140939598,0.5789473684210527,0.55,0.5,0.475,0.625,0.5272727272727272,0.5569620253164557,0.3870967741935484,0.4444444444444444,0.25,0.5,0.5348837209302325,0.4222222222222222,0.48314606741573035
