,TEAM_NAME,FG3M,FG3A,FG3_PCT,FTM,FTA,FT_PCT,OREB,DREB,REB,AST,STL,BLK,TO,PF,PTS,FG2M,FG2A,FG2_PCT,OUTCOME,DEFICIT_FGM,DEFICIT_FGA,DEFICIT_FG3M,DEFICIT_FG3A,DEFICIT_FTM,DEFICIT_FTA,DEFICIT_OREB,DEFICIT_DREB,DEFICIT_REB,DEFICIT_AST,DEFICIT_STL,DEFICIT_BLK,DEFICIT_TO,DEFICIT_PF,DEFICIT_FG2M,DEFICIT_FG2A
0,Wizards,8,18,0.444,17,22,0.773,20,33,53,27,7,6,14,24,111,35,75,0.4666666666666667,1,0.5443037974683544,0.5254237288135594,0.6153846153846154,0.5454545454545454,0.425,0.4583333333333333,0.7142857142857143,0.5409836065573771,0.5955056179775281,0.5625,0.3888888888888889,0.46153846153846156,0.5,0.5454545454545454,0.5303030303030303,0.5208333333333334
1,Bucks,5,15,0.333,23,26,0.885,8,28,36,21,11,7,14,20,100,31,69,0.4492753623188406,0,0.45569620253164556,0.4745762711864407,0.38461538461538464,0.45454545454545453,0.575,0.5416666666666666,0.2857142857142857,0.45901639344262296,0.4044943820224719,0.4375,0.6111111111111112,0.5384615384615384,0.5,0.45454545454545453,0.4696969696969697,0.4791666666666667
