,TEAM_NAME,FG3M,FG3A,FG3_PCT,FTM,FTA,FT_PCT,OREB,DREB,REB,AST,STL,BLK,TO,PF,PTS,FG2M,FG2A,FG2_PCT,OUTCOME,DEFICIT_FGM,DEFICIT_FGA,DEFICIT_FG3M,DEFICIT_FG3A,DEFICIT_FTM,DEFICIT_FTA,DEFICIT_OREB,DEFICIT_DREB,DEFICIT_REB,DEFICIT_AST,DEFICIT_STL,DEFICIT_BLK,DEFICIT_TO,DEFICIT_PF,DEFICIT_FG2M,DEFICIT_FG2A
0,Kings,8,26,0.308,25,30,0.833,14,36,50,24,4,2,18,19,113,32,55,0.5818181818181818,1,0.5194805194805194,0.47368421052631576,0.5714285714285714,0.6046511627906976,0.5434782608695652,0.5263157894736842,0.4827586206896552,0.6206896551724138,0.5747126436781609,0.5106382978723404,0.2857142857142857,0.2222222222222222,0.6428571428571429,0.4418604651162791,0.5079365079365079,0.4296875
1,Timberwolves,6,17,0.353,21,27,0.778,15,22,37,23,10,7,10,24,101,31,73,0.4246575342465753,0,0.4805194805194805,0.5263157894736842,0.42857142857142855,0.3953488372093023,0.45652173913043476,0.47368421052631576,0.5172413793103449,0.3793103448275862,0.42528735632183906,0.48936170212765956,0.7142857142857143,0.7777777777777778,0.35714285714285715,0.5581395348837209,0.49206349206349204,0.5703125
