,TEAM_NAME,FG3M,FG3A,FG3_PCT,FTM,FTA,FT_PCT,OREB,DREB,REB,AST,STL,BLK,TO,PF,PTS,FG2M,FG2A,FG2_PCT,OUTCOME,DEFICIT_FGM,DEFICIT_FGA,DEFICIT_FG3M,DEFICIT_FG3A,DEFICIT_FTM,DEFICIT_FTA,DEFICIT_OREB,DEFICIT_DREB,DEFICIT_REB,DEFICIT_AST,DEFICIT_STL,DEFICIT_BLK,DEFICIT_TO,DEFICIT_PF,DEFICIT_FG2M,DEFICIT_FG2A
0,Magic,3,16,0.188,19,27,0.704,18,26,44,18,10,2,14,20,92,32,62,0.5161290322580645,0,0.4861111111111111,0.5234899328859061,0.2,0.38095238095238093,0.59375,0.6,0.72,0.5,0.5714285714285714,0.5142857142857142,0.5882352941176471,0.2857142857142857,0.4666666666666667,0.5,0.5614035087719298,0.5794392523364486
1,Heat,12,26,0.462,13,18,0.722,7,26,33,17,7,5,16,20,99,25,45,0.5555555555555556,1,0.5138888888888888,0.47651006711409394,0.8,0.6190476190476191,0.40625,0.4,0.28,0.5,0.42857142857142855,0.4857142857142857,0.4117647058823529,0.7142857142857143,0.5333333333333333,0.5,0.43859649122807015,0.4205607476635514
