,TEAM_NAME,FG3M,FG3A,FG3_PCT,FTM,FTA,FT_PCT,OREB,DREB,REB,AST,STL,BLK,TO,PF,PTS,FG2M,FG2A,FG2_PCT,OUTCOME,DEFICIT_FGM,DEFICIT_FGA,DEFICIT_FG3M,DEFICIT_FG3A,DEFICIT_FTM,DEFICIT_FTA,DEFICIT_OREB,DEFICIT_DREB,DEFICIT_REB,DEFICIT_AST,DEFICIT_STL,DEFICIT_BLK,DEFICIT_TO,DEFICIT_PF,DEFICIT_FG2M,DEFICIT_FG2A
0,Spurs,8,21,0.381,9,11,0.818,6,42,48,29,7,9,14,9,99,33,58,0.5689655172413793,1,0.5466666666666666,0.4647058823529412,0.47058823529411764,0.4375,0.47368421052631576,0.5238095238095238,0.3157894736842105,0.5753424657534246,0.5217391304347826,0.5471698113207547,0.5833333333333334,0.6428571428571429,0.56,0.391304347826087,0.5689655172413793,0.47540983606557374
1,Nets,9,27,0.333,10,10,1.0,13,31,44,24,5,5,11,14,87,25,64,0.390625,0,0.4533333333333333,0.5352941176470588,0.5294117647058824,0.5625,0.5263157894736842,0.47619047619047616,0.6842105263157895,0.4246575342465753,0.4782608695652174,0.4528301886792453,0.4166666666666667,0.35714285714285715,0.44,0.6086956521739131,0.43103448275862066,0.5245901639344263
