,TEAM_NAME,FG3M,FG3A,FG3_PCT,FTM,FTA,FT_PCT,OREB,DREB,REB,AST,STL,BLK,TO,PF,PTS,FG2M,FG2A,FG2_PCT,OUTCOME,DEFICIT_FGM,DEFICIT_FGA,DEFICIT_FG3M,DEFICIT_FG3A,DEFICIT_FTM,DEFICIT_FTA,DEFICIT_OREB,DEFICIT_DREB,DEFICIT_REB,DEFICIT_AST,DEFICIT_STL,DEFICIT_BLK,DEFICIT_TO,DEFICIT_PF,DEFICIT_FG2M,DEFICIT_FG2A
0,Wizards,8,18,0.444,17,22,0.773,20,33,53,27,7,6,14,24,111,35,75,0.466666666667,1,0.544303797468,0.525423728814,0.615384615385,0.545454545455,0.425,0.458333333333,0.714285714286,0.540983606557,0.595505617978,0.5625,0.388888888889,0.461538461538,0.5,0.545454545455,0.530303030303,0.520833333333
1,Bucks,5,15,0.333,23,26,0.885,8,28,36,21,11,7,14,20,100,31,69,0.449275362319,0,0.455696202532,0.474576271186,0.384615384615,0.454545454545,0.575,0.541666666667,0.285714285714,0.459016393443,0.404494382022,0.4375,0.611111111111,0.538461538462,0.5,0.454545454545,0.469696969697,0.479166666667
