,TEAM_NAME,FG3M,FG3A,FG3_PCT,FTM,FTA,FT_PCT,OREB,DREB,REB,AST,STL,BLK,TO,PF,PTS,FG2M,FG2A,FG2_PCT,OUTCOME,DEFICIT_FGM,DEFICIT_FGA,DEFICIT_FG3M,DEFICIT_FG3A,DEFICIT_FTM,DEFICIT_FTA,DEFICIT_OREB,DEFICIT_DREB,DEFICIT_REB,DEFICIT_AST,DEFICIT_STL,DEFICIT_BLK,DEFICIT_TO,DEFICIT_PF,DEFICIT_FG2M,DEFICIT_FG2A
0,Bucks,3,13,0.231,17,28,0.607,14,26,40,28,11,9,5,19,106,40,80,0.5,1,0.551282051282,0.522471910112,0.2,0.309523809524,0.472222222222,0.538461538462,0.411764705882,0.412698412698,0.412371134021,0.56,0.785714285714,0.529411764706,0.227272727273,0.431818181818,0.634920634921,0.588235294118
1,Bulls,12,29,0.414,19,24,0.792,20,37,57,22,3,8,17,25,101,23,56,0.410714285714,0,0.448717948718,0.477528089888,0.8,0.690476190476,0.527777777778,0.461538461538,0.588235294118,0.587301587302,0.587628865979,0.44,0.214285714286,0.470588235294,0.772727272727,0.568181818182,0.365079365079,0.411764705882
