,TEAM_NAME,FG3M,FG3A,FG3_PCT,FTM,FTA,FT_PCT,OREB,DREB,REB,AST,STL,BLK,TO,PF,PTS,FG2M,FG2A,FG2_PCT,OUTCOME,DEFICIT_FGM,DEFICIT_FGA,DEFICIT_FG3M,DEFICIT_FG3A,DEFICIT_FTM,DEFICIT_FTA,DEFICIT_OREB,DEFICIT_DREB,DEFICIT_REB,DEFICIT_AST,DEFICIT_STL,DEFICIT_BLK,DEFICIT_TO,DEFICIT_PF,DEFICIT_FG2M,DEFICIT_FG2A
0,Cavaliers,7,29,0.241,24,26,0.923,12,35,47,18,7,10,18,22,99,27,47,0.574468085106,1,0.507462686567,0.472049689441,0.538461538462,0.56862745098,0.558139534884,0.541666666667,0.48,0.573770491803,0.546511627907,0.486486486486,0.538461538462,0.769230769231,0.620689655172,0.5,0.5,0.427272727273
1,Celtics,6,22,0.273,19,22,0.864,13,26,39,19,6,3,11,22,91,27,63,0.428571428571,0,0.492537313433,0.527950310559,0.461538461538,0.43137254902,0.441860465116,0.458333333333,0.52,0.426229508197,0.453488372093,0.513513513514,0.461538461538,0.230769230769,0.379310344828,0.5,0.5,0.572727272727
