,TEAM_NAME,FG3M,FG3A,FG3_PCT,FTM,FTA,FT_PCT,OREB,DREB,REB,AST,STL,BLK,TO,PF,PTS,FG2M,FG2A,FG2_PCT,OUTCOME,DEFICIT_FGM,DEFICIT_FGA,DEFICIT_FG3M,DEFICIT_FG3A,DEFICIT_FTM,DEFICIT_FTA,DEFICIT_OREB,DEFICIT_DREB,DEFICIT_REB,DEFICIT_AST,DEFICIT_STL,DEFICIT_BLK,DEFICIT_TO,DEFICIT_PF,DEFICIT_FG2M,DEFICIT_FG2A
0,Rockets,6,20,0.3,27,35,0.771,13,36,49,25,5,5,11,23,111,33,68,0.485294117647,1,0.541666666667,0.497175141243,0.5,0.47619047619,0.5,0.555555555556,0.481481481481,0.529411764706,0.515789473684,0.641025641026,0.555555555556,0.454545454545,0.578947368421,0.5,0.55,0.503703703704
1,Mavericks,6,22,0.273,27,28,0.964,14,32,46,14,4,6,8,23,99,27,67,0.402985074627,0,0.458333333333,0.502824858757,0.5,0.52380952381,0.5,0.444444444444,0.518518518519,0.470588235294,0.484210526316,0.358974358974,0.444444444444,0.545454545455,0.421052631579,0.5,0.45,0.496296296296
