,TEAM_NAME,FG3M,FG3A,FG3_PCT,FTM,FTA,FT_PCT,OREB,DREB,REB,AST,STL,BLK,TO,PF,PTS,FG2M,FG2A,FG2_PCT,OUTCOME,DEFICIT_FGM,DEFICIT_FGA,DEFICIT_FG3M,DEFICIT_FG3A,DEFICIT_FTM,DEFICIT_FTA,DEFICIT_OREB,DEFICIT_DREB,DEFICIT_REB,DEFICIT_AST,DEFICIT_STL,DEFICIT_BLK,DEFICIT_TO,DEFICIT_PF,DEFICIT_FG2M,DEFICIT_FG2A
0,Pistons,10,27,0.37,15,20,0.75,13,23,36,22,14,4,16,18,107,31,61,0.508196721311,1,0.506172839506,0.520710059172,0.625,0.6,0.428571428571,0.47619047619,0.619047619048,0.410714285714,0.467532467532,0.5,0.636363636364,0.8,0.470588235294,0.473684210526,0.476923076923,0.491935483871
1,Celtics,6,18,0.333,20,22,0.909,8,33,41,22,8,1,18,20,106,34,63,0.539682539683,0,0.493827160494,0.479289940828,0.375,0.4,0.571428571429,0.52380952381,0.380952380952,0.589285714286,0.532467532468,0.5,0.363636363636,0.2,0.529411764706,0.526315789474,0.523076923077,0.508064516129
