,TEAM_NAME,FG3M,FG3A,FG3_PCT,FTM,FTA,FT_PCT,OREB,DREB,REB,AST,STL,BLK,TO,PF,PTS,FG2M,FG2A,FG2_PCT,OUTCOME,DEFICIT_FGM,DEFICIT_FGA,DEFICIT_FG3M,DEFICIT_FG3A,DEFICIT_FTM,DEFICIT_FTA,DEFICIT_OREB,DEFICIT_DREB,DEFICIT_REB,DEFICIT_AST,DEFICIT_STL,DEFICIT_BLK,DEFICIT_TO,DEFICIT_PF,DEFICIT_FG2M,DEFICIT_FG2A
0,Jazz,8,21,0.381,12,15,0.8,11,36,47,19,5,10,16,17,86,25,61,0.409836065574,1,0.540983606557,0.488095238095,0.533333333333,0.583333333333,0.387096774194,0.428571428571,0.458333333333,0.507042253521,0.494736842105,0.612903225806,0.416666666667,0.625,0.615384615385,0.485714285714,0.54347826087,0.462121212121
1,Magic,7,15,0.467,19,20,0.95,13,35,48,12,7,6,10,18,82,21,71,0.295774647887,0,0.459016393443,0.511904761905,0.466666666667,0.416666666667,0.612903225806,0.571428571429,0.541666666667,0.492957746479,0.505263157895,0.387096774194,0.583333333333,0.375,0.384615384615,0.514285714286,0.45652173913,0.537878787879
