,TEAM_NAME,FG3M,FG3A,FG3_PCT,FTM,FTA,FT_PCT,OREB,DREB,REB,AST,STL,BLK,TO,PF,PTS,FG2M,FG2A,FG2_PCT,OUTCOME,DEFICIT_FGM,DEFICIT_FGA,DEFICIT_FG3M,DEFICIT_FG3A,DEFICIT_FTM,DEFICIT_FTA,DEFICIT_OREB,DEFICIT_DREB,DEFICIT_REB,DEFICIT_AST,DEFICIT_STL,DEFICIT_BLK,DEFICIT_TO,DEFICIT_PF,DEFICIT_FG2M,DEFICIT_FG2A
0,Wizards,12,20,0.6,25,30,0.833,19,32,51,19,9,6,16,22,113,26,68,0.382352941176,1,0.493506493506,0.543209876543,0.571428571429,0.487804878049,0.555555555556,0.555555555556,0.791666666667,0.551724137931,0.621951219512,0.404255319149,0.529411764706,0.545454545455,0.533333333333,0.478260869565,0.464285714286,0.561983471074
1,Nets,9,21,0.429,20,24,0.833,5,26,31,28,8,5,14,24,107,30,53,0.566037735849,0,0.506493506494,0.456790123457,0.428571428571,0.512195121951,0.444444444444,0.444444444444,0.208333333333,0.448275862069,0.378048780488,0.595744680851,0.470588235294,0.454545454545,0.466666666667,0.521739130435,0.535714285714,0.438016528926
