,TEAM_NAME,FG3M,FG3A,FG3_PCT,FTM,FTA,FT_PCT,OREB,DREB,REB,AST,STL,BLK,TO,PF,PTS,FG2M,FG2A,FG2_PCT,OUTCOME,DEFICIT_FGM,DEFICIT_FGA,DEFICIT_FG3M,DEFICIT_FG3A,DEFICIT_FTM,DEFICIT_FTA,DEFICIT_OREB,DEFICIT_DREB,DEFICIT_REB,DEFICIT_AST,DEFICIT_STL,DEFICIT_BLK,DEFICIT_TO,DEFICIT_PF,DEFICIT_FG2M,DEFICIT_FG2A
0,Heat,5,21,0.238,18,22,0.818,5,32,37,21,11,0,12,20,97,32,56,0.571428571429,1,0.536231884058,0.513333333333,0.5,0.6,0.418604651163,0.44,0.454545454545,0.516129032258,0.506849315068,0.617647058824,0.55,0.0,0.461538461538,0.487804878049,0.542372881356,0.486956521739
1,Pacers,5,14,0.357,25,28,0.893,6,30,36,13,9,2,14,21,94,27,59,0.457627118644,0,0.463768115942,0.486666666667,0.5,0.4,0.581395348837,0.56,0.545454545455,0.483870967742,0.493150684932,0.382352941176,0.45,1.0,0.538461538462,0.512195121951,0.457627118644,0.513043478261
