,TEAM_NAME,FG3M,FG3A,FG3_PCT,FTM,FTA,FT_PCT,OREB,DREB,REB,AST,STL,BLK,TO,PF,PTS,FG2M,FG2A,FG2_PCT,OUTCOME,DEFICIT_FGM,DEFICIT_FGA,DEFICIT_FG3M,DEFICIT_FG3A,DEFICIT_FTM,DEFICIT_FTA,DEFICIT_OREB,DEFICIT_DREB,DEFICIT_REB,DEFICIT_AST,DEFICIT_STL,DEFICIT_BLK,DEFICIT_TO,DEFICIT_PF,DEFICIT_FG2M,DEFICIT_FG2A
0,Raptors,6,26,0.231,14,20,0.7,16,34,50,22,10,4,15,28,102,35,70,0.5,0,0.525641025641,0.542372881356,0.428571428571,0.634146341463,0.388888888889,0.37037037037,0.695652173913,0.507462686567,0.555555555556,0.55,0.588235294118,0.8,0.428571428571,0.538461538462,0.546875,0.514705882353
1,Bobcats,8,15,0.533,22,34,0.647,7,33,40,18,7,1,20,24,104,29,66,0.439393939394,1,0.474358974359,0.457627118644,0.571428571429,0.365853658537,0.611111111111,0.62962962963,0.304347826087,0.492537313433,0.444444444444,0.45,0.411764705882,0.2,0.571428571429,0.461538461538,0.453125,0.485294117647
