,TEAM_NAME,FG3M,FG3A,FG3_PCT,FTM,FTA,FT_PCT,OREB,DREB,REB,AST,STL,BLK,TO,PF,PTS,FG2M,FG2A,FG2_PCT,OUTCOME,DEFICIT_FGM,DEFICIT_FGA,DEFICIT_FG3M,DEFICIT_FG3A,DEFICIT_FTM,DEFICIT_FTA,DEFICIT_OREB,DEFICIT_DREB,DEFICIT_REB,DEFICIT_AST,DEFICIT_STL,DEFICIT_BLK,DEFICIT_TO,DEFICIT_PF,DEFICIT_FG2M,DEFICIT_FG2A
0,Spurs,7,18,0.389,19,24,0.792,14,32,46,23,10,4,18,17,108,34,69,0.492753623188,1,0.518987341772,0.514792899408,0.5,0.545454545455,0.513513513514,0.5,0.518518518519,0.524590163934,0.522727272727,0.589743589744,0.555555555556,0.363636363636,0.486486486486,0.414634146341,0.523076923077,0.507352941176
1,Suns,7,15,0.467,18,24,0.75,13,29,42,16,8,7,19,24,101,31,67,0.462686567164,0,0.481012658228,0.485207100592,0.5,0.454545454545,0.486486486486,0.5,0.481481481481,0.475409836066,0.477272727273,0.410256410256,0.444444444444,0.636363636364,0.513513513514,0.585365853659,0.476923076923,0.492647058824
