,TEAM_NAME,FG3M,FG3A,FG3_PCT,FTM,FTA,FT_PCT,OREB,DREB,REB,AST,STL,BLK,TO,PF,PTS,FG2M,FG2A,FG2_PCT,OUTCOME,DEFICIT_FGM,DEFICIT_FGA,DEFICIT_FG3M,DEFICIT_FG3A,DEFICIT_FTM,DEFICIT_FTA,DEFICIT_OREB,DEFICIT_DREB,DEFICIT_REB,DEFICIT_AST,DEFICIT_STL,DEFICIT_BLK,DEFICIT_TO,DEFICIT_PF,DEFICIT_FG2M,DEFICIT_FG2A
0,Trail Blazers,14,40,0.35,15,19,0.789,10,35,45,19,5,4,13,27,109,26,54,0.481481481481,0,0.46511627907,0.502673796791,0.666666666667,0.677966101695,0.416666666667,0.422222222222,0.454545454545,0.460526315789,0.459183673469,0.413043478261,0.384615384615,0.8,0.565217391304,0.586956521739,0.4,0.421875
1,Timberwolves,7,19,0.368,21,26,0.808,12,41,53,27,8,1,10,19,120,39,74,0.527027027027,1,0.53488372093,0.497326203209,0.333333333333,0.322033898305,0.583333333333,0.577777777778,0.545454545455,0.539473684211,0.540816326531,0.586956521739,0.615384615385,0.2,0.434782608696,0.413043478261,0.6,0.578125
