,TEAM_NAME,FG3M,FG3A,FG3_PCT,FTM,FTA,FT_PCT,OREB,DREB,REB,AST,STL,BLK,TO,PF,PTS,FG2M,FG2A,FG2_PCT,OUTCOME,DEFICIT_FGM,DEFICIT_FGA,DEFICIT_FG3M,DEFICIT_FG3A,DEFICIT_FTM,DEFICIT_FTA,DEFICIT_OREB,DEFICIT_DREB,DEFICIT_REB,DEFICIT_AST,DEFICIT_STL,DEFICIT_BLK,DEFICIT_TO,DEFICIT_PF,DEFICIT_FG2M,DEFICIT_FG2A
0,Grizzlies,8,18,0.444,9,14,0.643,22,21,43,23,11,2,15,25,91,29,75,0.386666666667,0,0.480519480519,0.560240963855,0.615384615385,0.545454545455,0.310344827586,0.378378378378,0.666666666667,0.403846153846,0.505882352941,0.479166666667,0.5,0.166666666667,0.5,0.609756097561,0.453125,0.563909774436
1,Mavericks,5,15,0.333,20,23,0.87,11,31,42,25,11,10,15,16,105,35,58,0.603448275862,1,0.519480519481,0.439759036145,0.384615384615,0.454545454545,0.689655172414,0.621621621622,0.333333333333,0.596153846154,0.494117647059,0.520833333333,0.5,0.833333333333,0.5,0.390243902439,0.546875,0.436090225564
