,TEAM_NAME,FG3M,FG3A,FG3_PCT,FTM,FTA,FT_PCT,OREB,DREB,REB,AST,STL,BLK,TO,PF,PTS,FG2M,FG2A,FG2_PCT,OUTCOME,DEFICIT_FGM,DEFICIT_FGA,DEFICIT_FG3M,DEFICIT_FG3A,DEFICIT_FTM,DEFICIT_FTA,DEFICIT_OREB,DEFICIT_DREB,DEFICIT_REB,DEFICIT_AST,DEFICIT_STL,DEFICIT_BLK,DEFICIT_TO,DEFICIT_PF,DEFICIT_FG2M,DEFICIT_FG2A
0,Thunder,5,23,0.217,14,22,0.636,12,28,40,31,10,7,6,21,113,42,66,0.636363636364,1,0.58024691358,0.511494252874,0.5,0.657142857143,0.411764705882,0.488888888889,0.428571428571,0.491228070175,0.470588235294,0.673913043478,0.769230769231,0.777777777778,0.333333333333,0.525,0.591549295775,0.474820143885
1,Timberwolves,5,12,0.417,20,23,0.87,16,29,45,15,3,2,12,19,93,29,73,0.397260273973,0,0.41975308642,0.488505747126,0.5,0.342857142857,0.588235294118,0.511111111111,0.571428571429,0.508771929825,0.529411764706,0.326086956522,0.230769230769,0.222222222222,0.666666666667,0.475,0.408450704225,0.525179856115
