,TEAM_NAME,FG3M,FG3A,FG3_PCT,FTM,FTA,FT_PCT,OREB,DREB,REB,AST,STL,BLK,TO,PF,PTS,FG2M,FG2A,FG2_PCT,OUTCOME,DEFICIT_FGM,DEFICIT_FGA,DEFICIT_FG3M,DEFICIT_FG3A,DEFICIT_FTM,DEFICIT_FTA,DEFICIT_OREB,DEFICIT_DREB,DEFICIT_REB,DEFICIT_AST,DEFICIT_STL,DEFICIT_BLK,DEFICIT_TO,DEFICIT_PF,DEFICIT_FG2M,DEFICIT_FG2A
0,Heat,4,12,0.333,14,19,0.737,9,33,42,26,5,13,13,20,98,36,69,0.521739130435,1,0.555555555556,0.509433962264,0.4,0.4,0.358974358974,0.422222222222,0.6,0.515625,0.53164556962,0.530612244898,0.555555555556,0.684210526316,0.5,0.526315789474,0.58064516129,0.53488372093
1,Nuggets,6,18,0.333,25,26,0.962,6,31,37,23,4,6,13,18,95,26,60,0.433333333333,0,0.444444444444,0.490566037736,0.6,0.6,0.641025641026,0.577777777778,0.4,0.484375,0.46835443038,0.469387755102,0.444444444444,0.315789473684,0.5,0.473684210526,0.41935483871,0.46511627907
