,TEAM_NAME,FG3M,FG3A,FG3_PCT,FTM,FTA,FT_PCT,OREB,DREB,REB,AST,STL,BLK,TO,PF,PTS,FG2M,FG2A,FG2_PCT,OUTCOME,DEFICIT_FGM,DEFICIT_FGA,DEFICIT_FG3M,DEFICIT_FG3A,DEFICIT_FTM,DEFICIT_FTA,DEFICIT_OREB,DEFICIT_DREB,DEFICIT_REB,DEFICIT_AST,DEFICIT_STL,DEFICIT_BLK,DEFICIT_TO,DEFICIT_PF,DEFICIT_FG2M,DEFICIT_FG2A
0,Suns,10,27,0.37,23,28,0.821,9,36,45,24,9,5,14,22,103,25,62,0.403225806452,0,0.454545454545,0.481081081081,0.416666666667,0.473684210526,0.547619047619,0.491228070175,0.346153846154,0.48,0.445544554455,0.444444444444,0.428571428571,0.5,0.538461538462,0.536585365854,0.471698113208,0.484375
1,Celtics,14,30,0.467,19,29,0.655,17,39,56,30,12,5,12,19,117,28,66,0.424242424242,1,0.545454545455,0.518918918919,0.583333333333,0.526315789474,0.452380952381,0.508771929825,0.653846153846,0.52,0.554455445545,0.555555555556,0.571428571429,0.5,0.461538461538,0.463414634146,0.528301886792,0.515625
