,TEAM_NAME,FG3M,FG3A,FG3_PCT,FTM,FTA,FT_PCT,OREB,DREB,REB,AST,STL,BLK,TO,PF,PTS,FG2M,FG2A,FG2_PCT,OUTCOME,DEFICIT_FGM,DEFICIT_FGA,DEFICIT_FG3M,DEFICIT_FG3A,DEFICIT_FTM,DEFICIT_FTA,DEFICIT_OREB,DEFICIT_DREB,DEFICIT_REB,DEFICIT_AST,DEFICIT_STL,DEFICIT_BLK,DEFICIT_TO,DEFICIT_PF,DEFICIT_FG2M,DEFICIT_FG2A
0,Mavericks,8,22,0.364,15,17,0.882,7,36,43,20,1,6,9,16,83,22,55,0.4,1,0.491803278689,0.472392638037,0.8,0.536585365854,0.535714285714,0.53125,0.368421052632,0.507042253521,0.477777777778,0.555555555556,0.142857142857,0.75,0.529411764706,0.457142857143,0.43137254902,0.450819672131
1,Bulls,2,19,0.105,13,15,0.867,12,35,47,16,6,2,8,19,77,29,67,0.432835820896,0,0.508196721311,0.527607361963,0.2,0.463414634146,0.464285714286,0.46875,0.631578947368,0.492957746479,0.522222222222,0.444444444444,0.857142857143,0.25,0.470588235294,0.542857142857,0.56862745098,0.549180327869
