,TEAM_NAME,FG3M,FG3A,FG3_PCT,FTM,FTA,FT_PCT,OREB,DREB,REB,AST,STL,BLK,TO,PF,PTS,FG2M,FG2A,FG2_PCT,OUTCOME,DEFICIT_FGM,DEFICIT_FGA,DEFICIT_FG3M,DEFICIT_FG3A,DEFICIT_FTM,DEFICIT_FTA,DEFICIT_OREB,DEFICIT_DREB,DEFICIT_REB,DEFICIT_AST,DEFICIT_STL,DEFICIT_BLK,DEFICIT_TO,DEFICIT_PF,DEFICIT_FG2M,DEFICIT_FG2A
0,Timberwolves,5,22,0.227,29,39,0.744,17,28,45,13,11,1,18,15,82,19,60,0.316666666667,0,0.358208955224,0.5125,0.555555555556,0.55,0.690476190476,0.672413793103,0.708333333333,0.430769230769,0.505617977528,0.361111111111,0.5,0.111111111111,0.473684210526,0.348837209302,0.327586206897,0.5
1,Heat,4,18,0.222,13,19,0.684,7,37,44,23,11,8,20,28,103,39,60,0.65,1,0.641791044776,0.4875,0.444444444444,0.45,0.309523809524,0.327586206897,0.291666666667,0.569230769231,0.494382022472,0.638888888889,0.5,0.888888888889,0.526315789474,0.651162790698,0.672413793103,0.5
