,TEAM_NAME,FG3M,FG3A,FG3_PCT,FTM,FTA,FT_PCT,OREB,DREB,REB,AST,STL,BLK,TO,PF,PTS,FG2M,FG2A,FG2_PCT,OUTCOME,DEFICIT_FGM,DEFICIT_FGA,DEFICIT_FG3M,DEFICIT_FG3A,DEFICIT_FTM,DEFICIT_FTA,DEFICIT_OREB,DEFICIT_DREB,DEFICIT_REB,DEFICIT_AST,DEFICIT_STL,DEFICIT_BLK,DEFICIT_TO,DEFICIT_PF,DEFICIT_FG2M,DEFICIT_FG2A
0,Jazz,8,19,0.421,22,30,0.733,12,38,50,20,5,9,16,32,102,28,70,0.4,0,0.48,0.486338797814,0.727272727273,0.558823529412,0.415094339623,0.441176470588,0.48,0.513513513514,0.505050505051,0.434782608696,0.3125,0.5625,0.615384615385,0.551724137931,0.4375,0.469798657718
1,Kings,3,15,0.2,31,38,0.816,13,36,49,26,11,7,10,26,112,36,79,0.455696202532,1,0.52,0.513661202186,0.272727272727,0.441176470588,0.584905660377,0.558823529412,0.52,0.486486486486,0.494949494949,0.565217391304,0.6875,0.4375,0.384615384615,0.448275862069,0.5625,0.530201342282
