,TEAM_NAME,FG3M,FG3A,FG3_PCT,FTM,FTA,FT_PCT,OREB,DREB,REB,AST,STL,BLK,TO,PF,PTS,FG2M,FG2A,FG2_PCT,OUTCOME,DEFICIT_FGM,DEFICIT_FGA,DEFICIT_FG3M,DEFICIT_FG3A,DEFICIT_FTM,DEFICIT_FTA,DEFICIT_OREB,DEFICIT_DREB,DEFICIT_REB,DEFICIT_AST,DEFICIT_STL,DEFICIT_BLK,DEFICIT_TO,DEFICIT_PF,DEFICIT_FG2M,DEFICIT_FG2A
0,Grizzlies,2,9,0.222,24,28,0.857,20,37,57,14,9,5,19,16,92,31,71,0.43661971831,1,0.52380952381,0.496894409938,0.2,0.333333333333,0.648648648649,0.571428571429,0.666666666667,0.578125,0.606382978723,0.5,0.409090909091,0.5,0.558823529412,0.4,0.584905660377,0.529850746269
1,Nuggets,8,18,0.444,13,21,0.619,10,27,37,14,13,5,15,24,81,22,63,0.349206349206,0,0.47619047619,0.503105590062,0.8,0.666666666667,0.351351351351,0.428571428571,0.333333333333,0.421875,0.393617021277,0.5,0.590909090909,0.5,0.441176470588,0.6,0.415094339623,0.470149253731
