,TEAM_NAME,FG3M,FG3A,FG3_PCT,FTM,FTA,FT_PCT,OREB,DREB,REB,AST,STL,BLK,TO,PF,PTS,FG2M,FG2A,FG2_PCT,OUTCOME,DEFICIT_FGM,DEFICIT_FGA,DEFICIT_FG3M,DEFICIT_FG3A,DEFICIT_FTM,DEFICIT_FTA,DEFICIT_OREB,DEFICIT_DREB,DEFICIT_REB,DEFICIT_AST,DEFICIT_STL,DEFICIT_BLK,DEFICIT_TO,DEFICIT_PF,DEFICIT_FG2M,DEFICIT_FG2A
0,Wizards,7,12,0.583,16,26,0.615,6,37,43,25,5,4,6,17,105,34,70,0.485714285714,1,0.532467532468,0.479532163743,0.466666666667,0.3,0.484848484848,0.565217391304,0.3,0.521126760563,0.472527472527,0.568181818182,0.714285714286,0.571428571429,0.375,0.472222222222,0.548387096774,0.534351145038
1,Trail Blazers,8,28,0.286,17,20,0.85,14,34,48,19,2,3,10,19,97,28,61,0.459016393443,0,0.467532467532,0.520467836257,0.533333333333,0.7,0.515151515152,0.434782608696,0.7,0.478873239437,0.527472527473,0.431818181818,0.285714285714,0.428571428571,0.625,0.527777777778,0.451612903226,0.465648854962
