,TEAM_NAME,FG3M,FG3A,FG3_PCT,FTM,FTA,FT_PCT,OREB,DREB,REB,AST,STL,BLK,TO,PF,PTS,FG2M,FG2A,FG2_PCT,OUTCOME,DEFICIT_FGM,DEFICIT_FGA,DEFICIT_FG3M,DEFICIT_FG3A,DEFICIT_FTM,DEFICIT_FTA,DEFICIT_OREB,DEFICIT_DREB,DEFICIT_REB,DEFICIT_AST,DEFICIT_STL,DEFICIT_BLK,DEFICIT_TO,DEFICIT_PF,DEFICIT_FG2M,DEFICIT_FG2A
0,Kings,7,20,0.35,20,25,0.8,9,36,45,23,7,5,20,29,103,31,61,0.508196721311,0,0.5,0.490909090909,0.368421052632,0.392156862745,0.47619047619,0.454545454545,0.5,0.545454545455,0.535714285714,0.479166666667,0.388888888889,0.5,0.625,0.547169811321,0.543859649123,0.535087719298
1,Hawks,12,31,0.387,22,30,0.733,9,30,39,25,11,5,12,24,110,26,53,0.490566037736,1,0.5,0.509090909091,0.631578947368,0.607843137255,0.52380952381,0.545454545455,0.5,0.454545454545,0.464285714286,0.520833333333,0.611111111111,0.5,0.375,0.452830188679,0.456140350877,0.464912280702
