,TEAM_NAME,FG3M,FG3A,FG3_PCT,FTM,FTA,FT_PCT,OREB,DREB,REB,AST,STL,BLK,TO,PF,PTS,FG2M,FG2A,FG2_PCT,OUTCOME,DEFICIT_FGM,DEFICIT_FGA,DEFICIT_FG3M,DEFICIT_FG3A,DEFICIT_FTM,DEFICIT_FTA,DEFICIT_OREB,DEFICIT_DREB,DEFICIT_REB,DEFICIT_AST,DEFICIT_STL,DEFICIT_BLK,DEFICIT_TO,DEFICIT_PF,DEFICIT_FG2M,DEFICIT_FG2A
0,Thunder,7,26,0.269,28,35,0.8,17,42,59,19,8,4,21,34,115,33,64,0.515625,0,0.487804878049,0.502793296089,0.411764705882,0.509803921569,0.528301886792,0.5,0.68,0.591549295775,0.614583333333,0.413043478261,0.470588235294,0.666666666667,0.636363636364,0.55737704918,0.507692307692,0.5
1,Mavericks,10,25,0.4,25,35,0.714,8,29,37,27,9,2,12,27,119,32,64,0.5,1,0.512195121951,0.497206703911,0.588235294118,0.490196078431,0.471698113208,0.5,0.32,0.408450704225,0.385416666667,0.586956521739,0.529411764706,0.333333333333,0.363636363636,0.44262295082,0.492307692308,0.5
