,TEAM_NAME,FG3M,FG3A,FG3_PCT,FTM,FTA,FT_PCT,OREB,DREB,REB,AST,STL,BLK,TO,PF,PTS,FG2M,FG2A,FG2_PCT,OUTCOME,DEFICIT_FGM,DEFICIT_FGA,DEFICIT_FG3M,DEFICIT_FG3A,DEFICIT_FTM,DEFICIT_FTA,DEFICIT_OREB,DEFICIT_DREB,DEFICIT_REB,DEFICIT_AST,DEFICIT_STL,DEFICIT_BLK,DEFICIT_TO,DEFICIT_PF,DEFICIT_FG2M,DEFICIT_FG2A
0,Heat,4,15,0.267,18,22,0.818,6,39,45,21,8,5,15,21,106,38,61,0.622950819672,1,0.583333333333,0.490322580645,0.266666666667,0.3125,0.461538461538,0.448979591837,0.461538461538,0.609375,0.584415584416,0.552631578947,0.5,0.555555555556,0.51724137931,0.5,0.666666666667,0.570093457944
1,Cavaliers,11,33,0.333,21,27,0.778,7,25,32,17,8,4,14,21,92,19,46,0.413043478261,0,0.416666666667,0.509677419355,0.733333333333,0.6875,0.538461538462,0.551020408163,0.538461538462,0.390625,0.415584415584,0.447368421053,0.5,0.444444444444,0.48275862069,0.5,0.333333333333,0.429906542056
