,TEAM_NAME,FG3M,FG3A,FG3_PCT,FTM,FTA,FT_PCT,OREB,DREB,REB,AST,STL,BLK,TO,PF,PTS,FG2M,FG2A,FG2_PCT,OUTCOME,DEFICIT_FGM,DEFICIT_FGA,DEFICIT_FG3M,DEFICIT_FG3A,DEFICIT_FTM,DEFICIT_FTA,DEFICIT_OREB,DEFICIT_DREB,DEFICIT_REB,DEFICIT_AST,DEFICIT_STL,DEFICIT_BLK,DEFICIT_TO,DEFICIT_PF,DEFICIT_FG2M,DEFICIT_FG2A
0,Nets,10,22,0.455,13,15,0.867,5,30,35,20,5,5,12,21,97,27,56,0.482142857143,0,0.480519480519,0.484472049689,0.434782608696,0.4,0.481481481481,0.428571428571,0.384615384615,0.461538461538,0.448717948718,0.444444444444,0.357142857143,0.555555555556,0.521739130435,0.65625,0.5,0.528301886792
1,Hawks,13,33,0.394,14,20,0.7,8,35,43,25,9,4,11,11,107,27,50,0.54,1,0.519480519481,0.515527950311,0.565217391304,0.6,0.518518518519,0.571428571429,0.615384615385,0.538461538462,0.551282051282,0.555555555556,0.642857142857,0.444444444444,0.478260869565,0.34375,0.5,0.471698113208
