,TEAM_NAME,FG3M,FG3A,FG3_PCT,FTM,FTA,FT_PCT,OREB,DREB,REB,AST,STL,BLK,TO,PF,PTS,FG2M,FG2A,FG2_PCT,OUTCOME,DEFICIT_FGM,DEFICIT_FGA,DEFICIT_FG3M,DEFICIT_FG3A,DEFICIT_FTM,DEFICIT_FTA,DEFICIT_OREB,DEFICIT_DREB,DEFICIT_REB,DEFICIT_AST,DEFICIT_STL,DEFICIT_BLK,DEFICIT_TO,DEFICIT_PF,DEFICIT_FG2M,DEFICIT_FG2A
0,Thunder,4,20,0.2,16,24,0.667,14,38,52,17,9,11,15,23,92,32,66,0.48484848484848486,1,0.5538461538461539,0.5029239766081871,0.6666666666666666,0.6060606060606061,0.4,0.42857142857142855,0.4827586206896552,0.5205479452054794,0.5098039215686274,0.5666666666666667,0.5,0.6875,0.5357142857142857,0.575,0.5423728813559322,0.4782608695652174
1,Timberwolves,2,13,0.154,24,32,0.75,15,35,50,13,9,5,13,17,84,27,72,0.375,0,0.4461538461538462,0.49707602339181284,0.3333333333333333,0.3939393939393939,0.6,0.5714285714285714,0.5172413793103449,0.4794520547945205,0.49019607843137253,0.43333333333333335,0.5,0.3125,0.4642857142857143,0.425,0.4576271186440678,0.5217391304347826
