,TEAM_NAME,FG3M,FG3A,FG3_PCT,FTM,FTA,FT_PCT,OREB,DREB,REB,AST,STL,BLK,TO,PF,PTS,FG2M,FG2A,FG2_PCT,OUTCOME,DEFICIT_FGM,DEFICIT_FGA,DEFICIT_FG3M,DEFICIT_FG3A,DEFICIT_FTM,DEFICIT_FTA,DEFICIT_OREB,DEFICIT_DREB,DEFICIT_REB,DEFICIT_AST,DEFICIT_STL,DEFICIT_BLK,DEFICIT_TO,DEFICIT_PF,DEFICIT_FG2M,DEFICIT_FG2A
0,Jazz,9,24,0.375,11,19,0.579,10,29,39,18,9,10,14,23,90,26,58,0.448275862069,0,0.5,0.525641025641,0.529411764706,0.558139534884,0.34375,0.452380952381,0.666666666667,0.475409836066,0.513157894737,0.5,0.529411764706,0.769230769231,0.5,0.605263157895,0.490566037736,0.513274336283
1,Celtics,8,19,0.421,21,23,0.913,5,32,37,18,8,3,14,15,99,27,55,0.490909090909,1,0.5,0.474358974359,0.470588235294,0.441860465116,0.65625,0.547619047619,0.333333333333,0.524590163934,0.486842105263,0.5,0.470588235294,0.230769230769,0.5,0.394736842105,0.509433962264,0.486725663717
