,TEAM_NAME,FG3M,FG3A,FG3_PCT,FTM,FTA,FT_PCT,OREB,DREB,REB,AST,STL,BLK,TO,PF,PTS,FG2M,FG2A,FG2_PCT,OUTCOME,DEFICIT_FGM,DEFICIT_FGA,DEFICIT_FG3M,DEFICIT_FG3A,DEFICIT_FTM,DEFICIT_FTA,DEFICIT_OREB,DEFICIT_DREB,DEFICIT_REB,DEFICIT_AST,DEFICIT_STL,DEFICIT_BLK,DEFICIT_TO,DEFICIT_PF,DEFICIT_FG2M,DEFICIT_FG2A
0,Thunder,4,20,0.2,16,24,0.667,14,38,52,17,9,11,15,23,92,32,66,0.484848484848,1,0.553846153846,0.502923976608,0.666666666667,0.606060606061,0.4,0.428571428571,0.48275862069,0.520547945205,0.509803921569,0.566666666667,0.5,0.6875,0.535714285714,0.575,0.542372881356,0.478260869565
1,Timberwolves,2,13,0.154,24,32,0.75,15,35,50,13,9,5,13,17,84,27,72,0.375,0,0.446153846154,0.497076023392,0.333333333333,0.393939393939,0.6,0.571428571429,0.51724137931,0.479452054795,0.490196078431,0.433333333333,0.5,0.3125,0.464285714286,0.425,0.457627118644,0.521739130435
