,TEAM_NAME,FG3M,FG3A,FG3_PCT,FTM,FTA,FT_PCT,OREB,DREB,REB,AST,STL,BLK,TO,PF,PTS,FG2M,FG2A,FG2_PCT,OUTCOME,DEFICIT_FGM,DEFICIT_FGA,DEFICIT_FG3M,DEFICIT_FG3A,DEFICIT_FTM,DEFICIT_FTA,DEFICIT_OREB,DEFICIT_DREB,DEFICIT_REB,DEFICIT_AST,DEFICIT_STL,DEFICIT_BLK,DEFICIT_TO,DEFICIT_PF,DEFICIT_FG2M,DEFICIT_FG2A
0,Magic,4,12,0.333,16,25,0.64,13,31,44,14,8,3,17,22,94,33,66,0.5,0,0.5068493150684932,0.5064935064935064,0.36363636363636365,0.4,0.4,0.49019607843137253,0.65,0.49206349206349204,0.5301204819277109,0.358974358974359,0.42105263157894735,0.3333333333333333,0.53125,0.5641025641025641,0.532258064516129,0.532258064516129
1,Grizzlies,7,18,0.389,24,26,0.923,7,32,39,25,11,6,15,17,103,29,58,0.5,1,0.4931506849315068,0.4935064935064935,0.6363636363636364,0.6,0.6,0.5098039215686274,0.35,0.5079365079365079,0.46987951807228917,0.6410256410256411,0.5789473684210527,0.6666666666666666,0.46875,0.4358974358974359,0.46774193548387094,0.46774193548387094
