,TEAM_NAME,FG3M,FG3A,FG3_PCT,FTM,FTA,FT_PCT,OREB,DREB,REB,AST,STL,BLK,TO,PF,PTS,FG2M,FG2A,FG2_PCT,OUTCOME,DEFICIT_FGM,DEFICIT_FGA,DEFICIT_FG3M,DEFICIT_FG3A,DEFICIT_FTM,DEFICIT_FTA,DEFICIT_OREB,DEFICIT_DREB,DEFICIT_REB,DEFICIT_AST,DEFICIT_STL,DEFICIT_BLK,DEFICIT_TO,DEFICIT_PF,DEFICIT_FG2M,DEFICIT_FG2A
0,Magic,14,40,0.35,8,10,0.8,13,30,43,26,5,3,14,19,102,26,48,0.541666666667,0,0.487804878049,0.494382022472,0.608695652174,0.597014925373,0.333333333333,0.357142857143,0.52,0.491803278689,0.5,0.52,0.357142857143,0.5,0.583333333333,0.612903225806,0.440677966102,0.432432432432
1,Hornets,9,27,0.333,16,18,0.889,12,31,43,24,9,3,10,12,109,33,63,0.52380952381,1,0.512195121951,0.505617977528,0.391304347826,0.402985074627,0.666666666667,0.642857142857,0.48,0.508196721311,0.5,0.48,0.642857142857,0.5,0.416666666667,0.387096774194,0.559322033898,0.567567567568
