,TEAM_NAME,FG3M,FG3A,FG3_PCT,FTM,FTA,FT_PCT,OREB,DREB,REB,AST,STL,BLK,TO,PF,PTS,FG2M,FG2A,FG2_PCT,OUTCOME,DEFICIT_FGM,DEFICIT_FGA,DEFICIT_FG3M,DEFICIT_FG3A,DEFICIT_FTM,DEFICIT_FTA,DEFICIT_OREB,DEFICIT_DREB,DEFICIT_REB,DEFICIT_AST,DEFICIT_STL,DEFICIT_BLK,DEFICIT_TO,DEFICIT_PF,DEFICIT_FG2M,DEFICIT_FG2A
0,Pistons,7,20,0.35,10,17,0.588,16,28,44,18,6,1,15,17,95,32,68,0.470588235294,0,0.453488372093,0.52380952381,0.388888888889,0.46511627907,0.454545454545,0.472222222222,0.695652173913,0.491228070175,0.55,0.333333333333,0.333333333333,0.333333333333,0.576923076923,0.459459459459,0.470588235294,0.544
1,Bulls,11,23,0.478,12,19,0.632,7,29,36,36,12,2,11,20,117,36,57,0.631578947368,1,0.546511627907,0.47619047619,0.611111111111,0.53488372093,0.545454545455,0.527777777778,0.304347826087,0.508771929825,0.45,0.666666666667,0.666666666667,0.666666666667,0.423076923077,0.540540540541,0.529411764706,0.456
