,TEAM_NAME,FG3M,FG3A,FG3_PCT,FTM,FTA,FT_PCT,OREB,DREB,REB,AST,STL,BLK,TO,PF,PTS,FG2M,FG2A,FG2_PCT,OUTCOME,DEFICIT_FGM,DEFICIT_FGA,DEFICIT_FG3M,DEFICIT_FG3A,DEFICIT_FTM,DEFICIT_FTA,DEFICIT_OREB,DEFICIT_DREB,DEFICIT_REB,DEFICIT_AST,DEFICIT_STL,DEFICIT_BLK,DEFICIT_TO,DEFICIT_PF,DEFICIT_FG2M,DEFICIT_FG2A
0,Wizards,11,34,0.324,17,23,0.739,17,37,54,23,9,6,19,26,104,27,61,0.44262295082,1,0.527777777778,0.524861878453,0.578947368421,0.576271186441,0.414634146341,0.442307692308,0.607142857143,0.528571428571,0.551020408163,0.53488372093,0.45,0.545454545455,0.542857142857,0.577777777778,0.509433962264,0.5
1,Hawks,8,25,0.32,24,29,0.828,11,33,44,20,11,5,16,19,100,26,61,0.426229508197,0,0.472222222222,0.475138121547,0.421052631579,0.423728813559,0.585365853659,0.557692307692,0.392857142857,0.471428571429,0.448979591837,0.46511627907,0.55,0.454545454545,0.457142857143,0.422222222222,0.490566037736,0.5
