,TEAM_NAME,FG3M,FG3A,FG3_PCT,FTM,FTA,FT_PCT,OREB,DREB,REB,AST,STL,BLK,TO,PF,PTS,FG2M,FG2A,FG2_PCT,OUTCOME,DEFICIT_FGM,DEFICIT_FGA,DEFICIT_FG3M,DEFICIT_FG3A,DEFICIT_FTM,DEFICIT_FTA,DEFICIT_OREB,DEFICIT_DREB,DEFICIT_REB,DEFICIT_AST,DEFICIT_STL,DEFICIT_BLK,DEFICIT_TO,DEFICIT_PF,DEFICIT_FG2M,DEFICIT_FG2A
0,76ers,8,25,0.32,15,17,0.882,6,19,25,19,8,4,9,23,97,29,62,0.467741935484,0,0.435294117647,0.497142857143,0.666666666667,0.609756097561,0.405405405405,0.36170212766,0.25,0.345454545455,0.316455696203,0.422222222222,0.533333333333,0.333333333333,0.36,0.575,0.397260273973,0.462686567164
1,Thunder,4,16,0.25,22,30,0.733,18,36,54,26,7,8,16,17,122,44,72,0.611111111111,1,0.564705882353,0.502857142857,0.333333333333,0.390243902439,0.594594594595,0.63829787234,0.75,0.654545454545,0.683544303797,0.577777777778,0.466666666667,0.666666666667,0.64,0.425,0.602739726027,0.537313432836
