,TEAM_NAME,FG3M,FG3A,FG3_PCT,FTM,FTA,FT_PCT,OREB,DREB,REB,AST,STL,BLK,TO,PF,PTS,FG2M,FG2A,FG2_PCT,OUTCOME,DEFICIT_FGM,DEFICIT_FGA,DEFICIT_FG3M,DEFICIT_FG3A,DEFICIT_FTM,DEFICIT_FTA,DEFICIT_OREB,DEFICIT_DREB,DEFICIT_REB,DEFICIT_AST,DEFICIT_STL,DEFICIT_BLK,DEFICIT_TO,DEFICIT_PF,DEFICIT_FG2M,DEFICIT_FG2A
0,Kings,10,29,0.345,15,19,0.789,13,28,41,24,9,5,8,18,95,25,60,0.416666666667,0,0.492957746479,0.517441860465,0.588235294118,0.591836734694,0.454545454545,0.487179487179,0.565217391304,0.430769230769,0.465909090909,0.533333333333,0.642857142857,0.5,0.347826086957,0.473684210526,0.462962962963,0.487804878049
1,Thunder,7,20,0.35,18,20,0.9,10,37,47,21,5,5,15,20,97,29,63,0.460317460317,1,0.507042253521,0.482558139535,0.411764705882,0.408163265306,0.545454545455,0.512820512821,0.434782608696,0.569230769231,0.534090909091,0.466666666667,0.357142857143,0.5,0.652173913043,0.526315789474,0.537037037037,0.512195121951
