,TEAM_NAME,FG3M,FG3A,FG3_PCT,FTM,FTA,FT_PCT,OREB,DREB,REB,AST,STL,BLK,TO,PF,PTS,FG2M,FG2A,FG2_PCT,OUTCOME,DEFICIT_FGM,DEFICIT_FGA,DEFICIT_FG3M,DEFICIT_FG3A,DEFICIT_FTM,DEFICIT_FTA,DEFICIT_OREB,DEFICIT_DREB,DEFICIT_REB,DEFICIT_AST,DEFICIT_STL,DEFICIT_BLK,DEFICIT_TO,DEFICIT_PF,DEFICIT_FG2M,DEFICIT_FG2A
0,Suns,7,29,0.241,10,15,0.667,14,27,41,22,4,5,14,17,91,30,58,0.51724137931,0,0.44578313253,0.508771929825,0.583333333333,0.674418604651,0.434782608696,0.416666666667,0.538461538462,0.465517241379,0.488095238095,0.458333333333,0.363636363636,0.416666666667,0.636363636364,0.472222222222,0.422535211268,0.453125
1,Grizzlies,5,14,0.357,13,21,0.619,12,31,43,26,7,7,8,19,110,41,70,0.585714285714,1,0.55421686747,0.491228070175,0.416666666667,0.325581395349,0.565217391304,0.583333333333,0.461538461538,0.534482758621,0.511904761905,0.541666666667,0.636363636364,0.583333333333,0.363636363636,0.527777777778,0.577464788732,0.546875
