,TEAM_NAME,FG3M,FG3A,FG3_PCT,FTM,FTA,FT_PCT,OREB,DREB,REB,AST,STL,BLK,TO,PF,PTS,FG2M,FG2A,FG2_PCT,OUTCOME,DEFICIT_FGM,DEFICIT_FGA,DEFICIT_FG3M,DEFICIT_FG3A,DEFICIT_FTM,DEFICIT_FTA,DEFICIT_OREB,DEFICIT_DREB,DEFICIT_REB,DEFICIT_AST,DEFICIT_STL,DEFICIT_BLK,DEFICIT_TO,DEFICIT_PF,DEFICIT_FG2M,DEFICIT_FG2A
0,Mavericks,8,21,0.381,15,17,0.882,7,38,45,16,3,3,9,18,89,25,61,0.409836065574,1,0.52380952381,0.5125,0.727272727273,0.552631578947,0.441176470588,0.404761904762,0.411764705882,0.487179487179,0.473684210526,0.592592592593,0.375,0.428571428571,0.473684210526,0.5,0.480769230769,0.5
1,Bobcats,3,17,0.176,19,25,0.76,10,40,50,11,5,4,10,18,82,27,61,0.44262295082,0,0.47619047619,0.4875,0.272727272727,0.447368421053,0.558823529412,0.595238095238,0.588235294118,0.512820512821,0.526315789474,0.407407407407,0.625,0.571428571429,0.526315789474,0.5,0.519230769231,0.5
