,TEAM_NAME,FG3M,FG3A,FG3_PCT,FTM,FTA,FT_PCT,OREB,DREB,REB,AST,STL,BLK,TO,PF,PTS,FG2M,FG2A,FG2_PCT,OUTCOME,DEFICIT_FGM,DEFICIT_FGA,DEFICIT_FG3M,DEFICIT_FG3A,DEFICIT_FTM,DEFICIT_FTA,DEFICIT_OREB,DEFICIT_DREB,DEFICIT_REB,DEFICIT_AST,DEFICIT_STL,DEFICIT_BLK,DEFICIT_TO,DEFICIT_PF,DEFICIT_FG2M,DEFICIT_FG2A
0,Heat,9,28,0.321,16,23,0.696,13,21,34,19,12,3,19,18,97,27,54,0.5,0,0.467532467532,0.506172839506,0.5625,0.636363636364,0.470588235294,0.469387755102,0.5,0.388888888889,0.425,0.475,0.521739130435,0.375,0.513513513514,0.486486486486,0.44262295082,0.457627118644
1,Pistons,7,16,0.438,18,26,0.692,13,33,46,21,11,5,18,19,107,34,64,0.53125,1,0.532467532468,0.493827160494,0.4375,0.363636363636,0.529411764706,0.530612244898,0.5,0.611111111111,0.575,0.525,0.478260869565,0.625,0.486486486486,0.513513513514,0.55737704918,0.542372881356
