,TEAM_NAME,FG3M,FG3A,FG3_PCT,FTM,FTA,FT_PCT,OREB,DREB,REB,AST,STL,BLK,TO,PF,PTS,FG2M,FG2A,FG2_PCT,OUTCOME,DEFICIT_FGM,DEFICIT_FGA,DEFICIT_FG3M,DEFICIT_FG3A,DEFICIT_FTM,DEFICIT_FTA,DEFICIT_OREB,DEFICIT_DREB,DEFICIT_REB,DEFICIT_AST,DEFICIT_STL,DEFICIT_BLK,DEFICIT_TO,DEFICIT_PF,DEFICIT_FG2M,DEFICIT_FG2A
0,Pacers,8,16,0.5,13,18,0.722,15,40,55,20,13,4,20,20,93,28,67,0.417910447761,1,0.5625,0.509202453988,0.666666666667,0.470588235294,0.481481481481,0.473684210526,0.6,0.555555555556,0.567010309278,0.571428571429,0.565217391304,0.444444444444,0.526315789474,0.606060606061,0.538461538462,0.519379844961
1,Hornets,4,18,0.222,14,20,0.7,10,32,42,15,10,5,18,13,74,24,62,0.387096774194,0,0.4375,0.490797546012,0.333333333333,0.529411764706,0.518518518519,0.526315789474,0.4,0.444444444444,0.432989690722,0.428571428571,0.434782608696,0.555555555556,0.473684210526,0.393939393939,0.461538461538,0.480620155039
