,TEAM_NAME,FG3M,FG3A,FG3_PCT,FTM,FTA,FT_PCT,OREB,DREB,REB,AST,STL,BLK,TO,PF,PTS,FG2M,FG2A,FG2_PCT,OUTCOME,DEFICIT_FGM,DEFICIT_FGA,DEFICIT_FG3M,DEFICIT_FG3A,DEFICIT_FTM,DEFICIT_FTA,DEFICIT_OREB,DEFICIT_DREB,DEFICIT_REB,DEFICIT_AST,DEFICIT_STL,DEFICIT_BLK,DEFICIT_TO,DEFICIT_PF,DEFICIT_FG2M,DEFICIT_FG2A
0,Bucks,9,24,0.375,11,18,0.611,9,36,45,31,10,6,18,20,110,36,61,0.590163934426,1,0.535714285714,0.491329479769,0.529411764706,0.5,0.423076923077,0.529411764706,0.5,0.529411764706,0.523255813953,0.62,0.588235294118,0.75,0.529411764706,0.5,0.537313432836,0.488
1,Celtics,8,24,0.333,15,16,0.938,9,32,41,19,7,2,16,20,101,31,64,0.484375,0,0.464285714286,0.508670520231,0.470588235294,0.5,0.576923076923,0.470588235294,0.5,0.470588235294,0.476744186047,0.38,0.411764705882,0.25,0.470588235294,0.5,0.462686567164,0.512
