,TEAM_NAME,FG3M,FG3A,FG3_PCT,FTM,FTA,FT_PCT,OREB,DREB,REB,AST,STL,BLK,TO,PF,PTS,FG2M,FG2A,FG2_PCT,OUTCOME,DEFICIT_FGM,DEFICIT_FGA,DEFICIT_FG3M,DEFICIT_FG3A,DEFICIT_FTM,DEFICIT_FTA,DEFICIT_OREB,DEFICIT_DREB,DEFICIT_REB,DEFICIT_AST,DEFICIT_STL,DEFICIT_BLK,DEFICIT_TO,DEFICIT_PF,DEFICIT_FG2M,DEFICIT_FG2A
0,Magic,6,21,0.286,11,17,0.647,20,33,53,23,12,1,19,24,97,34,71,0.478873239437,1,0.579710144928,0.589743589744,0.857142857143,0.65625,0.305555555556,0.34693877551,0.869565217391,0.55,0.638554216867,0.605263157895,0.6,0.142857142857,0.487179487179,0.585365853659,0.548387096774,0.572580645161
1,Timberwolves,1,11,0.091,25,32,0.781,3,27,30,15,8,6,20,17,84,28,53,0.528301886792,0,0.420289855072,0.410256410256,0.142857142857,0.34375,0.694444444444,0.65306122449,0.130434782609,0.45,0.361445783133,0.394736842105,0.4,0.857142857143,0.512820512821,0.414634146341,0.451612903226,0.427419354839
