,TEAM_NAME,FG3M,FG3A,FG3_PCT,FTM,FTA,FT_PCT,OREB,DREB,REB,AST,STL,BLK,TO,PF,PTS,FG2M,FG2A,FG2_PCT,OUTCOME,DEFICIT_FGM,DEFICIT_FGA,DEFICIT_FG3M,DEFICIT_FG3A,DEFICIT_FTM,DEFICIT_FTA,DEFICIT_OREB,DEFICIT_DREB,DEFICIT_REB,DEFICIT_AST,DEFICIT_STL,DEFICIT_BLK,DEFICIT_TO,DEFICIT_PF,DEFICIT_FG2M,DEFICIT_FG2A
0,Kings,6,17,0.353,15,25,0.6,6,32,38,21,4,6,9,26,95,31,61,0.508196721311,0,0.521126760563,0.472727272727,0.3,0.369565217391,0.441176470588,0.471698113208,0.272727272727,0.484848484848,0.431818181818,0.512195121951,0.5,0.545454545455,0.428571428571,0.565217391304,0.607843137255,0.512605042017
1,Pelicans,14,29,0.483,19,28,0.679,16,34,50,20,4,5,12,20,101,20,58,0.344827586207,1,0.478873239437,0.527272727273,0.7,0.630434782609,0.558823529412,0.528301886792,0.727272727273,0.515151515152,0.568181818182,0.487804878049,0.5,0.454545454545,0.571428571429,0.434782608696,0.392156862745,0.487394957983
