,TEAM_NAME,FG3M,FG3A,FG3_PCT,FTM,FTA,FT_PCT,OREB,DREB,REB,AST,STL,BLK,TO,PF,PTS,FG2M,FG2A,FG2_PCT,OUTCOME,DEFICIT_FGM,DEFICIT_FGA,DEFICIT_FG3M,DEFICIT_FG3A,DEFICIT_FTM,DEFICIT_FTA,DEFICIT_OREB,DEFICIT_DREB,DEFICIT_REB,DEFICIT_AST,DEFICIT_STL,DEFICIT_BLK,DEFICIT_TO,DEFICIT_PF,DEFICIT_FG2M,DEFICIT_FG2A
0,Raptors,8,26,0.308,17,23,0.739,13,27,40,24,5,1,14,21,109,34,56,0.607142857143,0,0.477272727273,0.482352941176,0.615384615385,0.619047619048,0.5,0.5,0.433333333333,0.529411764706,0.493827160494,0.533333333333,0.333333333333,0.5,0.636363636364,0.538461538462,0.453333333333,0.4375
1,Nets,5,16,0.313,17,23,0.739,17,24,41,21,10,1,8,18,114,41,72,0.569444444444,1,0.522727272727,0.517647058824,0.384615384615,0.380952380952,0.5,0.5,0.566666666667,0.470588235294,0.506172839506,0.466666666667,0.666666666667,0.5,0.363636363636,0.461538461538,0.546666666667,0.5625
