,TEAM_NAME,FG3M,FG3A,FG3_PCT,FTM,FTA,FT_PCT,OREB,DREB,REB,AST,STL,BLK,TO,PF,PTS,FG2M,FG2A,FG2_PCT,OUTCOME,DEFICIT_FGM,DEFICIT_FGA,DEFICIT_FG3M,DEFICIT_FG3A,DEFICIT_FTM,DEFICIT_FTA,DEFICIT_OREB,DEFICIT_DREB,DEFICIT_REB,DEFICIT_AST,DEFICIT_STL,DEFICIT_BLK,DEFICIT_TO,DEFICIT_PF,DEFICIT_FG2M,DEFICIT_FG2A
0,Thunder,4,17,0.235,16,26,0.615,11,36,47,18,7,3,12,23,92,32,71,0.450704225352,0,0.486486486486,0.52380952381,0.5,0.447368421053,0.444444444444,0.481481481481,0.578947368421,0.493150684932,0.510869565217,0.529411764706,0.5,0.3,0.48,0.511111111111,0.484848484848,0.546153846154
1,Grizzlies,4,21,0.19,20,28,0.714,8,37,45,16,7,7,13,22,100,34,59,0.576271186441,1,0.513513513514,0.47619047619,0.5,0.552631578947,0.555555555556,0.518518518519,0.421052631579,0.506849315068,0.489130434783,0.470588235294,0.5,0.7,0.52,0.488888888889,0.515151515152,0.453846153846
