,TEAM_NAME,FG3M,FG3A,FG3_PCT,FTM,FTA,FT_PCT,OREB,DREB,REB,AST,STL,BLK,TO,PF,PTS,FG2M,FG2A,FG2_PCT,OUTCOME,DEFICIT_FGM,DEFICIT_FGA,DEFICIT_FG3M,DEFICIT_FG3A,DEFICIT_FTM,DEFICIT_FTA,DEFICIT_OREB,DEFICIT_DREB,DEFICIT_REB,DEFICIT_AST,DEFICIT_STL,DEFICIT_BLK,DEFICIT_TO,DEFICIT_PF,DEFICIT_FG2M,DEFICIT_FG2A
0,Pelicans,11,25,0.44,11,12,0.917,5,35,40,29,11,9,9,16,112,34,61,0.55737704918,1,0.535714285714,0.502923976608,0.52380952381,0.462962962963,0.647058823529,0.545454545455,0.454545454545,0.507246376812,0.5,0.56862745098,0.6875,0.6,0.375,0.516129032258,0.539682539683,0.521367521368
1,Hawks,10,29,0.345,6,10,0.6,6,34,40,22,5,6,15,15,94,29,56,0.517857142857,0,0.464285714286,0.497076023392,0.47619047619,0.537037037037,0.352941176471,0.454545454545,0.545454545455,0.492753623188,0.5,0.43137254902,0.3125,0.4,0.625,0.483870967742,0.460317460317,0.478632478632
