,TEAM_NAME,FG3M,FG3A,FG3_PCT,FTM,FTA,FT_PCT,OREB,DREB,REB,AST,STL,BLK,TO,PF,PTS,FG2M,FG2A,FG2_PCT,OUTCOME,DEFICIT_FGM,DEFICIT_FGA,DEFICIT_FG3M,DEFICIT_FG3A,DEFICIT_FTM,DEFICIT_FTA,DEFICIT_OREB,DEFICIT_DREB,DEFICIT_REB,DEFICIT_AST,DEFICIT_STL,DEFICIT_BLK,DEFICIT_TO,DEFICIT_PF,DEFICIT_FG2M,DEFICIT_FG2A
0,Trail Blazers,6,22,0.273,21,26,0.808,11,33,44,18,5,5,16,13,103,32,64,0.5,0,0.457831325301,0.472527472527,0.4,0.43137254902,0.724137931034,0.764705882353,0.52380952381,0.5,0.505747126437,0.409090909091,0.384615384615,0.5,0.551724137931,0.361111111111,0.470588235294,0.488549618321
1,Knicks,9,29,0.31,8,8,1.0,10,33,43,26,8,5,13,23,107,36,67,0.537313432836,1,0.542168674699,0.527472527473,0.6,0.56862745098,0.275862068966,0.235294117647,0.47619047619,0.5,0.494252873563,0.590909090909,0.615384615385,0.5,0.448275862069,0.638888888889,0.529411764706,0.511450381679
