,TEAM_NAME,FG3M,FG3A,FG3_PCT,FTM,FTA,FT_PCT,OREB,DREB,REB,AST,STL,BLK,TO,PF,PTS,FG2M,FG2A,FG2_PCT,OUTCOME,DEFICIT_FGM,DEFICIT_FGA,DEFICIT_FG3M,DEFICIT_FG3A,DEFICIT_FTM,DEFICIT_FTA,DEFICIT_OREB,DEFICIT_DREB,DEFICIT_REB,DEFICIT_AST,DEFICIT_STL,DEFICIT_BLK,DEFICIT_TO,DEFICIT_PF,DEFICIT_FG2M,DEFICIT_FG2A
0,Raptors,7,25,0.28,24,29,0.828,7,30,37,18,9,5,15,18,93,24,47,0.5106382978723404,0,0.44285714285714284,0.4675324675324675,0.5833333333333334,0.5952380952380952,0.6666666666666666,0.5918367346938775,0.3888888888888889,0.5,0.47435897435897434,0.4864864864864865,0.5294117647058824,0.7142857142857143,0.46875,0.47368421052631576,0.41379310344827586,0.41964285714285715
1,Pelicans,5,17,0.294,12,20,0.6,11,30,41,19,8,2,17,20,95,34,65,0.5230769230769231,1,0.5571428571428572,0.5324675324675324,0.4166666666666667,0.40476190476190477,0.3333333333333333,0.40816326530612246,0.6111111111111112,0.5,0.5256410256410257,0.5135135135135135,0.47058823529411764,0.2857142857142857,0.53125,0.5263157894736842,0.5862068965517241,0.5803571428571429
