,TEAM_NAME,FG3M,FG3A,FG3_PCT,FTM,FTA,FT_PCT,OREB,DREB,REB,AST,STL,BLK,TO,PF,PTS,FG2M,FG2A,FG2_PCT,OUTCOME,DEFICIT_FGM,DEFICIT_FGA,DEFICIT_FG3M,DEFICIT_FG3A,DEFICIT_FTM,DEFICIT_FTA,DEFICIT_OREB,DEFICIT_DREB,DEFICIT_REB,DEFICIT_AST,DEFICIT_STL,DEFICIT_BLK,DEFICIT_TO,DEFICIT_PF,DEFICIT_FG2M,DEFICIT_FG2A
0,Raptors,7,25,0.28,24,29,0.828,7,30,37,18,9,5,15,18,93,24,47,0.510638297872,0,0.442857142857,0.467532467532,0.583333333333,0.595238095238,0.666666666667,0.591836734694,0.388888888889,0.5,0.474358974359,0.486486486486,0.529411764706,0.714285714286,0.46875,0.473684210526,0.413793103448,0.419642857143
1,Pelicans,5,17,0.294,12,20,0.6,11,30,41,19,8,2,17,20,95,34,65,0.523076923077,1,0.557142857143,0.532467532468,0.416666666667,0.404761904762,0.333333333333,0.408163265306,0.611111111111,0.5,0.525641025641,0.513513513514,0.470588235294,0.285714285714,0.53125,0.526315789474,0.586206896552,0.580357142857
