,TEAM_NAME,FG3M,FG3A,FG3_PCT,FTM,FTA,FT_PCT,OREB,DREB,REB,AST,STL,BLK,TO,PF,PTS,FG2M,FG2A,FG2_PCT,OUTCOME,DEFICIT_FGM,DEFICIT_FGA,DEFICIT_FG3M,DEFICIT_FG3A,DEFICIT_FTM,DEFICIT_FTA,DEFICIT_OREB,DEFICIT_DREB,DEFICIT_REB,DEFICIT_AST,DEFICIT_STL,DEFICIT_BLK,DEFICIT_TO,DEFICIT_PF,DEFICIT_FG2M,DEFICIT_FG2A
0,Magic,8,23,0.348,21,27,0.778,10,23,33,18,9,2,18,29,99,27,65,0.4153846153846154,0,0.42168674698795183,0.5146198830409356,0.47058823529411764,0.4791666666666667,0.4883720930232558,0.4576271186440678,0.5,0.34328358208955223,0.3793103448275862,0.391304347826087,0.42857142857142855,0.2857142857142857,0.47368421052631576,0.5471698113207547,0.4090909090909091,0.5284552845528455
1,Thunder,9,25,0.36,22,32,0.688,10,44,54,28,12,5,20,24,127,39,58,0.6724137931034483,1,0.5783132530120482,0.4853801169590643,0.5294117647058824,0.5208333333333334,0.5116279069767442,0.5423728813559322,0.5,0.6567164179104478,0.6206896551724138,0.6086956521739131,0.5714285714285714,0.7142857142857143,0.5263157894736842,0.4528301886792453,0.5909090909090909,0.4715447154471545
