,TEAM_NAME,FG3M,FG3A,FG3_PCT,FTM,FTA,FT_PCT,OREB,DREB,REB,AST,STL,BLK,TO,PF,PTS,FG2M,FG2A,FG2_PCT,OUTCOME,DEFICIT_FGM,DEFICIT_FGA,DEFICIT_FG3M,DEFICIT_FG3A,DEFICIT_FTM,DEFICIT_FTA,DEFICIT_OREB,DEFICIT_DREB,DEFICIT_REB,DEFICIT_AST,DEFICIT_STL,DEFICIT_BLK,DEFICIT_TO,DEFICIT_PF,DEFICIT_FG2M,DEFICIT_FG2A
0,Jazz,3,10,0.3,10,16,0.625,12,36,48,23,7,13,12,17,69,25,74,0.337837837838,0,0.474576271186,0.512195121951,0.272727272727,0.37037037037,0.344827586207,0.410256410256,0.521739130435,0.486486486486,0.494845360825,0.5,0.466666666667,0.684210526316,0.545454545455,0.548387096774,0.520833333333,0.540145985401
1,Spurs,8,17,0.471,19,23,0.826,11,38,49,23,8,6,10,14,89,23,63,0.365079365079,1,0.525423728814,0.487804878049,0.727272727273,0.62962962963,0.655172413793,0.589743589744,0.478260869565,0.513513513514,0.505154639175,0.5,0.533333333333,0.315789473684,0.454545454545,0.451612903226,0.479166666667,0.459854014599
