,TEAM_NAME,FG3M,FG3A,FG3_PCT,FTM,FTA,FT_PCT,OREB,DREB,REB,AST,STL,BLK,TO,PF,PTS,FG2M,FG2A,FG2_PCT,OUTCOME,DEFICIT_FGM,DEFICIT_FGA,DEFICIT_FG3M,DEFICIT_FG3A,DEFICIT_FTM,DEFICIT_FTA,DEFICIT_OREB,DEFICIT_DREB,DEFICIT_REB,DEFICIT_AST,DEFICIT_STL,DEFICIT_BLK,DEFICIT_TO,DEFICIT_PF,DEFICIT_FG2M,DEFICIT_FG2A
0,Jazz,15,26,0.577,15,28,0.536,9,34,43,21,9,6,14,11,100,20,47,0.425531914894,1,0.5,0.45625,0.714285714286,0.52,0.681818181818,0.777777777778,0.409090909091,0.548387096774,0.511904761905,0.567567567568,0.6,0.857142857143,0.48275862069,0.407407407407,0.408163265306,0.427272727273
1,76ers,6,24,0.25,7,8,0.875,13,28,41,16,6,1,15,16,83,29,63,0.460317460317,0,0.5,0.54375,0.285714285714,0.48,0.318181818182,0.222222222222,0.590909090909,0.451612903226,0.488095238095,0.432432432432,0.4,0.142857142857,0.51724137931,0.592592592593,0.591836734694,0.572727272727
