,TEAM_NAME,FG3M,FG3A,FG3_PCT,FTM,FTA,FT_PCT,OREB,DREB,REB,AST,STL,BLK,TO,PF,PTS,FG2M,FG2A,FG2_PCT,OUTCOME,DEFICIT_FGM,DEFICIT_FGA,DEFICIT_FG3M,DEFICIT_FG3A,DEFICIT_FTM,DEFICIT_FTA,DEFICIT_OREB,DEFICIT_DREB,DEFICIT_REB,DEFICIT_AST,DEFICIT_STL,DEFICIT_BLK,DEFICIT_TO,DEFICIT_PF,DEFICIT_FG2M,DEFICIT_FG2A
0,Heat,10,28,0.357,6,13,0.462,4,42,46,26,6,10,16,19,82,23,54,0.425925925926,0,0.478260869565,0.468571428571,0.666666666667,0.518518518519,0.3,0.41935483871,0.266666666667,0.494117647059,0.46,0.590909090909,0.4,0.555555555556,0.666666666667,0.633333333333,0.425925925926,0.446280991736
1,Hornets,5,26,0.192,14,18,0.778,11,43,54,18,9,8,8,11,91,31,67,0.462686567164,1,0.521739130435,0.531428571429,0.333333333333,0.481481481481,0.7,0.58064516129,0.733333333333,0.505882352941,0.54,0.409090909091,0.6,0.444444444444,0.333333333333,0.366666666667,0.574074074074,0.553719008264
