,TEAM_NAME,FG3M,FG3A,FG3_PCT,FTM,FTA,FT_PCT,OREB,DREB,REB,AST,STL,BLK,TO,PF,PTS,FG2M,FG2A,FG2_PCT,OUTCOME,DEFICIT_FGM,DEFICIT_FGA,DEFICIT_FG3M,DEFICIT_FG3A,DEFICIT_FTM,DEFICIT_FTA,DEFICIT_OREB,DEFICIT_DREB,DEFICIT_REB,DEFICIT_AST,DEFICIT_STL,DEFICIT_BLK,DEFICIT_TO,DEFICIT_PF,DEFICIT_FG2M,DEFICIT_FG2A
0,Thunder,4,22,0.182,26,38,0.684,14,25,39,9,5,7,18,18,80,21,52,0.403846153846,0,0.367647058824,0.474358974359,0.235294117647,0.5,0.634146341463,0.655172413793,0.56,0.471698113208,0.5,0.272727272727,0.384615384615,0.4375,0.6,0.4,0.411764705882,0.464285714286
1,Grizzlies,13,22,0.591,15,20,0.75,11,28,39,24,8,9,12,27,114,30,60,0.5,1,0.632352941176,0.525641025641,0.764705882353,0.5,0.365853658537,0.344827586207,0.44,0.528301886792,0.5,0.727272727273,0.615384615385,0.5625,0.4,0.6,0.588235294118,0.535714285714
