,TEAM_NAME,FG3M,FG3A,FG3_PCT,FTM,FTA,FT_PCT,OREB,DREB,REB,AST,STL,BLK,TO,PF,PTS,FG2M,FG2A,FG2_PCT,OUTCOME,DEFICIT_FGM,DEFICIT_FGA,DEFICIT_FG3M,DEFICIT_FG3A,DEFICIT_FTM,DEFICIT_FTA,DEFICIT_OREB,DEFICIT_DREB,DEFICIT_REB,DEFICIT_AST,DEFICIT_STL,DEFICIT_BLK,DEFICIT_TO,DEFICIT_PF,DEFICIT_FG2M,DEFICIT_FG2A
0,Pelicans,4,13,0.308,35,43,0.814,7,33,40,20,10,6,15,28,111,32,57,0.561403508772,1,0.486486486486,0.451612903226,0.333333333333,0.317073170732,0.625,0.614285714286,0.466666666667,0.559322033898,0.540540540541,0.47619047619,0.588235294118,0.666666666667,0.483870967742,0.491228070175,0.516129032258,0.5
1,Hawks,8,28,0.286,21,27,0.778,8,26,34,22,7,3,16,29,105,30,57,0.526315789474,0,0.513513513514,0.548387096774,0.666666666667,0.682926829268,0.375,0.385714285714,0.533333333333,0.440677966102,0.459459459459,0.52380952381,0.411764705882,0.333333333333,0.516129032258,0.508771929825,0.483870967742,0.5
