,TEAM_NAME,FG3M,FG3A,FG3_PCT,FTM,FTA,FT_PCT,OREB,DREB,REB,AST,STL,BLK,TO,PF,PTS,FG2M,FG2A,FG2_PCT,OUTCOME,DEFICIT_FGM,DEFICIT_FGA,DEFICIT_FG3M,DEFICIT_FG3A,DEFICIT_FTM,DEFICIT_FTA,DEFICIT_OREB,DEFICIT_DREB,DEFICIT_REB,DEFICIT_AST,DEFICIT_STL,DEFICIT_BLK,DEFICIT_TO,DEFICIT_PF,DEFICIT_FG2M,DEFICIT_FG2A
0,Wizards,5,12,0.417,8,12,0.667,12,34,46,21,9,9,14,18,83,30,64,0.46875,1,0.538461538462,0.484076433121,0.454545454545,0.413793103448,0.363636363636,0.363636363636,0.48,0.539682539683,0.522727272727,0.636363636364,0.529411764706,0.9,0.538461538462,0.5625,0.555555555556,0.5
1,Pelicans,6,17,0.353,14,21,0.667,13,29,42,12,8,1,12,14,80,24,64,0.375,0,0.461538461538,0.515923566879,0.545454545455,0.586206896552,0.636363636364,0.636363636364,0.52,0.460317460317,0.477272727273,0.363636363636,0.470588235294,0.1,0.461538461538,0.4375,0.444444444444,0.5
