,TEAM_NAME,FG3M,FG3A,FG3_PCT,FTM,FTA,FT_PCT,OREB,DREB,REB,AST,STL,BLK,TO,PF,PTS,FG2M,FG2A,FG2_PCT,OUTCOME,DEFICIT_FGM,DEFICIT_FGA,DEFICIT_FG3M,DEFICIT_FG3A,DEFICIT_FTM,DEFICIT_FTA,DEFICIT_OREB,DEFICIT_DREB,DEFICIT_REB,DEFICIT_AST,DEFICIT_STL,DEFICIT_BLK,DEFICIT_TO,DEFICIT_PF,DEFICIT_FG2M,DEFICIT_FG2A
0,Pacers,7,22,0.318,20,26,0.769,15,33,48,26,2,1,7,23,97,28,67,0.417910447761,0,0.460526315789,0.532934131737,0.5,0.578947368421,0.5,0.448275862069,0.625,0.485294117647,0.521739130435,0.565217391304,0.333333333333,0.142857142857,0.4375,0.53488372093,0.451612903226,0.519379844961
1,Cavaliers,7,16,0.438,20,32,0.625,9,35,44,20,4,6,9,20,109,34,62,0.548387096774,1,0.539473684211,0.467065868263,0.5,0.421052631579,0.5,0.551724137931,0.375,0.514705882353,0.478260869565,0.434782608696,0.666666666667,0.857142857143,0.5625,0.46511627907,0.548387096774,0.480620155039
