,TEAM_NAME,FG3M,FG3A,FG3_PCT,FTM,FTA,FT_PCT,OREB,DREB,REB,AST,STL,BLK,TO,PF,PTS,FG2M,FG2A,FG2_PCT,OUTCOME,DEFICIT_FGM,DEFICIT_FGA,DEFICIT_FG3M,DEFICIT_FG3A,DEFICIT_FTM,DEFICIT_FTA,DEFICIT_OREB,DEFICIT_DREB,DEFICIT_REB,DEFICIT_AST,DEFICIT_STL,DEFICIT_BLK,DEFICIT_TO,DEFICIT_PF,DEFICIT_FG2M,DEFICIT_FG2A
0,Bucks,6,19,0.316,31,35,0.886,8,24,32,23,7,5,10,16,103,27,55,0.4909090909090909,0,0.42857142857142855,0.45962732919254656,0.2857142857142857,0.3333333333333333,0.6888888888888889,0.6862745098039216,0.38095238095238093,0.43636363636363634,0.42105263157894735,0.46938775510204084,0.5,0.5,0.43478260869565216,0.4,0.48214285714285715,0.5288461538461539
1,Rockets,15,38,0.395,14,16,0.875,13,31,44,26,7,5,13,24,117,29,49,0.5918367346938775,1,0.5714285714285714,0.5403726708074534,0.7142857142857143,0.6666666666666666,0.3111111111111111,0.3137254901960784,0.6190476190476191,0.5636363636363636,0.5789473684210527,0.5306122448979592,0.5,0.5,0.5652173913043478,0.6,0.5178571428571429,0.47115384615384615
