,TEAM_NAME,FG3M,FG3A,FG3_PCT,FTM,FTA,FT_PCT,OREB,DREB,REB,AST,STL,BLK,TO,PF,PTS,FG2M,FG2A,FG2_PCT,OUTCOME,DEFICIT_FGM,DEFICIT_FGA,DEFICIT_FG3M,DEFICIT_FG3A,DEFICIT_FTM,DEFICIT_FTA,DEFICIT_OREB,DEFICIT_DREB,DEFICIT_REB,DEFICIT_AST,DEFICIT_STL,DEFICIT_BLK,DEFICIT_TO,DEFICIT_PF,DEFICIT_FG2M,DEFICIT_FG2A
0,Hornets,5,23,0.217,12,16,0.75,13,25,38,20,3,4,12,16,75,24,65,0.369230769231,0,0.420289855072,0.539877300613,0.294117647059,0.5,0.48,0.5,0.722222222222,0.390625,0.463414634146,0.392156862745,0.272727272727,0.444444444444,0.5,0.484848484848,0.461538461538,0.555555555556
1,Hawks,12,23,0.522,13,16,0.813,5,39,44,31,8,5,12,17,105,28,52,0.538461538462,1,0.579710144928,0.460122699387,0.705882352941,0.5,0.52,0.5,0.277777777778,0.609375,0.536585365854,0.607843137255,0.727272727273,0.555555555556,0.5,0.515151515152,0.538461538462,0.444444444444
