,TEAM_NAME,FG3M,FG3A,FG3_PCT,FTM,FTA,FT_PCT,OREB,DREB,REB,AST,STL,BLK,TO,PF,PTS,FG2M,FG2A,FG2_PCT,OUTCOME,DEFICIT_FGM,DEFICIT_FGA,DEFICIT_FG3M,DEFICIT_FG3A,DEFICIT_FTM,DEFICIT_FTA,DEFICIT_OREB,DEFICIT_DREB,DEFICIT_REB,DEFICIT_AST,DEFICIT_STL,DEFICIT_BLK,DEFICIT_TO,DEFICIT_PF,DEFICIT_FG2M,DEFICIT_FG2A
0,Pacers,6,24,0.25,22,32,0.688,12,35,47,15,6,5,6,18,94,27,62,0.435483870968,0,0.485294117647,0.524390243902,0.333333333333,0.48,0.511627906977,0.561403508772,0.6,0.443037974684,0.474747474747,0.405405405405,0.6,0.555555555556,0.3,0.409090909091,0.54,0.543859649123
1,Bulls,12,26,0.462,21,25,0.84,8,44,52,22,4,4,14,26,103,23,52,0.442307692308,1,0.514705882353,0.475609756098,0.666666666667,0.52,0.488372093023,0.438596491228,0.4,0.556962025316,0.525252525253,0.594594594595,0.4,0.444444444444,0.7,0.590909090909,0.46,0.456140350877
