,TEAM_NAME,FG3M,FG3A,FG3_PCT,FTM,FTA,FT_PCT,OREB,DREB,REB,AST,STL,BLK,TO,PF,PTS,FG2M,FG2A,FG2_PCT,OUTCOME,DEFICIT_FGM,DEFICIT_FGA,DEFICIT_FG3M,DEFICIT_FG3A,DEFICIT_FTM,DEFICIT_FTA,DEFICIT_OREB,DEFICIT_DREB,DEFICIT_REB,DEFICIT_AST,DEFICIT_STL,DEFICIT_BLK,DEFICIT_TO,DEFICIT_PF,DEFICIT_FG2M,DEFICIT_FG2A
0,Jazz,5,17,0.294,23,30,0.767,5,22,27,11,14,7,11,17,102,32,62,0.516129032258,0,0.451219512195,0.5,0.294117647059,0.414634146341,0.676470588235,0.612244897959,0.384615384615,0.392857142857,0.391304347826,0.34375,0.7,0.411764705882,0.34375,0.404761904762,0.492307692308,0.529914529915
1,Thunder,12,24,0.5,11,19,0.579,8,34,42,21,6,10,21,25,113,33,55,0.6,1,0.548780487805,0.5,0.705882352941,0.585365853659,0.323529411765,0.387755102041,0.615384615385,0.607142857143,0.608695652174,0.65625,0.3,0.588235294118,0.65625,0.595238095238,0.507692307692,0.470085470085
