,TEAM_NAME,FG3M,FG3A,FG3_PCT,FTM,FTA,FT_PCT,OREB,DREB,REB,AST,STL,BLK,TO,PF,PTS,FG2M,FG2A,FG2_PCT,OUTCOME,DEFICIT_FGM,DEFICIT_FGA,DEFICIT_FG3M,DEFICIT_FG3A,DEFICIT_FTM,DEFICIT_FTA,DEFICIT_OREB,DEFICIT_DREB,DEFICIT_REB,DEFICIT_AST,DEFICIT_STL,DEFICIT_BLK,DEFICIT_TO,DEFICIT_PF,DEFICIT_FG2M,DEFICIT_FG2A
0,Jazz,5,17,0.294,23,30,0.767,5,22,27,11,14,7,11,17,102,32,62,0.5161290322580645,0,0.45121951219512196,0.5,0.29411764705882354,0.4146341463414634,0.6764705882352942,0.6122448979591837,0.38461538461538464,0.39285714285714285,0.391304347826087,0.34375,0.7,0.4117647058823529,0.34375,0.40476190476190477,0.49230769230769234,0.5299145299145299
1,Thunder,12,24,0.5,11,19,0.579,8,34,42,21,6,10,21,25,113,33,55,0.6,1,0.5487804878048781,0.5,0.7058823529411765,0.5853658536585366,0.3235294117647059,0.3877551020408163,0.6153846153846154,0.6071428571428571,0.6086956521739131,0.65625,0.3,0.5882352941176471,0.65625,0.5952380952380952,0.5076923076923077,0.4700854700854701
