,TEAM_NAME,FG3M,FG3A,FG3_PCT,FTM,FTA,FT_PCT,OREB,DREB,REB,AST,STL,BLK,TO,PF,PTS,FG2M,FG2A,FG2_PCT,OUTCOME,DEFICIT_FGM,DEFICIT_FGA,DEFICIT_FG3M,DEFICIT_FG3A,DEFICIT_FTM,DEFICIT_FTA,DEFICIT_OREB,DEFICIT_DREB,DEFICIT_REB,DEFICIT_AST,DEFICIT_STL,DEFICIT_BLK,DEFICIT_TO,DEFICIT_PF,DEFICIT_FG2M,DEFICIT_FG2A
0,Knicks,6,18,0.333,15,17,0.882,5,38,43,22,5,7,21,24,111,39,60,0.65,0,0.511363636364,0.450867052023,0.461538461538,0.418604651163,0.394736842105,0.320754716981,0.227272727273,0.633333333333,0.524390243902,0.578947368421,0.238095238095,0.777777777778,0.724137931034,0.558139534884,0.52,0.461538461538
1,Rockets,7,25,0.28,23,36,0.639,17,22,39,16,16,2,8,19,116,36,70,0.514285714286,1,0.488636363636,0.549132947977,0.538461538462,0.581395348837,0.605263157895,0.679245283019,0.772727272727,0.366666666667,0.475609756098,0.421052631579,0.761904761905,0.222222222222,0.275862068966,0.441860465116,0.48,0.538461538462
