,TEAM_NAME,FG3M,FG3A,FG3_PCT,FTM,FTA,FT_PCT,OREB,DREB,REB,AST,STL,BLK,TO,PF,PTS,FG2M,FG2A,FG2_PCT,OUTCOME,DEFICIT_FGM,DEFICIT_FGA,DEFICIT_FG3M,DEFICIT_FG3A,DEFICIT_FTM,DEFICIT_FTA,DEFICIT_OREB,DEFICIT_DREB,DEFICIT_REB,DEFICIT_AST,DEFICIT_STL,DEFICIT_BLK,DEFICIT_TO,DEFICIT_PF,DEFICIT_FG2M,DEFICIT_FG2A
0,Pistons,6,24,0.25,9,21,0.429,19,32,51,19,11,1,14,15,83,28,77,0.363636363636,0,0.492753623188,0.554945054945,0.6,0.666666666667,0.409090909091,0.567567567568,0.730769230769,0.421052631579,0.5,0.558823529412,0.578947368421,0.0833333333333,0.424242424242,0.483870967742,0.474576271186,0.527397260274
1,Nets,4,12,0.333,13,16,0.813,7,44,51,15,8,11,19,16,87,31,69,0.449275362319,1,0.507246376812,0.445054945055,0.4,0.333333333333,0.590909090909,0.432432432432,0.269230769231,0.578947368421,0.5,0.441176470588,0.421052631579,0.916666666667,0.575757575758,0.516129032258,0.525423728814,0.472602739726
