,TEAM_NAME,FG3M,FG3A,FG3_PCT,FTM,FTA,FT_PCT,OREB,DREB,REB,AST,STL,BLK,TO,PF,PTS,FG2M,FG2A,FG2_PCT,OUTCOME,DEFICIT_FGM,DEFICIT_FGA,DEFICIT_FG3M,DEFICIT_FG3A,DEFICIT_FTM,DEFICIT_FTA,DEFICIT_OREB,DEFICIT_DREB,DEFICIT_REB,DEFICIT_AST,DEFICIT_STL,DEFICIT_BLK,DEFICIT_TO,DEFICIT_PF,DEFICIT_FG2M,DEFICIT_FG2A
0,Pistons,2,11,0.182,14,17,0.824,8,24,32,25,5,6,7,12,94,37,76,0.486842105263,0,0.475609756098,0.520958083832,0.285714285714,0.366666666667,0.5,0.5,0.5,0.406779661017,0.426666666667,0.490196078431,0.5,0.6,0.35,0.428571428571,0.493333333333,0.554744525547
1,Bulls,5,19,0.263,14,17,0.824,8,35,43,26,5,4,13,16,105,38,61,0.622950819672,1,0.524390243902,0.479041916168,0.714285714286,0.633333333333,0.5,0.5,0.5,0.593220338983,0.573333333333,0.509803921569,0.5,0.4,0.65,0.571428571429,0.506666666667,0.445255474453
