,TEAM_NAME,FG3M,FG3A,FG3_PCT,FTM,FTA,FT_PCT,OREB,DREB,REB,AST,STL,BLK,TO,PF,PTS,FG2M,FG2A,FG2_PCT,OUTCOME,DEFICIT_FGM,DEFICIT_FGA,DEFICIT_FG3M,DEFICIT_FG3A,DEFICIT_FTM,DEFICIT_FTA,DEFICIT_OREB,DEFICIT_DREB,DEFICIT_REB,DEFICIT_AST,DEFICIT_STL,DEFICIT_BLK,DEFICIT_TO,DEFICIT_PF,DEFICIT_FG2M,DEFICIT_FG2A
0,Wizards,6,15,0.4,10,10,1.0,8,33,41,28,9,2,12,20,104,38,66,0.575757575758,1,0.556962025316,0.509433962264,0.428571428571,0.394736842105,0.434782608696,0.3125,0.4,0.559322033898,0.518987341772,0.583333333333,0.692307692308,0.285714285714,0.48,0.571428571429,0.584615384615,0.545454545455
1,Jazz,8,23,0.348,13,22,0.591,12,26,38,20,4,5,13,15,91,27,55,0.490909090909,0,0.443037974684,0.490566037736,0.571428571429,0.605263157895,0.565217391304,0.6875,0.6,0.440677966102,0.481012658228,0.416666666667,0.307692307692,0.714285714286,0.52,0.428571428571,0.415384615385,0.454545454545
