,TEAM_NAME,FG3M,FG3A,FG3_PCT,FTM,FTA,FT_PCT,OREB,DREB,REB,AST,STL,BLK,TO,PF,PTS,FG2M,FG2A,FG2_PCT,OUTCOME,DEFICIT_FGM,DEFICIT_FGA,DEFICIT_FG3M,DEFICIT_FG3A,DEFICIT_FTM,DEFICIT_FTA,DEFICIT_OREB,DEFICIT_DREB,DEFICIT_REB,DEFICIT_AST,DEFICIT_STL,DEFICIT_BLK,DEFICIT_TO,DEFICIT_PF,DEFICIT_FG2M,DEFICIT_FG2A
0,Knicks,11,27,0.407,13,19,0.684,12,27,39,24,11,4,12,24,118,36,63,0.571428571429,1,0.546511627907,0.5,0.611111111111,0.509433962264,0.382352941176,0.441860465116,0.413793103448,0.473684210526,0.453488372093,0.545454545455,0.733333333333,0.8,0.461538461538,0.558139534884,0.529411764706,0.496062992126
1,Timberwolves,7,26,0.269,21,24,0.875,17,30,47,20,4,1,14,19,106,32,64,0.5,0,0.453488372093,0.5,0.388888888889,0.490566037736,0.617647058824,0.558139534884,0.586206896552,0.526315789474,0.546511627907,0.454545454545,0.266666666667,0.2,0.538461538462,0.441860465116,0.470588235294,0.503937007874
