,TEAM_NAME,FG3M,FG3A,FG3_PCT,FTM,FTA,FT_PCT,OREB,DREB,REB,AST,STL,BLK,TO,PF,PTS,FG2M,FG2A,FG2_PCT,OUTCOME,DEFICIT_FGM,DEFICIT_FGA,DEFICIT_FG3M,DEFICIT_FG3A,DEFICIT_FTM,DEFICIT_FTA,DEFICIT_OREB,DEFICIT_DREB,DEFICIT_REB,DEFICIT_AST,DEFICIT_STL,DEFICIT_BLK,DEFICIT_TO,DEFICIT_PF,DEFICIT_FG2M,DEFICIT_FG2A
0,Warriors,5,28,0.179,11,12,0.917,15,30,45,28,13,6,11,24,108,41,70,0.585714285714,1,0.605263157895,0.563218390805,0.416666666667,0.518518518519,0.34375,0.315789473684,0.576923076923,0.508474576271,0.529411764706,0.595744680851,0.764705882353,0.545454545455,0.333333333333,0.6,0.640625,0.583333333333
1,Celtics,7,26,0.269,21,26,0.808,11,29,40,19,4,5,22,16,88,23,50,0.46,0,0.394736842105,0.436781609195,0.583333333333,0.481481481481,0.65625,0.684210526316,0.423076923077,0.491525423729,0.470588235294,0.404255319149,0.235294117647,0.454545454545,0.666666666667,0.4,0.359375,0.416666666667
