,TEAM_NAME,FG3M,FG3A,FG3_PCT,FTM,FTA,FT_PCT,OREB,DREB,REB,AST,STL,BLK,TO,PF,PTS,FG2M,FG2A,FG2_PCT,OUTCOME,DEFICIT_FGM,DEFICIT_FGA,DEFICIT_FG3M,DEFICIT_FG3A,DEFICIT_FTM,DEFICIT_FTA,DEFICIT_OREB,DEFICIT_DREB,DEFICIT_REB,DEFICIT_AST,DEFICIT_STL,DEFICIT_BLK,DEFICIT_TO,DEFICIT_PF,DEFICIT_FG2M,DEFICIT_FG2A
0,Kings,4,14,0.286,26,32,0.813,12,34,46,21,7,3,9,23,116,39,69,0.565217391304,1,0.544303797468,0.50303030303,0.4,0.451612903226,0.52,0.524590163934,0.521739130435,0.566666666667,0.55421686747,0.45652173913,0.7,0.6,0.529411764706,0.489361702128,0.565217391304,0.514925373134
1,Bucks,6,17,0.353,24,29,0.828,11,26,37,25,3,2,8,24,102,30,65,0.461538461538,0,0.455696202532,0.49696969697,0.6,0.548387096774,0.48,0.475409836066,0.478260869565,0.433333333333,0.44578313253,0.54347826087,0.3,0.4,0.470588235294,0.510638297872,0.434782608696,0.485074626866
