,TEAM_NAME,FG3M,FG3A,FG3_PCT,FTM,FTA,FT_PCT,OREB,DREB,REB,AST,STL,BLK,TO,PF,PTS,FG2M,FG2A,FG2_PCT,OUTCOME,DEFICIT_FGM,DEFICIT_FGA,DEFICIT_FG3M,DEFICIT_FG3A,DEFICIT_FTM,DEFICIT_FTA,DEFICIT_OREB,DEFICIT_DREB,DEFICIT_REB,DEFICIT_AST,DEFICIT_STL,DEFICIT_BLK,DEFICIT_TO,DEFICIT_PF,DEFICIT_FG2M,DEFICIT_FG2A
0,Nuggets,11,24,0.458,30,36,0.833,16,27,43,27,12,6,14,16,115,26,55,0.472727272727,1,0.44578313253,0.475903614458,0.55,0.545454545455,0.769230769231,0.8,0.666666666667,0.519230769231,0.565789473684,0.529411764706,0.666666666667,0.6,0.48275862069,0.372093023256,0.412698412698,0.450819672131
1,Mavericks,9,20,0.45,9,9,1.0,8,25,33,24,6,4,15,27,110,37,67,0.55223880597,0,0.55421686747,0.524096385542,0.45,0.454545454545,0.230769230769,0.2,0.333333333333,0.480769230769,0.434210526316,0.470588235294,0.333333333333,0.4,0.51724137931,0.627906976744,0.587301587302,0.549180327869
