,TEAM_NAME,FG3M,FG3A,FG3_PCT,FTM,FTA,FT_PCT,OREB,DREB,REB,AST,STL,BLK,TO,PF,PTS,FG2M,FG2A,FG2_PCT,OUTCOME,DEFICIT_FGM,DEFICIT_FGA,DEFICIT_FG3M,DEFICIT_FG3A,DEFICIT_FTM,DEFICIT_FTA,DEFICIT_OREB,DEFICIT_DREB,DEFICIT_REB,DEFICIT_AST,DEFICIT_STL,DEFICIT_BLK,DEFICIT_TO,DEFICIT_PF,DEFICIT_FG2M,DEFICIT_FG2A
0,Raptors,10,21,0.476,13,18,0.722,8,24,32,21,5,1,5,24,101,29,59,0.491525423729,0,0.4875,0.529801324503,0.454545454545,0.477272727273,0.393939393939,0.4,0.533333333333,0.436363636364,0.457142857143,0.428571428571,0.714285714286,0.5,0.333333333333,0.545454545455,0.5,0.551401869159
1,Pistons,12,23,0.522,20,27,0.741,7,31,38,28,2,1,10,20,114,29,48,0.604166666667,1,0.5125,0.470198675497,0.545454545455,0.522727272727,0.606060606061,0.6,0.466666666667,0.563636363636,0.542857142857,0.571428571429,0.285714285714,0.5,0.666666666667,0.454545454545,0.5,0.448598130841
