,TEAM_NAME,FG3M,FG3A,FG3_PCT,FTM,FTA,FT_PCT,OREB,DREB,REB,AST,STL,BLK,TO,PF,PTS,FG2M,FG2A,FG2_PCT,OUTCOME,DEFICIT_FGM,DEFICIT_FGA,DEFICIT_FG3M,DEFICIT_FG3A,DEFICIT_FTM,DEFICIT_FTA,DEFICIT_OREB,DEFICIT_DREB,DEFICIT_REB,DEFICIT_AST,DEFICIT_STL,DEFICIT_BLK,DEFICIT_TO,DEFICIT_PF,DEFICIT_FG2M,DEFICIT_FG2A
0,Kings,7,26,0.269,18,28,0.643,14,36,50,25,10,5,23,18,109,35,65,0.5384615384615384,1,0.5,0.4789473684210526,0.4117647058823529,0.45614035087719296,0.6206896551724138,0.6363636363636364,0.42424242424242425,0.5217391304347826,0.49019607843137253,0.5102040816326531,0.47619047619047616,0.5555555555555556,0.5,0.375,0.5223880597014925,0.48872180451127817
1,Trail Blazers,10,31,0.323,11,16,0.688,19,33,52,24,11,4,23,30,105,32,68,0.47058823529411764,0,0.5,0.5210526315789473,0.5882352941176471,0.543859649122807,0.3793103448275862,0.36363636363636365,0.5757575757575758,0.4782608695652174,0.5098039215686274,0.4897959183673469,0.5238095238095238,0.4444444444444444,0.5,0.625,0.47761194029850745,0.5112781954887218
