,TEAM_NAME,FG3M,FG3A,FG3_PCT,FTM,FTA,FT_PCT,OREB,DREB,REB,AST,STL,BLK,TO,PF,PTS,FG2M,FG2A,FG2_PCT,OUTCOME,DEFICIT_FGM,DEFICIT_FGA,DEFICIT_FG3M,DEFICIT_FG3A,DEFICIT_FTM,DEFICIT_FTA,DEFICIT_OREB,DEFICIT_DREB,DEFICIT_REB,DEFICIT_AST,DEFICIT_STL,DEFICIT_BLK,DEFICIT_TO,DEFICIT_PF,DEFICIT_FG2M,DEFICIT_FG2A
0,Kings,7,26,0.269,18,28,0.643,14,36,50,25,10,5,23,18,109,35,65,0.538461538462,1,0.5,0.478947368421,0.411764705882,0.456140350877,0.620689655172,0.636363636364,0.424242424242,0.521739130435,0.490196078431,0.510204081633,0.47619047619,0.555555555556,0.5,0.375,0.522388059701,0.488721804511
1,Trail Blazers,10,31,0.323,11,16,0.688,19,33,52,24,11,4,23,30,105,32,68,0.470588235294,0,0.5,0.521052631579,0.588235294118,0.543859649123,0.379310344828,0.363636363636,0.575757575758,0.478260869565,0.509803921569,0.489795918367,0.52380952381,0.444444444444,0.5,0.625,0.477611940299,0.511278195489
