,TEAM_NAME,FG3M,FG3A,FG3_PCT,FTM,FTA,FT_PCT,OREB,DREB,REB,AST,STL,BLK,TO,PF,PTS,FG2M,FG2A,FG2_PCT,OUTCOME,DEFICIT_FGM,DEFICIT_FGA,DEFICIT_FG3M,DEFICIT_FG3A,DEFICIT_FTM,DEFICIT_FTA,DEFICIT_OREB,DEFICIT_DREB,DEFICIT_REB,DEFICIT_AST,DEFICIT_STL,DEFICIT_BLK,DEFICIT_TO,DEFICIT_PF,DEFICIT_FG2M,DEFICIT_FG2A
0,Pelicans,15,35,0.429,11,14,0.786,15,37,52,19,8,4,15,18,94,19,58,0.327586206897,0,0.472222222222,0.508196721311,0.625,0.603448275862,0.44,0.451612903226,0.555555555556,0.4625,0.485981308411,0.452380952381,0.470588235294,0.4,0.51724137931,0.5625,0.395833333333,0.464
1,Hawks,9,23,0.391,14,17,0.824,12,43,55,23,9,6,14,14,99,29,67,0.432835820896,1,0.527777777778,0.491803278689,0.375,0.396551724138,0.56,0.548387096774,0.444444444444,0.5375,0.514018691589,0.547619047619,0.529411764706,0.6,0.48275862069,0.4375,0.604166666667,0.536
