,TEAM_NAME,FG3M,FG3A,FG3_PCT,FTM,FTA,FT_PCT,OREB,DREB,REB,AST,STL,BLK,TO,PF,PTS,FG2M,FG2A,FG2_PCT,OUTCOME,DEFICIT_FGM,DEFICIT_FGA,DEFICIT_FG3M,DEFICIT_FG3A,DEFICIT_FTM,DEFICIT_FTA,DEFICIT_OREB,DEFICIT_DREB,DEFICIT_REB,DEFICIT_AST,DEFICIT_STL,DEFICIT_BLK,DEFICIT_TO,DEFICIT_PF,DEFICIT_FG2M,DEFICIT_FG2A
0,Jazz,7,20,0.35,18,21,0.857,12,34,46,16,2,4,18,22,93,27,53,0.509433962264,0,0.485714285714,0.44512195122,0.466666666667,0.487804878049,0.461538461538,0.428571428571,0.363636363636,0.586206896552,0.505494505495,0.533333333333,0.166666666667,0.4,0.818181818182,0.536585365854,0.490909090909,0.430894308943
1,Raptors,8,21,0.381,21,28,0.75,21,24,45,14,10,6,4,19,101,28,70,0.4,1,0.514285714286,0.55487804878,0.533333333333,0.512195121951,0.538461538462,0.571428571429,0.636363636364,0.413793103448,0.494505494505,0.466666666667,0.833333333333,0.6,0.181818181818,0.463414634146,0.509090909091,0.569105691057
