,TEAM_NAME,FG3M,FG3A,FG3_PCT,FTM,FTA,FT_PCT,OREB,DREB,REB,AST,STL,BLK,TO,PF,PTS,FG2M,FG2A,FG2_PCT,OUTCOME,DEFICIT_FGM,DEFICIT_FGA,DEFICIT_FG3M,DEFICIT_FG3A,DEFICIT_FTM,DEFICIT_FTA,DEFICIT_OREB,DEFICIT_DREB,DEFICIT_REB,DEFICIT_AST,DEFICIT_STL,DEFICIT_BLK,DEFICIT_TO,DEFICIT_PF,DEFICIT_FG2M,DEFICIT_FG2A
0,Spurs,12,24,0.5,13,17,0.765,7,34,41,34,5,8,7,15,127,39,66,0.590909090909,1,0.566666666667,0.511363636364,0.631578947368,0.489795918367,0.481481481481,0.5,0.388888888889,0.55737704918,0.518987341772,0.576271186441,0.416666666667,0.727272727273,0.35,0.46875,0.549295774648,0.51968503937
1,Nuggets,7,25,0.28,14,17,0.824,11,27,38,25,7,3,13,17,99,32,61,0.524590163934,0,0.433333333333,0.488636363636,0.368421052632,0.510204081633,0.518518518519,0.5,0.611111111111,0.44262295082,0.481012658228,0.423728813559,0.583333333333,0.272727272727,0.65,0.53125,0.450704225352,0.48031496063
