,TEAM_NAME,FG3M,FG3A,FG3_PCT,FTM,FTA,FT_PCT,OREB,DREB,REB,AST,STL,BLK,TO,PF,PTS,FG2M,FG2A,FG2_PCT,OUTCOME,DEFICIT_FGM,DEFICIT_FGA,DEFICIT_FG3M,DEFICIT_FG3A,DEFICIT_FTM,DEFICIT_FTA,DEFICIT_OREB,DEFICIT_DREB,DEFICIT_REB,DEFICIT_AST,DEFICIT_STL,DEFICIT_BLK,DEFICIT_TO,DEFICIT_PF,DEFICIT_FG2M,DEFICIT_FG2A
0,Thunder,12,30,0.4,22,27,0.815,16,38,54,15,6,9,9,21,116,29,61,0.475409836066,0,0.5,0.514124293785,0.444444444444,0.434782608696,0.511627906977,0.473684210526,0.64,0.527777777778,0.556701030928,0.357142857143,0.5,0.75,0.5,0.512195121951,0.527272727273,0.564814814815
1,Rockets,15,39,0.385,21,30,0.7,9,34,43,27,6,3,9,20,118,26,47,0.553191489362,1,0.5,0.485875706215,0.555555555556,0.565217391304,0.488372093023,0.526315789474,0.36,0.472222222222,0.443298969072,0.642857142857,0.5,0.25,0.5,0.487804878049,0.472727272727,0.435185185185
