,TEAM_NAME,FG3M,FG3A,FG3_PCT,FTM,FTA,FT_PCT,OREB,DREB,REB,AST,STL,BLK,TO,PF,PTS,FG2M,FG2A,FG2_PCT,OUTCOME,DEFICIT_FGM,DEFICIT_FGA,DEFICIT_FG3M,DEFICIT_FG3A,DEFICIT_FTM,DEFICIT_FTA,DEFICIT_OREB,DEFICIT_DREB,DEFICIT_REB,DEFICIT_AST,DEFICIT_STL,DEFICIT_BLK,DEFICIT_TO,DEFICIT_PF,DEFICIT_FG2M,DEFICIT_FG2A
0,Suns,7,17,0.412,19,22,0.864,18,35,53,15,4,3,15,21,102,31,68,0.455882352941,1,0.513513513514,0.518292682927,0.4375,0.369565217391,0.575757575758,0.564102564103,0.72,0.593220338983,0.630952380952,0.454545454545,0.4,0.3,0.6,0.512195121951,0.534482758621,0.576271186441
1,Mavericks,9,29,0.31,14,17,0.824,7,24,31,18,6,7,10,20,95,27,50,0.54,0,0.486486486486,0.481707317073,0.5625,0.630434782609,0.424242424242,0.435897435897,0.28,0.406779661017,0.369047619048,0.545454545455,0.6,0.7,0.4,0.487804878049,0.465517241379,0.423728813559
