,TEAM_NAME,FG3M,FG3A,FG3_PCT,FTM,FTA,FT_PCT,OREB,DREB,REB,AST,STL,BLK,TO,PF,PTS,FG2M,FG2A,FG2_PCT,OUTCOME,DEFICIT_FGM,DEFICIT_FGA,DEFICIT_FG3M,DEFICIT_FG3A,DEFICIT_FTM,DEFICIT_FTA,DEFICIT_OREB,DEFICIT_DREB,DEFICIT_REB,DEFICIT_AST,DEFICIT_STL,DEFICIT_BLK,DEFICIT_TO,DEFICIT_PF,DEFICIT_FG2M,DEFICIT_FG2A
0,Pacers,10,22,0.455,15,19,0.789,7,37,44,23,7,9,6,12,121,38,71,0.535211267606,1,0.539325842697,0.508196721311,0.37037037037,0.366666666667,0.6,0.59375,0.466666666667,0.5,0.494382022472,0.511111111111,0.583333333333,0.529411764706,0.315789473684,0.413793103448,0.612903225806,0.577235772358
1,Nets,17,38,0.447,10,13,0.769,8,37,45,22,5,8,13,17,109,24,52,0.461538461538,0,0.460674157303,0.491803278689,0.62962962963,0.633333333333,0.4,0.40625,0.533333333333,0.5,0.505617977528,0.488888888889,0.416666666667,0.470588235294,0.684210526316,0.586206896552,0.387096774194,0.422764227642
