,TEAM_NAME,FG3M,FG3A,FG3_PCT,FTM,FTA,FT_PCT,OREB,DREB,REB,AST,STL,BLK,TO,PF,PTS,FG2M,FG2A,FG2_PCT,OUTCOME,DEFICIT_FGM,DEFICIT_FGA,DEFICIT_FG3M,DEFICIT_FG3A,DEFICIT_FTM,DEFICIT_FTA,DEFICIT_OREB,DEFICIT_DREB,DEFICIT_REB,DEFICIT_AST,DEFICIT_STL,DEFICIT_BLK,DEFICIT_TO,DEFICIT_PF,DEFICIT_FG2M,DEFICIT_FG2A
0,Spurs,6,27,0.222,15,25,0.6,11,42,53,20,6,4,11,22,101,34,68,0.5,1,0.533333333333,0.510752688172,0.428571428571,0.519230769231,0.428571428571,0.510204081633,0.578947368421,0.512195121951,0.524752475248,0.5,0.75,0.666666666667,0.407407407407,0.5,0.55737704918,0.507462686567
1,Pelicans,8,25,0.32,20,24,0.833,8,40,48,20,2,2,16,22,98,27,66,0.409090909091,0,0.466666666667,0.489247311828,0.571428571429,0.480769230769,0.571428571429,0.489795918367,0.421052631579,0.487804878049,0.475247524752,0.5,0.25,0.333333333333,0.592592592593,0.5,0.44262295082,0.492537313433
