,TEAM_NAME,FG3M,FG3A,FG3_PCT,FTM,FTA,FT_PCT,OREB,DREB,REB,AST,STL,BLK,TO,PF,PTS,FG2M,FG2A,FG2_PCT,OUTCOME,DEFICIT_FGM,DEFICIT_FGA,DEFICIT_FG3M,DEFICIT_FG3A,DEFICIT_FTM,DEFICIT_FTA,DEFICIT_OREB,DEFICIT_DREB,DEFICIT_REB,DEFICIT_AST,DEFICIT_STL,DEFICIT_BLK,DEFICIT_TO,DEFICIT_PF,DEFICIT_FG2M,DEFICIT_FG2A
0,Wizards,10,30,0.333,28,32,0.875,15,30,45,23,8,6,11,21,106,24,62,0.387096774194,0,0.453333333333,0.531791907514,0.47619047619,0.545454545455,0.571428571429,0.542372881356,0.576923076923,0.428571428571,0.46875,0.589743589744,0.615384615385,0.4,0.392857142857,0.477272727273,0.444444444444,0.525423728814
1,Raptors,11,25,0.44,21,27,0.778,11,40,51,16,5,9,17,23,114,30,56,0.535714285714,1,0.546666666667,0.468208092486,0.52380952381,0.454545454545,0.428571428571,0.457627118644,0.423076923077,0.571428571429,0.53125,0.410256410256,0.384615384615,0.6,0.607142857143,0.522727272727,0.555555555556,0.474576271186
