,TEAM_NAME,FG3M,FG3A,FG3_PCT,FTM,FTA,FT_PCT,OREB,DREB,REB,AST,STL,BLK,TO,PF,PTS,FG2M,FG2A,FG2_PCT,OUTCOME,DEFICIT_FGM,DEFICIT_FGA,DEFICIT_FG3M,DEFICIT_FG3A,DEFICIT_FTM,DEFICIT_FTA,DEFICIT_OREB,DEFICIT_DREB,DEFICIT_REB,DEFICIT_AST,DEFICIT_STL,DEFICIT_BLK,DEFICIT_TO,DEFICIT_PF,DEFICIT_FG2M,DEFICIT_FG2A
0,Jazz,12,26,0.462,24,34,0.706,5,40,45,25,7,5,13,25,112,26,48,0.541666666667,1,0.513513513514,0.453987730061,0.631578947368,0.464285714286,0.571428571429,0.586206896552,0.357142857143,0.547945205479,0.51724137931,0.675675675676,0.538461538462,0.625,0.52,0.510204081633,0.472727272727,0.448598130841
1,Nets,7,30,0.233,18,24,0.75,9,33,42,12,6,3,12,24,97,29,59,0.491525423729,0,0.486486486486,0.546012269939,0.368421052632,0.535714285714,0.428571428571,0.413793103448,0.642857142857,0.452054794521,0.48275862069,0.324324324324,0.461538461538,0.375,0.48,0.489795918367,0.527272727273,0.551401869159
