,TEAM_NAME,FG3M,FG3A,FG3_PCT,FTM,FTA,FT_PCT,OREB,DREB,REB,AST,STL,BLK,TO,PF,PTS,FG2M,FG2A,FG2_PCT,OUTCOME,DEFICIT_FGM,DEFICIT_FGA,DEFICIT_FG3M,DEFICIT_FG3A,DEFICIT_FTM,DEFICIT_FTA,DEFICIT_OREB,DEFICIT_DREB,DEFICIT_REB,DEFICIT_AST,DEFICIT_STL,DEFICIT_BLK,DEFICIT_TO,DEFICIT_PF,DEFICIT_FG2M,DEFICIT_FG2A
0,Knicks,11,26,0.423,12,14,0.857,12,34,46,27,8,7,16,19,111,33,62,0.532258064516,1,0.543209876543,0.511627906977,0.578947368421,0.5,0.444444444444,0.411764705882,0.6,0.586206896552,0.589743589744,0.509433962264,0.421052631579,0.583333333333,0.516129032258,0.575757575758,0.532258064516,0.516666666667
1,Hawks,8,26,0.308,15,20,0.75,8,24,32,26,11,5,15,14,97,29,58,0.5,0,0.456790123457,0.488372093023,0.421052631579,0.5,0.555555555556,0.588235294118,0.4,0.413793103448,0.410256410256,0.490566037736,0.578947368421,0.416666666667,0.483870967742,0.424242424242,0.467741935484,0.483333333333
