,TEAM_NAME,FG3M,FG3A,FG3_PCT,FTM,FTA,FT_PCT,OREB,DREB,REB,AST,STL,BLK,TO,PF,PTS,FG2M,FG2A,FG2_PCT,OUTCOME,DEFICIT_FGM,DEFICIT_FGA,DEFICIT_FG3M,DEFICIT_FG3A,DEFICIT_FTM,DEFICIT_FTA,DEFICIT_OREB,DEFICIT_DREB,DEFICIT_REB,DEFICIT_AST,DEFICIT_STL,DEFICIT_BLK,DEFICIT_TO,DEFICIT_PF,DEFICIT_FG2M,DEFICIT_FG2A
0,Trail Blazers,10,23,0.435,22,32,0.688,7,34,41,23,4,3,10,34,112,30,55,0.545454545455,1,0.540540540541,0.493670886076,0.588235294118,0.511111111111,0.415094339623,0.4,0.318181818182,0.566666666667,0.5,0.53488372093,0.363636363636,0.333333333333,0.555555555556,0.576271186441,0.526315789474,0.486725663717
1,Nuggets,7,22,0.318,31,48,0.646,15,26,41,20,7,6,8,25,106,27,58,0.465517241379,0,0.459459459459,0.506329113924,0.411764705882,0.488888888889,0.584905660377,0.6,0.681818181818,0.433333333333,0.5,0.46511627907,0.636363636364,0.666666666667,0.444444444444,0.423728813559,0.473684210526,0.513274336283
