,TEAM_NAME,FG3M,FG3A,FG3_PCT,FTM,FTA,FT_PCT,OREB,DREB,REB,AST,STL,BLK,TO,PF,PTS,FG2M,FG2A,FG2_PCT,OUTCOME,DEFICIT_FGM,DEFICIT_FGA,DEFICIT_FG3M,DEFICIT_FG3A,DEFICIT_FTM,DEFICIT_FTA,DEFICIT_OREB,DEFICIT_DREB,DEFICIT_REB,DEFICIT_AST,DEFICIT_STL,DEFICIT_BLK,DEFICIT_TO,DEFICIT_PF,DEFICIT_FG2M,DEFICIT_FG2A
0,Heat,12,30,0.4,20,31,0.645,7,29,36,22,10,7,14,18,100,22,45,0.488888888889,1,0.478873239437,0.510204081633,0.631578947368,0.576923076923,0.571428571429,0.584905660377,0.636363636364,0.439393939394,0.467532467532,0.448979591837,0.625,0.583333333333,0.424242424242,0.391304347826,0.423076923077,0.473684210526
1,Cavaliers,7,22,0.318,15,22,0.682,4,37,41,27,6,5,19,28,96,30,50,0.6,0,0.521126760563,0.489795918367,0.368421052632,0.423076923077,0.428571428571,0.415094339623,0.363636363636,0.560606060606,0.532467532468,0.551020408163,0.375,0.416666666667,0.575757575758,0.608695652174,0.576923076923,0.526315789474
