,TEAM_NAME,FG3M,FG3A,FG3_PCT,FTM,FTA,FT_PCT,OREB,DREB,REB,AST,STL,BLK,TO,PF,PTS,FG2M,FG2A,FG2_PCT,OUTCOME,DEFICIT_FGM,DEFICIT_FGA,DEFICIT_FG3M,DEFICIT_FG3A,DEFICIT_FTM,DEFICIT_FTA,DEFICIT_OREB,DEFICIT_DREB,DEFICIT_REB,DEFICIT_AST,DEFICIT_STL,DEFICIT_BLK,DEFICIT_TO,DEFICIT_PF,DEFICIT_FG2M,DEFICIT_FG2A
0,Lakers,6,18,0.333,16,27,0.593,14,29,43,23,3,2,10,24,96,31,67,0.4626865671641791,0,0.4625,0.5182926829268293,0.6,0.5294117647058824,0.5,0.54,0.7777777777777778,0.48333333333333334,0.5512820512820513,0.4791666666666667,0.25,0.2,0.5882352941176471,0.5217391304347826,0.44285714285714284,0.5153846153846153
1,Nuggets,4,16,0.25,16,23,0.696,4,31,35,25,9,8,7,22,106,39,63,0.6190476190476191,1,0.5375,0.4817073170731707,0.4,0.47058823529411764,0.5,0.46,0.2222222222222222,0.5166666666666667,0.44871794871794873,0.5208333333333334,0.75,0.8,0.4117647058823529,0.4782608695652174,0.5571428571428572,0.4846153846153846
