,TEAM_NAME,FG3M,FG3A,FG3_PCT,FTM,FTA,FT_PCT,OREB,DREB,REB,AST,STL,BLK,TO,PF,PTS,FG2M,FG2A,FG2_PCT,OUTCOME,DEFICIT_FGM,DEFICIT_FGA,DEFICIT_FG3M,DEFICIT_FG3A,DEFICIT_FTM,DEFICIT_FTA,DEFICIT_OREB,DEFICIT_DREB,DEFICIT_REB,DEFICIT_AST,DEFICIT_STL,DEFICIT_BLK,DEFICIT_TO,DEFICIT_PF,DEFICIT_FG2M,DEFICIT_FG2A
0,Kings,2,12,0.167,14,27,0.519,13,32,45,23,3,3,13,15,86,33,63,0.52380952381,0,0.454545454545,0.483870967742,0.222222222222,0.375,0.518518518519,0.642857142857,0.722222222222,0.533333333333,0.576923076923,0.469387755102,0.272727272727,0.5,0.65,0.416666666667,0.485294117647,0.512195121951
1,Bulls,7,20,0.35,13,15,0.867,5,28,33,26,8,3,7,21,104,35,60,0.583333333333,1,0.545454545455,0.516129032258,0.777777777778,0.625,0.481481481481,0.357142857143,0.277777777778,0.466666666667,0.423076923077,0.530612244898,0.727272727273,0.5,0.35,0.583333333333,0.514705882353,0.487804878049
