,TEAM_NAME,FG3M,FG3A,FG3_PCT,FTM,FTA,FT_PCT,OREB,DREB,REB,AST,STL,BLK,TO,PF,PTS,FG2M,FG2A,FG2_PCT,OUTCOME,DEFICIT_FGM,DEFICIT_FGA,DEFICIT_FG3M,DEFICIT_FG3A,DEFICIT_FTM,DEFICIT_FTA,DEFICIT_OREB,DEFICIT_DREB,DEFICIT_REB,DEFICIT_AST,DEFICIT_STL,DEFICIT_BLK,DEFICIT_TO,DEFICIT_PF,DEFICIT_FG2M,DEFICIT_FG2A
0,Grizzlies,6,19,0.316,17,25,0.68,12,33,45,24,14,9,12,19,95,30,62,0.483870967742,1,0.507042253521,0.5,0.666666666667,0.612903225806,0.566666666667,0.595238095238,0.461538461538,0.507692307692,0.494505494505,0.631578947368,0.666666666667,0.642857142857,0.375,0.441860465116,0.483870967742,0.473282442748
1,Nets,3,12,0.25,13,17,0.765,14,32,46,14,7,5,20,24,86,32,69,0.463768115942,0,0.492957746479,0.5,0.333333333333,0.387096774194,0.433333333333,0.404761904762,0.538461538462,0.492307692308,0.505494505495,0.368421052632,0.333333333333,0.357142857143,0.625,0.558139534884,0.516129032258,0.526717557252
