,TEAM_NAME,FG3M,FG3A,FG3_PCT,FTM,FTA,FT_PCT,OREB,DREB,REB,AST,STL,BLK,TO,PF,PTS,FG2M,FG2A,FG2_PCT,OUTCOME,DEFICIT_FGM,DEFICIT_FGA,DEFICIT_FG3M,DEFICIT_FG3A,DEFICIT_FTM,DEFICIT_FTA,DEFICIT_OREB,DEFICIT_DREB,DEFICIT_REB,DEFICIT_AST,DEFICIT_STL,DEFICIT_BLK,DEFICIT_TO,DEFICIT_PF,DEFICIT_FG2M,DEFICIT_FG2A
0,Trail Blazers,18,43,0.419,12,14,0.857,9,39,48,25,10,8,19,22,114,24,45,0.5333333333333333,1,0.5384615384615384,0.5207100591715976,0.8571428571428571,0.7543859649122807,0.4,0.2978723404255319,0.5,0.5416666666666666,0.5333333333333333,0.6097560975609756,0.43478260869565216,0.5333333333333333,0.5135135135135135,0.6111111111111112,0.42105263157894735,0.4017857142857143
1,76ers,3,14,0.214,18,33,0.545,9,33,42,16,13,7,18,14,93,33,67,0.4925373134328358,0,0.46153846153846156,0.47928994082840237,0.14285714285714285,0.24561403508771928,0.6,0.7021276595744681,0.5,0.4583333333333333,0.4666666666666667,0.3902439024390244,0.5652173913043478,0.4666666666666667,0.4864864864864865,0.3888888888888889,0.5789473684210527,0.5982142857142857
