,TEAM_NAME,FG3M,FG3A,FG3_PCT,FTM,FTA,FT_PCT,OREB,DREB,REB,AST,STL,BLK,TO,PF,PTS,FG2M,FG2A,FG2_PCT,OUTCOME,DEFICIT_FGM,DEFICIT_FGA,DEFICIT_FG3M,DEFICIT_FG3A,DEFICIT_FTM,DEFICIT_FTA,DEFICIT_OREB,DEFICIT_DREB,DEFICIT_REB,DEFICIT_AST,DEFICIT_STL,DEFICIT_BLK,DEFICIT_TO,DEFICIT_PF,DEFICIT_FG2M,DEFICIT_FG2A
0,Magic,9,21,0.429,8,12,0.667,5,31,36,25,8,4,16,25,89,27,52,0.5192307692307693,0,0.5217391304347826,0.477124183006536,0.5294117647058824,0.4117647058823529,0.25,0.3157894736842105,0.38461538461538464,0.5166666666666667,0.4931506849315068,0.5681818181818182,0.4444444444444444,0.4444444444444444,0.64,0.6410256410256411,0.5192307692307693,0.5098039215686274
1,Cavaliers,8,30,0.267,24,26,0.923,8,29,37,19,10,5,9,14,98,25,50,0.5,1,0.4782608695652174,0.5228758169934641,0.47058823529411764,0.5882352941176471,0.75,0.6842105263157895,0.6153846153846154,0.48333333333333334,0.5068493150684932,0.4318181818181818,0.5555555555555556,0.5555555555555556,0.36,0.358974358974359,0.4807692307692308,0.49019607843137253
