,TEAM_NAME,FG3M,FG3A,FG3_PCT,FTM,FTA,FT_PCT,OREB,DREB,REB,AST,STL,BLK,TO,PF,PTS,FG2M,FG2A,FG2_PCT,OUTCOME,DEFICIT_FGM,DEFICIT_FGA,DEFICIT_FG3M,DEFICIT_FG3A,DEFICIT_FTM,DEFICIT_FTA,DEFICIT_OREB,DEFICIT_DREB,DEFICIT_REB,DEFICIT_AST,DEFICIT_STL,DEFICIT_BLK,DEFICIT_TO,DEFICIT_PF,DEFICIT_FG2M,DEFICIT_FG2A
0,Trail Blazers,18,43,0.419,12,14,0.857,9,39,48,25,10,8,19,22,114,24,45,0.533333333333,1,0.538461538462,0.520710059172,0.857142857143,0.754385964912,0.4,0.297872340426,0.5,0.541666666667,0.533333333333,0.609756097561,0.434782608696,0.533333333333,0.513513513514,0.611111111111,0.421052631579,0.401785714286
1,76ers,3,14,0.214,18,33,0.545,9,33,42,16,13,7,18,14,93,33,67,0.492537313433,0,0.461538461538,0.479289940828,0.142857142857,0.245614035088,0.6,0.702127659574,0.5,0.458333333333,0.466666666667,0.390243902439,0.565217391304,0.466666666667,0.486486486486,0.388888888889,0.578947368421,0.598214285714
