,TEAM_NAME,FG3M,FG3A,FG3_PCT,FTM,FTA,FT_PCT,OREB,DREB,REB,AST,STL,BLK,TO,PF,PTS,FG2M,FG2A,FG2_PCT,OUTCOME,DEFICIT_FGM,DEFICIT_FGA,DEFICIT_FG3M,DEFICIT_FG3A,DEFICIT_FTM,DEFICIT_FTA,DEFICIT_OREB,DEFICIT_DREB,DEFICIT_REB,DEFICIT_AST,DEFICIT_STL,DEFICIT_BLK,DEFICIT_TO,DEFICIT_PF,DEFICIT_FG2M,DEFICIT_FG2A
0,Bucks,8,19,0.421,19,23,0.826,6,34,40,28,15,6,15,19,107,32,60,0.5333333333333333,1,0.5633802816901409,0.5096774193548387,0.6666666666666666,0.4523809523809524,0.6333333333333333,0.6216216216216216,0.42857142857142855,0.53125,0.5128205128205128,0.5833333333333334,0.6521739130434783,0.6,0.40540540540540543,0.5,0.5423728813559322,0.5309734513274337
1,Hawks,4,23,0.174,11,14,0.786,8,30,38,20,8,4,22,19,77,27,53,0.5094339622641509,0,0.43661971830985913,0.49032258064516127,0.3333333333333333,0.5476190476190477,0.36666666666666664,0.3783783783783784,0.5714285714285714,0.46875,0.48717948717948717,0.4166666666666667,0.34782608695652173,0.4,0.5945945945945946,0.5,0.4576271186440678,0.4690265486725664
