,TEAM_NAME,FG3M,FG3A,FG3_PCT,FTM,FTA,FT_PCT,OREB,DREB,REB,AST,STL,BLK,TO,PF,PTS,FG2M,FG2A,FG2_PCT,OUTCOME,DEFICIT_FGM,DEFICIT_FGA,DEFICIT_FG3M,DEFICIT_FG3A,DEFICIT_FTM,DEFICIT_FTA,DEFICIT_OREB,DEFICIT_DREB,DEFICIT_REB,DEFICIT_AST,DEFICIT_STL,DEFICIT_BLK,DEFICIT_TO,DEFICIT_PF,DEFICIT_FG2M,DEFICIT_FG2A
0,Grizzlies,7,24,0.292,18,23,0.783,15,29,44,31,8,4,6,23,111,36,80,0.45,0,0.5119047619047619,0.5333333333333333,0.3333333333333333,0.41379310344827586,0.46153846153846156,0.45098039215686275,0.5357142857142857,0.4142857142857143,0.4489795918367347,0.5535714285714286,0.8,0.36363636363636365,0.3,0.5,0.5714285714285714,0.583941605839416
1,Rockets,14,34,0.412,21,28,0.75,13,41,54,25,2,7,14,23,117,27,57,0.47368421052631576,1,0.4880952380952381,0.4666666666666667,0.6666666666666666,0.5862068965517241,0.5384615384615384,0.5490196078431373,0.4642857142857143,0.5857142857142857,0.5510204081632653,0.44642857142857145,0.2,0.6363636363636364,0.7,0.5,0.42857142857142855,0.41605839416058393
