,TEAM_NAME,FG3M,FG3A,FG3_PCT,FTM,FTA,FT_PCT,OREB,DREB,REB,AST,STL,BLK,TO,PF,PTS,FG2M,FG2A,FG2_PCT,OUTCOME,DEFICIT_FGM,DEFICIT_FGA,DEFICIT_FG3M,DEFICIT_FG3A,DEFICIT_FTM,DEFICIT_FTA,DEFICIT_OREB,DEFICIT_DREB,DEFICIT_REB,DEFICIT_AST,DEFICIT_STL,DEFICIT_BLK,DEFICIT_TO,DEFICIT_PF,DEFICIT_FG2M,DEFICIT_FG2A
0,Bucks,8,19,0.421,19,23,0.826,6,34,40,28,15,6,15,19,107,32,60,0.533333333333,1,0.56338028169,0.509677419355,0.666666666667,0.452380952381,0.633333333333,0.621621621622,0.428571428571,0.53125,0.512820512821,0.583333333333,0.652173913043,0.6,0.405405405405,0.5,0.542372881356,0.530973451327
1,Hawks,4,23,0.174,11,14,0.786,8,30,38,20,8,4,22,19,77,27,53,0.509433962264,0,0.43661971831,0.490322580645,0.333333333333,0.547619047619,0.366666666667,0.378378378378,0.571428571429,0.46875,0.487179487179,0.416666666667,0.347826086957,0.4,0.594594594595,0.5,0.457627118644,0.469026548673
