,TEAM_NAME,FG3M,FG3A,FG3_PCT,FTM,FTA,FT_PCT,OREB,DREB,REB,AST,STL,BLK,TO,PF,PTS,FG2M,FG2A,FG2_PCT,OUTCOME,DEFICIT_FGM,DEFICIT_FGA,DEFICIT_FG3M,DEFICIT_FG3A,DEFICIT_FTM,DEFICIT_FTA,DEFICIT_OREB,DEFICIT_DREB,DEFICIT_REB,DEFICIT_AST,DEFICIT_STL,DEFICIT_BLK,DEFICIT_TO,DEFICIT_PF,DEFICIT_FG2M,DEFICIT_FG2A
0,Kings,7,20,0.35,17,24,0.708,18,30,48,18,8,2,12,15,106,34,73,0.4657534246575342,0,0.47126436781609193,0.49732620320855614,0.3333333333333333,0.37735849056603776,0.6538461538461539,0.6666666666666666,0.5294117647058824,0.5,0.5106382978723404,0.4186046511627907,0.5714285714285714,0.15384615384615385,0.46153846153846156,0.46875,0.5151515151515151,0.5447761194029851
1,Suns,14,33,0.424,9,12,0.75,16,30,46,25,6,11,14,17,115,32,61,0.5245901639344263,1,0.5287356321839081,0.5026737967914439,0.6666666666666666,0.6226415094339622,0.34615384615384615,0.3333333333333333,0.47058823529411764,0.5,0.48936170212765956,0.5813953488372093,0.42857142857142855,0.8461538461538461,0.5384615384615384,0.53125,0.48484848484848486,0.4552238805970149
