,TEAM_NAME,FG3M,FG3A,FG3_PCT,FTM,FTA,FT_PCT,OREB,DREB,REB,AST,STL,BLK,TO,PF,PTS,FG2M,FG2A,FG2_PCT,OUTCOME,DEFICIT_FGM,DEFICIT_FGA,DEFICIT_FG3M,DEFICIT_FG3A,DEFICIT_FTM,DEFICIT_FTA,DEFICIT_OREB,DEFICIT_DREB,DEFICIT_REB,DEFICIT_AST,DEFICIT_STL,DEFICIT_BLK,DEFICIT_TO,DEFICIT_PF,DEFICIT_FG2M,DEFICIT_FG2A
0,Pistons,8,27,0.296,9,14,0.643,11,36,47,23,10,5,9,12,103,35,65,0.538461538462,1,0.530864197531,0.528735632184,0.615384615385,0.75,0.529411764706,0.583333333333,0.6875,0.521739130435,0.552941176471,0.489361702128,0.666666666667,0.625,0.391304347826,0.413793103448,0.514705882353,0.471014492754
1,Nets,5,9,0.556,8,10,0.8,5,33,38,24,5,3,14,17,89,33,73,0.452054794521,0,0.469135802469,0.471264367816,0.384615384615,0.25,0.470588235294,0.416666666667,0.3125,0.478260869565,0.447058823529,0.510638297872,0.333333333333,0.375,0.608695652174,0.586206896552,0.485294117647,0.528985507246
