,TEAM_NAME,FG3M,FG3A,FG3_PCT,FTM,FTA,FT_PCT,OREB,DREB,REB,AST,STL,BLK,TO,PF,PTS,FG2M,FG2A,FG2_PCT,OUTCOME,DEFICIT_FGM,DEFICIT_FGA,DEFICIT_FG3M,DEFICIT_FG3A,DEFICIT_FTM,DEFICIT_FTA,DEFICIT_OREB,DEFICIT_DREB,DEFICIT_REB,DEFICIT_AST,DEFICIT_STL,DEFICIT_BLK,DEFICIT_TO,DEFICIT_PF,DEFICIT_FG2M,DEFICIT_FG2A
0,Jazz,9,20,0.45,11,18,0.611,5,32,37,19,10,7,16,16,98,30,51,0.588235294118,1,0.534246575342,0.464052287582,0.6,0.512820512821,0.55,0.514285714286,0.25,0.571428571429,0.486842105263,0.575757575758,0.588235294118,0.466666666667,0.484848484848,0.5,0.51724137931,0.447368421053
1,Heat,6,19,0.316,9,17,0.529,15,24,39,14,7,8,17,16,83,28,63,0.444444444444,0,0.465753424658,0.535947712418,0.4,0.487179487179,0.45,0.485714285714,0.75,0.428571428571,0.513157894737,0.424242424242,0.411764705882,0.533333333333,0.515151515152,0.5,0.48275862069,0.552631578947
