,TEAM_NAME,FG3M,FG3A,FG3_PCT,FTM,FTA,FT_PCT,OREB,DREB,REB,AST,STL,BLK,TO,PF,PTS,FG2M,FG2A,FG2_PCT,OUTCOME,DEFICIT_FGM,DEFICIT_FGA,DEFICIT_FG3M,DEFICIT_FG3A,DEFICIT_FTM,DEFICIT_FTA,DEFICIT_OREB,DEFICIT_DREB,DEFICIT_REB,DEFICIT_AST,DEFICIT_STL,DEFICIT_BLK,DEFICIT_TO,DEFICIT_PF,DEFICIT_FG2M,DEFICIT_FG2A
0,Trail Blazers,12,28,0.429,26,30,0.867,12,36,48,25,6,4,12,16,112,25,60,0.416666666667,0,0.46835443038,0.5,0.521739130435,0.48275862069,0.590909090909,0.576923076923,0.545454545455,0.537313432836,0.539325842697,0.595238095238,0.461538461538,0.363636363636,0.5,0.355555555556,0.446428571429,0.508474576271
1,Warriors,11,30,0.367,18,22,0.818,10,31,41,17,7,7,12,29,113,31,58,0.534482758621,1,0.53164556962,0.5,0.478260869565,0.51724137931,0.409090909091,0.423076923077,0.454545454545,0.462686567164,0.460674157303,0.404761904762,0.538461538462,0.636363636364,0.5,0.644444444444,0.553571428571,0.491525423729
