,TEAM_NAME,FG3M,FG3A,FG3_PCT,FTM,FTA,FT_PCT,OREB,DREB,REB,AST,STL,BLK,TO,PF,PTS,FG2M,FG2A,FG2_PCT,OUTCOME,DEFICIT_FGM,DEFICIT_FGA,DEFICIT_FG3M,DEFICIT_FG3A,DEFICIT_FTM,DEFICIT_FTA,DEFICIT_OREB,DEFICIT_DREB,DEFICIT_REB,DEFICIT_AST,DEFICIT_STL,DEFICIT_BLK,DEFICIT_TO,DEFICIT_PF,DEFICIT_FG2M,DEFICIT_FG2A
0,Heat,9,22,0.409,24,29,0.828,7,24,31,21,9,3,13,21,113,31,56,0.553571428571,1,0.519480519481,0.509803921569,0.5,0.488888888889,0.533333333333,0.508771929825,0.411764705882,0.5,0.476923076923,0.538461538462,0.45,0.428571428571,0.464285714286,0.5,0.525423728814,0.518518518519
1,Rockets,9,23,0.391,21,28,0.75,10,24,34,18,11,4,15,21,104,28,52,0.538461538462,0,0.480519480519,0.490196078431,0.5,0.511111111111,0.466666666667,0.491228070175,0.588235294118,0.5,0.523076923077,0.461538461538,0.55,0.571428571429,0.535714285714,0.5,0.474576271186,0.481481481481
