,TEAM_NAME,FG3M,FG3A,FG3_PCT,FTM,FTA,FT_PCT,OREB,DREB,REB,AST,STL,BLK,TO,PF,PTS,FG2M,FG2A,FG2_PCT,OUTCOME,DEFICIT_FGM,DEFICIT_FGA,DEFICIT_FG3M,DEFICIT_FG3A,DEFICIT_FTM,DEFICIT_FTA,DEFICIT_OREB,DEFICIT_DREB,DEFICIT_REB,DEFICIT_AST,DEFICIT_STL,DEFICIT_BLK,DEFICIT_TO,DEFICIT_PF,DEFICIT_FG2M,DEFICIT_FG2A
0,Jazz,5,11,0.455,15,21,0.714,13,26,39,19,8,3,8,18,104,37,80,0.4625,0,0.461538461538,0.538461538462,0.333333333333,0.407407407407,0.51724137931,0.525,0.764705882353,0.41935483871,0.493670886076,0.38,0.666666666667,0.375,0.4,0.486486486486,0.486842105263,0.56338028169
1,Spurs,10,16,0.625,14,19,0.737,4,36,40,31,4,5,12,19,122,39,62,0.629032258065,1,0.538461538462,0.461538461538,0.666666666667,0.592592592593,0.48275862069,0.475,0.235294117647,0.58064516129,0.506329113924,0.62,0.333333333333,0.625,0.6,0.513513513514,0.513157894737,0.43661971831
