,TEAM_NAME,FG3M,FG3A,FG3_PCT,FTM,FTA,FT_PCT,OREB,DREB,REB,AST,STL,BLK,TO,PF,PTS,FG2M,FG2A,FG2_PCT,OUTCOME,DEFICIT_FGM,DEFICIT_FGA,DEFICIT_FG3M,DEFICIT_FG3A,DEFICIT_FTM,DEFICIT_FTA,DEFICIT_OREB,DEFICIT_DREB,DEFICIT_REB,DEFICIT_AST,DEFICIT_STL,DEFICIT_BLK,DEFICIT_TO,DEFICIT_PF,DEFICIT_FG2M,DEFICIT_FG2A
0,Magic,13,26,0.5,12,15,0.8,6,33,39,33,9,2,11,21,107,28,53,0.528301886792,1,0.561643835616,0.496855345912,0.541666666667,0.52,0.4,0.384615384615,0.375,0.515625,0.4875,0.66,0.642857142857,0.333333333333,0.44,0.525,0.571428571429,0.48623853211
1,Pistons,11,24,0.458,18,24,0.75,10,31,41,17,5,4,14,19,93,21,56,0.375,0,0.438356164384,0.503144654088,0.458333333333,0.48,0.6,0.615384615385,0.625,0.484375,0.5125,0.34,0.357142857143,0.666666666667,0.56,0.475,0.428571428571,0.51376146789
