,TEAM_NAME,FG3M,FG3A,FG3_PCT,FTM,FTA,FT_PCT,OREB,DREB,REB,AST,STL,BLK,TO,PF,PTS,FG2M,FG2A,FG2_PCT,OUTCOME,DEFICIT_FGM,DEFICIT_FGA,DEFICIT_FG3M,DEFICIT_FG3A,DEFICIT_FTM,DEFICIT_FTA,DEFICIT_OREB,DEFICIT_DREB,DEFICIT_REB,DEFICIT_AST,DEFICIT_STL,DEFICIT_BLK,DEFICIT_TO,DEFICIT_PF,DEFICIT_FG2M,DEFICIT_FG2A
0,Trail Blazers,7,19,0.368,19,23,0.826,10,33,43,20,7,1,18,21,102,31,57,0.543859649122807,1,0.5,0.4720496894409938,0.5833333333333334,0.5,0.6129032258064516,0.5476190476190477,0.43478260869565216,0.5409836065573771,0.5119047619047619,0.5555555555555556,0.3888888888888889,0.2,0.6206896551724138,0.4772727272727273,0.484375,0.4634146341463415
1,Pelicans,5,19,0.263,12,19,0.632,13,28,41,16,11,4,11,23,93,33,66,0.5,0,0.5,0.5279503105590062,0.4166666666666667,0.5,0.3870967741935484,0.4523809523809524,0.5652173913043478,0.45901639344262296,0.4880952380952381,0.4444444444444444,0.6111111111111112,0.8,0.3793103448275862,0.5227272727272727,0.515625,0.5365853658536586
