,TEAM_NAME,FG3M,FG3A,FG3_PCT,FTM,FTA,FT_PCT,OREB,DREB,REB,AST,STL,BLK,TO,PF,PTS,FG2M,FG2A,FG2_PCT,OUTCOME,DEFICIT_FGM,DEFICIT_FGA,DEFICIT_FG3M,DEFICIT_FG3A,DEFICIT_FTM,DEFICIT_FTA,DEFICIT_OREB,DEFICIT_DREB,DEFICIT_REB,DEFICIT_AST,DEFICIT_STL,DEFICIT_BLK,DEFICIT_TO,DEFICIT_PF,DEFICIT_FG2M,DEFICIT_FG2A
0,Spurs,10,26,0.385,18,21,0.857,6,46,52,27,9,8,17,17,100,26,55,0.472727272727,1,0.571428571429,0.493902439024,0.714285714286,0.5,0.514285714286,0.466666666667,0.545454545455,0.575,0.571428571429,0.642857142857,0.45,0.666666666667,0.566666666667,0.485714285714,0.530612244898,0.491071428571
1,76ers,4,26,0.154,17,24,0.708,5,34,39,15,11,4,13,18,75,23,57,0.40350877193,0,0.428571428571,0.506097560976,0.285714285714,0.5,0.485714285714,0.533333333333,0.454545454545,0.425,0.428571428571,0.357142857143,0.55,0.333333333333,0.433333333333,0.514285714286,0.469387755102,0.508928571429
