,TEAM_NAME,FG3M,FG3A,FG3_PCT,FTM,FTA,FT_PCT,OREB,DREB,REB,AST,STL,BLK,TO,PF,PTS,FG2M,FG2A,FG2_PCT,OUTCOME,DEFICIT_FGM,DEFICIT_FGA,DEFICIT_FG3M,DEFICIT_FG3A,DEFICIT_FTM,DEFICIT_FTA,DEFICIT_OREB,DEFICIT_DREB,DEFICIT_REB,DEFICIT_AST,DEFICIT_STL,DEFICIT_BLK,DEFICIT_TO,DEFICIT_PF,DEFICIT_FG2M,DEFICIT_FG2A
0,Mavericks,10,28,0.357,11,16,0.688,10,40,50,32,7,4,7,18,107,33,56,0.5892857142857143,1,0.5733333333333334,0.5121951219512195,0.5,0.56,0.6470588235294118,0.5517241379310345,0.5882352941176471,0.5882352941176471,0.5882352941176471,0.5925925925925926,0.875,0.5714285714285714,0.3888888888888889,0.5142857142857142,0.6,0.49122807017543857
1,Hornets,10,22,0.455,6,13,0.462,7,28,35,22,1,3,11,17,80,22,58,0.3793103448275862,0,0.4266666666666667,0.4878048780487805,0.5,0.44,0.35294117647058826,0.4482758620689655,0.4117647058823529,0.4117647058823529,0.4117647058823529,0.4074074074074074,0.125,0.42857142857142855,0.6111111111111112,0.4857142857142857,0.4,0.5087719298245614
