,TEAM_NAME,FG3M,FG3A,FG3_PCT,FTM,FTA,FT_PCT,OREB,DREB,REB,AST,STL,BLK,TO,PF,PTS,FG2M,FG2A,FG2_PCT,OUTCOME,DEFICIT_FGM,DEFICIT_FGA,DEFICIT_FG3M,DEFICIT_FG3A,DEFICIT_FTM,DEFICIT_FTA,DEFICIT_OREB,DEFICIT_DREB,DEFICIT_REB,DEFICIT_AST,DEFICIT_STL,DEFICIT_BLK,DEFICIT_TO,DEFICIT_PF,DEFICIT_FG2M,DEFICIT_FG2A
0,Mavericks,10,28,0.357,11,16,0.688,10,40,50,32,7,4,7,18,107,33,56,0.589285714286,1,0.573333333333,0.512195121951,0.5,0.56,0.647058823529,0.551724137931,0.588235294118,0.588235294118,0.588235294118,0.592592592593,0.875,0.571428571429,0.388888888889,0.514285714286,0.6,0.491228070175
1,Hornets,10,22,0.455,6,13,0.462,7,28,35,22,1,3,11,17,80,22,58,0.379310344828,0,0.426666666667,0.487804878049,0.5,0.44,0.352941176471,0.448275862069,0.411764705882,0.411764705882,0.411764705882,0.407407407407,0.125,0.428571428571,0.611111111111,0.485714285714,0.4,0.508771929825
