,TEAM_NAME,FG3M,FG3A,FG3_PCT,FTM,FTA,FT_PCT,OREB,DREB,REB,AST,STL,BLK,TO,PF,PTS,FG2M,FG2A,FG2_PCT,OUTCOME,DEFICIT_FGM,DEFICIT_FGA,DEFICIT_FG3M,DEFICIT_FG3A,DEFICIT_FTM,DEFICIT_FTA,DEFICIT_OREB,DEFICIT_DREB,DEFICIT_REB,DEFICIT_AST,DEFICIT_STL,DEFICIT_BLK,DEFICIT_TO,DEFICIT_PF,DEFICIT_FG2M,DEFICIT_FG2A
0,Heat,9,27,0.333,24,27,0.889,10,31,41,19,6,2,14,24,95,22,45,0.4888888888888889,1,0.5166666666666667,0.5070422535211268,0.5,0.54,0.6,0.5094339622641509,0.47619047619047616,0.5636363636363636,0.5394736842105263,0.5135135135135135,0.375,0.2857142857142857,0.5384615384615384,0.5581395348837209,0.5238095238095238,0.4891304347826087
1,Nets,9,23,0.391,16,26,0.615,11,24,35,18,10,5,12,19,83,20,47,0.425531914893617,0,0.48333333333333334,0.49295774647887325,0.5,0.46,0.4,0.49056603773584906,0.5238095238095238,0.43636363636363634,0.4605263157894737,0.4864864864864865,0.625,0.7142857142857143,0.46153846153846156,0.4418604651162791,0.47619047619047616,0.5108695652173914
