,TEAM_NAME,FG3M,FG3A,FG3_PCT,FTM,FTA,FT_PCT,OREB,DREB,REB,AST,STL,BLK,TO,PF,PTS,FG2M,FG2A,FG2_PCT,OUTCOME,DEFICIT_FGM,DEFICIT_FGA,DEFICIT_FG3M,DEFICIT_FG3A,DEFICIT_FTM,DEFICIT_FTA,DEFICIT_OREB,DEFICIT_DREB,DEFICIT_REB,DEFICIT_AST,DEFICIT_STL,DEFICIT_BLK,DEFICIT_TO,DEFICIT_PF,DEFICIT_FG2M,DEFICIT_FG2A
0,76ers,2,18,0.111,27,36,0.75,8,28,36,15,12,2,21,22,77,22,45,0.4888888888888889,0,0.4444444444444444,0.48091603053435117,0.3333333333333333,0.5625,0.574468085106383,0.5714285714285714,0.4444444444444444,0.45901639344262296,0.45569620253164556,0.40540540540540543,0.5714285714285714,0.2857142857142857,0.5,0.46808510638297873,0.4583333333333333,0.45454545454545453
1,Knicks,4,14,0.286,20,27,0.741,10,33,43,22,9,5,21,25,84,26,54,0.48148148148148145,1,0.5555555555555556,0.5190839694656488,0.6666666666666666,0.4375,0.425531914893617,0.42857142857142855,0.5555555555555556,0.5409836065573771,0.5443037974683544,0.5945945945945946,0.42857142857142855,0.7142857142857143,0.5,0.5319148936170213,0.5416666666666666,0.5454545454545454
