,TEAM_NAME,FG3M,FG3A,FG3_PCT,FTM,FTA,FT_PCT,OREB,DREB,REB,AST,STL,BLK,TO,PF,PTS,FG2M,FG2A,FG2_PCT,OUTCOME,DEFICIT_FGM,DEFICIT_FGA,DEFICIT_FG3M,DEFICIT_FG3A,DEFICIT_FTM,DEFICIT_FTA,DEFICIT_OREB,DEFICIT_DREB,DEFICIT_REB,DEFICIT_AST,DEFICIT_STL,DEFICIT_BLK,DEFICIT_TO,DEFICIT_PF,DEFICIT_FG2M,DEFICIT_FG2A
0,Heat,11,25,0.44,20,29,0.69,8,31,39,20,14,3,16,22,103,25,57,0.43859649122807015,0,0.48,0.5061728395061729,0.4583333333333333,0.423728813559322,0.5263157894736842,0.5471698113207547,0.47058823529411764,0.4626865671641791,0.4642857142857143,0.425531914893617,0.7368421052631579,0.3,0.43243243243243246,0.5,0.49019607843137253,0.5533980582524272
1,Hawks,13,34,0.382,18,24,0.75,9,36,45,27,5,7,21,22,109,26,46,0.5652173913043478,1,0.52,0.49382716049382713,0.5416666666666666,0.576271186440678,0.47368421052631576,0.4528301886792453,0.5294117647058824,0.5373134328358209,0.5357142857142857,0.574468085106383,0.2631578947368421,0.7,0.5675675675675675,0.5,0.5098039215686274,0.44660194174757284
