,TEAM_NAME,FG3M,FG3A,FG3_PCT,FTM,FTA,FT_PCT,OREB,DREB,REB,AST,STL,BLK,TO,PF,PTS,FG2M,FG2A,FG2_PCT,OUTCOME,DEFICIT_FGM,DEFICIT_FGA,DEFICIT_FG3M,DEFICIT_FG3A,DEFICIT_FTM,DEFICIT_FTA,DEFICIT_OREB,DEFICIT_DREB,DEFICIT_REB,DEFICIT_AST,DEFICIT_STL,DEFICIT_BLK,DEFICIT_TO,DEFICIT_PF,DEFICIT_FG2M,DEFICIT_FG2A
0,76ers,2,18,0.111,27,36,0.75,8,28,36,15,12,2,21,22,77,22,45,0.488888888889,0,0.444444444444,0.480916030534,0.333333333333,0.5625,0.574468085106,0.571428571429,0.444444444444,0.459016393443,0.455696202532,0.405405405405,0.571428571429,0.285714285714,0.5,0.468085106383,0.458333333333,0.454545454545
1,Knicks,4,14,0.286,20,27,0.741,10,33,43,22,9,5,21,25,84,26,54,0.481481481481,1,0.555555555556,0.519083969466,0.666666666667,0.4375,0.425531914894,0.428571428571,0.555555555556,0.540983606557,0.544303797468,0.594594594595,0.428571428571,0.714285714286,0.5,0.531914893617,0.541666666667,0.545454545455
