,TEAM_NAME,FG3M,FG3A,FG3_PCT,FTM,FTA,FT_PCT,OREB,DREB,REB,AST,STL,BLK,TO,PF,PTS,FG2M,FG2A,FG2_PCT,OUTCOME,DEFICIT_FGM,DEFICIT_FGA,DEFICIT_FG3M,DEFICIT_FG3A,DEFICIT_FTM,DEFICIT_FTA,DEFICIT_OREB,DEFICIT_DREB,DEFICIT_REB,DEFICIT_AST,DEFICIT_STL,DEFICIT_BLK,DEFICIT_TO,DEFICIT_PF,DEFICIT_FG2M,DEFICIT_FG2A
0,Thunder,6,21,0.286,31,33,0.939,8,25,33,22,8,3,20,27,117,34,54,0.6296296296296297,1,0.49382716049382713,0.4807692307692308,0.42857142857142855,0.5121951219512195,0.6458333333333334,0.5689655172413793,0.4444444444444444,0.5208333333333334,0.5,0.5365853658536586,0.47058823529411764,0.75,0.47619047619047616,0.47368421052631576,0.5074626865671642,0.46956521739130436
1,Grizzlies,8,20,0.4,17,25,0.68,10,23,33,19,9,1,22,30,107,33,61,0.5409836065573771,0,0.5061728395061729,0.5192307692307693,0.5714285714285714,0.4878048780487805,0.3541666666666667,0.43103448275862066,0.5555555555555556,0.4791666666666667,0.5,0.4634146341463415,0.5294117647058824,0.25,0.5238095238095238,0.5263157894736842,0.4925373134328358,0.5304347826086957
