,TEAM_NAME,FG3M,FG3A,FG3_PCT,FTM,FTA,FT_PCT,OREB,DREB,REB,AST,STL,BLK,TO,PF,PTS,FG2M,FG2A,FG2_PCT,OUTCOME,DEFICIT_FGM,DEFICIT_FGA,DEFICIT_FG3M,DEFICIT_FG3A,DEFICIT_FTM,DEFICIT_FTA,DEFICIT_OREB,DEFICIT_DREB,DEFICIT_REB,DEFICIT_AST,DEFICIT_STL,DEFICIT_BLK,DEFICIT_TO,DEFICIT_PF,DEFICIT_FG2M,DEFICIT_FG2A
0,Bucks,7,17,0.412,19,23,0.826,7,30,37,28,7,5,13,27,100,30,62,0.483870967742,0,0.521126760563,0.512987012987,0.35,0.333333333333,0.431818181818,0.450980392157,0.466666666667,0.508474576271,0.5,0.518518518519,0.583333333333,0.5,0.448275862069,0.586956521739,0.588235294118,0.601941747573
1,Cavaliers,13,34,0.382,25,28,0.893,8,29,37,26,5,5,16,19,106,21,41,0.512195121951,1,0.478873239437,0.487012987013,0.65,0.666666666667,0.568181818182,0.549019607843,0.533333333333,0.491525423729,0.5,0.481481481481,0.416666666667,0.5,0.551724137931,0.413043478261,0.411764705882,0.398058252427
