,TEAM_NAME,FG3M,FG3A,FG3_PCT,FTM,FTA,FT_PCT,OREB,DREB,REB,AST,STL,BLK,TO,PF,PTS,FG2M,FG2A,FG2_PCT,OUTCOME,DEFICIT_FGM,DEFICIT_FGA,DEFICIT_FG3M,DEFICIT_FG3A,DEFICIT_FTM,DEFICIT_FTA,DEFICIT_OREB,DEFICIT_DREB,DEFICIT_REB,DEFICIT_AST,DEFICIT_STL,DEFICIT_BLK,DEFICIT_TO,DEFICIT_PF,DEFICIT_FG2M,DEFICIT_FG2A
0,Thunder,6,21,0.286,31,33,0.939,8,25,33,22,8,3,20,27,117,34,54,0.62962962963,1,0.493827160494,0.480769230769,0.428571428571,0.512195121951,0.645833333333,0.568965517241,0.444444444444,0.520833333333,0.5,0.536585365854,0.470588235294,0.75,0.47619047619,0.473684210526,0.507462686567,0.469565217391
1,Grizzlies,8,20,0.4,17,25,0.68,10,23,33,19,9,1,22,30,107,33,61,0.540983606557,0,0.506172839506,0.519230769231,0.571428571429,0.487804878049,0.354166666667,0.431034482759,0.555555555556,0.479166666667,0.5,0.463414634146,0.529411764706,0.25,0.52380952381,0.526315789474,0.492537313433,0.530434782609
