,TEAM_NAME,FG3M,FG3A,FG3_PCT,FTM,FTA,FT_PCT,OREB,DREB,REB,AST,STL,BLK,TO,PF,PTS,FG2M,FG2A,FG2_PCT,OUTCOME,DEFICIT_FGM,DEFICIT_FGA,DEFICIT_FG3M,DEFICIT_FG3A,DEFICIT_FTM,DEFICIT_FTA,DEFICIT_OREB,DEFICIT_DREB,DEFICIT_REB,DEFICIT_AST,DEFICIT_STL,DEFICIT_BLK,DEFICIT_TO,DEFICIT_PF,DEFICIT_FG2M,DEFICIT_FG2A
0,Raptors,10,20,0.5,13,19,0.684,11,31,42,24,6,4,9,21,105,31,60,0.516666666667,1,0.539473684211,0.496894409938,0.526315789474,0.425531914894,0.565217391304,0.463414634146,0.44,0.516666666667,0.494117647059,0.545454545455,0.666666666667,0.333333333333,0.409090909091,0.567567567568,0.543859649123,0.526315789474
1,Nets,9,27,0.333,10,22,0.455,14,29,43,20,3,8,13,16,89,26,54,0.481481481481,0,0.460526315789,0.503105590062,0.473684210526,0.574468085106,0.434782608696,0.536585365854,0.56,0.483333333333,0.505882352941,0.454545454545,0.333333333333,0.666666666667,0.590909090909,0.432432432432,0.456140350877,0.473684210526
