,TEAM_NAME,FG3M,FG3A,FG3_PCT,FTM,FTA,FT_PCT,OREB,DREB,REB,AST,STL,BLK,TO,PF,PTS,FG2M,FG2A,FG2_PCT,OUTCOME,DEFICIT_FGM,DEFICIT_FGA,DEFICIT_FG3M,DEFICIT_FG3A,DEFICIT_FTM,DEFICIT_FTA,DEFICIT_OREB,DEFICIT_DREB,DEFICIT_REB,DEFICIT_AST,DEFICIT_STL,DEFICIT_BLK,DEFICIT_TO,DEFICIT_PF,DEFICIT_FG2M,DEFICIT_FG2A
0,Rockets,8,28,0.286,37,48,0.771,10,45,55,17,7,5,16,23,115,27,57,0.473684210526,1,0.466666666667,0.461956521739,0.380952380952,0.48275862069,0.672727272727,0.676056338028,0.384615384615,0.5625,0.518867924528,0.36170212766,0.466666666667,0.833333333333,0.516129032258,0.389830508475,0.5,0.452380952381
1,Nuggets,13,30,0.433,18,23,0.783,16,35,51,30,8,1,15,36,111,27,69,0.391304347826,0,0.533333333333,0.538043478261,0.619047619048,0.51724137931,0.327272727273,0.323943661972,0.615384615385,0.4375,0.481132075472,0.63829787234,0.533333333333,0.166666666667,0.483870967742,0.610169491525,0.5,0.547619047619
