,TEAM_NAME,FG3M,FG3A,FG3_PCT,FTM,FTA,FT_PCT,OREB,DREB,REB,AST,STL,BLK,TO,PF,PTS,FG2M,FG2A,FG2_PCT,OUTCOME,DEFICIT_FGM,DEFICIT_FGA,DEFICIT_FG3M,DEFICIT_FG3A,DEFICIT_FTM,DEFICIT_FTA,DEFICIT_OREB,DEFICIT_DREB,DEFICIT_REB,DEFICIT_AST,DEFICIT_STL,DEFICIT_BLK,DEFICIT_TO,DEFICIT_PF,DEFICIT_FG2M,DEFICIT_FG2A
0,Suns,9,25,0.36,16,21,0.762,8,35,43,22,4,7,8,15,111,34,57,0.5964912280701754,1,0.5180722891566265,0.4880952380952381,0.47368421052631576,0.5102040816326531,0.5,0.4883720930232558,0.5,0.5645161290322581,0.5512820512820513,0.5,0.4,0.7,0.5714285714285714,0.4838709677419355,0.53125,0.4789915966386555
1,Hornets,10,24,0.417,16,22,0.727,8,27,35,22,6,3,6,16,106,30,62,0.4838709677419355,0,0.4819277108433735,0.5119047619047619,0.5263157894736842,0.4897959183673469,0.5,0.5116279069767442,0.5,0.43548387096774194,0.44871794871794873,0.5,0.6,0.3,0.42857142857142855,0.5161290322580645,0.46875,0.5210084033613446
