,TEAM_NAME,FG3M,FG3A,FG3_PCT,FTM,FTA,FT_PCT,OREB,DREB,REB,AST,STL,BLK,TO,PF,PTS,FG2M,FG2A,FG2_PCT,OUTCOME,DEFICIT_FGM,DEFICIT_FGA,DEFICIT_FG3M,DEFICIT_FG3A,DEFICIT_FTM,DEFICIT_FTA,DEFICIT_OREB,DEFICIT_DREB,DEFICIT_REB,DEFICIT_AST,DEFICIT_STL,DEFICIT_BLK,DEFICIT_TO,DEFICIT_PF,DEFICIT_FG2M,DEFICIT_FG2A
0,Magic,5,19,0.263,13,15,0.867,10,26,36,17,8,1,12,16,92,32,66,0.48484848484848486,0,0.4567901234567901,0.5151515151515151,0.4166666666666667,0.5,0.48148148148148145,0.45454545454545453,0.5882352941176471,0.4262295081967213,0.46153846153846156,0.40476190476190477,0.47058823529411764,0.1111111111111111,0.46153846153846156,0.5,0.463768115942029,0.5196850393700787
1,Celtics,7,19,0.368,14,18,0.778,7,35,42,25,9,8,14,16,109,37,61,0.6065573770491803,1,0.5432098765432098,0.48484848484848486,0.5833333333333334,0.5,0.5185185185185185,0.5454545454545454,0.4117647058823529,0.5737704918032787,0.5384615384615384,0.5952380952380952,0.5294117647058824,0.8888888888888888,0.5384615384615384,0.5,0.5362318840579711,0.48031496062992124
