,TEAM_NAME,FG3M,FG3A,FG3_PCT,FTM,FTA,FT_PCT,OREB,DREB,REB,AST,STL,BLK,TO,PF,PTS,FG2M,FG2A,FG2_PCT,OUTCOME,DEFICIT_FGM,DEFICIT_FGA,DEFICIT_FG3M,DEFICIT_FG3A,DEFICIT_FTM,DEFICIT_FTA,DEFICIT_OREB,DEFICIT_DREB,DEFICIT_REB,DEFICIT_AST,DEFICIT_STL,DEFICIT_BLK,DEFICIT_TO,DEFICIT_PF,DEFICIT_FG2M,DEFICIT_FG2A
0,Pistons,13,33,0.394,13,19,0.684,10,32,42,22,9,4,11,27,106,27,56,0.48214285714285715,0,0.5,0.5297619047619048,0.5652173913043478,0.6,0.325,0.35185185185185186,0.5263157894736842,0.47058823529411764,0.4827586206896552,0.43137254901960786,0.5,0.5,0.44,0.6428571428571429,0.47368421052631576,0.49557522123893805
1,Mavericks,10,22,0.455,27,35,0.771,9,36,45,29,9,4,14,15,117,30,57,0.5263157894736842,1,0.5,0.47023809523809523,0.43478260869565216,0.4,0.675,0.6481481481481481,0.47368421052631576,0.5294117647058824,0.5172413793103449,0.5686274509803921,0.5,0.5,0.56,0.35714285714285715,0.5263157894736842,0.504424778761062
