,TEAM_NAME,FG3M,FG3A,FG3_PCT,FTM,FTA,FT_PCT,OREB,DREB,REB,AST,STL,BLK,TO,PF,PTS,FG2M,FG2A,FG2_PCT,OUTCOME,DEFICIT_FGM,DEFICIT_FGA,DEFICIT_FG3M,DEFICIT_FG3A,DEFICIT_FTM,DEFICIT_FTA,DEFICIT_OREB,DEFICIT_DREB,DEFICIT_REB,DEFICIT_AST,DEFICIT_STL,DEFICIT_BLK,DEFICIT_TO,DEFICIT_PF,DEFICIT_FG2M,DEFICIT_FG2A
0,Pistons,13,33,0.394,13,19,0.684,10,32,42,22,9,4,11,27,106,27,56,0.482142857143,0,0.5,0.529761904762,0.565217391304,0.6,0.325,0.351851851852,0.526315789474,0.470588235294,0.48275862069,0.43137254902,0.5,0.5,0.44,0.642857142857,0.473684210526,0.495575221239
1,Mavericks,10,22,0.455,27,35,0.771,9,36,45,29,9,4,14,15,117,30,57,0.526315789474,1,0.5,0.470238095238,0.434782608696,0.4,0.675,0.648148148148,0.473684210526,0.529411764706,0.51724137931,0.56862745098,0.5,0.5,0.56,0.357142857143,0.526315789474,0.504424778761
