,TEAM_NAME,FG3M,FG3A,FG3_PCT,FTM,FTA,FT_PCT,OREB,DREB,REB,AST,STL,BLK,TO,PF,PTS,FG2M,FG2A,FG2_PCT,OUTCOME,DEFICIT_FGM,DEFICIT_FGA,DEFICIT_FG3M,DEFICIT_FG3A,DEFICIT_FTM,DEFICIT_FTA,DEFICIT_OREB,DEFICIT_DREB,DEFICIT_REB,DEFICIT_AST,DEFICIT_STL,DEFICIT_BLK,DEFICIT_TO,DEFICIT_PF,DEFICIT_FG2M,DEFICIT_FG2A
0,Suns,9,25,0.36,16,21,0.762,8,35,43,22,4,7,8,15,111,34,57,0.59649122807,1,0.518072289157,0.488095238095,0.473684210526,0.510204081633,0.5,0.488372093023,0.5,0.564516129032,0.551282051282,0.5,0.4,0.7,0.571428571429,0.483870967742,0.53125,0.478991596639
1,Hornets,10,24,0.417,16,22,0.727,8,27,35,22,6,3,6,16,106,30,62,0.483870967742,0,0.481927710843,0.511904761905,0.526315789474,0.489795918367,0.5,0.511627906977,0.5,0.435483870968,0.448717948718,0.5,0.6,0.3,0.428571428571,0.516129032258,0.46875,0.521008403361
