,TEAM_NAME,FG3M,FG3A,FG3_PCT,FTM,FTA,FT_PCT,OREB,DREB,REB,AST,STL,BLK,TO,PF,PTS,FG2M,FG2A,FG2_PCT,OUTCOME,DEFICIT_FGM,DEFICIT_FGA,DEFICIT_FG3M,DEFICIT_FG3A,DEFICIT_FTM,DEFICIT_FTA,DEFICIT_OREB,DEFICIT_DREB,DEFICIT_REB,DEFICIT_AST,DEFICIT_STL,DEFICIT_BLK,DEFICIT_TO,DEFICIT_PF,DEFICIT_FG2M,DEFICIT_FG2A
0,Kings,9,25,0.36,27,34,0.794,11,40,51,23,10,4,21,23,112,29,56,0.517857142857,1,0.506666666667,0.460227272727,0.642857142857,0.480769230769,0.6,0.62962962963,0.55,0.571428571429,0.566666666667,0.511111111111,0.416666666667,0.5,0.567567567568,0.479166666667,0.475409836066,0.451612903226
1,Mavericks,5,27,0.185,18,20,0.9,9,30,39,22,14,4,16,25,97,32,68,0.470588235294,0,0.493333333333,0.539772727273,0.357142857143,0.519230769231,0.4,0.37037037037,0.45,0.428571428571,0.433333333333,0.488888888889,0.583333333333,0.5,0.432432432432,0.520833333333,0.524590163934,0.548387096774
