,TEAM_NAME,FG3M,FG3A,FG3_PCT,FTM,FTA,FT_PCT,OREB,DREB,REB,AST,STL,BLK,TO,PF,PTS,FG2M,FG2A,FG2_PCT,OUTCOME,DEFICIT_FGM,DEFICIT_FGA,DEFICIT_FG3M,DEFICIT_FG3A,DEFICIT_FTM,DEFICIT_FTA,DEFICIT_OREB,DEFICIT_DREB,DEFICIT_REB,DEFICIT_AST,DEFICIT_STL,DEFICIT_BLK,DEFICIT_TO,DEFICIT_PF,DEFICIT_FG2M,DEFICIT_FG2A
0,Warriors,11,37,0.297,18,22,0.818,10,43,53,20,3,6,15,24,111,30,53,0.566037735849,0,0.488095238095,0.489130434783,0.647058823529,0.755102040816,0.439024390244,0.43137254902,0.588235294118,0.524390243902,0.535353535354,0.47619047619,0.333333333333,0.6,0.681818181818,0.6,0.44776119403,0.392592592593
1,Bobcats,6,12,0.5,23,29,0.793,7,39,46,22,6,4,7,16,115,37,82,0.451219512195,1,0.511904761905,0.510869565217,0.352941176471,0.244897959184,0.560975609756,0.56862745098,0.411764705882,0.475609756098,0.464646464646,0.52380952381,0.666666666667,0.4,0.318181818182,0.4,0.55223880597,0.607407407407
