,TEAM_NAME,FG3M,FG3A,FG3_PCT,FTM,FTA,FT_PCT,OREB,DREB,REB,AST,STL,BLK,TO,PF,PTS,FG2M,FG2A,FG2_PCT,OUTCOME,DEFICIT_FGM,DEFICIT_FGA,DEFICIT_FG3M,DEFICIT_FG3A,DEFICIT_FTM,DEFICIT_FTA,DEFICIT_OREB,DEFICIT_DREB,DEFICIT_REB,DEFICIT_AST,DEFICIT_STL,DEFICIT_BLK,DEFICIT_TO,DEFICIT_PF,DEFICIT_FG2M,DEFICIT_FG2A
0,Jazz,1,7,0.143,21,23,0.913,11,32,43,13,6,5,12,15,94,35,75,0.466666666667,0,0.473684210526,0.491017964072,0.142857142857,0.269230769231,0.525,0.53488372093,0.5,0.492307692308,0.494252873563,0.361111111111,0.5,0.454545454545,0.521739130435,0.441176470588,0.507246376812,0.531914893617
1,Trail Blazers,6,19,0.316,19,20,0.95,11,33,44,23,6,6,11,19,105,34,66,0.515151515152,1,0.526315789474,0.508982035928,0.857142857143,0.730769230769,0.475,0.46511627907,0.5,0.507692307692,0.505747126437,0.638888888889,0.5,0.545454545455,0.478260869565,0.558823529412,0.492753623188,0.468085106383
