,TEAM_NAME,FG3M,FG3A,FG3_PCT,FTM,FTA,FT_PCT,OREB,DREB,REB,AST,STL,BLK,TO,PF,PTS,FG2M,FG2A,FG2_PCT,OUTCOME,DEFICIT_FGM,DEFICIT_FGA,DEFICIT_FG3M,DEFICIT_FG3A,DEFICIT_FTM,DEFICIT_FTA,DEFICIT_OREB,DEFICIT_DREB,DEFICIT_REB,DEFICIT_AST,DEFICIT_STL,DEFICIT_BLK,DEFICIT_TO,DEFICIT_PF,DEFICIT_FG2M,DEFICIT_FG2A
0,Kings,9,18,0.5,10,16,0.625,17,32,49,17,6,1,16,22,81,22,67,0.328358208955,0,0.484375,0.551948051948,0.5,0.439024390244,0.344827586207,0.390243902439,0.85,0.477611940299,0.563218390805,0.395348837209,0.428571428571,0.111111111111,0.533333333333,0.5,0.478260869565,0.592920353982
1,Thunder,9,23,0.391,19,25,0.76,3,35,38,26,8,8,14,22,94,24,46,0.521739130435,1,0.515625,0.448051948052,0.5,0.560975609756,0.655172413793,0.609756097561,0.15,0.522388059701,0.436781609195,0.604651162791,0.571428571429,0.888888888889,0.466666666667,0.5,0.521739130435,0.407079646018
