,TEAM_NAME,FG3M,FG3A,FG3_PCT,FTM,FTA,FT_PCT,OREB,DREB,REB,AST,STL,BLK,TO,PF,PTS,FG2M,FG2A,FG2_PCT,OUTCOME,DEFICIT_FGM,DEFICIT_FGA,DEFICIT_FG3M,DEFICIT_FG3A,DEFICIT_FTM,DEFICIT_FTA,DEFICIT_OREB,DEFICIT_DREB,DEFICIT_REB,DEFICIT_AST,DEFICIT_STL,DEFICIT_BLK,DEFICIT_TO,DEFICIT_PF,DEFICIT_FG2M,DEFICIT_FG2A
0,Raptors,5,20,0.25,20,22,0.909,12,24,36,23,10,5,10,18,105,35,66,0.530303030303,1,0.5,0.530864197531,0.454545454545,0.526315789474,0.540540540541,0.52380952381,0.6,0.48,0.514285714286,0.511111111111,0.588235294118,0.714285714286,0.384615384615,0.461538461538,0.507246376812,0.532258064516
1,Celtics,6,18,0.333,17,20,0.85,8,26,34,22,7,2,16,21,103,34,58,0.586206896552,0,0.5,0.469135802469,0.545454545455,0.473684210526,0.459459459459,0.47619047619,0.4,0.52,0.485714285714,0.488888888889,0.411764705882,0.285714285714,0.615384615385,0.538461538462,0.492753623188,0.467741935484
