,TEAM_NAME,FG3M,FG3A,FG3_PCT,FTM,FTA,FT_PCT,OREB,DREB,REB,AST,STL,BLK,TO,PF,PTS,FG2M,FG2A,FG2_PCT,OUTCOME,DEFICIT_FGM,DEFICIT_FGA,DEFICIT_FG3M,DEFICIT_FG3A,DEFICIT_FTM,DEFICIT_FTA,DEFICIT_OREB,DEFICIT_DREB,DEFICIT_REB,DEFICIT_AST,DEFICIT_STL,DEFICIT_BLK,DEFICIT_TO,DEFICIT_PF,DEFICIT_FG2M,DEFICIT_FG2A
0,Kings,5,16,0.313,22,28,0.786,10,38,48,16,2,8,20,19,89,26,55,0.472727272727,0,0.424657534247,0.430303030303,0.294117647059,0.313725490196,0.785714285714,0.651162790698,0.434782608696,0.575757575758,0.539325842697,0.380952380952,0.133333333333,0.615384615385,0.833333333333,0.431818181818,0.464285714286,0.482456140351
1,Rockets,12,35,0.343,6,15,0.4,13,28,41,26,13,5,4,25,102,30,59,0.508474576271,1,0.575342465753,0.569696969697,0.705882352941,0.686274509804,0.214285714286,0.348837209302,0.565217391304,0.424242424242,0.460674157303,0.619047619048,0.866666666667,0.384615384615,0.166666666667,0.568181818182,0.535714285714,0.517543859649
