,TEAM_NAME,FG3M,FG3A,FG3_PCT,FTM,FTA,FT_PCT,OREB,DREB,REB,AST,STL,BLK,TO,PF,PTS,FG2M,FG2A,FG2_PCT,OUTCOME,DEFICIT_FGM,DEFICIT_FGA,DEFICIT_FG3M,DEFICIT_FG3A,DEFICIT_FTM,DEFICIT_FTA,DEFICIT_OREB,DEFICIT_DREB,DEFICIT_REB,DEFICIT_AST,DEFICIT_STL,DEFICIT_BLK,DEFICIT_TO,DEFICIT_PF,DEFICIT_FG2M,DEFICIT_FG2A
0,Wizards,5,13,0.385,16,22,0.727,7,19,26,24,5,5,18,28,87,28,58,0.4827586206896552,0,0.4647887323943662,0.4896551724137931,0.45454545454545453,0.3939393939393939,0.3404255319148936,0.36666666666666664,0.5,0.4318181818181818,0.4482758620689655,0.5106382978723404,0.2777777777777778,0.7142857142857143,0.6666666666666666,0.6086956521739131,0.4666666666666667,0.5178571428571429
1,Cavaliers,6,20,0.3,31,38,0.816,7,25,32,23,13,2,9,18,113,32,54,0.5925925925925926,1,0.5352112676056338,0.5103448275862069,0.5454545454545454,0.6060606060606061,0.6595744680851063,0.6333333333333333,0.5,0.5681818181818182,0.5517241379310345,0.48936170212765956,0.7222222222222222,0.2857142857142857,0.3333333333333333,0.391304347826087,0.5333333333333333,0.48214285714285715
