,TEAM_NAME,FG3M,FG3A,FG3_PCT,FTM,FTA,FT_PCT,OREB,DREB,REB,AST,STL,BLK,TO,PF,PTS,FG2M,FG2A,FG2_PCT,OUTCOME,DEFICIT_FGM,DEFICIT_FGA,DEFICIT_FG3M,DEFICIT_FG3A,DEFICIT_FTM,DEFICIT_FTA,DEFICIT_OREB,DEFICIT_DREB,DEFICIT_REB,DEFICIT_AST,DEFICIT_STL,DEFICIT_BLK,DEFICIT_TO,DEFICIT_PF,DEFICIT_FG2M,DEFICIT_FG2A
0,76ers,9,24,0.375,14,17,0.824,13,29,42,23,11,5,20,24,91,25,61,0.4098360655737705,0,0.4927536231884058,0.5448717948717948,0.5294117647058824,0.5,0.4,0.37777777777777777,0.7647058823529411,0.4461538461538462,0.5121951219512195,0.4791666666666667,0.5238095238095238,0.4166666666666667,0.45454545454545453,0.5581395348837209,0.4807692307692308,0.5648148148148148
1,Nets,8,24,0.333,21,28,0.75,4,36,40,25,10,7,24,19,99,27,47,0.574468085106383,1,0.5072463768115942,0.4551282051282051,0.47058823529411764,0.5,0.6,0.6222222222222222,0.23529411764705882,0.5538461538461539,0.4878048780487805,0.5208333333333334,0.47619047619047616,0.5833333333333334,0.5454545454545454,0.4418604651162791,0.5192307692307693,0.4351851851851852
