,TEAM_NAME,FG3M,FG3A,FG3_PCT,FTM,FTA,FT_PCT,OREB,DREB,REB,AST,STL,BLK,TO,PF,PTS,FG2M,FG2A,FG2_PCT,OUTCOME,DEFICIT_FGM,DEFICIT_FGA,DEFICIT_FG3M,DEFICIT_FG3A,DEFICIT_FTM,DEFICIT_FTA,DEFICIT_OREB,DEFICIT_DREB,DEFICIT_REB,DEFICIT_AST,DEFICIT_STL,DEFICIT_BLK,DEFICIT_TO,DEFICIT_PF,DEFICIT_FG2M,DEFICIT_FG2A
0,Grizzlies,5,22,0.227,22,25,0.88,10,35,45,25,7,6,14,20,99,31,58,0.5344827586206896,1,0.5217391304347826,0.4968944099378882,0.38461538461538464,0.5365853658536586,0.5365853658536586,0.5102040816326531,0.45454545454545453,0.5384615384615384,0.5172413793103449,0.6097560975609756,0.5384615384615384,0.4,0.56,0.5263157894736842,0.5535714285714286,0.48333333333333334
1,Lakers,8,19,0.421,19,24,0.792,12,30,42,16,6,9,11,18,93,25,62,0.4032258064516129,0,0.4782608695652174,0.5031055900621118,0.6153846153846154,0.4634146341463415,0.4634146341463415,0.4897959183673469,0.5454545454545454,0.46153846153846156,0.4827586206896552,0.3902439024390244,0.46153846153846156,0.6,0.44,0.47368421052631576,0.44642857142857145,0.5166666666666667
