,TEAM_NAME,FG3M,FG3A,FG3_PCT,FTM,FTA,FT_PCT,OREB,DREB,REB,AST,STL,BLK,TO,PF,PTS,FG2M,FG2A,FG2_PCT,OUTCOME,DEFICIT_FGM,DEFICIT_FGA,DEFICIT_FG3M,DEFICIT_FG3A,DEFICIT_FTM,DEFICIT_FTA,DEFICIT_OREB,DEFICIT_DREB,DEFICIT_REB,DEFICIT_AST,DEFICIT_STL,DEFICIT_BLK,DEFICIT_TO,DEFICIT_PF,DEFICIT_FG2M,DEFICIT_FG2A
0,Jazz,3,16,0.188,17,28,0.607,8,30,38,11,9,2,19,16,82,28,54,0.5185185185185185,0,0.43661971830985913,0.45751633986928103,0.2,0.38095238095238093,0.7727272727272727,0.7368421052631579,0.4,0.47619047619047616,0.4578313253012048,0.34375,0.5,0.2222222222222222,0.5428571428571428,0.38095238095238093,0.5,0.4864864864864865
1,Thunder,12,26,0.462,5,10,0.5,12,33,45,21,9,7,16,26,97,28,57,0.49122807017543857,1,0.5633802816901409,0.5424836601307189,0.8,0.6190476190476191,0.22727272727272727,0.2631578947368421,0.6,0.5238095238095238,0.5421686746987951,0.65625,0.5,0.7777777777777778,0.45714285714285713,0.6190476190476191,0.5,0.5135135135135135
