,TEAM_NAME,FG3M,FG3A,FG3_PCT,FTM,FTA,FT_PCT,OREB,DREB,REB,AST,STL,BLK,TO,PF,PTS,FG2M,FG2A,FG2_PCT,OUTCOME,DEFICIT_FGM,DEFICIT_FGA,DEFICIT_FG3M,DEFICIT_FG3A,DEFICIT_FTM,DEFICIT_FTA,DEFICIT_OREB,DEFICIT_DREB,DEFICIT_REB,DEFICIT_AST,DEFICIT_STL,DEFICIT_BLK,DEFICIT_TO,DEFICIT_PF,DEFICIT_FG2M,DEFICIT_FG2A
0,Clippers,12,28,0.429,18,19,0.947,9,30,39,21,9,3,15,19,104,25,50,0.5,1,0.5138888888888888,0.5,0.5454545454545454,0.509090909090909,0.5,0.4418604651162791,0.42857142857142855,0.5357142857142857,0.5064935064935064,0.5384615384615384,0.5294117647058824,0.42857142857142855,0.5,0.5277777777777778,0.5,0.49504950495049505
1,Pistons,10,27,0.37,18,24,0.75,12,26,38,18,8,4,15,17,98,25,51,0.49019607843137253,0,0.4861111111111111,0.5,0.45454545454545453,0.4909090909090909,0.5,0.5581395348837209,0.5714285714285714,0.4642857142857143,0.4935064935064935,0.46153846153846156,0.47058823529411764,0.5714285714285714,0.5,0.4722222222222222,0.5,0.504950495049505
