,TEAM_NAME,FG3M,FG3A,FG3_PCT,FTM,FTA,FT_PCT,OREB,DREB,REB,AST,STL,BLK,TO,PF,PTS,FG2M,FG2A,FG2_PCT,OUTCOME,DEFICIT_FGM,DEFICIT_FGA,DEFICIT_FG3M,DEFICIT_FG3A,DEFICIT_FTM,DEFICIT_FTA,DEFICIT_OREB,DEFICIT_DREB,DEFICIT_REB,DEFICIT_AST,DEFICIT_STL,DEFICIT_BLK,DEFICIT_TO,DEFICIT_PF,DEFICIT_FG2M,DEFICIT_FG2A
0,Trail Blazers,12,27,0.444,15,20,0.75,10,40,50,21,4,7,8,18,105,27,65,0.415384615385,1,0.4875,0.494623655914,0.705882352941,0.642857142857,0.6,0.571428571429,0.5,0.519480519481,0.515463917526,0.42,0.571428571429,0.583333333333,0.571428571429,0.473684210526,0.428571428571,0.451388888889
1,Hornets,5,15,0.333,10,15,0.667,10,37,47,29,3,5,6,20,97,36,79,0.455696202532,0,0.5125,0.505376344086,0.294117647059,0.357142857143,0.4,0.428571428571,0.5,0.480519480519,0.484536082474,0.58,0.428571428571,0.416666666667,0.428571428571,0.526315789474,0.571428571429,0.548611111111
