,TEAM_NAME,FG3M,FG3A,FG3_PCT,FTM,FTA,FT_PCT,OREB,DREB,REB,AST,STL,BLK,TO,PF,PTS,FG2M,FG2A,FG2_PCT,OUTCOME,DEFICIT_FGM,DEFICIT_FGA,DEFICIT_FG3M,DEFICIT_FG3A,DEFICIT_FTM,DEFICIT_FTA,DEFICIT_OREB,DEFICIT_DREB,DEFICIT_REB,DEFICIT_AST,DEFICIT_STL,DEFICIT_BLK,DEFICIT_TO,DEFICIT_PF,DEFICIT_FG2M,DEFICIT_FG2A
0,Spurs,5,15,0.333,19,29,0.655,8,37,45,21,8,5,15,20,106,36,59,0.610169491525,1,0.506172839506,0.459627329193,0.333333333333,0.416666666667,0.655172413793,0.617021276596,0.533333333333,0.560606060606,0.555555555556,0.477272727273,0.470588235294,0.833333333333,0.555555555556,0.46511627907,0.545454545455,0.472
1,Pacers,10,21,0.476,10,18,0.556,7,29,36,23,9,1,12,23,100,30,66,0.454545454545,0,0.493827160494,0.540372670807,0.666666666667,0.583333333333,0.344827586207,0.382978723404,0.466666666667,0.439393939394,0.444444444444,0.522727272727,0.529411764706,0.166666666667,0.444444444444,0.53488372093,0.454545454545,0.528
