,TEAM_NAME,FG3M,FG3A,FG3_PCT,FTM,FTA,FT_PCT,OREB,DREB,REB,AST,STL,BLK,TO,PF,PTS,FG2M,FG2A,FG2_PCT,OUTCOME,DEFICIT_FGM,DEFICIT_FGA,DEFICIT_FG3M,DEFICIT_FG3A,DEFICIT_FTM,DEFICIT_FTA,DEFICIT_OREB,DEFICIT_DREB,DEFICIT_REB,DEFICIT_AST,DEFICIT_STL,DEFICIT_BLK,DEFICIT_TO,DEFICIT_PF,DEFICIT_FG2M,DEFICIT_FG2A
0,Hornets,6,27,0.222,12,16,0.75,6,35,41,24,5,3,15,20,92,31,60,0.516666666667,0,0.480519480519,0.497142857143,0.3,0.457627118644,0.48,0.457142857143,0.4,0.466666666667,0.455555555556,0.533333333333,0.357142857143,0.5,0.51724137931,0.454545454545,0.543859649123,0.51724137931
1,Celtics,14,32,0.438,13,19,0.684,9,40,49,21,9,3,14,24,107,26,56,0.464285714286,1,0.519480519481,0.502857142857,0.7,0.542372881356,0.52,0.542857142857,0.6,0.533333333333,0.544444444444,0.466666666667,0.642857142857,0.5,0.48275862069,0.545454545455,0.456140350877,0.48275862069
