,TEAM_NAME,FG3M,FG3A,FG3_PCT,FTM,FTA,FT_PCT,OREB,DREB,REB,AST,STL,BLK,TO,PF,PTS,FG2M,FG2A,FG2_PCT,OUTCOME,DEFICIT_FGM,DEFICIT_FGA,DEFICIT_FG3M,DEFICIT_FG3A,DEFICIT_FTM,DEFICIT_FTA,DEFICIT_OREB,DEFICIT_DREB,DEFICIT_REB,DEFICIT_AST,DEFICIT_STL,DEFICIT_BLK,DEFICIT_TO,DEFICIT_PF,DEFICIT_FG2M,DEFICIT_FG2A
0,Pistons,5,22,0.227,11,15,0.733,17,35,52,21,7,3,23,21,94,34,67,0.507462686567,0,0.527027027027,0.532934131737,0.263157894737,0.392857142857,0.392857142857,0.384615384615,0.772727272727,0.522388059701,0.584269662921,0.5,0.411764705882,0.75,0.605263157895,0.552631578947,0.618181818182,0.603603603604
1,Nets,14,34,0.412,17,24,0.708,5,32,37,21,10,1,15,17,101,21,44,0.477272727273,1,0.472972972973,0.467065868263,0.736842105263,0.607142857143,0.607142857143,0.615384615385,0.227272727273,0.477611940299,0.415730337079,0.5,0.588235294118,0.25,0.394736842105,0.447368421053,0.381818181818,0.396396396396
