,TEAM_NAME,FG3M,FG3A,FG3_PCT,FTM,FTA,FT_PCT,OREB,DREB,REB,AST,STL,BLK,TO,PF,PTS,FG2M,FG2A,FG2_PCT,OUTCOME,DEFICIT_FGM,DEFICIT_FGA,DEFICIT_FG3M,DEFICIT_FG3A,DEFICIT_FTM,DEFICIT_FTA,DEFICIT_OREB,DEFICIT_DREB,DEFICIT_REB,DEFICIT_AST,DEFICIT_STL,DEFICIT_BLK,DEFICIT_TO,DEFICIT_PF,DEFICIT_FG2M,DEFICIT_FG2A
0,Pacers,9,19,0.474,16,23,0.696,13,42,55,26,9,4,20,23,115,36,74,0.486486486486,1,0.542168674699,0.510989010989,0.6,0.387755102041,0.380952380952,0.410714285714,0.764705882353,0.538461538462,0.578947368421,0.577777777778,0.473684210526,0.363636363636,0.555555555556,0.575,0.529411764706,0.556390977444
1,Bulls,6,30,0.2,26,33,0.788,4,36,40,19,10,7,16,17,108,32,59,0.542372881356,0,0.457831325301,0.489010989011,0.4,0.612244897959,0.619047619048,0.589285714286,0.235294117647,0.461538461538,0.421052631579,0.422222222222,0.526315789474,0.636363636364,0.444444444444,0.425,0.470588235294,0.443609022556
