,TEAM_NAME,FG3M,FG3A,FG3_PCT,FTM,FTA,FT_PCT,OREB,DREB,REB,AST,STL,BLK,TO,PF,PTS,FG2M,FG2A,FG2_PCT,OUTCOME,DEFICIT_FGM,DEFICIT_FGA,DEFICIT_FG3M,DEFICIT_FG3A,DEFICIT_FTM,DEFICIT_FTA,DEFICIT_OREB,DEFICIT_DREB,DEFICIT_REB,DEFICIT_AST,DEFICIT_STL,DEFICIT_BLK,DEFICIT_TO,DEFICIT_PF,DEFICIT_FG2M,DEFICIT_FG2A
0,Timberwolves,7,19,0.368,25,30,0.833,10,27,37,26,8,5,15,20,104,29,63,0.460317460317,0,0.455696202532,0.485207100592,0.466666666667,0.441860465116,0.625,0.555555555556,0.434782608696,0.465517241379,0.456790123457,0.456140350877,0.380952380952,0.333333333333,0.483870967742,0.5,0.453125,0.5
1,Warriors,8,24,0.333,15,24,0.625,13,31,44,31,13,10,16,20,109,35,63,0.555555555556,1,0.544303797468,0.514792899408,0.533333333333,0.558139534884,0.375,0.444444444444,0.565217391304,0.534482758621,0.543209876543,0.543859649123,0.619047619048,0.666666666667,0.516129032258,0.5,0.546875,0.5
