,TEAM_NAME,FG3M,FG3A,FG3_PCT,FTM,FTA,FT_PCT,OREB,DREB,REB,AST,STL,BLK,TO,PF,PTS,FG2M,FG2A,FG2_PCT,OUTCOME,DEFICIT_FGM,DEFICIT_FGA,DEFICIT_FG3M,DEFICIT_FG3A,DEFICIT_FTM,DEFICIT_FTA,DEFICIT_OREB,DEFICIT_DREB,DEFICIT_REB,DEFICIT_AST,DEFICIT_STL,DEFICIT_BLK,DEFICIT_TO,DEFICIT_PF,DEFICIT_FG2M,DEFICIT_FG2A
0,Wizards,13,25,0.52,12,20,0.6,9,35,44,27,10,3,9,17,117,33,66,0.5,1,0.547619047619,0.538461538462,0.5,0.431034482759,0.48,0.540540540541,0.818181818182,0.530303030303,0.571428571429,0.54,0.666666666667,0.333333333333,0.391304347826,0.53125,0.568965517241,0.594594594595
1,Hawks,13,33,0.394,13,17,0.765,2,31,33,23,5,6,14,15,102,25,45,0.555555555556,0,0.452380952381,0.461538461538,0.5,0.568965517241,0.52,0.459459459459,0.181818181818,0.469696969697,0.428571428571,0.46,0.333333333333,0.666666666667,0.608695652174,0.46875,0.431034482759,0.405405405405
