,TEAM_NAME,FG3M,FG3A,FG3_PCT,FTM,FTA,FT_PCT,OREB,DREB,REB,AST,STL,BLK,TO,PF,PTS,FG2M,FG2A,FG2_PCT,OUTCOME,DEFICIT_FGM,DEFICIT_FGA,DEFICIT_FG3M,DEFICIT_FG3A,DEFICIT_FTM,DEFICIT_FTA,DEFICIT_OREB,DEFICIT_DREB,DEFICIT_REB,DEFICIT_AST,DEFICIT_STL,DEFICIT_BLK,DEFICIT_TO,DEFICIT_PF,DEFICIT_FG2M,DEFICIT_FG2A
0,Suns,7,31,0.226,14,24,0.583,14,34,48,25,12,6,15,31,91,28,65,0.430769230769,0,0.507246376812,0.530386740331,0.538461538462,0.534482758621,0.4,0.452830188679,0.608695652174,0.447368421053,0.484848484848,0.510204081633,0.705882352941,0.5,0.441176470588,0.574074074074,0.5,0.528455284553
1,Hawks,6,27,0.222,21,29,0.724,9,42,51,24,5,6,19,23,95,28,58,0.48275862069,1,0.492753623188,0.469613259669,0.461538461538,0.465517241379,0.6,0.547169811321,0.391304347826,0.552631578947,0.515151515152,0.489795918367,0.294117647059,0.5,0.558823529412,0.425925925926,0.5,0.471544715447
