,TEAM_NAME,FG3M,FG3A,FG3_PCT,FTM,FTA,FT_PCT,OREB,DREB,REB,AST,STL,BLK,TO,PF,PTS,FG2M,FG2A,FG2_PCT,OUTCOME,DEFICIT_FGM,DEFICIT_FGA,DEFICIT_FG3M,DEFICIT_FG3A,DEFICIT_FTM,DEFICIT_FTA,DEFICIT_OREB,DEFICIT_DREB,DEFICIT_REB,DEFICIT_AST,DEFICIT_STL,DEFICIT_BLK,DEFICIT_TO,DEFICIT_PF,DEFICIT_FG2M,DEFICIT_FG2A
0,76ers,10,33,0.303,18,21,0.857,12,41,53,21,7,9,16,23,106,29,58,0.5,1,0.506493506494,0.491891891892,0.526315789474,0.507692307692,0.529411764706,0.466666666667,0.48,0.525641025641,0.514563106796,0.488372093023,0.388888888889,0.642857142857,0.551724137931,0.547619047619,0.5,0.483333333333
1,Nets,9,32,0.281,16,24,0.667,13,37,50,22,11,5,13,19,101,29,62,0.467741935484,0,0.493506493506,0.508108108108,0.473684210526,0.492307692308,0.470588235294,0.533333333333,0.52,0.474358974359,0.485436893204,0.511627906977,0.611111111111,0.357142857143,0.448275862069,0.452380952381,0.5,0.516666666667
