,TEAM_NAME,FG3M,FG3A,FG3_PCT,FTM,FTA,FT_PCT,OREB,DREB,REB,AST,STL,BLK,TO,PF,PTS,FG2M,FG2A,FG2_PCT,OUTCOME,DEFICIT_FGM,DEFICIT_FGA,DEFICIT_FG3M,DEFICIT_FG3A,DEFICIT_FTM,DEFICIT_FTA,DEFICIT_OREB,DEFICIT_DREB,DEFICIT_REB,DEFICIT_AST,DEFICIT_STL,DEFICIT_BLK,DEFICIT_TO,DEFICIT_PF,DEFICIT_FG2M,DEFICIT_FG2A
0,Rockets,5,31,0.161,35,39,0.897,10,28,38,20,9,2,14,14,106,28,54,0.518518518519,0,0.423076923077,0.491329479769,0.3125,0.430555555556,0.744680851064,0.709090909091,0.555555555556,0.4375,0.463414634146,0.377358490566,0.5,0.222222222222,0.466666666667,0.325581395349,0.451612903226,0.534653465347
1,Warriors,11,41,0.268,12,16,0.75,8,36,44,33,9,7,16,29,113,34,47,0.723404255319,1,0.576923076923,0.508670520231,0.6875,0.569444444444,0.255319148936,0.290909090909,0.444444444444,0.5625,0.536585365854,0.622641509434,0.5,0.777777777778,0.533333333333,0.674418604651,0.548387096774,0.465346534653
