,TEAM_NAME,FG3M,FG3A,FG3_PCT,FTM,FTA,FT_PCT,OREB,DREB,REB,AST,STL,BLK,TO,PF,PTS,FG2M,FG2A,FG2_PCT,OUTCOME,DEFICIT_FGM,DEFICIT_FGA,DEFICIT_FG3M,DEFICIT_FG3A,DEFICIT_FTM,DEFICIT_FTA,DEFICIT_OREB,DEFICIT_DREB,DEFICIT_REB,DEFICIT_AST,DEFICIT_STL,DEFICIT_BLK,DEFICIT_TO,DEFICIT_PF,DEFICIT_FG2M,DEFICIT_FG2A
0,Grizzlies,9,23,0.391,24,28,0.857,11,31,42,26,6,2,9,19,101,25,57,0.43859649122807015,1,0.4722222222222222,0.5031446540880503,0.75,0.6388888888888888,0.6666666666666666,0.6086956521739131,0.5789473684210527,0.4696969696969697,0.49411764705882355,0.5531914893617021,0.6666666666666666,0.4,0.42857142857142855,0.4634146341463415,0.4166666666666667,0.4634146341463415
1,Nets,3,13,0.231,12,18,0.667,8,35,43,21,3,3,12,22,91,35,66,0.5303030303030303,0,0.5277777777777778,0.4968553459119497,0.25,0.3611111111111111,0.3333333333333333,0.391304347826087,0.42105263157894735,0.5303030303030303,0.5058823529411764,0.44680851063829785,0.3333333333333333,0.6,0.5714285714285714,0.5365853658536586,0.5833333333333334,0.5365853658536586
