,TEAM_NAME,FG3M,FG3A,FG3_PCT,FTM,FTA,FT_PCT,OREB,DREB,REB,AST,STL,BLK,TO,PF,PTS,FG2M,FG2A,FG2_PCT,OUTCOME,DEFICIT_FGM,DEFICIT_FGA,DEFICIT_FG3M,DEFICIT_FG3A,DEFICIT_FTM,DEFICIT_FTA,DEFICIT_OREB,DEFICIT_DREB,DEFICIT_REB,DEFICIT_AST,DEFICIT_STL,DEFICIT_BLK,DEFICIT_TO,DEFICIT_PF,DEFICIT_FG2M,DEFICIT_FG2A
0,Pelicans,8,22,0.364,20,23,0.87,16,32,48,22,4,4,15,23,120,38,78,0.487179487179,0,0.5,0.54347826087,0.32,0.423076923077,0.444444444444,0.396551724138,0.842105263158,0.477611940299,0.558139534884,0.458333333333,0.285714285714,0.5,0.6,0.489361702128,0.567164179104,0.590909090909
1,Warriors,17,30,0.567,25,35,0.714,3,35,38,26,10,4,10,24,134,29,54,0.537037037037,1,0.5,0.45652173913,0.68,0.576923076923,0.555555555556,0.603448275862,0.157894736842,0.522388059701,0.441860465116,0.541666666667,0.714285714286,0.5,0.4,0.510638297872,0.432835820896,0.409090909091
