,TEAM_NAME,FG3M,FG3A,FG3_PCT,FTM,FTA,FT_PCT,OREB,DREB,REB,AST,STL,BLK,TO,PF,PTS,FG2M,FG2A,FG2_PCT,OUTCOME,DEFICIT_FGM,DEFICIT_FGA,DEFICIT_FG3M,DEFICIT_FG3A,DEFICIT_FTM,DEFICIT_FTA,DEFICIT_OREB,DEFICIT_DREB,DEFICIT_REB,DEFICIT_AST,DEFICIT_STL,DEFICIT_BLK,DEFICIT_TO,DEFICIT_PF,DEFICIT_FG2M,DEFICIT_FG2A
0,Pelicans,8,22,0.364,20,23,0.87,16,32,48,22,4,4,15,23,120,38,78,0.48717948717948717,0,0.5,0.5434782608695652,0.32,0.4230769230769231,0.4444444444444444,0.39655172413793105,0.8421052631578947,0.47761194029850745,0.5581395348837209,0.4583333333333333,0.2857142857142857,0.5,0.6,0.48936170212765956,0.5671641791044776,0.5909090909090909
1,Warriors,17,30,0.567,25,35,0.714,3,35,38,26,10,4,10,24,134,29,54,0.5370370370370371,1,0.5,0.45652173913043476,0.68,0.5769230769230769,0.5555555555555556,0.603448275862069,0.15789473684210525,0.5223880597014925,0.4418604651162791,0.5416666666666666,0.7142857142857143,0.5,0.4,0.5106382978723404,0.43283582089552236,0.4090909090909091
