,TEAM_NAME,FG3M,FG3A,FG3_PCT,FTM,FTA,FT_PCT,OREB,DREB,REB,AST,STL,BLK,TO,PF,PTS,FG2M,FG2A,FG2_PCT,OUTCOME,DEFICIT_FGM,DEFICIT_FGA,DEFICIT_FG3M,DEFICIT_FG3A,DEFICIT_FTM,DEFICIT_FTA,DEFICIT_OREB,DEFICIT_DREB,DEFICIT_REB,DEFICIT_AST,DEFICIT_STL,DEFICIT_BLK,DEFICIT_TO,DEFICIT_PF,DEFICIT_FG2M,DEFICIT_FG2A
0,Grizzlies,9,23,0.391,24,28,0.857,11,31,42,26,6,2,9,19,101,25,57,0.438596491228,1,0.472222222222,0.503144654088,0.75,0.638888888889,0.666666666667,0.608695652174,0.578947368421,0.469696969697,0.494117647059,0.553191489362,0.666666666667,0.4,0.428571428571,0.463414634146,0.416666666667,0.463414634146
1,Nets,3,13,0.231,12,18,0.667,8,35,43,21,3,3,12,22,91,35,66,0.530303030303,0,0.527777777778,0.496855345912,0.25,0.361111111111,0.333333333333,0.391304347826,0.421052631579,0.530303030303,0.505882352941,0.446808510638,0.333333333333,0.6,0.571428571429,0.536585365854,0.583333333333,0.536585365854
