,TEAM_NAME,FG3M,FG3A,FG3_PCT,FTM,FTA,FT_PCT,OREB,DREB,REB,AST,STL,BLK,TO,PF,PTS,FG2M,FG2A,FG2_PCT,OUTCOME,DEFICIT_FGM,DEFICIT_FGA,DEFICIT_FG3M,DEFICIT_FG3A,DEFICIT_FTM,DEFICIT_FTA,DEFICIT_OREB,DEFICIT_DREB,DEFICIT_REB,DEFICIT_AST,DEFICIT_STL,DEFICIT_BLK,DEFICIT_TO,DEFICIT_PF,DEFICIT_FG2M,DEFICIT_FG2A
0,Jazz,4,22,0.182,21,27,0.778,15,24,39,12,9,6,15,25,93,30,59,0.5084745762711864,0,0.5,0.5472972972972973,0.3076923076923077,0.5,0.4375,0.43548387096774194,0.625,0.43636363636363634,0.4936708860759494,0.42857142857142855,0.6,0.46153846153846156,0.45454545454545453,0.5208333333333334,0.5454545454545454,0.5673076923076923
1,Rockets,9,22,0.409,27,35,0.771,9,31,40,16,6,7,18,23,104,25,45,0.5555555555555556,1,0.5,0.4527027027027027,0.6923076923076923,0.5,0.5625,0.5645161290322581,0.375,0.5636363636363636,0.5063291139240507,0.5714285714285714,0.4,0.5384615384615384,0.5454545454545454,0.4791666666666667,0.45454545454545453,0.4326923076923077
