,TEAM_NAME,FG3M,FG3A,FG3_PCT,FTM,FTA,FT_PCT,OREB,DREB,REB,AST,STL,BLK,TO,PF,PTS,FG2M,FG2A,FG2_PCT,OUTCOME,DEFICIT_FGM,DEFICIT_FGA,DEFICIT_FG3M,DEFICIT_FG3A,DEFICIT_FTM,DEFICIT_FTA,DEFICIT_OREB,DEFICIT_DREB,DEFICIT_REB,DEFICIT_AST,DEFICIT_STL,DEFICIT_BLK,DEFICIT_TO,DEFICIT_PF,DEFICIT_FG2M,DEFICIT_FG2A
0,Kings,6,26,0.231,21,24,0.875,16,32,48,16,9,1,14,18,87,24,61,0.393442622951,0,0.434782608696,0.533742331288,0.352941176471,0.490566037736,0.7,0.666666666667,0.761904761905,0.450704225352,0.521739130435,0.363636363636,0.529411764706,0.125,0.4375,0.45,0.461538461538,0.554545454545
1,Warriors,11,27,0.407,9,12,0.75,5,39,44,28,8,7,18,22,98,28,49,0.571428571429,1,0.565217391304,0.466257668712,0.647058823529,0.509433962264,0.3,0.333333333333,0.238095238095,0.549295774648,0.478260869565,0.636363636364,0.470588235294,0.875,0.5625,0.55,0.538461538462,0.445454545455
