,TEAM_NAME,FG3M,FG3A,FG3_PCT,FTM,FTA,FT_PCT,OREB,DREB,REB,AST,STL,BLK,TO,PF,PTS,FG2M,FG2A,FG2_PCT,OUTCOME,DEFICIT_FGM,DEFICIT_FGA,DEFICIT_FG3M,DEFICIT_FG3A,DEFICIT_FTM,DEFICIT_FTA,DEFICIT_OREB,DEFICIT_DREB,DEFICIT_REB,DEFICIT_AST,DEFICIT_STL,DEFICIT_BLK,DEFICIT_TO,DEFICIT_PF,DEFICIT_FG2M,DEFICIT_FG2A
0,Spurs,6,12,0.5,5,8,0.625,12,23,35,24,6,2,12,25,105,41,82,0.5,0,0.5108695652173914,0.5371428571428571,0.42857142857142855,0.375,0.22727272727272727,0.2962962962962963,0.631578947368421,0.41818181818181815,0.47297297297297297,0.4528301886792453,0.6666666666666666,0.2222222222222222,0.42857142857142855,0.625,0.5256410256410257,0.5734265734265734
1,Trail Blazers,8,20,0.4,17,19,0.895,7,32,39,29,3,7,16,15,115,37,61,0.6065573770491803,1,0.4891304347826087,0.46285714285714286,0.5714285714285714,0.625,0.7727272727272727,0.7037037037037037,0.3684210526315789,0.5818181818181818,0.527027027027027,0.5471698113207547,0.3333333333333333,0.7777777777777778,0.5714285714285714,0.375,0.47435897435897434,0.42657342657342656
