,TEAM_NAME,FG3M,FG3A,FG3_PCT,FTM,FTA,FT_PCT,OREB,DREB,REB,AST,STL,BLK,TO,PF,PTS,FG2M,FG2A,FG2_PCT,OUTCOME,DEFICIT_FGM,DEFICIT_FGA,DEFICIT_FG3M,DEFICIT_FG3A,DEFICIT_FTM,DEFICIT_FTA,DEFICIT_OREB,DEFICIT_DREB,DEFICIT_REB,DEFICIT_AST,DEFICIT_STL,DEFICIT_BLK,DEFICIT_TO,DEFICIT_PF,DEFICIT_FG2M,DEFICIT_FG2A
0,Pacers,10,28,0.357,15,20,0.75,10,41,51,24,6,6,20,16,89,22,49,0.448979591837,1,0.524590163934,0.48125,0.769230769231,0.651162790698,0.535714285714,0.571428571429,0.625,0.569444444444,0.579545454545,0.685714285714,0.285714285714,0.857142857143,0.555555555556,0.390243902439,0.458333333333,0.418803418803
1,Cavaliers,3,15,0.2,13,15,0.867,6,31,37,11,15,1,16,25,74,26,68,0.382352941176,0,0.475409836066,0.51875,0.230769230769,0.348837209302,0.464285714286,0.428571428571,0.375,0.430555555556,0.420454545455,0.314285714286,0.714285714286,0.142857142857,0.444444444444,0.609756097561,0.541666666667,0.581196581197
