,TEAM_NAME,FG3M,FG3A,FG3_PCT,FTM,FTA,FT_PCT,OREB,DREB,REB,AST,STL,BLK,TO,PF,PTS,FG2M,FG2A,FG2_PCT,OUTCOME,DEFICIT_FGM,DEFICIT_FGA,DEFICIT_FG3M,DEFICIT_FG3A,DEFICIT_FTM,DEFICIT_FTA,DEFICIT_OREB,DEFICIT_DREB,DEFICIT_REB,DEFICIT_AST,DEFICIT_STL,DEFICIT_BLK,DEFICIT_TO,DEFICIT_PF,DEFICIT_FG2M,DEFICIT_FG2A
0,Pelicans,7,13,0.538,24,28,0.857,8,35,43,30,10,18,17,26,105,30,62,0.4838709677419355,1,0.5522388059701493,0.4838709677419355,0.7,0.38235294117647056,0.5333333333333333,0.4375,0.36363636363636365,0.5645161290322581,0.5119047619047619,0.6976744186046512,0.5555555555555556,0.8181818181818182,0.5666666666666667,0.5416666666666666,0.5263157894736842,0.512396694214876
1,Bobcats,3,21,0.143,21,36,0.583,14,27,41,13,8,4,13,22,84,27,59,0.4576271186440678,0,0.44776119402985076,0.5161290322580645,0.3,0.6176470588235294,0.4666666666666667,0.5625,0.6363636363636364,0.43548387096774194,0.4880952380952381,0.3023255813953488,0.4444444444444444,0.18181818181818182,0.43333333333333335,0.4583333333333333,0.47368421052631576,0.48760330578512395
