,TEAM_NAME,FG3M,FG3A,FG3_PCT,FTM,FTA,FT_PCT,OREB,DREB,REB,AST,STL,BLK,TO,PF,PTS,FG2M,FG2A,FG2_PCT,OUTCOME,DEFICIT_FGM,DEFICIT_FGA,DEFICIT_FG3M,DEFICIT_FG3A,DEFICIT_FTM,DEFICIT_FTA,DEFICIT_OREB,DEFICIT_DREB,DEFICIT_REB,DEFICIT_AST,DEFICIT_STL,DEFICIT_BLK,DEFICIT_TO,DEFICIT_PF,DEFICIT_FG2M,DEFICIT_FG2A
0,76ers,11,22,0.5,12,18,0.667,10,29,39,24,8,6,15,18,107,31,64,0.484375,1,0.5,0.48044692737430167,0.7857142857142857,0.6111111111111112,0.41379310344827586,0.4864864864864865,0.37037037037037035,0.4603174603174603,0.43333333333333335,0.46153846153846156,0.5,0.5454545454545454,0.45454545454545453,0.5625,0.44285714285714284,0.44755244755244755
1,Bulls,3,14,0.214,17,19,0.895,17,34,51,28,8,5,18,14,104,39,79,0.4936708860759494,0,0.5,0.5195530726256983,0.21428571428571427,0.3888888888888889,0.5862068965517241,0.5135135135135135,0.6296296296296297,0.5396825396825397,0.5666666666666667,0.5384615384615384,0.5,0.45454545454545453,0.5454545454545454,0.4375,0.5571428571428572,0.5524475524475524
