,TEAM_NAME,FG3M,FG3A,FG3_PCT,FTM,FTA,FT_PCT,OREB,DREB,REB,AST,STL,BLK,TO,PF,PTS,FG2M,FG2A,FG2_PCT,OUTCOME,DEFICIT_FGM,DEFICIT_FGA,DEFICIT_FG3M,DEFICIT_FG3A,DEFICIT_FTM,DEFICIT_FTA,DEFICIT_OREB,DEFICIT_DREB,DEFICIT_REB,DEFICIT_AST,DEFICIT_STL,DEFICIT_BLK,DEFICIT_TO,DEFICIT_PF,DEFICIT_FG2M,DEFICIT_FG2A
0,Raptors,7,23,0.304,28,38,0.737,18,42,60,19,6,0,17,22,97,24,55,0.436363636364,1,0.455882352941,0.481481481481,0.538461538462,0.575,0.736842105263,0.678571428571,0.75,0.567567567568,0.612244897959,0.431818181818,0.461538461538,0.0,0.566666666667,0.458333333333,0.436363636364,0.450819672131
1,Bucks,6,17,0.353,10,18,0.556,6,32,38,25,7,5,13,26,90,31,67,0.462686567164,0,0.544117647059,0.518518518519,0.461538461538,0.425,0.263157894737,0.321428571429,0.25,0.432432432432,0.387755102041,0.568181818182,0.538461538462,1.0,0.433333333333,0.541666666667,0.563636363636,0.549180327869
