,TEAM_NAME,FG3M,FG3A,FG3_PCT,FTM,FTA,FT_PCT,OREB,DREB,REB,AST,STL,BLK,TO,PF,PTS,FG2M,FG2A,FG2_PCT,OUTCOME,DEFICIT_FGM,DEFICIT_FGA,DEFICIT_FG3M,DEFICIT_FG3A,DEFICIT_FTM,DEFICIT_FTA,DEFICIT_OREB,DEFICIT_DREB,DEFICIT_REB,DEFICIT_AST,DEFICIT_STL,DEFICIT_BLK,DEFICIT_TO,DEFICIT_PF,DEFICIT_FG2M,DEFICIT_FG2A
0,Spurs,6,12,0.5,5,8,0.625,12,23,35,24,6,2,12,25,105,41,82,0.5,0,0.510869565217,0.537142857143,0.428571428571,0.375,0.227272727273,0.296296296296,0.631578947368,0.418181818182,0.472972972973,0.452830188679,0.666666666667,0.222222222222,0.428571428571,0.625,0.525641025641,0.573426573427
1,Trail Blazers,8,20,0.4,17,19,0.895,7,32,39,29,3,7,16,15,115,37,61,0.606557377049,1,0.489130434783,0.462857142857,0.571428571429,0.625,0.772727272727,0.703703703704,0.368421052632,0.581818181818,0.527027027027,0.547169811321,0.333333333333,0.777777777778,0.571428571429,0.375,0.474358974359,0.426573426573
