,TEAM_NAME,FG3M,FG3A,FG3_PCT,FTM,FTA,FT_PCT,OREB,DREB,REB,AST,STL,BLK,TO,PF,PTS,FG2M,FG2A,FG2_PCT,OUTCOME,DEFICIT_FGM,DEFICIT_FGA,DEFICIT_FG3M,DEFICIT_FG3A,DEFICIT_FTM,DEFICIT_FTA,DEFICIT_OREB,DEFICIT_DREB,DEFICIT_REB,DEFICIT_AST,DEFICIT_STL,DEFICIT_BLK,DEFICIT_TO,DEFICIT_PF,DEFICIT_FG2M,DEFICIT_FG2A
0,Cavaliers,13,31,0.419,14,21,0.667,11,31,42,23,10,2,18,24,101,24,53,0.452830188679,0,0.480519480519,0.515337423313,0.565217391304,0.516666666667,0.424242424242,0.446808510638,0.611111111111,0.455882352941,0.488372093023,0.5,0.434782608696,0.285714285714,0.545454545455,0.558139534884,0.444444444444,0.514563106796
1,Hawks,10,29,0.345,19,26,0.731,7,37,44,23,13,5,15,19,109,30,50,0.6,1,0.519480519481,0.484662576687,0.434782608696,0.483333333333,0.575757575758,0.553191489362,0.388888888889,0.544117647059,0.511627906977,0.5,0.565217391304,0.714285714286,0.454545454545,0.441860465116,0.555555555556,0.485436893204
