,TEAM_NAME,FG3M,FG3A,FG3_PCT,FTM,FTA,FT_PCT,OREB,DREB,REB,AST,STL,BLK,TO,PF,PTS,FG2M,FG2A,FG2_PCT,OUTCOME,DEFICIT_FGM,DEFICIT_FGA,DEFICIT_FG3M,DEFICIT_FG3A,DEFICIT_FTM,DEFICIT_FTA,DEFICIT_OREB,DEFICIT_DREB,DEFICIT_REB,DEFICIT_AST,DEFICIT_STL,DEFICIT_BLK,DEFICIT_TO,DEFICIT_PF,DEFICIT_FG2M,DEFICIT_FG2A
0,Spurs,5,22,0.227,12,17,0.706,10,27,37,17,9,4,16,18,87,30,56,0.535714285714,0,0.5,0.52,0.416666666667,0.594594594595,0.4,0.435897435897,0.588235294118,0.457627118644,0.486842105263,0.404761904762,0.473684210526,0.444444444444,0.444444444444,0.5,0.51724137931,0.495575221239
1,Grizzlies,7,15,0.467,18,22,0.818,7,32,39,25,10,5,20,18,95,28,57,0.491228070175,1,0.5,0.48,0.583333333333,0.405405405405,0.6,0.564102564103,0.411764705882,0.542372881356,0.513157894737,0.595238095238,0.526315789474,0.555555555556,0.555555555556,0.5,0.48275862069,0.504424778761
