,TEAM_NAME,FG3M,FG3A,FG3_PCT,FTM,FTA,FT_PCT,OREB,DREB,REB,AST,STL,BLK,TO,PF,PTS,FG2M,FG2A,FG2_PCT,OUTCOME,DEFICIT_FGM,DEFICIT_FGA,DEFICIT_FG3M,DEFICIT_FG3A,DEFICIT_FTM,DEFICIT_FTA,DEFICIT_OREB,DEFICIT_DREB,DEFICIT_REB,DEFICIT_AST,DEFICIT_STL,DEFICIT_BLK,DEFICIT_TO,DEFICIT_PF,DEFICIT_FG2M,DEFICIT_FG2A
0,Jazz,7,19,0.368,17,22,0.773,11,32,43,16,5,3,13,19,100,31,60,0.5166666666666667,1,0.5,0.4906832298136646,0.4666666666666667,0.5277777777777778,0.6296296296296297,0.6111111111111112,0.5789473684210527,0.5517241379310345,0.5584415584415584,0.38095238095238093,0.4166666666666667,0.42857142857142855,0.5652173913043478,0.4523809523809524,0.5081967213114754,0.48
1,Timberwolves,8,17,0.471,10,14,0.714,8,26,34,26,7,4,10,23,94,30,65,0.46153846153846156,0,0.5,0.5093167701863354,0.5333333333333333,0.4722222222222222,0.37037037037037035,0.3888888888888889,0.42105263157894735,0.4482758620689655,0.44155844155844154,0.6190476190476191,0.5833333333333334,0.5714285714285714,0.43478260869565216,0.5476190476190477,0.4918032786885246,0.52
