,TEAM_NAME,FG3M,FG3A,FG3_PCT,FTM,FTA,FT_PCT,OREB,DREB,REB,AST,STL,BLK,TO,PF,PTS,FG2M,FG2A,FG2_PCT,OUTCOME,DEFICIT_FGM,DEFICIT_FGA,DEFICIT_FG3M,DEFICIT_FG3A,DEFICIT_FTM,DEFICIT_FTA,DEFICIT_OREB,DEFICIT_DREB,DEFICIT_REB,DEFICIT_AST,DEFICIT_STL,DEFICIT_BLK,DEFICIT_TO,DEFICIT_PF,DEFICIT_FG2M,DEFICIT_FG2A
0,Jazz,7,19,0.368,17,22,0.773,11,32,43,16,5,3,13,19,100,31,60,0.516666666667,1,0.5,0.490683229814,0.466666666667,0.527777777778,0.62962962963,0.611111111111,0.578947368421,0.551724137931,0.558441558442,0.380952380952,0.416666666667,0.428571428571,0.565217391304,0.452380952381,0.508196721311,0.48
1,Timberwolves,8,17,0.471,10,14,0.714,8,26,34,26,7,4,10,23,94,30,65,0.461538461538,0,0.5,0.509316770186,0.533333333333,0.472222222222,0.37037037037,0.388888888889,0.421052631579,0.448275862069,0.441558441558,0.619047619048,0.583333333333,0.571428571429,0.434782608696,0.547619047619,0.491803278689,0.52
