,TEAM_NAME,FG3M,FG3A,FG3_PCT,FTM,FTA,FT_PCT,OREB,DREB,REB,AST,STL,BLK,TO,PF,PTS,FG2M,FG2A,FG2_PCT,OUTCOME,DEFICIT_FGM,DEFICIT_FGA,DEFICIT_FG3M,DEFICIT_FG3A,DEFICIT_FTM,DEFICIT_FTA,DEFICIT_OREB,DEFICIT_DREB,DEFICIT_REB,DEFICIT_AST,DEFICIT_STL,DEFICIT_BLK,DEFICIT_TO,DEFICIT_PF,DEFICIT_FG2M,DEFICIT_FG2A
0,Bulls,8,25,0.32,8,15,0.533,13,35,48,22,5,11,12,18,82,25,61,0.4098360655737705,0,0.4782608695652174,0.5088757396449705,0.5714285714285714,0.6410256410256411,0.3076923076923077,0.4166666666666667,0.5652173913043478,0.49295774647887325,0.5106382978723404,0.5116279069767442,0.35714285714285715,0.6875,0.5454545454545454,0.5142857142857142,0.45454545454545453,0.46923076923076923
1,Nets,6,14,0.429,18,21,0.857,10,36,46,21,9,5,10,17,96,30,69,0.43478260869565216,1,0.5217391304347826,0.4911242603550296,0.42857142857142855,0.358974358974359,0.6923076923076923,0.5833333333333334,0.43478260869565216,0.5070422535211268,0.48936170212765956,0.4883720930232558,0.6428571428571429,0.3125,0.45454545454545453,0.4857142857142857,0.5454545454545454,0.5307692307692308
