,TEAM_NAME,FG3M,FG3A,FG3_PCT,FTM,FTA,FT_PCT,OREB,DREB,REB,AST,STL,BLK,TO,PF,PTS,FG2M,FG2A,FG2_PCT,OUTCOME,DEFICIT_FGM,DEFICIT_FGA,DEFICIT_FG3M,DEFICIT_FG3A,DEFICIT_FTM,DEFICIT_FTA,DEFICIT_OREB,DEFICIT_DREB,DEFICIT_REB,DEFICIT_AST,DEFICIT_STL,DEFICIT_BLK,DEFICIT_TO,DEFICIT_PF,DEFICIT_FG2M,DEFICIT_FG2A
0,Magic,4,20,0.2,6,10,0.6,7,35,42,19,7,3,15,21,86,34,65,0.5230769230769231,0,0.48717948717948717,0.49707602339181284,0.2222222222222222,0.37735849056603776,0.2857142857142857,0.2564102564102564,0.30434782608695654,0.4794520547945205,0.4375,0.4634146341463415,0.4375,0.25,0.5769230769230769,0.6,0.5666666666666667,0.5508474576271186
1,Pistons,14,33,0.424,15,29,0.517,16,38,54,22,9,9,11,14,109,26,53,0.49056603773584906,1,0.5128205128205128,0.5029239766081871,0.7777777777777778,0.6226415094339622,0.7142857142857143,0.7435897435897436,0.6956521739130435,0.5205479452054794,0.5625,0.5365853658536586,0.5625,0.75,0.4230769230769231,0.4,0.43333333333333335,0.4491525423728814
