,TEAM_NAME,FG3M,FG3A,FG3_PCT,FTM,FTA,FT_PCT,OREB,DREB,REB,AST,STL,BLK,TO,PF,PTS,FG2M,FG2A,FG2_PCT,OUTCOME,DEFICIT_FGM,DEFICIT_FGA,DEFICIT_FG3M,DEFICIT_FG3A,DEFICIT_FTM,DEFICIT_FTA,DEFICIT_OREB,DEFICIT_DREB,DEFICIT_REB,DEFICIT_AST,DEFICIT_STL,DEFICIT_BLK,DEFICIT_TO,DEFICIT_PF,DEFICIT_FG2M,DEFICIT_FG2A
0,Magic,5,15,0.333,17,24,0.708,9,31,40,14,9,5,10,16,86,27,64,0.421875,0,0.438356164384,0.473053892216,0.3125,0.394736842105,0.68,0.685714285714,0.375,0.455882352941,0.434782608696,0.35,0.642857142857,0.714285714286,0.454545454545,0.484848484848,0.473684210526,0.496124031008
1,Pacers,11,23,0.478,8,11,0.727,15,37,52,26,5,2,12,17,101,30,65,0.461538461538,1,0.561643835616,0.526946107784,0.6875,0.605263157895,0.32,0.314285714286,0.625,0.544117647059,0.565217391304,0.65,0.357142857143,0.285714285714,0.545454545455,0.515151515152,0.526315789474,0.503875968992
