,TEAM_NAME,FG3M,FG3A,FG3_PCT,FTM,FTA,FT_PCT,OREB,DREB,REB,AST,STL,BLK,TO,PF,PTS,FG2M,FG2A,FG2_PCT,OUTCOME,DEFICIT_FGM,DEFICIT_FGA,DEFICIT_FG3M,DEFICIT_FG3A,DEFICIT_FTM,DEFICIT_FTA,DEFICIT_OREB,DEFICIT_DREB,DEFICIT_REB,DEFICIT_AST,DEFICIT_STL,DEFICIT_BLK,DEFICIT_TO,DEFICIT_PF,DEFICIT_FG2M,DEFICIT_FG2A
0,Bulls,8,22,0.364,10,15,0.667,6,38,44,21,7,4,11,22,86,26,64,0.40625,0,0.5,0.502923976608,0.615384615385,0.511627906977,0.357142857143,0.365853658537,0.333333333333,0.481012658228,0.453608247423,0.477272727273,0.466666666667,0.363636363636,0.55,0.611111111111,0.472727272727,0.5
1,Bobcats,5,21,0.238,18,26,0.692,12,41,53,23,8,7,9,14,91,29,64,0.453125,1,0.5,0.497076023392,0.384615384615,0.488372093023,0.642857142857,0.634146341463,0.666666666667,0.518987341772,0.546391752577,0.522727272727,0.533333333333,0.636363636364,0.45,0.388888888889,0.527272727273,0.5
