,TEAM_NAME,FG3M,FG3A,FG3_PCT,FTM,FTA,FT_PCT,OREB,DREB,REB,AST,STL,BLK,TO,PF,PTS,FG2M,FG2A,FG2_PCT,OUTCOME,DEFICIT_FGM,DEFICIT_FGA,DEFICIT_FG3M,DEFICIT_FG3A,DEFICIT_FTM,DEFICIT_FTA,DEFICIT_OREB,DEFICIT_DREB,DEFICIT_REB,DEFICIT_AST,DEFICIT_STL,DEFICIT_BLK,DEFICIT_TO,DEFICIT_PF,DEFICIT_FG2M,DEFICIT_FG2A
0,Raptors,9,29,0.31,11,18,0.611,12,36,48,20,9,2,24,20,92,27,51,0.529411764706,0,0.493150684932,0.496894409938,0.529411764706,0.630434782609,0.458333333333,0.486486486486,0.521739130435,0.590163934426,0.571428571429,0.606060606061,0.428571428571,0.25,0.6,0.46511627907,0.482142857143,0.44347826087
1,Knicks,8,17,0.471,13,19,0.684,11,25,36,13,12,6,16,23,95,29,64,0.453125,1,0.506849315068,0.503105590062,0.470588235294,0.369565217391,0.541666666667,0.513513513514,0.478260869565,0.409836065574,0.428571428571,0.393939393939,0.571428571429,0.75,0.4,0.53488372093,0.517857142857,0.55652173913
