,TEAM_NAME,FG3M,FG3A,FG3_PCT,FTM,FTA,FT_PCT,OREB,DREB,REB,AST,STL,BLK,TO,PF,PTS,FG2M,FG2A,FG2_PCT,OUTCOME,DEFICIT_FGM,DEFICIT_FGA,DEFICIT_FG3M,DEFICIT_FG3A,DEFICIT_FTM,DEFICIT_FTA,DEFICIT_OREB,DEFICIT_DREB,DEFICIT_REB,DEFICIT_AST,DEFICIT_STL,DEFICIT_BLK,DEFICIT_TO,DEFICIT_PF,DEFICIT_FG2M,DEFICIT_FG2A
0,Jazz,6,24,0.25,24,29,0.828,22,38,60,30,10,9,18,34,136,47,84,0.559523809524,1,0.569892473118,0.526829268293,0.428571428571,0.489795918367,0.363636363636,0.349397590361,0.628571428571,0.542857142857,0.571428571429,0.555555555556,0.454545454545,0.642857142857,0.545454545455,0.586206896552,0.594936708861,0.538461538462
1,Timberwolves,8,25,0.32,42,54,0.778,13,32,45,24,12,5,15,24,130,32,72,0.444444444444,0,0.430107526882,0.473170731707,0.571428571429,0.510204081633,0.636363636364,0.650602409639,0.371428571429,0.457142857143,0.428571428571,0.444444444444,0.545454545455,0.357142857143,0.454545454545,0.413793103448,0.405063291139,0.461538461538
