,TEAM_NAME,FG3M,FG3A,FG3_PCT,FTM,FTA,FT_PCT,OREB,DREB,REB,AST,STL,BLK,TO,PF,PTS,FG2M,FG2A,FG2_PCT,OUTCOME,DEFICIT_FGM,DEFICIT_FGA,DEFICIT_FG3M,DEFICIT_FG3A,DEFICIT_FTM,DEFICIT_FTA,DEFICIT_OREB,DEFICIT_DREB,DEFICIT_REB,DEFICIT_AST,DEFICIT_STL,DEFICIT_BLK,DEFICIT_TO,DEFICIT_PF,DEFICIT_FG2M,DEFICIT_FG2A
0,Pelicans,6,12,0.5,13,20,0.65,11,31,42,24,10,10,8,18,105,37,70,0.528571428571,1,0.551282051282,0.503067484663,0.3,0.285714285714,0.448275862069,0.454545454545,0.458333333333,0.525423728814,0.506024096386,0.510638297872,0.769230769231,0.714285714286,0.363636363636,0.529411764706,0.637931034483,0.578512396694
1,Rockets,14,30,0.467,16,24,0.667,13,28,41,23,3,4,14,16,100,21,51,0.411764705882,0,0.448717948718,0.496932515337,0.7,0.714285714286,0.551724137931,0.545454545455,0.541666666667,0.474576271186,0.493975903614,0.489361702128,0.230769230769,0.285714285714,0.636363636364,0.470588235294,0.362068965517,0.421487603306
