,TEAM_NAME,FG3M,FG3A,FG3_PCT,FTM,FTA,FT_PCT,OREB,DREB,REB,AST,STL,BLK,TO,PF,PTS,FG2M,FG2A,FG2_PCT,OUTCOME,DEFICIT_FGM,DEFICIT_FGA,DEFICIT_FG3M,DEFICIT_FG3A,DEFICIT_FTM,DEFICIT_FTA,DEFICIT_OREB,DEFICIT_DREB,DEFICIT_REB,DEFICIT_AST,DEFICIT_STL,DEFICIT_BLK,DEFICIT_TO,DEFICIT_PF,DEFICIT_FG2M,DEFICIT_FG2A
0,Thunder,5,23,0.217,31,41,0.756,24,25,49,23,10,7,15,22,112,33,63,0.52380952381,1,0.475,0.508875739645,0.384615384615,0.547619047619,0.62,0.569444444444,0.615384615385,0.490196078431,0.544444444444,0.53488372093,0.625,0.7,0.46875,0.44,0.492537313433,0.496062992126
1,Pistons,8,19,0.421,19,31,0.613,15,26,41,20,6,3,17,28,111,34,64,0.53125,0,0.525,0.491124260355,0.615384615385,0.452380952381,0.38,0.430555555556,0.384615384615,0.509803921569,0.455555555556,0.46511627907,0.375,0.3,0.53125,0.56,0.507462686567,0.503937007874
