,TEAM_NAME,FG3M,FG3A,FG3_PCT,FTM,FTA,FT_PCT,OREB,DREB,REB,AST,STL,BLK,TO,PF,PTS,FG2M,FG2A,FG2_PCT,OUTCOME,DEFICIT_FGM,DEFICIT_FGA,DEFICIT_FG3M,DEFICIT_FG3A,DEFICIT_FTM,DEFICIT_FTA,DEFICIT_OREB,DEFICIT_DREB,DEFICIT_REB,DEFICIT_AST,DEFICIT_STL,DEFICIT_BLK,DEFICIT_TO,DEFICIT_PF,DEFICIT_FG2M,DEFICIT_FG2A
0,Suns,9,27,0.333,22,28,0.786,14,36,50,23,6,2,12,24,99,25,55,0.454545454545,1,0.5,0.488095238095,0.642857142857,0.627906976744,0.564102564103,0.538461538462,0.5,0.553846153846,0.537634408602,0.5,0.5,0.4,0.461538461538,0.510638297872,0.462962962963,0.44
1,Cavaliers,5,16,0.313,17,24,0.708,14,29,43,23,6,3,14,23,90,29,70,0.414285714286,0,0.5,0.511904761905,0.357142857143,0.372093023256,0.435897435897,0.461538461538,0.5,0.446153846154,0.462365591398,0.5,0.5,0.6,0.538461538462,0.489361702128,0.537037037037,0.56
