,TEAM_NAME,FG3M,FG3A,FG3_PCT,FTM,FTA,FT_PCT,OREB,DREB,REB,AST,STL,BLK,TO,PF,PTS,FG2M,FG2A,FG2_PCT,OUTCOME,DEFICIT_FGM,DEFICIT_FGA,DEFICIT_FG3M,DEFICIT_FG3A,DEFICIT_FTM,DEFICIT_FTA,DEFICIT_OREB,DEFICIT_DREB,DEFICIT_REB,DEFICIT_AST,DEFICIT_STL,DEFICIT_BLK,DEFICIT_TO,DEFICIT_PF,DEFICIT_FG2M,DEFICIT_FG2A
0,Magic,3,15,0.2,17,19,0.895,4,28,32,15,7,2,16,24,92,33,62,0.532258064516,0,0.493150684932,0.487341772152,0.375,0.555555555556,0.447368421053,0.413043478261,0.2,0.466666666667,0.4,0.416666666667,0.411764705882,0.166666666667,0.533333333333,0.48,0.507692307692,0.473282442748
1,Pelicans,5,12,0.417,21,27,0.778,16,32,48,21,10,10,14,26,100,32,69,0.463768115942,1,0.506849315068,0.512658227848,0.625,0.444444444444,0.552631578947,0.586956521739,0.8,0.533333333333,0.6,0.583333333333,0.588235294118,0.833333333333,0.466666666667,0.52,0.492307692308,0.526717557252
