,TEAM_NAME,FG3M,FG3A,FG3_PCT,FTM,FTA,FT_PCT,OREB,DREB,REB,AST,STL,BLK,TO,PF,PTS,FG2M,FG2A,FG2_PCT,OUTCOME,DEFICIT_FGM,DEFICIT_FGA,DEFICIT_FG3M,DEFICIT_FG3A,DEFICIT_FTM,DEFICIT_FTA,DEFICIT_OREB,DEFICIT_DREB,DEFICIT_REB,DEFICIT_AST,DEFICIT_STL,DEFICIT_BLK,DEFICIT_TO,DEFICIT_PF,DEFICIT_FG2M,DEFICIT_FG2A
0,Jazz,7,22,0.318,16,21,0.762,8,32,40,19,6,3,11,21,93,28,63,0.444444444444,0,0.5,0.527950310559,0.411764705882,0.458333333333,0.410256410256,0.403846153846,0.533333333333,0.470588235294,0.481927710843,0.404255319149,0.461538461538,0.333333333333,0.44,0.583333333333,0.528301886792,0.557522123894
1,Nuggets,10,26,0.385,23,31,0.742,7,36,43,28,7,6,14,15,103,25,50,0.5,1,0.5,0.472049689441,0.588235294118,0.541666666667,0.589743589744,0.596153846154,0.466666666667,0.529411764706,0.518072289157,0.595744680851,0.538461538462,0.666666666667,0.56,0.416666666667,0.471698113208,0.442477876106
