,TEAM_NAME,FG3M,FG3A,FG3_PCT,FTM,FTA,FT_PCT,OREB,DREB,REB,AST,STL,BLK,TO,PF,PTS,FG2M,FG2A,FG2_PCT,OUTCOME,DEFICIT_FGM,DEFICIT_FGA,DEFICIT_FG3M,DEFICIT_FG3A,DEFICIT_FTM,DEFICIT_FTA,DEFICIT_OREB,DEFICIT_DREB,DEFICIT_REB,DEFICIT_AST,DEFICIT_STL,DEFICIT_BLK,DEFICIT_TO,DEFICIT_PF,DEFICIT_FG2M,DEFICIT_FG2A
0,Nets,7,22,0.318,20,25,0.8,12,40,52,24,8,2,15,17,91,25,61,0.409836065574,1,0.5,0.479768786127,0.538461538462,0.423076923077,0.606060606061,0.595238095238,0.461538461538,0.519480519481,0.504854368932,0.521739130435,0.421052631579,0.285714285714,0.5,0.447368421053,0.490196078431,0.504132231405
1,Hawks,6,30,0.2,13,17,0.765,14,37,51,22,11,5,15,21,83,26,60,0.433333333333,0,0.5,0.520231213873,0.461538461538,0.576923076923,0.393939393939,0.404761904762,0.538461538462,0.480519480519,0.495145631068,0.478260869565,0.578947368421,0.714285714286,0.5,0.552631578947,0.509803921569,0.495867768595
