,TEAM_NAME,FG3M,FG3A,FG3_PCT,FTM,FTA,FT_PCT,OREB,DREB,REB,AST,STL,BLK,TO,PF,PTS,FG2M,FG2A,FG2_PCT,OUTCOME,DEFICIT_FGM,DEFICIT_FGA,DEFICIT_FG3M,DEFICIT_FG3A,DEFICIT_FTM,DEFICIT_FTA,DEFICIT_OREB,DEFICIT_DREB,DEFICIT_REB,DEFICIT_AST,DEFICIT_STL,DEFICIT_BLK,DEFICIT_TO,DEFICIT_PF,DEFICIT_FG2M,DEFICIT_FG2A
0,Clippers,15,32,0.469,8,10,0.8,8,35,43,28,2,2,8,24,113,30,56,0.5357142857142857,1,0.5921052631578947,0.5398773006134969,0.8823529411764706,0.6153846153846154,0.2222222222222222,0.2222222222222222,0.6153846153846154,0.5555555555555556,0.5657894736842105,0.5714285714285714,0.25,0.3333333333333333,0.6153846153846154,0.5853658536585366,0.5084745762711864,0.5045045045045045
1,Hornets,2,20,0.1,28,35,0.8,5,28,33,21,6,4,5,17,92,29,55,0.5272727272727272,0,0.40789473684210525,0.4601226993865031,0.11764705882352941,0.38461538461538464,0.7777777777777778,0.7777777777777778,0.38461538461538464,0.4444444444444444,0.4342105263157895,0.42857142857142855,0.75,0.6666666666666666,0.38461538461538464,0.4146341463414634,0.4915254237288136,0.4954954954954955
