,TEAM_NAME,FG3M,FG3A,FG3_PCT,FTM,FTA,FT_PCT,OREB,DREB,REB,AST,STL,BLK,TO,PF,PTS,FG2M,FG2A,FG2_PCT,OUTCOME,DEFICIT_FGM,DEFICIT_FGA,DEFICIT_FG3M,DEFICIT_FG3A,DEFICIT_FTM,DEFICIT_FTA,DEFICIT_OREB,DEFICIT_DREB,DEFICIT_REB,DEFICIT_AST,DEFICIT_STL,DEFICIT_BLK,DEFICIT_TO,DEFICIT_PF,DEFICIT_FG2M,DEFICIT_FG2A
0,Pacers,13,26,0.5,24,36,0.667,8,36,44,20,6,4,12,21,111,24,51,0.47058823529411764,1,0.4805194805194805,0.49044585987261147,0.6190476190476191,0.52,0.6666666666666666,0.631578947368421,0.5714285714285714,0.5373134328358209,0.5432098765432098,0.4878048780487805,0.5,0.4,0.5,0.42857142857142855,0.42857142857142855,0.4766355140186916
1,Mavericks,8,24,0.333,12,21,0.571,6,31,37,21,6,6,12,28,100,32,56,0.5714285714285714,0,0.5194805194805194,0.5095541401273885,0.38095238095238093,0.48,0.3333333333333333,0.3684210526315789,0.42857142857142855,0.4626865671641791,0.4567901234567901,0.5121951219512195,0.5,0.6,0.5,0.5714285714285714,0.5714285714285714,0.5233644859813084
