,TEAM_NAME,FG3M,FG3A,FG3_PCT,FTM,FTA,FT_PCT,OREB,DREB,REB,AST,STL,BLK,TO,PF,PTS,FG2M,FG2A,FG2_PCT,OUTCOME,DEFICIT_FGM,DEFICIT_FGA,DEFICIT_FG3M,DEFICIT_FG3A,DEFICIT_FTM,DEFICIT_FTA,DEFICIT_OREB,DEFICIT_DREB,DEFICIT_REB,DEFICIT_AST,DEFICIT_STL,DEFICIT_BLK,DEFICIT_TO,DEFICIT_PF,DEFICIT_FG2M,DEFICIT_FG2A
0,Knicks,6,22,0.273,10,15,0.667,9,31,40,25,8,5,17,20,86,29,54,0.537037037037,0,0.522388059701,0.5,0.3,0.379310344828,0.434782608696,0.441176470588,0.473684210526,0.525423728814,0.512820512821,0.568181818182,0.380952380952,0.555555555556,0.515151515152,0.512820512821,0.617021276596,0.574468085106
1,Rockets,14,36,0.389,13,19,0.684,10,28,38,19,13,4,16,19,91,18,40,0.45,1,0.477611940299,0.5,0.7,0.620689655172,0.565217391304,0.558823529412,0.526315789474,0.474576271186,0.487179487179,0.431818181818,0.619047619048,0.444444444444,0.484848484848,0.487179487179,0.382978723404,0.425531914894
