,TEAM_NAME,FG3M,FG3A,FG3_PCT,FTM,FTA,FT_PCT,OREB,DREB,REB,AST,STL,BLK,TO,PF,PTS,FG2M,FG2A,FG2_PCT,OUTCOME,DEFICIT_FGM,DEFICIT_FGA,DEFICIT_FG3M,DEFICIT_FG3A,DEFICIT_FTM,DEFICIT_FTA,DEFICIT_OREB,DEFICIT_DREB,DEFICIT_REB,DEFICIT_AST,DEFICIT_STL,DEFICIT_BLK,DEFICIT_TO,DEFICIT_PF,DEFICIT_FG2M,DEFICIT_FG2A
0,Magic,5,17,0.294,11,15,0.733,13,27,40,14,5,3,17,17,74,24,63,0.38095238095238093,0,0.4084507042253521,0.4968944099378882,0.45454545454545453,0.5151515151515151,0.4074074074074074,0.40540540540540543,0.52,0.4576271186440678,0.47619047619047616,0.3181818181818182,0.2631578947368421,0.25,0.5862068965517241,0.425,0.4,0.4921875
1,Cavaliers,6,16,0.375,16,22,0.727,12,32,44,30,14,9,12,23,106,36,65,0.5538461538461539,1,0.5915492957746479,0.5031055900621118,0.5454545454545454,0.48484848484848486,0.5925925925925926,0.5945945945945946,0.48,0.5423728813559322,0.5238095238095238,0.6818181818181818,0.7368421052631579,0.75,0.41379310344827586,0.575,0.6,0.5078125
