,TEAM_NAME,FG3M,FG3A,FG3_PCT,FTM,FTA,FT_PCT,OREB,DREB,REB,AST,STL,BLK,TO,PF,PTS,FG2M,FG2A,FG2_PCT,OUTCOME,DEFICIT_FGM,DEFICIT_FGA,DEFICIT_FG3M,DEFICIT_FG3A,DEFICIT_FTM,DEFICIT_FTA,DEFICIT_OREB,DEFICIT_DREB,DEFICIT_REB,DEFICIT_AST,DEFICIT_STL,DEFICIT_BLK,DEFICIT_TO,DEFICIT_PF,DEFICIT_FG2M,DEFICIT_FG2A
0,Heat,7,20,0.35,16,22,0.727,8,31,39,15,7,5,14,21,99,31,58,0.534482758621,1,0.527777777778,0.481481481481,0.583333333333,0.526315789474,0.444444444444,0.423076923077,0.307692307692,0.508196721311,0.448275862069,0.5,0.4375,0.555555555556,0.48275862069,0.552631578947,0.516666666667,0.467741935484
1,Pistons,5,18,0.278,20,30,0.667,18,30,48,15,9,4,15,17,93,29,66,0.439393939394,0,0.472222222222,0.518518518519,0.416666666667,0.473684210526,0.555555555556,0.576923076923,0.692307692308,0.491803278689,0.551724137931,0.5,0.5625,0.444444444444,0.51724137931,0.447368421053,0.483333333333,0.532258064516
