,TEAM_NAME,FG3M,FG3A,FG3_PCT,FTM,FTA,FT_PCT,OREB,DREB,REB,AST,STL,BLK,TO,PF,PTS,FG2M,FG2A,FG2_PCT,OUTCOME,DEFICIT_FGM,DEFICIT_FGA,DEFICIT_FG3M,DEFICIT_FG3A,DEFICIT_FTM,DEFICIT_FTA,DEFICIT_OREB,DEFICIT_DREB,DEFICIT_REB,DEFICIT_AST,DEFICIT_STL,DEFICIT_BLK,DEFICIT_TO,DEFICIT_PF,DEFICIT_FG2M,DEFICIT_FG2A
0,Pelicans,6,18,0.333,15,27,0.556,16,26,42,20,15,2,14,25,81,24,65,0.369230769231,0,0.461538461538,0.557046979866,0.5,0.391304347826,0.46875,0.482142857143,0.695652173913,0.40625,0.48275862069,0.5,0.6,0.25,0.388888888889,0.510204081633,0.452830188679,0.631067961165
1,Nets,6,28,0.214,17,29,0.586,7,38,45,20,10,6,22,24,93,29,38,0.763157894737,1,0.538461538462,0.442953020134,0.5,0.608695652174,0.53125,0.517857142857,0.304347826087,0.59375,0.51724137931,0.5,0.4,0.75,0.611111111111,0.489795918367,0.547169811321,0.368932038835
