,TEAM_NAME,FG3M,FG3A,FG3_PCT,FTM,FTA,FT_PCT,OREB,DREB,REB,AST,STL,BLK,TO,PF,PTS,FG2M,FG2A,FG2_PCT,OUTCOME,DEFICIT_FGM,DEFICIT_FGA,DEFICIT_FG3M,DEFICIT_FG3A,DEFICIT_FTM,DEFICIT_FTA,DEFICIT_OREB,DEFICIT_DREB,DEFICIT_REB,DEFICIT_AST,DEFICIT_STL,DEFICIT_BLK,DEFICIT_TO,DEFICIT_PF,DEFICIT_FG2M,DEFICIT_FG2A
0,Mavericks,10,23,0.435,18,20,0.9,10,38,48,21,6,4,9,12,102,27,59,0.457627118644,1,0.528571428571,0.471264367816,0.47619047619,0.46,0.5625,0.571428571429,0.47619047619,0.542857142857,0.527472527473,0.4375,0.545454545455,0.571428571429,0.473684210526,0.387096774194,0.551020408163,0.475806451613
1,Celtics,11,27,0.407,14,15,0.933,11,32,43,27,5,3,10,19,91,22,65,0.338461538462,0,0.471428571429,0.528735632184,0.52380952381,0.54,0.4375,0.428571428571,0.52380952381,0.457142857143,0.472527472527,0.5625,0.454545454545,0.428571428571,0.526315789474,0.612903225806,0.448979591837,0.524193548387
