,TEAM_NAME,FG3M,FG3A,FG3_PCT,FTM,FTA,FT_PCT,OREB,DREB,REB,AST,STL,BLK,TO,PF,PTS,FG2M,FG2A,FG2_PCT,OUTCOME,DEFICIT_FGM,DEFICIT_FGA,DEFICIT_FG3M,DEFICIT_FG3A,DEFICIT_FTM,DEFICIT_FTA,DEFICIT_OREB,DEFICIT_DREB,DEFICIT_REB,DEFICIT_AST,DEFICIT_STL,DEFICIT_BLK,DEFICIT_TO,DEFICIT_PF,DEFICIT_FG2M,DEFICIT_FG2A
0,Warriors,6,20,0.3,13,17,0.765,12,38,50,26,12,4,10,22,93,31,65,0.476923076923,1,0.536231884058,0.521472392638,0.75,0.487804878049,0.393939393939,0.414634146341,0.631578947368,0.542857142857,0.561797752809,0.702702702703,0.705882352941,0.666666666667,0.384615384615,0.611111111111,0.508196721311,0.532786885246
1,Nets,2,21,0.095,20,24,0.833,7,32,39,11,5,2,16,14,86,30,57,0.526315789474,0,0.463768115942,0.478527607362,0.25,0.512195121951,0.606060606061,0.585365853659,0.368421052632,0.457142857143,0.438202247191,0.297297297297,0.294117647059,0.333333333333,0.615384615385,0.388888888889,0.491803278689,0.467213114754
