,TEAM_NAME,FG3M,FG3A,FG3_PCT,FTM,FTA,FT_PCT,OREB,DREB,REB,AST,STL,BLK,TO,PF,PTS,FG2M,FG2A,FG2_PCT,OUTCOME,DEFICIT_FGM,DEFICIT_FGA,DEFICIT_FG3M,DEFICIT_FG3A,DEFICIT_FTM,DEFICIT_FTA,DEFICIT_OREB,DEFICIT_DREB,DEFICIT_REB,DEFICIT_AST,DEFICIT_STL,DEFICIT_BLK,DEFICIT_TO,DEFICIT_PF,DEFICIT_FG2M,DEFICIT_FG2A
0,Nuggets,5,14,0.357,22,27,0.815,17,40,57,19,4,7,12,27,101,32,78,0.41025641025641024,0,0.49333333333333335,0.5027322404371585,0.38461538461538464,0.4827586206896552,0.5,0.5192307692307693,0.5666666666666667,0.547945205479452,0.5533980582524272,0.4634146341463415,0.36363636363636365,0.28,0.631578947368421,0.5869565217391305,0.5161290322580645,0.5064935064935064
1,Bulls,8,15,0.533,22,25,0.88,13,33,46,22,7,18,7,19,106,30,76,0.39473684210526316,1,0.5066666666666667,0.4972677595628415,0.6153846153846154,0.5172413793103449,0.5,0.4807692307692308,0.43333333333333335,0.4520547945205479,0.44660194174757284,0.5365853658536586,0.6363636363636364,0.72,0.3684210526315789,0.41304347826086957,0.4838709677419355,0.4935064935064935
