,TEAM_NAME,FG3M,FG3A,FG3_PCT,FTM,FTA,FT_PCT,OREB,DREB,REB,AST,STL,BLK,TO,PF,PTS,FG2M,FG2A,FG2_PCT,OUTCOME,DEFICIT_FGM,DEFICIT_FGA,DEFICIT_FG3M,DEFICIT_FG3A,DEFICIT_FTM,DEFICIT_FTA,DEFICIT_OREB,DEFICIT_DREB,DEFICIT_REB,DEFICIT_AST,DEFICIT_STL,DEFICIT_BLK,DEFICIT_TO,DEFICIT_PF,DEFICIT_FG2M,DEFICIT_FG2A
0,Suns,8,17,0.471,18,23,0.783,12,29,41,14,16,4,18,18,98,28,61,0.459016393443,0,0.48,0.496815286624,0.421052631579,0.414634146341,0.6,0.605263157895,0.571428571429,0.467741935484,0.493975903614,0.4,0.592592592593,0.444444444444,0.486486486486,0.5,0.5,0.525862068966
1,Mavericks,11,24,0.458,12,15,0.8,9,33,42,21,11,5,19,18,101,28,55,0.509090909091,1,0.52,0.503184713376,0.578947368421,0.585365853659,0.4,0.394736842105,0.428571428571,0.532258064516,0.506024096386,0.6,0.407407407407,0.555555555556,0.513513513514,0.5,0.5,0.474137931034
