,TEAM_NAME,FG3M,FG3A,FG3_PCT,FTM,FTA,FT_PCT,OREB,DREB,REB,AST,STL,BLK,TO,PF,PTS,FG2M,FG2A,FG2_PCT,OUTCOME,DEFICIT_FGM,DEFICIT_FGA,DEFICIT_FG3M,DEFICIT_FG3A,DEFICIT_FTM,DEFICIT_FTA,DEFICIT_OREB,DEFICIT_DREB,DEFICIT_REB,DEFICIT_AST,DEFICIT_STL,DEFICIT_BLK,DEFICIT_TO,DEFICIT_PF,DEFICIT_FG2M,DEFICIT_FG2A
0,Heat,6,25,0.24,9,19,0.474,6,38,44,18,5,5,20,20,85,29,48,0.604166666667,0,0.492957746479,0.483443708609,0.375,0.531914893617,0.36,0.5,0.545454545455,0.535211267606,0.536585365854,0.428571428571,0.277777777778,0.714285714286,0.625,0.47619047619,0.527272727273,0.461538461538
1,Hawks,10,22,0.455,16,19,0.842,5,33,38,24,13,2,12,22,98,26,56,0.464285714286,1,0.507042253521,0.516556291391,0.625,0.468085106383,0.64,0.5,0.454545454545,0.464788732394,0.463414634146,0.571428571429,0.722222222222,0.285714285714,0.375,0.52380952381,0.472727272727,0.538461538462
