,TEAM_NAME,FG3M,FG3A,FG3_PCT,FTM,FTA,FT_PCT,OREB,DREB,REB,AST,STL,BLK,TO,PF,PTS,FG2M,FG2A,FG2_PCT,OUTCOME,DEFICIT_FGM,DEFICIT_FGA,DEFICIT_FG3M,DEFICIT_FG3A,DEFICIT_FTM,DEFICIT_FTA,DEFICIT_OREB,DEFICIT_DREB,DEFICIT_REB,DEFICIT_AST,DEFICIT_STL,DEFICIT_BLK,DEFICIT_TO,DEFICIT_PF,DEFICIT_FG2M,DEFICIT_FG2A
0,Trail Blazers,16,36,0.444,9,12,0.75,7,41,48,25,8,7,11,15,101,22,45,0.4888888888888889,1,0.5507246376811594,0.46551724137931033,0.6956521739130435,0.5714285714285714,0.47368421052631576,0.4444444444444444,0.3181818181818182,0.5466666666666666,0.4948453608247423,0.5681818181818182,0.5714285714285714,0.875,0.5,0.5357142857142857,0.4782608695652174,0.40540540540540543
1,Knicks,7,27,0.259,10,15,0.667,15,34,49,19,6,1,11,13,79,24,66,0.36363636363636365,0,0.4492753623188406,0.5344827586206896,0.30434782608695654,0.42857142857142855,0.5263157894736842,0.5555555555555556,0.6818181818181818,0.4533333333333333,0.5051546391752577,0.4318181818181818,0.42857142857142855,0.125,0.5,0.4642857142857143,0.5217391304347826,0.5945945945945946
