,TEAM_NAME,FG3M,FG3A,FG3_PCT,FTM,FTA,FT_PCT,OREB,DREB,REB,AST,STL,BLK,TO,PF,PTS,FG2M,FG2A,FG2_PCT,OUTCOME,DEFICIT_FGM,DEFICIT_FGA,DEFICIT_FG3M,DEFICIT_FG3A,DEFICIT_FTM,DEFICIT_FTA,DEFICIT_OREB,DEFICIT_DREB,DEFICIT_REB,DEFICIT_AST,DEFICIT_STL,DEFICIT_BLK,DEFICIT_TO,DEFICIT_PF,DEFICIT_FG2M,DEFICIT_FG2A
0,Raptors,10,23,0.435,20,32,0.625,13,31,44,23,4,5,6,23,116,33,65,0.507692307692,1,0.5375,0.502857142857,0.714285714286,0.575,0.454545454545,0.484848484848,0.464285714286,0.476923076923,0.47311827957,0.560975609756,0.571428571429,0.714285714286,0.375,0.489361702128,0.5,0.481481481481
1,Nuggets,4,17,0.235,24,34,0.706,15,34,49,18,3,2,10,24,102,33,70,0.471428571429,0,0.4625,0.497142857143,0.285714285714,0.425,0.545454545455,0.515151515152,0.535714285714,0.523076923077,0.52688172043,0.439024390244,0.428571428571,0.285714285714,0.625,0.510638297872,0.5,0.518518518519
