,TEAM_NAME,FG3M,FG3A,FG3_PCT,FTM,FTA,FT_PCT,OREB,DREB,REB,AST,STL,BLK,TO,PF,PTS,FG2M,FG2A,FG2_PCT,OUTCOME,DEFICIT_FGM,DEFICIT_FGA,DEFICIT_FG3M,DEFICIT_FG3A,DEFICIT_FTM,DEFICIT_FTA,DEFICIT_OREB,DEFICIT_DREB,DEFICIT_REB,DEFICIT_AST,DEFICIT_STL,DEFICIT_BLK,DEFICIT_TO,DEFICIT_PF,DEFICIT_FG2M,DEFICIT_FG2A
0,Trail Blazers,16,36,0.444,9,12,0.75,7,41,48,25,8,7,11,15,101,22,45,0.488888888889,1,0.550724637681,0.465517241379,0.695652173913,0.571428571429,0.473684210526,0.444444444444,0.318181818182,0.546666666667,0.494845360825,0.568181818182,0.571428571429,0.875,0.5,0.535714285714,0.478260869565,0.405405405405
1,Knicks,7,27,0.259,10,15,0.667,15,34,49,19,6,1,11,13,79,24,66,0.363636363636,0,0.449275362319,0.534482758621,0.304347826087,0.428571428571,0.526315789474,0.555555555556,0.681818181818,0.453333333333,0.505154639175,0.431818181818,0.428571428571,0.125,0.5,0.464285714286,0.521739130435,0.594594594595
