,TEAM_NAME,FG3M,FG3A,FG3_PCT,FTM,FTA,FT_PCT,OREB,DREB,REB,AST,STL,BLK,TO,PF,PTS,FG2M,FG2A,FG2_PCT,OUTCOME,DEFICIT_FGM,DEFICIT_FGA,DEFICIT_FG3M,DEFICIT_FG3A,DEFICIT_FTM,DEFICIT_FTA,DEFICIT_OREB,DEFICIT_DREB,DEFICIT_REB,DEFICIT_AST,DEFICIT_STL,DEFICIT_BLK,DEFICIT_TO,DEFICIT_PF,DEFICIT_FG2M,DEFICIT_FG2A
0,Spurs,11,30,0.367,21,24,0.875,11,27,38,22,12,6,19,28,110,28,53,0.5283018867924528,1,0.5064935064935064,0.51875,0.4782608695652174,0.47619047619047616,0.5384615384615384,0.43636363636363634,0.4782608695652174,0.47368421052631576,0.475,0.5238095238095238,0.4444444444444444,0.8571428571428571,0.4418604651162791,0.5384615384615384,0.5185185185185185,0.5463917525773195
1,Rockets,12,33,0.364,18,31,0.581,12,30,42,20,15,1,24,24,106,26,44,0.5909090909090909,0,0.4935064935064935,0.48125,0.5217391304347826,0.5238095238095238,0.46153846153846156,0.5636363636363636,0.5217391304347826,0.5263157894736842,0.525,0.47619047619047616,0.5555555555555556,0.14285714285714285,0.5581395348837209,0.46153846153846156,0.48148148148148145,0.4536082474226804
