,TEAM_NAME,FG3M,FG3A,FG3_PCT,FTM,FTA,FT_PCT,OREB,DREB,REB,AST,STL,BLK,TO,PF,PTS,FG2M,FG2A,FG2_PCT,OUTCOME,DEFICIT_FGM,DEFICIT_FGA,DEFICIT_FG3M,DEFICIT_FG3A,DEFICIT_FTM,DEFICIT_FTA,DEFICIT_OREB,DEFICIT_DREB,DEFICIT_REB,DEFICIT_AST,DEFICIT_STL,DEFICIT_BLK,DEFICIT_TO,DEFICIT_PF,DEFICIT_FG2M,DEFICIT_FG2A
0,Suns,9,22,0.409,19,24,0.792,8,37,45,24,12,5,12,15,116,35,65,0.5384615384615384,1,0.5116279069767442,0.5178571428571429,0.42857142857142855,0.5238095238095238,0.6333333333333333,0.5454545454545454,0.6666666666666666,0.5441176470588235,0.5625,0.5217391304347826,0.6,0.45454545454545453,0.41379310344827586,0.4411764705882353,0.5384615384615384,0.5158730158730159
1,Lakers,12,20,0.6,11,20,0.55,4,31,35,22,8,6,17,19,107,30,61,0.4918032786885246,0,0.4883720930232558,0.48214285714285715,0.5714285714285714,0.47619047619047616,0.36666666666666664,0.45454545454545453,0.3333333333333333,0.45588235294117646,0.4375,0.4782608695652174,0.4,0.5454545454545454,0.5862068965517241,0.5588235294117647,0.46153846153846156,0.48412698412698413
