,TEAM_NAME,FG3M,FG3A,FG3_PCT,FTM,FTA,FT_PCT,OREB,DREB,REB,AST,STL,BLK,TO,PF,PTS,FG2M,FG2A,FG2_PCT,OUTCOME,DEFICIT_FGM,DEFICIT_FGA,DEFICIT_FG3M,DEFICIT_FG3A,DEFICIT_FTM,DEFICIT_FTA,DEFICIT_OREB,DEFICIT_DREB,DEFICIT_REB,DEFICIT_AST,DEFICIT_STL,DEFICIT_BLK,DEFICIT_TO,DEFICIT_PF,DEFICIT_FG2M,DEFICIT_FG2A
0,Pacers,16,41,0.39,18,20,0.9,12,34,46,32,6,3,9,24,130,32,64,0.5,0,0.505263157895,0.525,0.470588235294,0.488095238095,0.439024390244,0.377358490566,0.444444444444,0.453333333333,0.450980392157,0.524590163934,0.461538461538,0.428571428571,0.409090909091,0.558139534884,0.524590163934,0.551724137931
1,Cavaliers,18,43,0.419,23,33,0.697,15,41,56,29,7,4,13,19,135,29,52,0.557692307692,1,0.494736842105,0.475,0.529411764706,0.511904761905,0.560975609756,0.622641509434,0.555555555556,0.546666666667,0.549019607843,0.475409836066,0.538461538462,0.571428571429,0.590909090909,0.441860465116,0.475409836066,0.448275862069
