,TEAM_NAME,FG3M,FG3A,FG3_PCT,FTM,FTA,FT_PCT,OREB,DREB,REB,AST,STL,BLK,TO,PF,PTS,FG2M,FG2A,FG2_PCT,OUTCOME,DEFICIT_FGM,DEFICIT_FGA,DEFICIT_FG3M,DEFICIT_FG3A,DEFICIT_FTM,DEFICIT_FTA,DEFICIT_OREB,DEFICIT_DREB,DEFICIT_REB,DEFICIT_AST,DEFICIT_STL,DEFICIT_BLK,DEFICIT_TO,DEFICIT_PF,DEFICIT_FG2M,DEFICIT_FG2A
0,Pelicans,10,30,0.333,34,35,0.971,6,34,40,24,7,4,12,14,110,23,51,0.450980392157,0,0.423076923077,0.468208092486,0.434782608696,0.535714285714,0.708333333333,0.660377358491,0.4,0.459459459459,0.449438202247,0.48,0.5,0.4,0.521739130435,0.378378378378,0.418181818182,0.435897435897
1,Bulls,13,26,0.5,14,18,0.778,9,40,49,26,7,6,11,23,117,32,66,0.484848484848,1,0.576923076923,0.531791907514,0.565217391304,0.464285714286,0.291666666667,0.339622641509,0.6,0.540540540541,0.550561797753,0.52,0.5,0.6,0.478260869565,0.621621621622,0.581818181818,0.564102564103
