,TEAM_NAME,FG3M,FG3A,FG3_PCT,FTM,FTA,FT_PCT,OREB,DREB,REB,AST,STL,BLK,TO,PF,PTS,FG2M,FG2A,FG2_PCT,OUTCOME,DEFICIT_FGM,DEFICIT_FGA,DEFICIT_FG3M,DEFICIT_FG3A,DEFICIT_FTM,DEFICIT_FTA,DEFICIT_OREB,DEFICIT_DREB,DEFICIT_REB,DEFICIT_AST,DEFICIT_STL,DEFICIT_BLK,DEFICIT_TO,DEFICIT_PF,DEFICIT_FG2M,DEFICIT_FG2A
0,Jazz,9,24,0.375,8,13,0.615,12,24,36,24,6,8,10,18,103,34,65,0.523076923077,0,0.518072289157,0.536144578313,0.473684210526,0.558139534884,0.296296296296,0.371428571429,0.6,0.413793103448,0.461538461538,0.48,0.461538461538,0.571428571429,0.434782608696,0.514285714286,0.53125,0.528455284553
1,Spurs,10,19,0.526,19,22,0.864,8,34,42,26,7,6,13,17,109,30,58,0.51724137931,1,0.481927710843,0.463855421687,0.526315789474,0.441860465116,0.703703703704,0.628571428571,0.4,0.586206896552,0.538461538462,0.52,0.538461538462,0.428571428571,0.565217391304,0.485714285714,0.46875,0.471544715447
