,TEAM_NAME,FG3M,FG3A,FG3_PCT,FTM,FTA,FT_PCT,OREB,DREB,REB,AST,STL,BLK,TO,PF,PTS,FG2M,FG2A,FG2_PCT,OUTCOME,DEFICIT_FGM,DEFICIT_FGA,DEFICIT_FG3M,DEFICIT_FG3A,DEFICIT_FTM,DEFICIT_FTA,DEFICIT_OREB,DEFICIT_DREB,DEFICIT_REB,DEFICIT_AST,DEFICIT_STL,DEFICIT_BLK,DEFICIT_TO,DEFICIT_PF,DEFICIT_FG2M,DEFICIT_FG2A
0,Heat,13,27,0.481,16,21,0.762,7,34,41,26,3,9,10,22,113,29,60,0.483333333333,0,0.488372093023,0.5,0.722222222222,0.574468085106,0.410256410256,0.4375,0.538461538462,0.5,0.506172839506,0.509803921569,0.25,0.6,0.555555555556,0.611111111111,0.426470588235,0.472440944882
1,Nuggets,5,20,0.25,23,27,0.852,6,34,40,25,9,6,8,14,116,39,67,0.582089552239,1,0.511627906977,0.5,0.277777777778,0.425531914894,0.589743589744,0.5625,0.461538461538,0.5,0.493827160494,0.490196078431,0.75,0.4,0.444444444444,0.388888888889,0.573529411765,0.527559055118
