,TEAM_NAME,FG3M,FG3A,FG3_PCT,FTM,FTA,FT_PCT,OREB,DREB,REB,AST,STL,BLK,TO,PF,PTS,FG2M,FG2A,FG2_PCT,OUTCOME,DEFICIT_FGM,DEFICIT_FGA,DEFICIT_FG3M,DEFICIT_FG3A,DEFICIT_FTM,DEFICIT_FTA,DEFICIT_OREB,DEFICIT_DREB,DEFICIT_REB,DEFICIT_AST,DEFICIT_STL,DEFICIT_BLK,DEFICIT_TO,DEFICIT_PF,DEFICIT_FG2M,DEFICIT_FG2A
0,Raptors,10,25,0.4,29,39,0.744,3,33,36,20,7,3,13,25,107,24,50,0.48,1,0.485714285714,0.462962962963,0.526315789474,0.490196078431,0.56862745098,0.565217391304,0.230769230769,0.471428571429,0.433734939759,0.512820512821,0.466666666667,0.75,0.464285714286,0.454545454545,0.470588235294,0.45045045045
1,Rockets,9,26,0.346,22,30,0.733,10,37,47,19,8,1,15,30,103,27,61,0.44262295082,0,0.514285714286,0.537037037037,0.473684210526,0.509803921569,0.43137254902,0.434782608696,0.769230769231,0.528571428571,0.566265060241,0.487179487179,0.533333333333,0.25,0.535714285714,0.545454545455,0.529411764706,0.54954954955
