,TEAM_NAME,FG3M,FG3A,FG3_PCT,FTM,FTA,FT_PCT,OREB,DREB,REB,AST,STL,BLK,TO,PF,PTS,FG2M,FG2A,FG2_PCT,OUTCOME,DEFICIT_FGM,DEFICIT_FGA,DEFICIT_FG3M,DEFICIT_FG3A,DEFICIT_FTM,DEFICIT_FTA,DEFICIT_OREB,DEFICIT_DREB,DEFICIT_REB,DEFICIT_AST,DEFICIT_STL,DEFICIT_BLK,DEFICIT_TO,DEFICIT_PF,DEFICIT_FG2M,DEFICIT_FG2A
0,Magic,11,28,0.393,17,20,0.85,9,25,34,21,6,4,17,21,98,24,51,0.470588235294,0,0.4375,0.503184713376,0.55,0.608695652174,0.459459459459,0.454545454545,0.6,0.446428571429,0.478873239437,0.428571428571,0.461538461538,0.5,0.586206896552,0.583333333333,0.4,0.459459459459
1,Cavaliers,9,18,0.5,20,24,0.833,6,31,37,28,7,4,12,15,119,36,60,0.6,1,0.5625,0.496815286624,0.45,0.391304347826,0.540540540541,0.545454545455,0.4,0.553571428571,0.521126760563,0.571428571429,0.538461538462,0.5,0.413793103448,0.416666666667,0.6,0.540540540541
