,TEAM_NAME,FG3M,FG3A,FG3_PCT,FTM,FTA,FT_PCT,OREB,DREB,REB,AST,STL,BLK,TO,PF,PTS,FG2M,FG2A,FG2_PCT,OUTCOME,DEFICIT_FGM,DEFICIT_FGA,DEFICIT_FG3M,DEFICIT_FG3A,DEFICIT_FTM,DEFICIT_FTA,DEFICIT_OREB,DEFICIT_DREB,DEFICIT_REB,DEFICIT_AST,DEFICIT_STL,DEFICIT_BLK,DEFICIT_TO,DEFICIT_PF,DEFICIT_FG2M,DEFICIT_FG2A
0,Pacers,5,18,0.278,18,24,0.75,10,37,47,24,4,7,10,21,101,34,61,0.55737704918,1,0.534246575342,0.459302325581,0.416666666667,0.529411764706,0.486486486486,0.461538461538,0.37037037037,0.55223880597,0.5,0.6,0.363636363636,0.636363636364,0.666666666667,0.538461538462,0.55737704918,0.442028985507
1,Pistons,7,16,0.438,19,28,0.679,17,30,47,16,7,4,5,18,94,27,77,0.350649350649,0,0.465753424658,0.540697674419,0.583333333333,0.470588235294,0.513513513514,0.538461538462,0.62962962963,0.44776119403,0.5,0.4,0.636363636364,0.363636363636,0.333333333333,0.461538461538,0.44262295082,0.557971014493
