,TEAM_NAME,FG3M,FG3A,FG3_PCT,FTM,FTA,FT_PCT,OREB,DREB,REB,AST,STL,BLK,TO,PF,PTS,FG2M,FG2A,FG2_PCT,OUTCOME,DEFICIT_FGM,DEFICIT_FGA,DEFICIT_FG3M,DEFICIT_FG3A,DEFICIT_FTM,DEFICIT_FTA,DEFICIT_OREB,DEFICIT_DREB,DEFICIT_REB,DEFICIT_AST,DEFICIT_STL,DEFICIT_BLK,DEFICIT_TO,DEFICIT_PF,DEFICIT_FG2M,DEFICIT_FG2A
0,Spurs,4,19,0.211,19,22,0.864,8,37,45,29,6,2,13,12,111,40,64,0.625,1,0.55,0.494047619048,0.333333333333,0.475,0.655172413793,0.6875,0.533333333333,0.587301587302,0.576923076923,0.58,0.461538461538,0.5,0.5,0.387096774194,0.588235294118,0.5
1,Warriors,8,21,0.381,10,10,1.0,7,26,33,21,7,2,13,19,90,28,64,0.4375,0,0.45,0.505952380952,0.666666666667,0.525,0.344827586207,0.3125,0.466666666667,0.412698412698,0.423076923077,0.42,0.538461538462,0.5,0.5,0.612903225806,0.411764705882,0.5
