,TEAM_NAME,FG3M,FG3A,FG3_PCT,FTM,FTA,FT_PCT,OREB,DREB,REB,AST,STL,BLK,TO,PF,PTS,FG2M,FG2A,FG2_PCT,OUTCOME,DEFICIT_FGM,DEFICIT_FGA,DEFICIT_FG3M,DEFICIT_FG3A,DEFICIT_FTM,DEFICIT_FTA,DEFICIT_OREB,DEFICIT_DREB,DEFICIT_REB,DEFICIT_AST,DEFICIT_STL,DEFICIT_BLK,DEFICIT_TO,DEFICIT_PF,DEFICIT_FG2M,DEFICIT_FG2A
0,Bulls,12,25,0.48,13,15,0.867,7,29,36,27,13,3,13,19,105,28,53,0.528301886792,1,0.555555555556,0.52,0.6,0.510204081633,0.393939393939,0.365853658537,0.4375,0.5,0.486486486486,0.529411764706,0.65,0.5,0.448275862069,0.527777777778,0.538461538462,0.524752475248
1,Hawks,8,24,0.333,20,26,0.769,9,29,38,24,7,3,16,17,92,24,48,0.5,0,0.444444444444,0.48,0.4,0.489795918367,0.606060606061,0.634146341463,0.5625,0.5,0.513513513514,0.470588235294,0.35,0.5,0.551724137931,0.472222222222,0.461538461538,0.475247524752
