,TEAM_NAME,FG3M,FG3A,FG3_PCT,FTM,FTA,FT_PCT,OREB,DREB,REB,AST,STL,BLK,TO,PF,PTS,FG2M,FG2A,FG2_PCT,OUTCOME,DEFICIT_FGM,DEFICIT_FGA,DEFICIT_FG3M,DEFICIT_FG3A,DEFICIT_FTM,DEFICIT_FTA,DEFICIT_OREB,DEFICIT_DREB,DEFICIT_REB,DEFICIT_AST,DEFICIT_STL,DEFICIT_BLK,DEFICIT_TO,DEFICIT_PF,DEFICIT_FG2M,DEFICIT_FG2A
0,Trail Blazers,11,29,0.379,17,22,0.773,13,29,42,23,4,9,10,19,106,28,58,0.4827586206896552,1,0.5416666666666666,0.5178571428571429,0.8461538461538461,0.6444444444444445,0.4473684210526316,0.4583333333333333,0.48148148148148145,0.5,0.49411764705882355,0.5476190476190477,0.3076923076923077,0.6428571428571429,0.43478260869565216,0.40425531914893614,0.4745762711864407,0.4715447154471545
1,Thunder,2,16,0.125,21,26,0.808,14,29,43,19,9,5,13,28,89,31,65,0.47692307692307695,0,0.4583333333333333,0.48214285714285715,0.15384615384615385,0.35555555555555557,0.5526315789473685,0.5416666666666666,0.5185185185185185,0.5,0.5058823529411764,0.4523809523809524,0.6923076923076923,0.35714285714285715,0.5652173913043478,0.5957446808510638,0.5254237288135594,0.5284552845528455
