,TEAM_NAME,FG3M,FG3A,FG3_PCT,FTM,FTA,FT_PCT,OREB,DREB,REB,AST,STL,BLK,TO,PF,PTS,FG2M,FG2A,FG2_PCT,OUTCOME,DEFICIT_FGM,DEFICIT_FGA,DEFICIT_FG3M,DEFICIT_FG3A,DEFICIT_FTM,DEFICIT_FTA,DEFICIT_OREB,DEFICIT_DREB,DEFICIT_REB,DEFICIT_AST,DEFICIT_STL,DEFICIT_BLK,DEFICIT_TO,DEFICIT_PF,DEFICIT_FG2M,DEFICIT_FG2A
0,Suns,16,32,0.5,13,18,0.722,9,31,40,23,5,3,14,25,119,29,50,0.58,1,0.5487804878048781,0.4880952380952381,0.8,0.7111111111111111,0.38235294117647056,0.4186046511627907,0.42857142857142855,0.543859649122807,0.5128205128205128,0.5348837209302325,0.35714285714285715,0.5,0.5185185185185185,0.5813953488372093,0.46774193548387094,0.4065040650406504
1,Lakers,4,13,0.308,21,25,0.84,12,26,38,20,9,3,13,18,99,33,73,0.4520547945205479,0,0.45121951219512196,0.5119047619047619,0.2,0.28888888888888886,0.6176470588235294,0.5813953488372093,0.5714285714285714,0.45614035087719296,0.48717948717948717,0.46511627906976744,0.6428571428571429,0.5,0.48148148148148145,0.4186046511627907,0.532258064516129,0.5934959349593496
