,TEAM_NAME,FG3M,FG3A,FG3_PCT,FTM,FTA,FT_PCT,OREB,DREB,REB,AST,STL,BLK,TO,PF,PTS,FG2M,FG2A,FG2_PCT,OUTCOME,DEFICIT_FGM,DEFICIT_FGA,DEFICIT_FG3M,DEFICIT_FG3A,DEFICIT_FTM,DEFICIT_FTA,DEFICIT_OREB,DEFICIT_DREB,DEFICIT_REB,DEFICIT_AST,DEFICIT_STL,DEFICIT_BLK,DEFICIT_TO,DEFICIT_PF,DEFICIT_FG2M,DEFICIT_FG2A
0,Wizards,6,19,0.316,17,24,0.708,7,29,36,20,7,2,14,20,95,30,56,0.5357142857142857,0,0.48,0.4807692307692308,0.4,0.40425531914893614,0.4594594594594595,0.5106382978723404,0.3684210526315789,0.47540983606557374,0.45,0.5,0.4375,0.4,0.5,0.5405405405405406,0.5,0.5137614678899083
1,Heat,9,28,0.321,20,23,0.87,12,32,44,20,9,3,14,17,107,30,53,0.5660377358490566,1,0.52,0.5192307692307693,0.6,0.5957446808510638,0.5405405405405406,0.48936170212765956,0.631578947368421,0.5245901639344263,0.55,0.5,0.5625,0.6,0.5,0.4594594594594595,0.5,0.48623853211009177
