,TEAM_NAME,FG3M,FG3A,FG3_PCT,FTM,FTA,FT_PCT,OREB,DREB,REB,AST,STL,BLK,TO,PF,PTS,FG2M,FG2A,FG2_PCT,OUTCOME,DEFICIT_FGM,DEFICIT_FGA,DEFICIT_FG3M,DEFICIT_FG3A,DEFICIT_FTM,DEFICIT_FTA,DEFICIT_OREB,DEFICIT_DREB,DEFICIT_REB,DEFICIT_AST,DEFICIT_STL,DEFICIT_BLK,DEFICIT_TO,DEFICIT_PF,DEFICIT_FG2M,DEFICIT_FG2A
0,Bucks,7,14,0.5,21,24,0.875,3,32,35,25,9,10,14,25,106,32,66,0.484848484848,0,0.4875,0.441988950276,0.538461538462,0.4,0.512195121951,0.452830188679,0.166666666667,0.477611940299,0.411764705882,0.480769230769,0.529411764706,0.526315789474,0.583333333333,0.555555555556,0.477611940299,0.452054794521
1,Hornets,6,21,0.286,20,29,0.69,15,35,50,27,8,9,10,20,108,35,80,0.4375,1,0.5125,0.558011049724,0.461538461538,0.6,0.487804878049,0.547169811321,0.833333333333,0.522388059701,0.588235294118,0.519230769231,0.470588235294,0.473684210526,0.416666666667,0.444444444444,0.522388059701,0.547945205479
