,TEAM_NAME,FG3M,FG3A,FG3_PCT,FTM,FTA,FT_PCT,OREB,DREB,REB,AST,STL,BLK,TO,PF,PTS,FG2M,FG2A,FG2_PCT,OUTCOME,DEFICIT_FGM,DEFICIT_FGA,DEFICIT_FG3M,DEFICIT_FG3A,DEFICIT_FTM,DEFICIT_FTA,DEFICIT_OREB,DEFICIT_DREB,DEFICIT_REB,DEFICIT_AST,DEFICIT_STL,DEFICIT_BLK,DEFICIT_TO,DEFICIT_PF,DEFICIT_FG2M,DEFICIT_FG2A
0,Jazz,3,18,0.167,14,17,0.824,13,21,34,16,8,6,13,16,93,35,63,0.5555555555555556,0,0.48717948717948717,0.5126582278481012,0.17647058823529413,0.4,0.5833333333333334,0.5483870967741935,0.6190476190476191,0.4375,0.4927536231884058,0.47058823529411764,0.5333333333333333,0.5,0.41935483870967744,0.41025641025641024,0.5737704918032787,0.5575221238938053
1,Rockets,14,27,0.519,10,14,0.714,8,27,35,18,7,6,18,23,104,26,50,0.52,1,0.5128205128205128,0.4873417721518987,0.8235294117647058,0.6,0.4166666666666667,0.45161290322580644,0.38095238095238093,0.5625,0.5072463768115942,0.5294117647058824,0.4666666666666667,0.5,0.5806451612903226,0.5897435897435898,0.4262295081967213,0.4424778761061947
