,TEAM_NAME,FG3M,FG3A,FG3_PCT,FTM,FTA,FT_PCT,OREB,DREB,REB,AST,STL,BLK,TO,PF,PTS,FG2M,FG2A,FG2_PCT,OUTCOME,DEFICIT_FGM,DEFICIT_FGA,DEFICIT_FG3M,DEFICIT_FG3A,DEFICIT_FTM,DEFICIT_FTA,DEFICIT_OREB,DEFICIT_DREB,DEFICIT_REB,DEFICIT_AST,DEFICIT_STL,DEFICIT_BLK,DEFICIT_TO,DEFICIT_PF,DEFICIT_FG2M,DEFICIT_FG2A
0,76ers,6,21,0.286,17,30,0.567,15,27,42,17,10,5,11,29,91,28,68,0.411764705882,0,0.472222222222,0.523529411765,0.428571428571,0.45652173913,0.472222222222,0.51724137931,0.51724137931,0.428571428571,0.45652173913,0.435897435897,0.666666666667,0.277777777778,0.392857142857,0.547169811321,0.48275862069,0.548387096774
1,Pacers,8,25,0.32,19,28,0.679,14,36,50,22,5,13,17,24,103,30,56,0.535714285714,1,0.527777777778,0.476470588235,0.571428571429,0.54347826087,0.527777777778,0.48275862069,0.48275862069,0.571428571429,0.54347826087,0.564102564103,0.333333333333,0.722222222222,0.607142857143,0.452830188679,0.51724137931,0.451612903226
