,TEAM_NAME,FG3M,FG3A,FG3_PCT,FTM,FTA,FT_PCT,OREB,DREB,REB,AST,STL,BLK,TO,PF,PTS,FG2M,FG2A,FG2_PCT,OUTCOME,DEFICIT_FGM,DEFICIT_FGA,DEFICIT_FG3M,DEFICIT_FG3A,DEFICIT_FTM,DEFICIT_FTA,DEFICIT_OREB,DEFICIT_DREB,DEFICIT_REB,DEFICIT_AST,DEFICIT_STL,DEFICIT_BLK,DEFICIT_TO,DEFICIT_PF,DEFICIT_FG2M,DEFICIT_FG2A
0,Knicks,3,17,0.176,15,17,0.882,14,24,38,19,9,5,11,22,80,28,68,0.4117647058823529,0,0.4626865671641791,0.5448717948717948,0.3,0.4146341463414634,0.375,0.3617021276595745,0.5833333333333334,0.39344262295081966,0.4470588235294118,0.475,0.5,0.5555555555555556,0.4230769230769231,0.55,0.49122807017543857,0.591304347826087
1,Bulls,7,24,0.292,25,30,0.833,10,37,47,21,9,4,15,18,104,29,47,0.6170212765957447,1,0.5373134328358209,0.4551282051282051,0.7,0.5853658536585366,0.625,0.6382978723404256,0.4166666666666667,0.6065573770491803,0.5529411764705883,0.525,0.5,0.4444444444444444,0.5769230769230769,0.45,0.5087719298245614,0.40869565217391307
