,TEAM_NAME,FG3M,FG3A,FG3_PCT,FTM,FTA,FT_PCT,OREB,DREB,REB,AST,STL,BLK,TO,PF,PTS,FG2M,FG2A,FG2_PCT,OUTCOME,DEFICIT_FGM,DEFICIT_FGA,DEFICIT_FG3M,DEFICIT_FG3A,DEFICIT_FTM,DEFICIT_FTA,DEFICIT_OREB,DEFICIT_DREB,DEFICIT_REB,DEFICIT_AST,DEFICIT_STL,DEFICIT_BLK,DEFICIT_TO,DEFICIT_PF,DEFICIT_FG2M,DEFICIT_FG2A
0,Suns,10,26,0.385,13,21,0.619,11,34,45,19,7,6,18,14,87,22,52,0.423076923077,0,0.450704225352,0.484472049689,0.555555555556,0.590909090909,0.565217391304,0.636363636364,0.611111111111,0.523076923077,0.542168674699,0.463414634146,0.388888888889,0.5,0.620689655172,0.411764705882,0.415094339623,0.444444444444
1,Hawks,8,18,0.444,10,12,0.833,7,31,38,22,11,6,11,20,96,31,65,0.476923076923,1,0.549295774648,0.515527950311,0.444444444444,0.409090909091,0.434782608696,0.363636363636,0.388888888889,0.476923076923,0.457831325301,0.536585365854,0.611111111111,0.5,0.379310344828,0.588235294118,0.584905660377,0.555555555556
