,TEAM_NAME,FG3M,FG3A,FG3_PCT,FTM,FTA,FT_PCT,OREB,DREB,REB,AST,STL,BLK,TO,PF,PTS,FG2M,FG2A,FG2_PCT,OUTCOME,DEFICIT_FGM,DEFICIT_FGA,DEFICIT_FG3M,DEFICIT_FG3A,DEFICIT_FTM,DEFICIT_FTA,DEFICIT_OREB,DEFICIT_DREB,DEFICIT_REB,DEFICIT_AST,DEFICIT_STL,DEFICIT_BLK,DEFICIT_TO,DEFICIT_PF,DEFICIT_FG2M,DEFICIT_FG2A
0,Warriors,8,19,0.421,17,22,0.773,9,26,35,29,5,10,8,25,103,31,73,0.424657534247,0,0.4875,0.528735632184,0.5,0.527777777778,0.414634146341,0.372881355932,0.409090909091,0.4,0.402298850575,0.557692307692,0.555555555556,0.769230769231,0.380952380952,0.531914893617,0.484375,0.528985507246
1,Nuggets,8,17,0.471,24,37,0.649,13,39,52,23,4,3,13,22,114,33,65,0.507692307692,1,0.5125,0.471264367816,0.5,0.472222222222,0.585365853659,0.627118644068,0.590909090909,0.6,0.597701149425,0.442307692308,0.444444444444,0.230769230769,0.619047619048,0.468085106383,0.515625,0.471014492754
