,TEAM_NAME,FG3M,FG3A,FG3_PCT,FTM,FTA,FT_PCT,OREB,DREB,REB,AST,STL,BLK,TO,PF,PTS,FG2M,FG2A,FG2_PCT,OUTCOME,DEFICIT_FGM,DEFICIT_FGA,DEFICIT_FG3M,DEFICIT_FG3A,DEFICIT_FTM,DEFICIT_FTA,DEFICIT_OREB,DEFICIT_DREB,DEFICIT_REB,DEFICIT_AST,DEFICIT_STL,DEFICIT_BLK,DEFICIT_TO,DEFICIT_PF,DEFICIT_FG2M,DEFICIT_FG2A
0,Trail Blazers,7,19,0.368,21,24,0.875,15,24,39,21,4,2,12,20,106,32,67,0.477611940299,0,0.481481481481,0.51497005988,0.411764705882,0.441860465116,0.446808510638,0.436363636364,0.535714285714,0.444444444444,0.475609756098,0.488372093023,0.307692307692,0.333333333333,0.545454545455,0.47619047619,0.5,0.540322580645
1,Suns,10,24,0.417,26,31,0.839,13,30,43,22,9,4,10,22,120,32,57,0.561403508772,1,0.518518518519,0.48502994012,0.588235294118,0.558139534884,0.553191489362,0.563636363636,0.464285714286,0.555555555556,0.524390243902,0.511627906977,0.692307692308,0.666666666667,0.454545454545,0.52380952381,0.5,0.459677419355
