,TEAM_NAME,FG3M,FG3A,FG3_PCT,FTM,FTA,FT_PCT,OREB,DREB,REB,AST,STL,BLK,TO,PF,PTS,FG2M,FG2A,FG2_PCT,OUTCOME,DEFICIT_FGM,DEFICIT_FGA,DEFICIT_FG3M,DEFICIT_FG3A,DEFICIT_FTM,DEFICIT_FTA,DEFICIT_OREB,DEFICIT_DREB,DEFICIT_REB,DEFICIT_AST,DEFICIT_STL,DEFICIT_BLK,DEFICIT_TO,DEFICIT_PF,DEFICIT_FG2M,DEFICIT_FG2A
0,Timberwolves,5,20,0.25,25,28,0.893,15,31,46,19,5,3,16,20,110,35,68,0.514705882353,0,0.470588235294,0.5,0.384615384615,0.555555555556,0.568181818182,0.528301886792,0.625,0.534482758621,0.560975609756,0.463414634146,0.3125,0.375,0.571428571429,0.444444444444,0.486111111111,0.485714285714
1,Nuggets,8,16,0.5,19,25,0.76,9,27,36,22,11,5,12,25,117,37,72,0.513888888889,1,0.529411764706,0.5,0.615384615385,0.444444444444,0.431818181818,0.471698113208,0.375,0.465517241379,0.439024390244,0.536585365854,0.6875,0.625,0.428571428571,0.555555555556,0.513888888889,0.514285714286
