,TEAM_NAME,FG3M,FG3A,FG3_PCT,FTM,FTA,FT_PCT,OREB,DREB,REB,AST,STL,BLK,TO,PF,PTS,FG2M,FG2A,FG2_PCT,OUTCOME,DEFICIT_FGM,DEFICIT_FGA,DEFICIT_FG3M,DEFICIT_FG3A,DEFICIT_FTM,DEFICIT_FTA,DEFICIT_OREB,DEFICIT_DREB,DEFICIT_REB,DEFICIT_AST,DEFICIT_STL,DEFICIT_BLK,DEFICIT_TO,DEFICIT_PF,DEFICIT_FG2M,DEFICIT_FG2A
0,Spurs,7,27,0.259,9,14,0.643,12,33,45,19,11,3,12,16,88,29,65,0.446153846154,0,0.48,0.522727272727,0.636363636364,0.642857142857,0.428571428571,0.48275862069,0.521739130435,0.452054794521,0.46875,0.441860465116,0.6875,0.333333333333,0.428571428571,0.484848484848,0.453125,0.485074626866
1,Thunder,4,15,0.267,12,15,0.8,11,40,51,24,5,6,16,17,94,35,69,0.507246376812,1,0.52,0.477272727273,0.363636363636,0.357142857143,0.571428571429,0.51724137931,0.478260869565,0.547945205479,0.53125,0.558139534884,0.3125,0.666666666667,0.571428571429,0.515151515152,0.546875,0.514925373134
