,TEAM_NAME,FG3M,FG3A,FG3_PCT,FTM,FTA,FT_PCT,OREB,DREB,REB,AST,STL,BLK,TO,PF,PTS,FG2M,FG2A,FG2_PCT,OUTCOME,DEFICIT_FGM,DEFICIT_FGA,DEFICIT_FG3M,DEFICIT_FG3A,DEFICIT_FTM,DEFICIT_FTA,DEFICIT_OREB,DEFICIT_DREB,DEFICIT_REB,DEFICIT_AST,DEFICIT_STL,DEFICIT_BLK,DEFICIT_TO,DEFICIT_PF,DEFICIT_FG2M,DEFICIT_FG2A
0,Pistons,2,12,0.167,9,19,0.474,12,26,38,12,11,4,15,19,79,32,65,0.492307692308,0,0.447368421053,0.49358974359,0.25,0.413793103448,0.5,0.612903225806,0.6,0.448275862069,0.487179487179,0.333333333333,0.55,0.8,0.483870967742,0.558823529412,0.470588235294,0.511811023622
1,Bulls,6,17,0.353,9,12,0.75,8,32,40,24,9,1,16,15,99,36,62,0.58064516129,1,0.552631578947,0.50641025641,0.75,0.586206896552,0.5,0.387096774194,0.4,0.551724137931,0.512820512821,0.666666666667,0.45,0.2,0.516129032258,0.441176470588,0.529411764706,0.488188976378
