,TEAM_NAME,FG3M,FG3A,FG3_PCT,FTM,FTA,FT_PCT,OREB,DREB,REB,AST,STL,BLK,TO,PF,PTS,FG2M,FG2A,FG2_PCT,OUTCOME,DEFICIT_FGM,DEFICIT_FGA,DEFICIT_FG3M,DEFICIT_FG3A,DEFICIT_FTM,DEFICIT_FTA,DEFICIT_OREB,DEFICIT_DREB,DEFICIT_REB,DEFICIT_AST,DEFICIT_STL,DEFICIT_BLK,DEFICIT_TO,DEFICIT_PF,DEFICIT_FG2M,DEFICIT_FG2A
0,Heat,5,20,0.25,22,26,0.846,10,37,47,21,10,4,18,23,105,34,61,0.55737704918,1,0.590909090909,0.53642384106,0.5,0.47619047619,0.44,0.448275862069,0.833333333333,0.560606060606,0.602564102564,0.617647058824,0.5,0.571428571429,0.514285714286,0.5,0.607142857143,0.559633027523
1,Hawks,5,22,0.227,28,32,0.875,2,29,31,13,10,3,17,23,87,22,48,0.458333333333,0,0.409090909091,0.46357615894,0.5,0.52380952381,0.56,0.551724137931,0.166666666667,0.439393939394,0.397435897436,0.382352941176,0.5,0.428571428571,0.485714285714,0.5,0.392857142857,0.440366972477
