,TEAM_NAME,FG3M,FG3A,FG3_PCT,FTM,FTA,FT_PCT,OREB,DREB,REB,AST,STL,BLK,TO,PF,PTS,FG2M,FG2A,FG2_PCT,OUTCOME,DEFICIT_FGM,DEFICIT_FGA,DEFICIT_FG3M,DEFICIT_FG3A,DEFICIT_FTM,DEFICIT_FTA,DEFICIT_OREB,DEFICIT_DREB,DEFICIT_REB,DEFICIT_AST,DEFICIT_STL,DEFICIT_BLK,DEFICIT_TO,DEFICIT_PF,DEFICIT_FG2M,DEFICIT_FG2A
0,Suns,5,23,0.217,19,24,0.792,11,33,44,13,7,6,19,20,78,22,51,0.43137254902,0,0.465517241379,0.486842105263,0.384615384615,0.442307692308,0.475,0.510638297872,0.458333333333,0.532258064516,0.511627906977,0.464285714286,0.4375,0.857142857143,0.575757575758,0.512820512821,0.488888888889,0.51
1,Mavericks,8,29,0.276,21,23,0.913,13,29,42,15,9,1,14,19,91,23,49,0.469387755102,1,0.534482758621,0.513157894737,0.615384615385,0.557692307692,0.525,0.489361702128,0.541666666667,0.467741935484,0.488372093023,0.535714285714,0.5625,0.142857142857,0.424242424242,0.487179487179,0.511111111111,0.49
