,TEAM_NAME,FG3M,FG3A,FG3_PCT,FTM,FTA,FT_PCT,OREB,DREB,REB,AST,STL,BLK,TO,PF,PTS,FG2M,FG2A,FG2_PCT,OUTCOME,DEFICIT_FGM,DEFICIT_FGA,DEFICIT_FG3M,DEFICIT_FG3A,DEFICIT_FTM,DEFICIT_FTA,DEFICIT_OREB,DEFICIT_DREB,DEFICIT_REB,DEFICIT_AST,DEFICIT_STL,DEFICIT_BLK,DEFICIT_TO,DEFICIT_PF,DEFICIT_FG2M,DEFICIT_FG2A
0,Magic,10,24,0.417,21,35,0.6,12,38,50,27,7,6,15,24,119,34,58,0.586206896552,1,0.530120481928,0.468571428571,0.384615384615,0.342857142857,0.512195121951,0.583333333333,0.48,0.575757575758,0.549450549451,0.613636363636,0.4375,0.75,0.6,0.521739130435,0.59649122807,0.552380952381
1,Celtics,16,46,0.348,20,25,0.8,13,28,41,17,9,2,10,22,114,23,47,0.489361702128,0,0.469879518072,0.531428571429,0.615384615385,0.657142857143,0.487804878049,0.416666666667,0.52,0.424242424242,0.450549450549,0.386363636364,0.5625,0.25,0.4,0.478260869565,0.40350877193,0.447619047619
