,TEAM_NAME,FG3M,FG3A,FG3_PCT,FTM,FTA,FT_PCT,OREB,DREB,REB,AST,STL,BLK,TO,PF,PTS,FG2M,FG2A,FG2_PCT,OUTCOME,DEFICIT_FGM,DEFICIT_FGA,DEFICIT_FG3M,DEFICIT_FG3A,DEFICIT_FTM,DEFICIT_FTA,DEFICIT_OREB,DEFICIT_DREB,DEFICIT_REB,DEFICIT_AST,DEFICIT_STL,DEFICIT_BLK,DEFICIT_TO,DEFICIT_PF,DEFICIT_FG2M,DEFICIT_FG2A
0,Nuggets,9,25,0.36,11,13,0.846,12,30,42,24,10,2,12,16,104,33,65,0.507692307692,0,0.5,0.526315789474,0.5,0.568181818182,0.478260869565,0.464285714286,0.6,0.491803278689,0.518518518519,0.510638297872,0.625,0.25,0.444444444444,0.592592592593,0.5,0.511811023622
1,Nets,9,19,0.474,12,15,0.8,8,31,39,23,6,6,15,11,105,33,62,0.532258064516,1,0.5,0.473684210526,0.5,0.431818181818,0.521739130435,0.535714285714,0.4,0.508196721311,0.481481481481,0.489361702128,0.375,0.75,0.555555555556,0.407407407407,0.5,0.488188976378
