,TEAM_NAME,FG3M,FG3A,FG3_PCT,FTM,FTA,FT_PCT,OREB,DREB,REB,AST,STL,BLK,TO,PF,PTS,FG2M,FG2A,FG2_PCT,OUTCOME,DEFICIT_FGM,DEFICIT_FGA,DEFICIT_FG3M,DEFICIT_FG3A,DEFICIT_FTM,DEFICIT_FTA,DEFICIT_OREB,DEFICIT_DREB,DEFICIT_REB,DEFICIT_AST,DEFICIT_STL,DEFICIT_BLK,DEFICIT_TO,DEFICIT_PF,DEFICIT_FG2M,DEFICIT_FG2A
0,Pelicans,10,24,0.417,12,20,0.6,9,32,41,22,7,3,4,25,116,37,73,0.506849315068,1,0.566265060241,0.544943820225,0.833333333333,0.666666666667,0.3,0.363636363636,0.45,0.450704225352,0.450549450549,0.478260869565,1.0,0.25,0.25,0.520833333333,0.521126760563,0.514084507042
1,Timberwolves,2,12,0.167,28,35,0.8,11,39,50,24,0,9,12,23,102,34,69,0.492753623188,0,0.433734939759,0.455056179775,0.166666666667,0.333333333333,0.7,0.636363636364,0.55,0.549295774648,0.549450549451,0.521739130435,0.0,0.75,0.75,0.479166666667,0.478873239437,0.485915492958
