,TEAM_NAME,FG3M,FG3A,FG3_PCT,FTM,FTA,FT_PCT,OREB,DREB,REB,AST,STL,BLK,TO,PF,PTS,FG2M,FG2A,FG2_PCT,OUTCOME,DEFICIT_FGM,DEFICIT_FGA,DEFICIT_FG3M,DEFICIT_FG3A,DEFICIT_FTM,DEFICIT_FTA,DEFICIT_OREB,DEFICIT_DREB,DEFICIT_REB,DEFICIT_AST,DEFICIT_STL,DEFICIT_BLK,DEFICIT_TO,DEFICIT_PF,DEFICIT_FG2M,DEFICIT_FG2A
0,Wizards,16,32,0.5,8,16,0.5,12,23,35,28,14,3,9,32,112,28,65,0.430769230769,0,0.564102564103,0.60248447205,0.615384615385,0.592592592593,0.186046511628,0.253968253968,0.48,0.377049180328,0.406976744186,0.608695652174,0.777777777778,0.3,0.272727272727,0.627450980392,0.538461538462,0.607476635514
1,Rockets,10,22,0.455,35,47,0.745,13,38,51,18,4,7,24,19,113,24,42,0.571428571429,1,0.435897435897,0.39751552795,0.384615384615,0.407407407407,0.813953488372,0.746031746032,0.52,0.622950819672,0.593023255814,0.391304347826,0.222222222222,0.7,0.727272727273,0.372549019608,0.461538461538,0.392523364486
