,TEAM_NAME,FG3M,FG3A,FG3_PCT,FTM,FTA,FT_PCT,OREB,DREB,REB,AST,STL,BLK,TO,PF,PTS,FG2M,FG2A,FG2_PCT,OUTCOME,DEFICIT_FGM,DEFICIT_FGA,DEFICIT_FG3M,DEFICIT_FG3A,DEFICIT_FTM,DEFICIT_FTA,DEFICIT_OREB,DEFICIT_DREB,DEFICIT_REB,DEFICIT_AST,DEFICIT_STL,DEFICIT_BLK,DEFICIT_TO,DEFICIT_PF,DEFICIT_FG2M,DEFICIT_FG2A
0,Pelicans,6,13,0.462,14,17,0.824,10,28,38,23,9,5,10,19,102,35,66,0.530303030303,1,0.5125,0.496855345912,0.5,0.448275862069,0.5,0.472222222222,0.555555555556,0.518518518519,0.527777777778,0.450980392157,0.75,0.625,0.47619047619,0.542857142857,0.514705882353,0.507692307692
1,Bucks,6,16,0.375,14,19,0.737,8,26,34,28,3,3,11,16,98,33,64,0.515625,0,0.4875,0.503144654088,0.5,0.551724137931,0.5,0.527777777778,0.444444444444,0.481481481481,0.472222222222,0.549019607843,0.25,0.375,0.52380952381,0.457142857143,0.485294117647,0.492307692308
