,TEAM_NAME,FG3M,FG3A,FG3_PCT,FTM,FTA,FT_PCT,OREB,DREB,REB,AST,STL,BLK,TO,PF,PTS,FG2M,FG2A,FG2_PCT,OUTCOME,DEFICIT_FGM,DEFICIT_FGA,DEFICIT_FG3M,DEFICIT_FG3A,DEFICIT_FTM,DEFICIT_FTA,DEFICIT_OREB,DEFICIT_DREB,DEFICIT_REB,DEFICIT_AST,DEFICIT_STL,DEFICIT_BLK,DEFICIT_TO,DEFICIT_PF,DEFICIT_FG2M,DEFICIT_FG2A
0,Heat,10,22,0.455,17,25,0.68,4,31,35,25,11,5,12,20,111,32,56,0.571428571429,1,0.512195121951,0.484472049689,0.526315789474,0.578947368421,0.447368421053,0.490196078431,0.266666666667,0.492063492063,0.448717948718,0.531914893617,0.52380952381,0.555555555556,0.48,0.526315789474,0.507936507937,0.455284552846
1,Warriors,9,16,0.563,21,26,0.808,11,32,43,22,10,4,13,18,110,31,67,0.462686567164,0,0.487804878049,0.515527950311,0.473684210526,0.421052631579,0.552631578947,0.509803921569,0.733333333333,0.507936507937,0.551282051282,0.468085106383,0.47619047619,0.444444444444,0.52,0.473684210526,0.492063492063,0.544715447154
