,TEAM_NAME,FG3M,FG3A,FG3_PCT,FTM,FTA,FT_PCT,OREB,DREB,REB,AST,STL,BLK,TO,PF,PTS,FG2M,FG2A,FG2_PCT,OUTCOME,DEFICIT_FGM,DEFICIT_FGA,DEFICIT_FG3M,DEFICIT_FG3A,DEFICIT_FTM,DEFICIT_FTA,DEFICIT_OREB,DEFICIT_DREB,DEFICIT_REB,DEFICIT_AST,DEFICIT_STL,DEFICIT_BLK,DEFICIT_TO,DEFICIT_PF,DEFICIT_FG2M,DEFICIT_FG2A
0,Spurs,9,19,0.474,13,14,0.929,6,34,40,24,9,2,9,19,104,32,63,0.507936507937,1,0.525641025641,0.506172839506,0.6,0.527777777778,0.52,0.451612903226,0.4,0.539682539683,0.512820512821,0.5,0.642857142857,0.5,0.391304347826,0.558823529412,0.507936507937,0.5
1,Celtics,6,17,0.353,12,17,0.706,9,29,38,24,5,2,14,15,92,31,63,0.492063492063,0,0.474358974359,0.493827160494,0.4,0.472222222222,0.48,0.548387096774,0.6,0.460317460317,0.487179487179,0.5,0.357142857143,0.5,0.608695652174,0.441176470588,0.492063492063,0.5
