,TEAM_NAME,FG3M,FG3A,FG3_PCT,FTM,FTA,FT_PCT,OREB,DREB,REB,AST,STL,BLK,TO,PF,PTS,FG2M,FG2A,FG2_PCT,OUTCOME,DEFICIT_FGM,DEFICIT_FGA,DEFICIT_FG3M,DEFICIT_FG3A,DEFICIT_FTM,DEFICIT_FTA,DEFICIT_OREB,DEFICIT_DREB,DEFICIT_REB,DEFICIT_AST,DEFICIT_STL,DEFICIT_BLK,DEFICIT_TO,DEFICIT_PF,DEFICIT_FG2M,DEFICIT_FG2A
0,Kings,10,23,0.435,16,19,0.842,11,31,42,16,7,1,15,18,106,30,62,0.483870967742,1,0.493827160494,0.485714285714,0.526315789474,0.489361702128,0.615384615385,0.575757575758,0.458333333333,0.492063492063,0.48275862069,0.372093023256,0.5,0.25,0.454545454545,0.461538461538,0.483870967742,0.484375
1,Knicks,9,24,0.375,10,14,0.714,13,32,45,27,7,3,18,21,101,32,66,0.484848484848,0,0.506172839506,0.514285714286,0.473684210526,0.510638297872,0.384615384615,0.424242424242,0.541666666667,0.507936507937,0.51724137931,0.627906976744,0.5,0.75,0.545454545455,0.538461538462,0.516129032258,0.515625
