,TEAM_NAME,FG3M,FG3A,FG3_PCT,FTM,FTA,FT_PCT,OREB,DREB,REB,AST,STL,BLK,TO,PF,PTS,FG2M,FG2A,FG2_PCT,OUTCOME,DEFICIT_FGM,DEFICIT_FGA,DEFICIT_FG3M,DEFICIT_FG3A,DEFICIT_FTM,DEFICIT_FTA,DEFICIT_OREB,DEFICIT_DREB,DEFICIT_REB,DEFICIT_AST,DEFICIT_STL,DEFICIT_BLK,DEFICIT_TO,DEFICIT_PF,DEFICIT_FG2M,DEFICIT_FG2A
0,Raptors,16,32,0.5,28,33,0.848,10,33,43,23,7,4,18,25,120,22,37,0.594594594595,1,0.513513513514,0.456953642384,0.592592592593,0.542372881356,0.56,0.559322033898,0.454545454545,0.647058823529,0.58904109589,0.589743589744,0.35,0.8,0.5625,0.5,0.468085106383,0.402173913043
1,Grizzlies,11,27,0.407,22,26,0.846,12,18,30,16,13,1,14,25,105,25,55,0.454545454545,0,0.486486486486,0.543046357616,0.407407407407,0.457627118644,0.44,0.440677966102,0.545454545455,0.352941176471,0.41095890411,0.410256410256,0.65,0.2,0.4375,0.5,0.531914893617,0.597826086957
