,TEAM_NAME,FG3M,FG3A,FG3_PCT,FTM,FTA,FT_PCT,OREB,DREB,REB,AST,STL,BLK,TO,PF,PTS,FG2M,FG2A,FG2_PCT,OUTCOME,DEFICIT_FGM,DEFICIT_FGA,DEFICIT_FG3M,DEFICIT_FG3A,DEFICIT_FTM,DEFICIT_FTA,DEFICIT_OREB,DEFICIT_DREB,DEFICIT_REB,DEFICIT_AST,DEFICIT_STL,DEFICIT_BLK,DEFICIT_TO,DEFICIT_PF,DEFICIT_FG2M,DEFICIT_FG2A
0,Suns,10,21,0.476,19,25,0.76,13,28,41,15,11,4,15,17,109,30,68,0.441176470588,1,0.470588235294,0.5,0.526315789474,0.45652173913,0.703703703704,0.714285714286,0.65,0.459016393443,0.506172839506,0.428571428571,0.55,0.4,0.428571428571,0.435897435897,0.454545454545,0.515151515152
1,Hawks,9,25,0.36,8,10,0.8,7,33,40,20,9,6,20,22,107,36,64,0.5625,0,0.529411764706,0.5,0.473684210526,0.54347826087,0.296296296296,0.285714285714,0.35,0.540983606557,0.493827160494,0.571428571429,0.45,0.6,0.571428571429,0.564102564103,0.545454545455,0.484848484848
