,TEAM_NAME,FG3M,FG3A,FG3_PCT,FTM,FTA,FT_PCT,OREB,DREB,REB,AST,STL,BLK,TO,PF,PTS,FG2M,FG2A,FG2_PCT,OUTCOME,DEFICIT_FGM,DEFICIT_FGA,DEFICIT_FG3M,DEFICIT_FG3A,DEFICIT_FTM,DEFICIT_FTA,DEFICIT_OREB,DEFICIT_DREB,DEFICIT_REB,DEFICIT_AST,DEFICIT_STL,DEFICIT_BLK,DEFICIT_TO,DEFICIT_PF,DEFICIT_FG2M,DEFICIT_FG2A
0,Heat,2,13,0.154,23,34,0.676,20,46,66,19,8,8,14,24,101,36,87,0.413793103448,1,0.513513513514,0.520833333333,0.285714285714,0.464285714286,0.589743589744,0.576271186441,0.740740740741,0.547619047619,0.594594594595,0.527777777778,0.5,0.571428571429,0.538461538462,0.48,0.537313432836,0.530487804878
1,Pacers,5,15,0.333,16,25,0.64,7,38,45,17,8,6,12,26,93,31,77,0.402597402597,0,0.486486486486,0.479166666667,0.714285714286,0.535714285714,0.410256410256,0.423728813559,0.259259259259,0.452380952381,0.405405405405,0.472222222222,0.5,0.428571428571,0.461538461538,0.52,0.462686567164,0.469512195122
