,TEAM_NAME,FG3M,FG3A,FG3_PCT,FTM,FTA,FT_PCT,OREB,DREB,REB,AST,STL,BLK,TO,PF,PTS,FG2M,FG2A,FG2_PCT,OUTCOME,DEFICIT_FGM,DEFICIT_FGA,DEFICIT_FG3M,DEFICIT_FG3A,DEFICIT_FTM,DEFICIT_FTA,DEFICIT_OREB,DEFICIT_DREB,DEFICIT_REB,DEFICIT_AST,DEFICIT_STL,DEFICIT_BLK,DEFICIT_TO,DEFICIT_PF,DEFICIT_FG2M,DEFICIT_FG2A
0,Heat,14,26,0.538,14,18,0.778,3,31,34,25,6,4,10,22,98,21,51,0.411764705882,0,0.454545454545,0.472392638037,0.608695652174,0.541666666667,0.5,0.45,0.230769230769,0.449275362319,0.414634146341,0.609756097561,0.461538461538,0.444444444444,0.454545454545,0.55,0.388888888889,0.44347826087
1,Pistons,9,22,0.409,14,22,0.636,10,38,48,16,7,5,12,18,107,33,64,0.515625,1,0.545454545455,0.527607361963,0.391304347826,0.458333333333,0.5,0.55,0.769230769231,0.550724637681,0.585365853659,0.390243902439,0.538461538462,0.555555555556,0.545454545455,0.45,0.611111111111,0.55652173913
