,TEAM_NAME,FG3M,FG3A,FG3_PCT,FTM,FTA,FT_PCT,OREB,DREB,REB,AST,STL,BLK,TO,PF,PTS,FG2M,FG2A,FG2_PCT,OUTCOME,DEFICIT_FGM,DEFICIT_FGA,DEFICIT_FG3M,DEFICIT_FG3A,DEFICIT_FTM,DEFICIT_FTA,DEFICIT_OREB,DEFICIT_DREB,DEFICIT_REB,DEFICIT_AST,DEFICIT_STL,DEFICIT_BLK,DEFICIT_TO,DEFICIT_PF,DEFICIT_FG2M,DEFICIT_FG2A
0,Spurs,9,27,0.333,19,22,0.864,9,38,47,27,5,6,12,21,112,33,63,0.52380952381,0,0.5,0.494505494505,0.391304347826,0.490909090909,0.542857142857,0.448979591837,0.45,0.520547945205,0.505376344086,0.519230769231,0.454545454545,0.5,0.521739130435,0.5,0.540983606557,0.496062992126
1,Hawks,14,28,0.5,16,27,0.593,11,35,46,25,6,6,11,21,114,28,64,0.4375,1,0.5,0.505494505495,0.608695652174,0.509090909091,0.457142857143,0.551020408163,0.55,0.479452054795,0.494623655914,0.480769230769,0.545454545455,0.5,0.478260869565,0.5,0.459016393443,0.503937007874
