,TEAM_NAME,FG3M,FG3A,FG3_PCT,FTM,FTA,FT_PCT,OREB,DREB,REB,AST,STL,BLK,TO,PF,PTS,FG2M,FG2A,FG2_PCT,OUTCOME,DEFICIT_FGM,DEFICIT_FGA,DEFICIT_FG3M,DEFICIT_FG3A,DEFICIT_FTM,DEFICIT_FTA,DEFICIT_OREB,DEFICIT_DREB,DEFICIT_REB,DEFICIT_AST,DEFICIT_STL,DEFICIT_BLK,DEFICIT_TO,DEFICIT_PF,DEFICIT_FG2M,DEFICIT_FG2A
0,Kings,15,29,0.517,10,14,0.714,6,28,34,27,7,3,11,23,109,27,51,0.529411764706,1,0.538461538462,0.503144654088,0.555555555556,0.475409836066,0.322580645161,0.35,0.333333333333,0.48275862069,0.447368421053,0.6,0.583333333333,0.428571428571,0.478260869565,0.522727272727,0.529411764706,0.520408163265
1,Timberwolves,12,32,0.375,21,26,0.808,12,30,42,18,5,4,12,21,105,24,47,0.510638297872,0,0.461538461538,0.496855345912,0.444444444444,0.524590163934,0.677419354839,0.65,0.666666666667,0.51724137931,0.552631578947,0.4,0.416666666667,0.571428571429,0.521739130435,0.477272727273,0.470588235294,0.479591836735
