,TEAM_NAME,FG3M,FG3A,FG3_PCT,FTM,FTA,FT_PCT,OREB,DREB,REB,AST,STL,BLK,TO,PF,PTS,FG2M,FG2A,FG2_PCT,OUTCOME,DEFICIT_FGM,DEFICIT_FGA,DEFICIT_FG3M,DEFICIT_FG3A,DEFICIT_FTM,DEFICIT_FTA,DEFICIT_OREB,DEFICIT_DREB,DEFICIT_REB,DEFICIT_AST,DEFICIT_STL,DEFICIT_BLK,DEFICIT_TO,DEFICIT_PF,DEFICIT_FG2M,DEFICIT_FG2A
0,Pelicans,11,28,0.393,14,21,0.667,11,40,51,17,9,7,9,20,91,22,61,0.360655737705,1,0.478260869565,0.505681818182,0.578947368421,0.583333333333,0.666666666667,0.617647058824,0.5,0.454545454545,0.463636363636,0.472222222222,0.692307692308,0.636363636364,0.391304347826,0.5,0.44,0.4765625
1,Heat,8,20,0.4,7,13,0.538,11,48,59,19,4,4,14,20,87,28,67,0.417910447761,0,0.521739130435,0.494318181818,0.421052631579,0.416666666667,0.333333333333,0.382352941176,0.5,0.545454545455,0.536363636364,0.527777777778,0.307692307692,0.363636363636,0.608695652174,0.5,0.56,0.5234375
