,TEAM_NAME,FG3M,FG3A,FG3_PCT,FTM,FTA,FT_PCT,OREB,DREB,REB,AST,STL,BLK,TO,PF,PTS,FG2M,FG2A,FG2_PCT,OUTCOME,DEFICIT_FGM,DEFICIT_FGA,DEFICIT_FG3M,DEFICIT_FG3A,DEFICIT_FTM,DEFICIT_FTA,DEFICIT_OREB,DEFICIT_DREB,DEFICIT_REB,DEFICIT_AST,DEFICIT_STL,DEFICIT_BLK,DEFICIT_TO,DEFICIT_PF,DEFICIT_FG2M,DEFICIT_FG2A
0,Mavericks,9,33,0.273,13,17,0.765,8,41,49,18,8,6,18,19,84,22,52,0.423076923077,0,0.5,0.502958579882,0.5,0.540983606557,0.393939393939,0.414634146341,0.470588235294,0.506172839506,0.5,0.5,0.470588235294,0.461538461538,0.545454545455,0.575757575758,0.5,0.481481481481
1,Hawks,9,28,0.321,20,24,0.833,9,40,49,18,9,7,15,14,91,22,56,0.392857142857,1,0.5,0.497041420118,0.5,0.459016393443,0.606060606061,0.585365853659,0.529411764706,0.493827160494,0.5,0.5,0.529411764706,0.538461538462,0.454545454545,0.424242424242,0.5,0.518518518519
