,TEAM_NAME,FG3M,FG3A,FG3_PCT,FTM,FTA,FT_PCT,OREB,DREB,REB,AST,STL,BLK,TO,PF,PTS,FG2M,FG2A,FG2_PCT,OUTCOME,DEFICIT_FGM,DEFICIT_FGA,DEFICIT_FG3M,DEFICIT_FG3A,DEFICIT_FTM,DEFICIT_FTA,DEFICIT_OREB,DEFICIT_DREB,DEFICIT_REB,DEFICIT_AST,DEFICIT_STL,DEFICIT_BLK,DEFICIT_TO,DEFICIT_PF,DEFICIT_FG2M,DEFICIT_FG2A
0,Wizards,7,18,0.389,26,36,0.722,6,34,40,34,11,3,23,29,127,40,64,0.625,1,0.552941176471,0.491017964072,0.35,0.346153846154,0.472727272727,0.473684210526,0.285714285714,0.53125,0.470588235294,0.59649122807,0.44,0.333333333333,0.46,0.475409836066,0.615384615385,0.55652173913
1,76ers,13,34,0.382,29,40,0.725,15,30,45,23,14,6,27,32,118,25,51,0.490196078431,0,0.447058823529,0.508982035928,0.65,0.653846153846,0.527272727273,0.526315789474,0.714285714286,0.46875,0.529411764706,0.40350877193,0.56,0.666666666667,0.54,0.524590163934,0.384615384615,0.44347826087
