,TEAM_NAME,FG3M,FG3A,FG3_PCT,FTM,FTA,FT_PCT,OREB,DREB,REB,AST,STL,BLK,TO,PF,PTS,FG2M,FG2A,FG2_PCT,OUTCOME,DEFICIT_FGM,DEFICIT_FGA,DEFICIT_FG3M,DEFICIT_FG3A,DEFICIT_FTM,DEFICIT_FTA,DEFICIT_OREB,DEFICIT_DREB,DEFICIT_REB,DEFICIT_AST,DEFICIT_STL,DEFICIT_BLK,DEFICIT_TO,DEFICIT_PF,DEFICIT_FG2M,DEFICIT_FG2A
0,Knicks,12,25,0.48,15,19,0.789,18,34,52,24,12,7,7,25,101,25,75,0.3333333333333333,1,0.5285714285714286,0.546448087431694,0.6,0.5434782608695652,0.4166666666666667,0.3877551020408163,0.6206896551724138,0.425,0.47706422018348627,0.5454545454545454,0.75,0.5,0.28,0.5434782608695652,0.5,0.5474452554744526
1,Celtics,8,21,0.381,21,30,0.7,11,46,57,20,4,7,18,21,95,25,62,0.4032258064516129,0,0.4714285714285714,0.453551912568306,0.4,0.45652173913043476,0.5833333333333334,0.6122448979591837,0.3793103448275862,0.575,0.5229357798165137,0.45454545454545453,0.25,0.5,0.72,0.45652173913043476,0.5,0.45255474452554745
