,TEAM_NAME,FG3M,FG3A,FG3_PCT,FTM,FTA,FT_PCT,OREB,DREB,REB,AST,STL,BLK,TO,PF,PTS,FG2M,FG2A,FG2_PCT,OUTCOME,DEFICIT_FGM,DEFICIT_FGA,DEFICIT_FG3M,DEFICIT_FG3A,DEFICIT_FTM,DEFICIT_FTA,DEFICIT_OREB,DEFICIT_DREB,DEFICIT_REB,DEFICIT_AST,DEFICIT_STL,DEFICIT_BLK,DEFICIT_TO,DEFICIT_PF,DEFICIT_FG2M,DEFICIT_FG2A
0,Raptors,6,23,0.261,21,24,0.875,7,30,37,19,7,6,12,22,97,29,48,0.604166666667,0,0.507246376812,0.503546099291,0.352941176471,0.53488372093,0.488372093023,0.436363636364,0.466666666667,0.576923076923,0.55223880597,0.558823529412,0.4375,0.75,0.461538461538,0.448979591837,0.557692307692,0.489795918367
1,Nets,11,20,0.55,22,31,0.71,8,22,30,15,9,2,14,27,101,23,50,0.46,1,0.492753623188,0.496453900709,0.647058823529,0.46511627907,0.511627906977,0.563636363636,0.533333333333,0.423076923077,0.44776119403,0.441176470588,0.5625,0.25,0.538461538462,0.551020408163,0.442307692308,0.510204081633
