,TEAM_NAME,FG3M,FG3A,FG3_PCT,FTM,FTA,FT_PCT,OREB,DREB,REB,AST,STL,BLK,TO,PF,PTS,FG2M,FG2A,FG2_PCT,OUTCOME,DEFICIT_FGM,DEFICIT_FGA,DEFICIT_FG3M,DEFICIT_FG3A,DEFICIT_FTM,DEFICIT_FTA,DEFICIT_OREB,DEFICIT_DREB,DEFICIT_REB,DEFICIT_AST,DEFICIT_STL,DEFICIT_BLK,DEFICIT_TO,DEFICIT_PF,DEFICIT_FG2M,DEFICIT_FG2A
0,Jazz,10,21,0.476,20,24,0.833,11,34,45,19,9,2,15,26,110,30,61,0.491803278689,0,0.512820512821,0.5125,0.434782608696,0.42,0.46511627907,0.470588235294,0.611111111111,0.55737704918,0.569620253165,0.387755102041,0.642857142857,0.25,0.555555555556,0.590909090909,0.545454545455,0.554545454545
1,Hawks,13,29,0.448,23,27,0.852,7,27,34,30,5,6,12,18,112,25,49,0.510204081633,1,0.487179487179,0.4875,0.565217391304,0.58,0.53488372093,0.529411764706,0.388888888889,0.44262295082,0.430379746835,0.612244897959,0.357142857143,0.75,0.444444444444,0.409090909091,0.454545454545,0.445454545455
