,TEAM_NAME,FG3M,FG3A,FG3_PCT,FTM,FTA,FT_PCT,OREB,DREB,REB,AST,STL,BLK,TO,PF,PTS,FG2M,FG2A,FG2_PCT,OUTCOME,DEFICIT_FGM,DEFICIT_FGA,DEFICIT_FG3M,DEFICIT_FG3A,DEFICIT_FTM,DEFICIT_FTA,DEFICIT_OREB,DEFICIT_DREB,DEFICIT_REB,DEFICIT_AST,DEFICIT_STL,DEFICIT_BLK,DEFICIT_TO,DEFICIT_PF,DEFICIT_FG2M,DEFICIT_FG2A
0,Magic,9,23,0.391,5,8,0.625,12,31,43,23,6,2,17,22,98,33,65,0.507692307692,0,0.525,0.511627906977,0.529411764706,0.46,0.192307692308,0.242424242424,0.545454545455,0.492063492063,0.505882352941,0.479166666667,0.545454545455,0.333333333333,0.607142857143,0.709677419355,0.52380952381,0.532786885246
1,Bucks,8,27,0.296,21,25,0.84,10,32,42,25,5,4,11,9,105,30,57,0.526315789474,1,0.475,0.488372093023,0.470588235294,0.54,0.807692307692,0.757575757576,0.454545454545,0.507936507937,0.494117647059,0.520833333333,0.454545454545,0.666666666667,0.392857142857,0.290322580645,0.47619047619,0.467213114754
