,TEAM_NAME,FG3M,FG3A,FG3_PCT,FTM,FTA,FT_PCT,OREB,DREB,REB,AST,STL,BLK,TO,PF,PTS,FG2M,FG2A,FG2_PCT,OUTCOME,DEFICIT_FGM,DEFICIT_FGA,DEFICIT_FG3M,DEFICIT_FG3A,DEFICIT_FTM,DEFICIT_FTA,DEFICIT_OREB,DEFICIT_DREB,DEFICIT_REB,DEFICIT_AST,DEFICIT_STL,DEFICIT_BLK,DEFICIT_TO,DEFICIT_PF,DEFICIT_FG2M,DEFICIT_FG2A
0,Knicks,6,22,0.273,15,23,0.652,6,23,29,21,12,6,7,15,87,27,57,0.473684210526,0,0.458333333333,0.490683229814,0.857142857143,0.709677419355,0.483870967742,0.547619047619,0.315789473684,0.348484848485,0.341176470588,0.552631578947,0.705882352941,0.666666666667,0.304347826087,0.483870967742,0.415384615385,0.438461538462
1,Grizzlies,1,9,0.111,16,19,0.842,13,43,56,17,5,3,16,16,95,38,73,0.520547945205,1,0.541666666667,0.509316770186,0.142857142857,0.290322580645,0.516129032258,0.452380952381,0.684210526316,0.651515151515,0.658823529412,0.447368421053,0.294117647059,0.333333333333,0.695652173913,0.516129032258,0.584615384615,0.561538461538
