,TEAM_NAME,FG3M,FG3A,FG3_PCT,FTM,FTA,FT_PCT,OREB,DREB,REB,AST,STL,BLK,TO,PF,PTS,FG2M,FG2A,FG2_PCT,OUTCOME,DEFICIT_FGM,DEFICIT_FGA,DEFICIT_FG3M,DEFICIT_FG3A,DEFICIT_FTM,DEFICIT_FTA,DEFICIT_OREB,DEFICIT_DREB,DEFICIT_REB,DEFICIT_AST,DEFICIT_STL,DEFICIT_BLK,DEFICIT_TO,DEFICIT_PF,DEFICIT_FG2M,DEFICIT_FG2A
0,Rockets,9,23,0.391,17,23,0.739,5,40,45,33,4,4,14,19,114,35,56,0.625,1,0.52380952381,0.470238095238,0.9,0.657142857143,0.515151515152,0.469387755102,0.3125,0.606060606061,0.548780487805,0.6,0.333333333333,0.333333333333,0.636363636364,0.527777777778,0.472972972973,0.421052631579
1,Pistons,1,12,0.083,16,26,0.615,11,26,37,22,8,8,8,17,97,39,77,0.506493506494,0,0.47619047619,0.529761904762,0.1,0.342857142857,0.484848484848,0.530612244898,0.6875,0.393939393939,0.451219512195,0.4,0.666666666667,0.666666666667,0.363636363636,0.472222222222,0.527027027027,0.578947368421
