,TEAM_NAME,FG3M,FG3A,FG3_PCT,FTM,FTA,FT_PCT,OREB,DREB,REB,AST,STL,BLK,TO,PF,PTS,FG2M,FG2A,FG2_PCT,OUTCOME,DEFICIT_FGM,DEFICIT_FGA,DEFICIT_FG3M,DEFICIT_FG3A,DEFICIT_FTM,DEFICIT_FTA,DEFICIT_OREB,DEFICIT_DREB,DEFICIT_REB,DEFICIT_AST,DEFICIT_STL,DEFICIT_BLK,DEFICIT_TO,DEFICIT_PF,DEFICIT_FG2M,DEFICIT_FG2A
0,Kings,9,25,0.36,35,40,0.875,14,30,44,24,13,6,22,29,118,28,56,0.5,0,0.480519480519,0.473684210526,0.5,0.471698113208,0.514705882353,0.493827160494,0.451612903226,0.526315789474,0.5,0.545454545455,0.481481481481,0.6,0.536585365854,0.508771929825,0.474576271186,0.474576271186
1,Thunder,9,28,0.321,33,41,0.805,17,27,44,20,14,4,19,28,122,31,62,0.5,1,0.519480519481,0.526315789474,0.5,0.528301886792,0.485294117647,0.506172839506,0.548387096774,0.473684210526,0.5,0.454545454545,0.518518518519,0.4,0.463414634146,0.491228070175,0.525423728814,0.525423728814
