,TEAM_NAME,FG3M,FG3A,FG3_PCT,FTM,FTA,FT_PCT,OREB,DREB,REB,AST,STL,BLK,TO,PF,PTS,FG2M,FG2A,FG2_PCT,OUTCOME,DEFICIT_FGM,DEFICIT_FGA,DEFICIT_FG3M,DEFICIT_FG3A,DEFICIT_FTM,DEFICIT_FTA,DEFICIT_OREB,DEFICIT_DREB,DEFICIT_REB,DEFICIT_AST,DEFICIT_STL,DEFICIT_BLK,DEFICIT_TO,DEFICIT_PF,DEFICIT_FG2M,DEFICIT_FG2A
0,Raptors,8,22,0.364,20,23,0.87,10,32,42,21,9,4,10,20,116,36,67,0.537313432836,1,0.556962025316,0.514450867052,0.4,0.43137254902,0.512820512821,0.46,0.47619047619,0.516129032258,0.506024096386,0.5,0.5625,0.363636363636,0.416666666667,0.555555555556,0.610169491525,0.549180327869
1,Knicks,12,29,0.414,19,27,0.704,11,30,41,21,7,7,14,16,101,23,55,0.418181818182,0,0.443037974684,0.485549132948,0.6,0.56862745098,0.487179487179,0.54,0.52380952381,0.483870967742,0.493975903614,0.5,0.4375,0.636363636364,0.583333333333,0.444444444444,0.389830508475,0.450819672131
