,TEAM_NAME,FG3M,FG3A,FG3_PCT,FTM,FTA,FT_PCT,OREB,DREB,REB,AST,STL,BLK,TO,PF,PTS,FG2M,FG2A,FG2_PCT,OUTCOME,DEFICIT_FGM,DEFICIT_FGA,DEFICIT_FG3M,DEFICIT_FG3A,DEFICIT_FTM,DEFICIT_FTA,DEFICIT_OREB,DEFICIT_DREB,DEFICIT_REB,DEFICIT_AST,DEFICIT_STL,DEFICIT_BLK,DEFICIT_TO,DEFICIT_PF,DEFICIT_FG2M,DEFICIT_FG2A
0,Rockets,21,44,0.477,24,32,0.75,13,39,52,30,9,3,13,21,137,25,48,0.520833333333,1,0.528735632184,0.497297297297,0.583333333333,0.5,0.615384615385,0.627450980392,0.590909090909,0.573529411765,0.577777777778,0.508474576271,0.5,0.375,0.448275862069,0.45652173913,0.490196078431,0.494845360825
1,Nets,15,44,0.341,15,19,0.789,9,29,38,29,9,5,16,25,112,26,49,0.530612244898,0,0.471264367816,0.502702702703,0.416666666667,0.5,0.384615384615,0.372549019608,0.409090909091,0.426470588235,0.422222222222,0.491525423729,0.5,0.625,0.551724137931,0.54347826087,0.509803921569,0.505154639175
