,TEAM_NAME,FG3M,FG3A,FG3_PCT,FTM,FTA,FT_PCT,OREB,DREB,REB,AST,STL,BLK,TO,PF,PTS,FG2M,FG2A,FG2_PCT,OUTCOME,DEFICIT_FGM,DEFICIT_FGA,DEFICIT_FG3M,DEFICIT_FG3A,DEFICIT_FTM,DEFICIT_FTA,DEFICIT_OREB,DEFICIT_DREB,DEFICIT_REB,DEFICIT_AST,DEFICIT_STL,DEFICIT_BLK,DEFICIT_TO,DEFICIT_PF,DEFICIT_FG2M,DEFICIT_FG2A
0,Rockets,6,22,0.273,12,24,0.5,13,38,51,16,10,6,24,28,78,24,62,0.387096774194,0,0.434782608696,0.48,0.375,0.468085106383,0.428571428571,0.5,0.464285714286,0.5,0.490384615385,0.380952380952,0.5,0.461538461538,0.615384615385,0.56,0.452830188679,0.484375
1,Warriors,10,25,0.4,16,24,0.667,15,38,53,26,10,7,15,22,104,29,66,0.439393939394,1,0.565217391304,0.52,0.625,0.531914893617,0.571428571429,0.5,0.535714285714,0.5,0.509615384615,0.619047619048,0.5,0.538461538462,0.384615384615,0.44,0.547169811321,0.515625
