,TEAM_NAME,FG3M,FG3A,FG3_PCT,FTM,FTA,FT_PCT,OREB,DREB,REB,AST,STL,BLK,TO,PF,PTS,FG2M,FG2A,FG2_PCT,OUTCOME,DEFICIT_FGM,DEFICIT_FGA,DEFICIT_FG3M,DEFICIT_FG3A,DEFICIT_FTM,DEFICIT_FTA,DEFICIT_OREB,DEFICIT_DREB,DEFICIT_REB,DEFICIT_AST,DEFICIT_STL,DEFICIT_BLK,DEFICIT_TO,DEFICIT_PF,DEFICIT_FG2M,DEFICIT_FG2A
0,Kings,5,18,0.278,26,31,0.839,12,25,37,17,13,1,12,27,103,31,72,0.430555555556,0,0.467532467532,0.555555555556,0.3125,0.45,0.41935483871,0.424657534247,0.631578947368,0.396825396825,0.451219512195,0.404761904762,0.722222222222,0.142857142857,0.387096774194,0.509433962264,0.508196721311,0.590163934426
1,Rockets,11,22,0.5,36,42,0.857,7,38,45,25,5,6,19,26,129,30,50,0.6,1,0.532467532468,0.444444444444,0.6875,0.55,0.58064516129,0.575342465753,0.368421052632,0.603174603175,0.548780487805,0.595238095238,0.277777777778,0.857142857143,0.612903225806,0.490566037736,0.491803278689,0.409836065574
