,TEAM_NAME,FG3M,FG3A,FG3_PCT,FTM,FTA,FT_PCT,OREB,DREB,REB,AST,STL,BLK,TO,PF,PTS,FG2M,FG2A,FG2_PCT,OUTCOME,DEFICIT_FGM,DEFICIT_FGA,DEFICIT_FG3M,DEFICIT_FG3A,DEFICIT_FTM,DEFICIT_FTA,DEFICIT_OREB,DEFICIT_DREB,DEFICIT_REB,DEFICIT_AST,DEFICIT_STL,DEFICIT_BLK,DEFICIT_TO,DEFICIT_PF,DEFICIT_FG2M,DEFICIT_FG2A
0,Raptors,10,32,0.313,19,24,0.792,10,29,39,27,5,6,14,21,99,25,47,0.531914893617,1,0.507246376812,0.484662576687,0.666666666667,0.65306122449,0.487179487179,0.5,0.416666666667,0.5,0.475609756098,0.529411764706,0.454545454545,0.857142857143,0.538461538462,0.5,0.462962962963,0.412280701754
1,Cavaliers,5,17,0.294,20,24,0.833,14,29,43,24,6,1,12,21,93,29,67,0.432835820896,0,0.492753623188,0.515337423313,0.333333333333,0.34693877551,0.512820512821,0.5,0.583333333333,0.5,0.524390243902,0.470588235294,0.545454545455,0.142857142857,0.461538461538,0.5,0.537037037037,0.587719298246
