,TEAM_NAME,FG3M,FG3A,FG3_PCT,FTM,FTA,FT_PCT,OREB,DREB,REB,AST,STL,BLK,TO,PF,PTS,FG2M,FG2A,FG2_PCT,OUTCOME,DEFICIT_FGM,DEFICIT_FGA,DEFICIT_FG3M,DEFICIT_FG3A,DEFICIT_FTM,DEFICIT_FTA,DEFICIT_OREB,DEFICIT_DREB,DEFICIT_REB,DEFICIT_AST,DEFICIT_STL,DEFICIT_BLK,DEFICIT_TO,DEFICIT_PF,DEFICIT_FG2M,DEFICIT_FG2A
0,Wizards,10,16,0.625,21,28,0.75,9,27,36,24,8,2,12,15,115,32,64,0.5,1,0.494117647059,0.481927710843,0.555555555556,0.390243902439,0.636363636364,0.666666666667,0.375,0.473684210526,0.444444444444,0.5,0.615384615385,0.4,0.413793103448,0.365853658537,0.477611940299,0.512
1,Magic,8,25,0.32,12,14,0.857,15,30,45,24,5,3,17,26,106,35,61,0.573770491803,0,0.505882352941,0.518072289157,0.444444444444,0.609756097561,0.363636363636,0.333333333333,0.625,0.526315789474,0.555555555556,0.5,0.384615384615,0.6,0.586206896552,0.634146341463,0.522388059701,0.488
