,TEAM_NAME,FG3M,FG3A,FG3_PCT,FTM,FTA,FT_PCT,OREB,DREB,REB,AST,STL,BLK,TO,PF,PTS,FG2M,FG2A,FG2_PCT,OUTCOME,DEFICIT_FGM,DEFICIT_FGA,DEFICIT_FG3M,DEFICIT_FG3A,DEFICIT_FTM,DEFICIT_FTA,DEFICIT_OREB,DEFICIT_DREB,DEFICIT_REB,DEFICIT_AST,DEFICIT_STL,DEFICIT_BLK,DEFICIT_TO,DEFICIT_PF,DEFICIT_FG2M,DEFICIT_FG2A
0,Bulls,8,24,0.333,25,29,0.862,15,33,48,24,11,2,12,15,107,29,64,0.453125,1,0.493333333333,0.511627906977,0.363636363636,0.421052631579,0.657894736842,0.644444444444,0.576923076923,0.515625,0.533333333333,0.533333333333,0.611111111111,0.5,0.428571428571,0.405405405405,0.547169811321,0.55652173913
1,Hawks,14,33,0.424,13,16,0.813,11,31,42,21,7,2,16,22,103,24,51,0.470588235294,0,0.506666666667,0.488372093023,0.636363636364,0.578947368421,0.342105263158,0.355555555556,0.423076923077,0.484375,0.466666666667,0.466666666667,0.388888888889,0.5,0.571428571429,0.594594594595,0.452830188679,0.44347826087
