,TEAM_NAME,FG3M,FG3A,FG3_PCT,FTM,FTA,FT_PCT,OREB,DREB,REB,AST,STL,BLK,TO,PF,PTS,FG2M,FG2A,FG2_PCT,OUTCOME,DEFICIT_FGM,DEFICIT_FGA,DEFICIT_FG3M,DEFICIT_FG3A,DEFICIT_FTM,DEFICIT_FTA,DEFICIT_OREB,DEFICIT_DREB,DEFICIT_REB,DEFICIT_AST,DEFICIT_STL,DEFICIT_BLK,DEFICIT_TO,DEFICIT_PF,DEFICIT_FG2M,DEFICIT_FG2A
0,Suns,7,20,0.35,20,27,0.741,9,25,34,23,10,2,11,20,107,33,56,0.589285714286,1,0.526315789474,0.481012658228,0.35,0.363636363636,0.571428571429,0.574468085106,0.36,0.490196078431,0.447368421053,0.589743589744,0.588235294118,0.666666666667,0.366666666667,0.487804878049,0.589285714286,0.543689320388
1,Cavaliers,13,35,0.371,15,20,0.75,16,26,42,16,7,1,19,21,100,23,47,0.489361702128,0,0.473684210526,0.518987341772,0.65,0.636363636364,0.428571428571,0.425531914894,0.64,0.509803921569,0.552631578947,0.410256410256,0.411764705882,0.333333333333,0.633333333333,0.512195121951,0.410714285714,0.456310679612
