,TEAM_NAME,FG3M,FG3A,FG3_PCT,FTM,FTA,FT_PCT,OREB,DREB,REB,AST,STL,BLK,TO,PF,PTS,FG2M,FG2A,FG2_PCT,OUTCOME,DEFICIT_FGM,DEFICIT_FGA,DEFICIT_FG3M,DEFICIT_FG3A,DEFICIT_FTM,DEFICIT_FTA,DEFICIT_OREB,DEFICIT_DREB,DEFICIT_REB,DEFICIT_AST,DEFICIT_STL,DEFICIT_BLK,DEFICIT_TO,DEFICIT_PF,DEFICIT_FG2M,DEFICIT_FG2A
0,Timberwolves,10,20,0.5,18,19,0.947,7,27,34,22,11,3,15,23,110,31,67,0.4626865671641791,1,0.5125,0.5209580838323353,0.6666666666666666,0.5263157894736842,0.5,0.3877551020408163,0.4117647058823529,0.46551724137931033,0.4533333333333333,0.5,0.55,0.375,0.46875,0.5476190476190477,0.47692307692307695,0.5193798449612403
1,Pacers,5,18,0.278,18,30,0.6,10,31,41,22,9,5,17,19,101,34,62,0.5483870967741935,0,0.4875,0.47904191616766467,0.3333333333333333,0.47368421052631576,0.5,0.6122448979591837,0.5882352941176471,0.5344827586206896,0.5466666666666666,0.5,0.45,0.625,0.53125,0.4523809523809524,0.5230769230769231,0.4806201550387597
