,TEAM_NAME,FG3M,FG3A,FG3_PCT,FTM,FTA,FT_PCT,OREB,DREB,REB,AST,STL,BLK,TO,PF,PTS,FG2M,FG2A,FG2_PCT,OUTCOME,DEFICIT_FGM,DEFICIT_FGA,DEFICIT_FG3M,DEFICIT_FG3A,DEFICIT_FTM,DEFICIT_FTA,DEFICIT_OREB,DEFICIT_DREB,DEFICIT_REB,DEFICIT_AST,DEFICIT_STL,DEFICIT_BLK,DEFICIT_TO,DEFICIT_PF,DEFICIT_FG2M,DEFICIT_FG2A
0,Suns,8,20,0.4,18,29,0.621,7,28,35,14,8,4,16,29,104,31,59,0.525423728814,0,0.464285714286,0.459302325581,0.5,0.540540540541,0.45,0.547169811321,0.333333333333,0.444444444444,0.416666666667,0.378378378378,0.5,0.5,0.533333333333,0.547169811321,0.455882352941,0.437037037037
1,Nuggets,8,17,0.471,22,24,0.917,14,35,49,23,8,4,14,24,120,37,76,0.486842105263,1,0.535714285714,0.540697674419,0.5,0.459459459459,0.55,0.452830188679,0.666666666667,0.555555555556,0.583333333333,0.621621621622,0.5,0.5,0.466666666667,0.452830188679,0.544117647059,0.562962962963
