,TEAM_NAME,FG3M,FG3A,FG3_PCT,FTM,FTA,FT_PCT,OREB,DREB,REB,AST,STL,BLK,TO,PF,PTS,FG2M,FG2A,FG2_PCT,OUTCOME,DEFICIT_FGM,DEFICIT_FGA,DEFICIT_FG3M,DEFICIT_FG3A,DEFICIT_FTM,DEFICIT_FTA,DEFICIT_OREB,DEFICIT_DREB,DEFICIT_REB,DEFICIT_AST,DEFICIT_STL,DEFICIT_BLK,DEFICIT_TO,DEFICIT_PF,DEFICIT_FG2M,DEFICIT_FG2A
0,Wizards,8,23,0.348,18,25,0.72,11,29,40,18,8,1,11,26,102,30,68,0.441176470588,0,0.475,0.541666666667,0.444444444444,0.450980392157,0.545454545455,0.531914893617,0.6875,0.446153846154,0.493827160494,0.375,0.571428571429,0.5,0.392857142857,0.5,0.483870967742,0.581196581197
1,76ers,10,28,0.357,15,22,0.682,5,36,41,30,6,1,17,26,109,32,49,0.65306122449,1,0.525,0.458333333333,0.555555555556,0.549019607843,0.454545454545,0.468085106383,0.3125,0.553846153846,0.506172839506,0.625,0.428571428571,0.5,0.607142857143,0.5,0.516129032258,0.418803418803
