,TEAM_NAME,FG3M,FG3A,FG3_PCT,FTM,FTA,FT_PCT,OREB,DREB,REB,AST,STL,BLK,TO,PF,PTS,FG2M,FG2A,FG2_PCT,OUTCOME,DEFICIT_FGM,DEFICIT_FGA,DEFICIT_FG3M,DEFICIT_FG3A,DEFICIT_FTM,DEFICIT_FTA,DEFICIT_OREB,DEFICIT_DREB,DEFICIT_REB,DEFICIT_AST,DEFICIT_STL,DEFICIT_BLK,DEFICIT_TO,DEFICIT_PF,DEFICIT_FG2M,DEFICIT_FG2A
0,Bucks,8,32,0.25,14,18,0.778,15,32,47,25,9,2,14,25,100,31,66,0.469696969697,0,0.527027027027,0.576470588235,0.444444444444,0.5,0.341463414634,0.367346938776,0.833333333333,0.470588235294,0.546511627907,0.462962962963,0.6,0.2,0.466666666667,0.595238095238,0.553571428571,0.622641509434
1,Hawks,10,32,0.313,27,31,0.871,3,36,39,29,6,8,16,17,107,25,40,0.625,1,0.472972972973,0.423529411765,0.555555555556,0.5,0.658536585366,0.632653061224,0.166666666667,0.529411764706,0.453488372093,0.537037037037,0.4,0.8,0.533333333333,0.404761904762,0.446428571429,0.377358490566
