,TEAM_NAME,FG3M,FG3A,FG3_PCT,FTM,FTA,FT_PCT,OREB,DREB,REB,AST,STL,BLK,TO,PF,PTS,FG2M,FG2A,FG2_PCT,OUTCOME,DEFICIT_FGM,DEFICIT_FGA,DEFICIT_FG3M,DEFICIT_FG3A,DEFICIT_FTM,DEFICIT_FTA,DEFICIT_OREB,DEFICIT_DREB,DEFICIT_REB,DEFICIT_AST,DEFICIT_STL,DEFICIT_BLK,DEFICIT_TO,DEFICIT_PF,DEFICIT_FG2M,DEFICIT_FG2A
0,Raptors,10,25,0.4,37,41,0.902,13,33,46,16,8,1,14,22,121,27,57,0.473684210526,0,0.456790123457,0.485207100592,0.434782608696,0.409836065574,0.587301587302,0.594202898551,0.65,0.540983606557,0.567901234568,0.326530612245,0.470588235294,0.125,0.538461538462,0.468085106383,0.465517241379,0.527777777778
1,Warriors,13,36,0.361,26,28,0.929,7,28,35,33,9,7,12,25,127,31,51,0.607843137255,1,0.543209876543,0.514792899408,0.565217391304,0.590163934426,0.412698412698,0.405797101449,0.35,0.459016393443,0.432098765432,0.673469387755,0.529411764706,0.875,0.461538461538,0.531914893617,0.534482758621,0.472222222222
