,TEAM_NAME,FG3M,FG3A,FG3_PCT,FTM,FTA,FT_PCT,OREB,DREB,REB,AST,STL,BLK,TO,PF,PTS,FG2M,FG2A,FG2_PCT,OUTCOME,DEFICIT_FGM,DEFICIT_FGA,DEFICIT_FG3M,DEFICIT_FG3A,DEFICIT_FTM,DEFICIT_FTA,DEFICIT_OREB,DEFICIT_DREB,DEFICIT_REB,DEFICIT_AST,DEFICIT_STL,DEFICIT_BLK,DEFICIT_TO,DEFICIT_PF,DEFICIT_FG2M,DEFICIT_FG2A
0,Wizards,5,9,0.556,10,16,0.625,7,34,41,21,7,5,8,17,91,33,80,0.4125,0,0.493506493506,0.511494252874,0.5,0.346153846154,0.384615384615,0.4,0.466666666667,0.435897435897,0.440860215054,0.512195121951,0.583333333333,0.416666666667,0.444444444444,0.548387096774,0.492537313433,0.540540540541
1,Bulls,5,17,0.294,16,24,0.667,8,44,52,20,5,7,10,14,99,34,68,0.5,1,0.506493506494,0.488505747126,0.5,0.653846153846,0.615384615385,0.6,0.533333333333,0.564102564103,0.559139784946,0.487804878049,0.416666666667,0.583333333333,0.555555555556,0.451612903226,0.507462686567,0.459459459459
