,TEAM_NAME,FG3M,FG3A,FG3_PCT,FTM,FTA,FT_PCT,OREB,DREB,REB,AST,STL,BLK,TO,PF,PTS,FG2M,FG2A,FG2_PCT,OUTCOME,DEFICIT_FGM,DEFICIT_FGA,DEFICIT_FG3M,DEFICIT_FG3A,DEFICIT_FTM,DEFICIT_FTA,DEFICIT_OREB,DEFICIT_DREB,DEFICIT_REB,DEFICIT_AST,DEFICIT_STL,DEFICIT_BLK,DEFICIT_TO,DEFICIT_PF,DEFICIT_FG2M,DEFICIT_FG2A
0,Bucks,8,21,0.381,15,20,0.75,9,31,40,25,7,6,20,25,101,31,61,0.5081967213114754,0,0.52,0.5,0.5,0.5,0.3488372093023256,0.35714285714285715,0.45,0.49206349206349204,0.4819277108433735,0.5434782608695652,0.5384615384615384,0.5454545454545454,0.625,0.5434782608695652,0.5254237288135594,0.5
1,Hornets,8,21,0.381,28,36,0.778,11,32,43,21,6,5,12,21,108,28,61,0.45901639344262296,1,0.48,0.5,0.5,0.5,0.6511627906976745,0.6428571428571429,0.55,0.5079365079365079,0.5180722891566265,0.45652173913043476,0.46153846153846156,0.45454545454545453,0.375,0.45652173913043476,0.4745762711864407,0.5
