,TEAM_NAME,FG3M,FG3A,FG3_PCT,FTM,FTA,FT_PCT,OREB,DREB,REB,AST,STL,BLK,TO,PF,PTS,FG2M,FG2A,FG2_PCT,OUTCOME,DEFICIT_FGM,DEFICIT_FGA,DEFICIT_FG3M,DEFICIT_FG3A,DEFICIT_FTM,DEFICIT_FTA,DEFICIT_OREB,DEFICIT_DREB,DEFICIT_REB,DEFICIT_AST,DEFICIT_STL,DEFICIT_BLK,DEFICIT_TO,DEFICIT_PF,DEFICIT_FG2M,DEFICIT_FG2A
0,Nuggets,7,25,0.28,17,22,0.773,14,37,51,15,4,4,18,15,96,29,57,0.508771929825,0,0.455696202532,0.473988439306,0.538461538462,0.520833333333,0.62962962963,0.611111111111,0.538461538462,0.578125,0.566666666667,0.416666666667,0.285714285714,0.571428571429,0.666666666667,0.441176470588,0.439393939394,0.456
1,Nets,6,23,0.261,10,14,0.714,12,27,39,21,10,3,9,19,102,37,68,0.544117647059,1,0.544303797468,0.526011560694,0.461538461538,0.479166666667,0.37037037037,0.388888888889,0.461538461538,0.421875,0.433333333333,0.583333333333,0.714285714286,0.428571428571,0.333333333333,0.558823529412,0.560606060606,0.544
