,TEAM_NAME,FG3M,FG3A,FG3_PCT,FTM,FTA,FT_PCT,OREB,DREB,REB,AST,STL,BLK,TO,PF,PTS,FG2M,FG2A,FG2_PCT,OUTCOME,DEFICIT_FGM,DEFICIT_FGA,DEFICIT_FG3M,DEFICIT_FG3A,DEFICIT_FTM,DEFICIT_FTA,DEFICIT_OREB,DEFICIT_DREB,DEFICIT_REB,DEFICIT_AST,DEFICIT_STL,DEFICIT_BLK,DEFICIT_TO,DEFICIT_PF,DEFICIT_FG2M,DEFICIT_FG2A
0,76ers,5,19,0.263,20,27,0.741,14,28,42,11,13,11,16,20,91,28,58,0.48275862069,1,0.5,0.490445859873,0.384615384615,0.422222222222,0.606060606061,0.6,0.5,0.528301886792,0.518518518519,0.458333333333,0.565217391304,0.647058823529,0.444444444444,0.512820512821,0.528301886792,0.517857142857
1,Heat,8,26,0.308,13,18,0.722,14,25,39,13,10,6,20,19,87,25,54,0.462962962963,0,0.5,0.509554140127,0.615384615385,0.577777777778,0.393939393939,0.4,0.5,0.471698113208,0.481481481481,0.541666666667,0.434782608696,0.352941176471,0.555555555556,0.487179487179,0.471698113208,0.482142857143
