,TEAM_NAME,FG3M,FG3A,FG3_PCT,FTM,FTA,FT_PCT,OREB,DREB,REB,AST,STL,BLK,TO,PF,PTS,FG2M,FG2A,FG2_PCT,OUTCOME,DEFICIT_FGM,DEFICIT_FGA,DEFICIT_FG3M,DEFICIT_FG3A,DEFICIT_FTM,DEFICIT_FTA,DEFICIT_OREB,DEFICIT_DREB,DEFICIT_REB,DEFICIT_AST,DEFICIT_STL,DEFICIT_BLK,DEFICIT_TO,DEFICIT_PF,DEFICIT_FG2M,DEFICIT_FG2A
0,Clippers,11,29,0.379,19,28,0.679,16,35,51,26,10,5,10,23,104,26,63,0.4126984126984127,0,0.5211267605633803,0.5476190476190477,0.4782608695652174,0.5576923076923077,0.41304347826086957,0.4444444444444444,0.64,0.5072463768115942,0.5425531914893617,0.48148148148148145,0.625,0.625,0.4166666666666667,0.5227272727272727,0.5416666666666666,0.5431034482758621
1,Hawks,12,23,0.522,27,35,0.771,9,34,43,28,6,3,14,21,107,22,53,0.41509433962264153,1,0.4788732394366197,0.4523809523809524,0.5217391304347826,0.4423076923076923,0.5869565217391305,0.5555555555555556,0.36,0.4927536231884058,0.4574468085106383,0.5185185185185185,0.375,0.375,0.5833333333333334,0.4772727272727273,0.4583333333333333,0.45689655172413796
