,TEAM_NAME,FG3M,FG3A,FG3_PCT,FTM,FTA,FT_PCT,OREB,DREB,REB,AST,STL,BLK,TO,PF,PTS,FG2M,FG2A,FG2_PCT,OUTCOME,DEFICIT_FGM,DEFICIT_FGA,DEFICIT_FG3M,DEFICIT_FG3A,DEFICIT_FTM,DEFICIT_FTA,DEFICIT_OREB,DEFICIT_DREB,DEFICIT_REB,DEFICIT_AST,DEFICIT_STL,DEFICIT_BLK,DEFICIT_TO,DEFICIT_PF,DEFICIT_FG2M,DEFICIT_FG2A
0,Suns,13,33,0.394,23,32,0.719,14,30,44,30,12,3,12,26,124,31,64,0.484375,1,0.5176470588235295,0.5243243243243243,0.5909090909090909,0.5689655172413793,0.48936170212765956,0.5245901639344263,0.5,0.46153846153846156,0.4731182795698925,0.5769230769230769,0.75,0.75,0.375,0.49056603773584906,0.49206349206349204,0.5039370078740157
1,Mavericks,9,25,0.36,24,29,0.828,14,35,49,22,4,1,20,27,115,32,63,0.5079365079365079,0,0.4823529411764706,0.4756756756756757,0.4090909090909091,0.43103448275862066,0.5106382978723404,0.47540983606557374,0.5,0.5384615384615384,0.5268817204301075,0.4230769230769231,0.25,0.25,0.625,0.5094339622641509,0.5079365079365079,0.49606299212598426
