,TEAM_NAME,FG3M,FG3A,FG3_PCT,FTM,FTA,FT_PCT,OREB,DREB,REB,AST,STL,BLK,TO,PF,PTS,FG2M,FG2A,FG2_PCT,OUTCOME,DEFICIT_FGM,DEFICIT_FGA,DEFICIT_FG3M,DEFICIT_FG3A,DEFICIT_FTM,DEFICIT_FTA,DEFICIT_OREB,DEFICIT_DREB,DEFICIT_REB,DEFICIT_AST,DEFICIT_STL,DEFICIT_BLK,DEFICIT_TO,DEFICIT_PF,DEFICIT_FG2M,DEFICIT_FG2A
0,Magic,7,18,0.389,15,23,0.652,7,38,45,23,7,4,14,21,100,32,65,0.492307692308,1,0.541666666667,0.494047619048,0.5,0.439024390244,0.405405405405,0.442307692308,0.4375,0.513513513514,0.5,0.511111111111,0.411764705882,0.5,0.538461538462,0.5,0.551724137931,0.511811023622
1,Celtics,7,23,0.304,22,29,0.759,9,36,45,22,10,4,12,21,95,26,62,0.41935483871,0,0.458333333333,0.505952380952,0.5,0.560975609756,0.594594594595,0.557692307692,0.5625,0.486486486486,0.5,0.488888888889,0.588235294118,0.5,0.461538461538,0.5,0.448275862069,0.488188976378
