,TEAM_NAME,FG3M,FG3A,FG3_PCT,FTM,FTA,FT_PCT,OREB,DREB,REB,AST,STL,BLK,TO,PF,PTS,FG2M,FG2A,FG2_PCT,OUTCOME,DEFICIT_FGM,DEFICIT_FGA,DEFICIT_FG3M,DEFICIT_FG3A,DEFICIT_FTM,DEFICIT_FTA,DEFICIT_OREB,DEFICIT_DREB,DEFICIT_REB,DEFICIT_AST,DEFICIT_STL,DEFICIT_BLK,DEFICIT_TO,DEFICIT_PF,DEFICIT_FG2M,DEFICIT_FG2A
0,Pelicans,4,20,0.2,14,19,0.737,9,37,46,15,4,2,15,18,84,29,63,0.460317460317,0,0.458333333333,0.515527950311,0.444444444444,0.571428571429,0.518518518519,0.513513513514,0.75,0.513888888889,0.547619047619,0.384615384615,0.307692307692,0.142857142857,0.625,0.486486486486,0.460317460317,0.5
1,Pacers,5,15,0.333,13,18,0.722,3,35,38,24,9,12,9,19,96,34,63,0.539682539683,1,0.541666666667,0.484472049689,0.555555555556,0.428571428571,0.481481481481,0.486486486486,0.25,0.486111111111,0.452380952381,0.615384615385,0.692307692308,0.857142857143,0.375,0.513513513514,0.539682539683,0.5
