,TEAM_NAME,FG3M,FG3A,FG3_PCT,FTM,FTA,FT_PCT,OREB,DREB,REB,AST,STL,BLK,TO,PF,PTS,FG2M,FG2A,FG2_PCT,OUTCOME,DEFICIT_FGM,DEFICIT_FGA,DEFICIT_FG3M,DEFICIT_FG3A,DEFICIT_FTM,DEFICIT_FTA,DEFICIT_OREB,DEFICIT_DREB,DEFICIT_REB,DEFICIT_AST,DEFICIT_STL,DEFICIT_BLK,DEFICIT_TO,DEFICIT_PF,DEFICIT_FG2M,DEFICIT_FG2A
0,Trail Blazers,17,31,0.548,22,24,0.917,9,37,46,22,6,2,14,20,115,21,60,0.35,1,0.4523809523809524,0.4739583333333333,0.7391304347826086,0.62,0.6285714285714286,0.6153846153846154,0.4090909090909091,0.4805194805194805,0.46464646464646464,0.5238095238095238,0.42857142857142855,0.2857142857142857,0.56,0.4166666666666667,0.3442622950819672,0.4225352112676056
1,Thunder,6,19,0.316,13,15,0.867,13,40,53,20,8,5,11,28,111,40,82,0.4878048780487805,0,0.5476190476190477,0.5260416666666666,0.2608695652173913,0.38,0.37142857142857144,0.38461538461538464,0.5909090909090909,0.5194805194805194,0.5353535353535354,0.47619047619047616,0.5714285714285714,0.7142857142857143,0.44,0.5833333333333334,0.6557377049180327,0.5774647887323944
