,TEAM_NAME,FG3M,FG3A,FG3_PCT,FTM,FTA,FT_PCT,OREB,DREB,REB,AST,STL,BLK,TO,PF,PTS,FG2M,FG2A,FG2_PCT,OUTCOME,DEFICIT_FGM,DEFICIT_FGA,DEFICIT_FG3M,DEFICIT_FG3A,DEFICIT_FTM,DEFICIT_FTA,DEFICIT_OREB,DEFICIT_DREB,DEFICIT_REB,DEFICIT_AST,DEFICIT_STL,DEFICIT_BLK,DEFICIT_TO,DEFICIT_PF,DEFICIT_FG2M,DEFICIT_FG2A
0,Wizards,6,20,0.3,13,18,0.722,12,28,40,25,14,4,19,20,99,34,74,0.459459459459,0,0.47619047619,0.516483516484,0.333333333333,0.434782608696,0.481481481481,0.5,0.461538461538,0.424242424242,0.434782608696,0.471698113208,0.518518518519,0.363636363636,0.475,0.512820512821,0.515151515152,0.544117647059
1,Hawks,12,26,0.462,14,18,0.778,14,38,52,28,13,7,21,19,114,32,62,0.516129032258,1,0.52380952381,0.483516483516,0.666666666667,0.565217391304,0.518518518519,0.5,0.538461538462,0.575757575758,0.565217391304,0.528301886792,0.481481481481,0.636363636364,0.525,0.487179487179,0.484848484848,0.455882352941
