,TEAM_NAME,FG3M,FG3A,FG3_PCT,FTM,FTA,FT_PCT,OREB,DREB,REB,AST,STL,BLK,TO,PF,PTS,FG2M,FG2A,FG2_PCT,OUTCOME,DEFICIT_FGM,DEFICIT_FGA,DEFICIT_FG3M,DEFICIT_FG3A,DEFICIT_FTM,DEFICIT_FTA,DEFICIT_OREB,DEFICIT_DREB,DEFICIT_REB,DEFICIT_AST,DEFICIT_STL,DEFICIT_BLK,DEFICIT_TO,DEFICIT_PF,DEFICIT_FG2M,DEFICIT_FG2A
0,Hornets,8,30,0.267,16,19,0.842,16,37,53,21,10,4,12,21,88,24,67,0.358208955224,0,0.484848484848,0.554285714286,0.470588235294,0.51724137931,0.457142857143,0.422222222222,0.761904761905,0.474358974359,0.535353535354,0.446808510638,0.588235294118,0.333333333333,0.48,0.583333333333,0.489795918367,0.57264957265
1,Celtics,9,28,0.321,19,26,0.731,5,41,46,26,7,8,13,15,96,25,50,0.5,1,0.515151515152,0.445714285714,0.529411764706,0.48275862069,0.542857142857,0.577777777778,0.238095238095,0.525641025641,0.464646464646,0.553191489362,0.411764705882,0.666666666667,0.52,0.416666666667,0.510204081633,0.42735042735
