,TEAM_NAME,FG3M,FG3A,FG3_PCT,FTM,FTA,FT_PCT,OREB,DREB,REB,AST,STL,BLK,TO,PF,PTS,FG2M,FG2A,FG2_PCT,OUTCOME,DEFICIT_FGM,DEFICIT_FGA,DEFICIT_FG3M,DEFICIT_FG3A,DEFICIT_FTM,DEFICIT_FTA,DEFICIT_OREB,DEFICIT_DREB,DEFICIT_REB,DEFICIT_AST,DEFICIT_STL,DEFICIT_BLK,DEFICIT_TO,DEFICIT_PF,DEFICIT_FG2M,DEFICIT_FG2A
0,Pelicans,9,27,0.333,11,20,0.55,13,34,47,17,4,6,11,16,100,31,71,0.43661971831,0,0.487804878049,0.510416666667,0.272727272727,0.306818181818,0.44,0.512820512821,0.5,0.435897435897,0.451923076923,0.386363636364,0.363636363636,0.6,0.44,0.470588235294,0.632653061224,0.682692307692
1,Rockets,24,61,0.393,14,19,0.737,13,44,57,27,7,4,14,18,122,18,33,0.545454545455,1,0.512195121951,0.489583333333,0.727272727273,0.693181818182,0.56,0.487179487179,0.5,0.564102564103,0.548076923077,0.613636363636,0.636363636364,0.4,0.56,0.529411764706,0.367346938776,0.317307692308
