,TEAM_NAME,FG3M,FG3A,FG3_PCT,FTM,FTA,FT_PCT,OREB,DREB,REB,AST,STL,BLK,TO,PF,PTS,FG2M,FG2A,FG2_PCT,OUTCOME,DEFICIT_FGM,DEFICIT_FGA,DEFICIT_FG3M,DEFICIT_FG3A,DEFICIT_FTM,DEFICIT_FTA,DEFICIT_OREB,DEFICIT_DREB,DEFICIT_REB,DEFICIT_AST,DEFICIT_STL,DEFICIT_BLK,DEFICIT_TO,DEFICIT_PF,DEFICIT_FG2M,DEFICIT_FG2A
0,Jazz,6,19,0.316,17,22,0.773,10,25,35,18,9,2,8,16,103,34,70,0.485714285714,0,0.5,0.520467836257,0.3,0.395833333333,0.586206896552,0.594594594595,0.416666666667,0.446428571429,0.4375,0.461538461538,0.818181818182,0.285714285714,0.347826086957,0.457142857143,0.566666666667,0.569105691057
1,Warriors,14,29,0.483,12,15,0.8,14,31,45,21,2,5,15,19,106,26,53,0.490566037736,1,0.5,0.479532163743,0.7,0.604166666667,0.413793103448,0.405405405405,0.583333333333,0.553571428571,0.5625,0.538461538462,0.181818181818,0.714285714286,0.652173913043,0.542857142857,0.433333333333,0.430894308943
