,TEAM_NAME,FG3M,FG3A,FG3_PCT,FTM,FTA,FT_PCT,OREB,DREB,REB,AST,STL,BLK,TO,PF,PTS,FG2M,FG2A,FG2_PCT,OUTCOME,DEFICIT_FGM,DEFICIT_FGA,DEFICIT_FG3M,DEFICIT_FG3A,DEFICIT_FTM,DEFICIT_FTA,DEFICIT_OREB,DEFICIT_DREB,DEFICIT_REB,DEFICIT_AST,DEFICIT_STL,DEFICIT_BLK,DEFICIT_TO,DEFICIT_PF,DEFICIT_FG2M,DEFICIT_FG2A
0,Jazz,7,25,0.28,17,25,0.68,17,32,49,15,6,8,14,12,86,24,56,0.428571428571,0,0.449275362319,0.503105590062,0.5,0.568181818182,0.586206896552,0.641025641026,0.708333333333,0.5,0.556818181818,0.384615384615,0.461538461538,0.470588235294,0.583333333333,0.4,0.436363636364,0.478632478632
1,Bulls,7,19,0.368,12,14,0.857,7,32,39,24,7,9,10,18,95,31,61,0.508196721311,1,0.550724637681,0.496894409938,0.5,0.431818181818,0.413793103448,0.358974358974,0.291666666667,0.5,0.443181818182,0.615384615385,0.538461538462,0.529411764706,0.416666666667,0.6,0.563636363636,0.521367521368
