,TEAM_NAME,FG3M,FG3A,FG3_PCT,FTM,FTA,FT_PCT,OREB,DREB,REB,AST,STL,BLK,TO,PF,PTS,FG2M,FG2A,FG2_PCT,OUTCOME,DEFICIT_FGM,DEFICIT_FGA,DEFICIT_FG3M,DEFICIT_FG3A,DEFICIT_FTM,DEFICIT_FTA,DEFICIT_OREB,DEFICIT_DREB,DEFICIT_REB,DEFICIT_AST,DEFICIT_STL,DEFICIT_BLK,DEFICIT_TO,DEFICIT_PF,DEFICIT_FG2M,DEFICIT_FG2A
0,Grizzlies,4,13,0.308,14,18,0.778,14,21,35,22,12,7,15,22,86,30,69,0.434782608696,0,0.5,0.543046357616,0.4,0.351351351351,0.424242424242,0.4,0.56,0.396226415094,0.448717948718,0.647058823529,0.631578947368,0.538461538462,0.454545454545,0.52380952381,0.51724137931,0.605263157895
1,Rockets,6,24,0.25,19,27,0.704,11,32,43,12,7,6,18,20,93,28,45,0.622222222222,1,0.5,0.456953642384,0.6,0.648648648649,0.575757575758,0.6,0.44,0.603773584906,0.551282051282,0.352941176471,0.368421052632,0.461538461538,0.545454545455,0.47619047619,0.48275862069,0.394736842105
