,TEAM_NAME,FG3M,FG3A,FG3_PCT,FTM,FTA,FT_PCT,OREB,DREB,REB,AST,STL,BLK,TO,PF,PTS,FG2M,FG2A,FG2_PCT,OUTCOME,DEFICIT_FGM,DEFICIT_FGA,DEFICIT_FG3M,DEFICIT_FG3A,DEFICIT_FTM,DEFICIT_FTA,DEFICIT_OREB,DEFICIT_DREB,DEFICIT_REB,DEFICIT_AST,DEFICIT_STL,DEFICIT_BLK,DEFICIT_TO,DEFICIT_PF,DEFICIT_FG2M,DEFICIT_FG2A
0,Grizzlies,7,14,0.5,25,29,0.862,12,29,41,20,10,1,5,17,114,34,71,0.4788732394366197,1,0.5189873417721519,0.5,0.28,0.25925925925925924,0.6944444444444444,0.6744186046511628,0.5,0.48333333333333334,0.4880952380952381,0.5128205128205128,0.7142857142857143,0.125,0.23809523809523808,0.4358974358974359,0.6296296296296297,0.6120689655172413
1,Mavericks,18,40,0.45,11,14,0.786,12,31,43,19,4,7,16,22,105,20,45,0.4444444444444444,0,0.4810126582278481,0.5,0.72,0.7407407407407407,0.3055555555555556,0.32558139534883723,0.5,0.5166666666666667,0.5119047619047619,0.48717948717948717,0.2857142857142857,0.875,0.7619047619047619,0.5641025641025641,0.37037037037037035,0.3879310344827586
