,TEAM_NAME,FG3M,FG3A,FG3_PCT,FTM,FTA,FT_PCT,OREB,DREB,REB,AST,STL,BLK,TO,PF,PTS,FG2M,FG2A,FG2_PCT,OUTCOME,DEFICIT_FGM,DEFICIT_FGA,DEFICIT_FG3M,DEFICIT_FG3A,DEFICIT_FTM,DEFICIT_FTA,DEFICIT_OREB,DEFICIT_DREB,DEFICIT_REB,DEFICIT_AST,DEFICIT_STL,DEFICIT_BLK,DEFICIT_TO,DEFICIT_PF,DEFICIT_FG2M,DEFICIT_FG2A
0,Grizzlies,7,14,0.5,25,29,0.862,12,29,41,20,10,1,5,17,114,34,71,0.478873239437,1,0.518987341772,0.5,0.28,0.259259259259,0.694444444444,0.674418604651,0.5,0.483333333333,0.488095238095,0.512820512821,0.714285714286,0.125,0.238095238095,0.435897435897,0.62962962963,0.612068965517
1,Mavericks,18,40,0.45,11,14,0.786,12,31,43,19,4,7,16,22,105,20,45,0.444444444444,0,0.481012658228,0.5,0.72,0.740740740741,0.305555555556,0.325581395349,0.5,0.516666666667,0.511904761905,0.487179487179,0.285714285714,0.875,0.761904761905,0.564102564103,0.37037037037,0.387931034483
