,TEAM_NAME,FG3M,FG3A,FG3_PCT,FTM,FTA,FT_PCT,OREB,DREB,REB,AST,STL,BLK,TO,PF,PTS,FG2M,FG2A,FG2_PCT,OUTCOME,DEFICIT_FGM,DEFICIT_FGA,DEFICIT_FG3M,DEFICIT_FG3A,DEFICIT_FTM,DEFICIT_FTA,DEFICIT_OREB,DEFICIT_DREB,DEFICIT_REB,DEFICIT_AST,DEFICIT_STL,DEFICIT_BLK,DEFICIT_TO,DEFICIT_PF,DEFICIT_FG2M,DEFICIT_FG2A
0,Trail Blazers,9,21,0.429,7,8,0.875,10,37,47,25,4,7,13,12,98,32,63,0.5079365079365079,1,0.5466666666666666,0.46408839779005523,0.6428571428571429,0.4883720930232558,0.35,0.3333333333333333,0.37037037037037035,0.5522388059701493,0.5,0.5208333333333334,0.36363636363636365,0.7777777777777778,0.6842105263157895,0.6,0.5245901639344263,0.45652173913043476
1,Pistons,5,22,0.227,13,16,0.813,17,30,47,23,7,2,6,8,86,29,75,0.38666666666666666,0,0.4533333333333333,0.5359116022099447,0.35714285714285715,0.5116279069767442,0.65,0.6666666666666666,0.6296296296296297,0.44776119402985076,0.5,0.4791666666666667,0.6363636363636364,0.2222222222222222,0.3157894736842105,0.4,0.47540983606557374,0.5434782608695652
