,TEAM_NAME,FG3M,FG3A,FG3_PCT,FTM,FTA,FT_PCT,OREB,DREB,REB,AST,STL,BLK,TO,PF,PTS,FG2M,FG2A,FG2_PCT,OUTCOME,DEFICIT_FGM,DEFICIT_FGA,DEFICIT_FG3M,DEFICIT_FG3A,DEFICIT_FTM,DEFICIT_FTA,DEFICIT_OREB,DEFICIT_DREB,DEFICIT_REB,DEFICIT_AST,DEFICIT_STL,DEFICIT_BLK,DEFICIT_TO,DEFICIT_PF,DEFICIT_FG2M,DEFICIT_FG2A
0,Suns,17,35,0.486,6,9,0.667,10,27,37,24,7,5,22,20,97,20,42,0.47619047619047616,0,0.4625,0.49044585987261147,0.6538461538461539,0.6730769230769231,0.42857142857142855,0.42857142857142855,0.5263157894736842,0.5192307692307693,0.5211267605633803,0.4897959183673469,0.3333333333333333,0.5555555555555556,0.6666666666666666,0.5882352941176471,0.37037037037037035,0.4
1,Heat,9,17,0.529,8,12,0.667,9,25,34,25,14,4,11,14,103,34,63,0.5396825396825397,1,0.5375,0.5095541401273885,0.34615384615384615,0.3269230769230769,0.5714285714285714,0.5714285714285714,0.47368421052631576,0.4807692307692308,0.4788732394366197,0.5102040816326531,0.6666666666666666,0.4444444444444444,0.3333333333333333,0.4117647058823529,0.6296296296296297,0.6
