,TEAM_NAME,FG3M,FG3A,FG3_PCT,FTM,FTA,FT_PCT,OREB,DREB,REB,AST,STL,BLK,TO,PF,PTS,FG2M,FG2A,FG2_PCT,OUTCOME,DEFICIT_FGM,DEFICIT_FGA,DEFICIT_FG3M,DEFICIT_FG3A,DEFICIT_FTM,DEFICIT_FTA,DEFICIT_OREB,DEFICIT_DREB,DEFICIT_REB,DEFICIT_AST,DEFICIT_STL,DEFICIT_BLK,DEFICIT_TO,DEFICIT_PF,DEFICIT_FG2M,DEFICIT_FG2A
0,Knicks,9,19,0.474,10,13,0.769,6,24,30,19,8,8,13,20,93,28,59,0.4745762711864407,0,0.4805194805194805,0.4936708860759494,0.6923076923076923,0.5588235294117647,0.3333333333333333,0.3333333333333333,0.3333333333333333,0.43636363636363634,0.410958904109589,0.4634146341463415,0.5333333333333333,0.5,0.5416666666666666,0.5882352941176471,0.4375,0.47580645161290325
1,Pelicans,4,15,0.267,20,26,0.769,12,31,43,22,7,8,11,14,104,36,65,0.5538461538461539,1,0.5194805194805194,0.5063291139240507,0.3076923076923077,0.4411764705882353,0.6666666666666666,0.6666666666666666,0.6666666666666666,0.5636363636363636,0.589041095890411,0.5365853658536586,0.4666666666666667,0.5,0.4583333333333333,0.4117647058823529,0.5625,0.5241935483870968
