,TEAM_NAME,FG3M,FG3A,FG3_PCT,FTM,FTA,FT_PCT,OREB,DREB,REB,AST,STL,BLK,TO,PF,PTS,FG2M,FG2A,FG2_PCT,OUTCOME,DEFICIT_FGM,DEFICIT_FGA,DEFICIT_FG3M,DEFICIT_FG3A,DEFICIT_FTM,DEFICIT_FTA,DEFICIT_OREB,DEFICIT_DREB,DEFICIT_REB,DEFICIT_AST,DEFICIT_STL,DEFICIT_BLK,DEFICIT_TO,DEFICIT_PF,DEFICIT_FG2M,DEFICIT_FG2A
0,Raptors,7,23,0.304,10,10,1.0,12,23,35,26,4,3,15,24,101,35,59,0.593220338983,0,0.518518518519,0.509316770186,0.4375,0.469387755102,0.357142857143,0.322580645161,0.5,0.547619047619,0.530303030303,0.490566037736,0.5,0.375,0.576923076923,0.585365853659,0.538461538462,0.526785714286
1,Cavaliers,9,26,0.346,18,21,0.857,12,19,31,27,4,5,11,17,105,30,53,0.566037735849,1,0.481481481481,0.490683229814,0.5625,0.530612244898,0.642857142857,0.677419354839,0.5,0.452380952381,0.469696969697,0.509433962264,0.5,0.625,0.423076923077,0.414634146341,0.461538461538,0.473214285714
