,TEAM_NAME,FG3M,FG3A,FG3_PCT,FTM,FTA,FT_PCT,OREB,DREB,REB,AST,STL,BLK,TO,PF,PTS,FG2M,FG2A,FG2_PCT,OUTCOME,DEFICIT_FGM,DEFICIT_FGA,DEFICIT_FG3M,DEFICIT_FG3A,DEFICIT_FTM,DEFICIT_FTA,DEFICIT_OREB,DEFICIT_DREB,DEFICIT_REB,DEFICIT_AST,DEFICIT_STL,DEFICIT_BLK,DEFICIT_TO,DEFICIT_PF,DEFICIT_FG2M,DEFICIT_FG2A
0,Thunder,4,21,0.19,28,34,0.824,15,39,54,23,10,6,20,28,114,37,61,0.6065573770491803,1,0.5466666666666666,0.4939759036144578,0.5,0.5,0.49122807017543857,0.4927536231884058,0.625,0.639344262295082,0.6352941176470588,0.5476190476190477,0.5555555555555556,0.75,0.5882352941176471,0.5283018867924528,0.5522388059701493,0.49193548387096775
1,Bucks,4,21,0.19,29,35,0.829,9,22,31,19,8,2,14,25,101,30,63,0.47619047619047616,0,0.4533333333333333,0.5060240963855421,0.5,0.5,0.5087719298245614,0.5072463768115942,0.375,0.36065573770491804,0.36470588235294116,0.4523809523809524,0.4444444444444444,0.25,0.4117647058823529,0.4716981132075472,0.44776119402985076,0.5080645161290323
