,TEAM_NAME,FG3M,FG3A,FG3_PCT,FTM,FTA,FT_PCT,OREB,DREB,REB,AST,STL,BLK,TO,PF,PTS,FG2M,FG2A,FG2_PCT,OUTCOME,DEFICIT_FGM,DEFICIT_FGA,DEFICIT_FG3M,DEFICIT_FG3A,DEFICIT_FTM,DEFICIT_FTA,DEFICIT_OREB,DEFICIT_DREB,DEFICIT_REB,DEFICIT_AST,DEFICIT_STL,DEFICIT_BLK,DEFICIT_TO,DEFICIT_PF,DEFICIT_FG2M,DEFICIT_FG2A
0,Pelicans,8,21,0.381,27,31,0.871,11,30,41,22,8,3,12,25,105,27,62,0.435483870968,1,0.514705882353,0.512345679012,0.615384615385,0.552631578947,0.574468085106,0.534482758621,0.458333333333,0.483870967742,0.476744186047,0.594594594595,0.615384615385,0.3,0.413793103448,0.520833333333,0.490909090909,0.5
1,Heat,5,17,0.294,20,27,0.741,13,32,45,15,5,7,17,23,91,28,62,0.451612903226,0,0.485294117647,0.487654320988,0.384615384615,0.447368421053,0.425531914894,0.465517241379,0.541666666667,0.516129032258,0.523255813953,0.405405405405,0.384615384615,0.7,0.586206896552,0.479166666667,0.509090909091,0.5
