,TEAM_NAME,FG3M,FG3A,FG3_PCT,FTM,FTA,FT_PCT,OREB,DREB,REB,AST,STL,BLK,TO,PF,PTS,FG2M,FG2A,FG2_PCT,OUTCOME,DEFICIT_FGM,DEFICIT_FGA,DEFICIT_FG3M,DEFICIT_FG3A,DEFICIT_FTM,DEFICIT_FTA,DEFICIT_OREB,DEFICIT_DREB,DEFICIT_REB,DEFICIT_AST,DEFICIT_STL,DEFICIT_BLK,DEFICIT_TO,DEFICIT_PF,DEFICIT_FG2M,DEFICIT_FG2A
0,Raptors,4,18,0.222,22,28,0.786,7,32,39,12,17,5,23,24,76,21,59,0.35593220339,0,0.416666666667,0.478260869565,0.4,0.382978723404,0.5,0.474576271186,0.388888888889,0.438356164384,0.428571428571,0.352941176471,0.5,0.357142857143,0.5,0.510638297872,0.42,0.517543859649
1,Rockets,6,29,0.207,22,31,0.71,11,41,52,22,17,9,23,23,98,29,55,0.527272727273,1,0.583333333333,0.521739130435,0.6,0.617021276596,0.5,0.525423728814,0.611111111111,0.561643835616,0.571428571429,0.647058823529,0.5,0.642857142857,0.5,0.489361702128,0.58,0.482456140351
