,TEAM_NAME,FG3M,FG3A,FG3_PCT,FTM,FTA,FT_PCT,OREB,DREB,REB,AST,STL,BLK,TO,PF,PTS,FG2M,FG2A,FG2_PCT,OUTCOME,DEFICIT_FGM,DEFICIT_FGA,DEFICIT_FG3M,DEFICIT_FG3A,DEFICIT_FTM,DEFICIT_FTA,DEFICIT_OREB,DEFICIT_DREB,DEFICIT_REB,DEFICIT_AST,DEFICIT_STL,DEFICIT_BLK,DEFICIT_TO,DEFICIT_PF,DEFICIT_FG2M,DEFICIT_FG2A
0,Thunder,5,18,0.278,21,26,0.808,19,40,59,21,7,7,14,20,110,37,77,0.480519480519,1,0.512195121951,0.505319148936,0.416666666667,0.428571428571,0.567567567568,0.565217391304,0.633333333333,0.571428571429,0.59,0.428571428571,0.4375,0.411764705882,0.608695652174,0.526315789474,0.528571428571,0.527397260274
1,Hornets,7,24,0.292,16,20,0.8,11,30,41,28,9,10,9,18,103,33,69,0.478260869565,0,0.487804878049,0.494680851064,0.583333333333,0.571428571429,0.432432432432,0.434782608696,0.366666666667,0.428571428571,0.41,0.571428571429,0.5625,0.588235294118,0.391304347826,0.473684210526,0.471428571429,0.472602739726
