,TEAM_NAME,FG3M,FG3A,FG3_PCT,FTM,FTA,FT_PCT,OREB,DREB,REB,AST,STL,BLK,TO,PF,PTS,FG2M,FG2A,FG2_PCT,OUTCOME,DEFICIT_FGM,DEFICIT_FGA,DEFICIT_FG3M,DEFICIT_FG3A,DEFICIT_FTM,DEFICIT_FTA,DEFICIT_OREB,DEFICIT_DREB,DEFICIT_REB,DEFICIT_AST,DEFICIT_STL,DEFICIT_BLK,DEFICIT_TO,DEFICIT_PF,DEFICIT_FG2M,DEFICIT_FG2A
0,Spurs,11,27,0.407,13,19,0.684,9,30,39,21,10,2,19,11,104,29,62,0.467741935484,1,0.487804878049,0.497206703911,0.578947368421,0.465517241379,0.565217391304,0.633333333333,0.409090909091,0.46875,0.453488372093,0.446808510638,0.416666666667,0.333333333333,0.441860465116,0.34375,0.460317460317,0.512396694215
1,Warriors,8,31,0.258,10,11,0.909,13,34,47,26,14,4,24,21,102,34,59,0.576271186441,0,0.512195121951,0.502793296089,0.421052631579,0.534482758621,0.434782608696,0.366666666667,0.590909090909,0.53125,0.546511627907,0.553191489362,0.583333333333,0.666666666667,0.558139534884,0.65625,0.539682539683,0.487603305785
