,TEAM_NAME,FG3M,FG3A,FG3_PCT,FTM,FTA,FT_PCT,OREB,DREB,REB,AST,STL,BLK,TO,PF,PTS,FG2M,FG2A,FG2_PCT,OUTCOME,DEFICIT_FGM,DEFICIT_FGA,DEFICIT_FG3M,DEFICIT_FG3A,DEFICIT_FTM,DEFICIT_FTA,DEFICIT_OREB,DEFICIT_DREB,DEFICIT_REB,DEFICIT_AST,DEFICIT_STL,DEFICIT_BLK,DEFICIT_TO,DEFICIT_PF,DEFICIT_FG2M,DEFICIT_FG2A
0,Warriors,8,16,0.5,21,26,0.808,10,33,43,28,5,3,23,25,113,34,54,0.62962962963,1,0.53164556962,0.445859872611,0.727272727273,0.470588235294,0.538461538462,0.490566037736,0.384615384615,0.647058823529,0.558441558442,0.636363636364,0.294117647059,0.428571428571,0.657142857143,0.5,0.5,0.439024390244
1,Pistons,3,18,0.167,18,27,0.667,16,18,34,16,12,4,12,25,95,34,69,0.492753623188,0,0.46835443038,0.554140127389,0.272727272727,0.529411764706,0.461538461538,0.509433962264,0.615384615385,0.352941176471,0.441558441558,0.363636363636,0.705882352941,0.571428571429,0.342857142857,0.5,0.5,0.560975609756
