,TEAM_NAME,FG3M,FG3A,FG3_PCT,FTM,FTA,FT_PCT,OREB,DREB,REB,AST,STL,BLK,TO,PF,PTS,FG2M,FG2A,FG2_PCT,OUTCOME,DEFICIT_FGM,DEFICIT_FGA,DEFICIT_FG3M,DEFICIT_FG3A,DEFICIT_FTM,DEFICIT_FTA,DEFICIT_OREB,DEFICIT_DREB,DEFICIT_REB,DEFICIT_AST,DEFICIT_STL,DEFICIT_BLK,DEFICIT_TO,DEFICIT_PF,DEFICIT_FG2M,DEFICIT_FG2A
0,Warriors,8,16,0.5,21,26,0.808,10,33,43,28,5,3,23,25,113,34,54,0.6296296296296297,1,0.5316455696202531,0.445859872611465,0.7272727272727273,0.47058823529411764,0.5384615384615384,0.49056603773584906,0.38461538461538464,0.6470588235294118,0.5584415584415584,0.6363636363636364,0.29411764705882354,0.42857142857142855,0.6571428571428571,0.5,0.5,0.43902439024390244
1,Pistons,3,18,0.167,18,27,0.667,16,18,34,16,12,4,12,25,95,34,69,0.4927536231884058,0,0.46835443037974683,0.554140127388535,0.2727272727272727,0.5294117647058824,0.46153846153846156,0.5094339622641509,0.6153846153846154,0.35294117647058826,0.44155844155844154,0.36363636363636365,0.7058823529411765,0.5714285714285714,0.34285714285714286,0.5,0.5,0.5609756097560976
