,TEAM_NAME,FG3M,FG3A,FG3_PCT,FTM,FTA,FT_PCT,OREB,DREB,REB,AST,STL,BLK,TO,PF,PTS,FG2M,FG2A,FG2_PCT,OUTCOME,DEFICIT_FGM,DEFICIT_FGA,DEFICIT_FG3M,DEFICIT_FG3A,DEFICIT_FTM,DEFICIT_FTA,DEFICIT_OREB,DEFICIT_DREB,DEFICIT_REB,DEFICIT_AST,DEFICIT_STL,DEFICIT_BLK,DEFICIT_TO,DEFICIT_PF,DEFICIT_FG2M,DEFICIT_FG2A
0,Bucks,11,30,0.367,18,21,0.857,8,26,34,19,10,1,18,15,95,22,49,0.448979591837,0,0.417721518987,0.5,0.478260869565,0.566037735849,0.5625,0.466666666667,0.615384615385,0.426229508197,0.459459459459,0.395833333333,0.526315789474,0.125,0.58064516129,0.46875,0.392857142857,0.466666666667
1,Heat,12,23,0.522,14,24,0.583,5,35,40,29,9,7,13,17,118,34,56,0.607142857143,1,0.582278481013,0.5,0.521739130435,0.433962264151,0.4375,0.533333333333,0.384615384615,0.573770491803,0.540540540541,0.604166666667,0.473684210526,0.875,0.41935483871,0.53125,0.607142857143,0.533333333333
