,TEAM_NAME,FG3M,FG3A,FG3_PCT,FTM,FTA,FT_PCT,OREB,DREB,REB,AST,STL,BLK,TO,PF,PTS,FG2M,FG2A,FG2_PCT,OUTCOME,DEFICIT_FGM,DEFICIT_FGA,DEFICIT_FG3M,DEFICIT_FG3A,DEFICIT_FTM,DEFICIT_FTA,DEFICIT_OREB,DEFICIT_DREB,DEFICIT_REB,DEFICIT_AST,DEFICIT_STL,DEFICIT_BLK,DEFICIT_TO,DEFICIT_PF,DEFICIT_FG2M,DEFICIT_FG2A
0,Trail Blazers,5,29,0.172,16,24,0.667,9,29,38,17,6,4,13,22,89,29,58,0.5,0,0.447368421053,0.533742331288,0.333333333333,0.557692307692,0.444444444444,0.444444444444,0.75,0.408450704225,0.457831325301,0.386363636364,0.4,0.333333333333,0.5,0.468085106383,0.475409836066,0.522522522523
1,76ers,10,23,0.435,20,30,0.667,3,42,45,27,9,8,13,25,114,32,53,0.603773584906,1,0.552631578947,0.466257668712,0.666666666667,0.442307692308,0.555555555556,0.555555555556,0.25,0.591549295775,0.542168674699,0.613636363636,0.6,0.666666666667,0.5,0.531914893617,0.524590163934,0.477477477477
