,TEAM_NAME,FG3M,FG3A,FG3_PCT,FTM,FTA,FT_PCT,OREB,DREB,REB,AST,STL,BLK,TO,PF,PTS,FG2M,FG2A,FG2_PCT,OUTCOME,DEFICIT_FGM,DEFICIT_FGA,DEFICIT_FG3M,DEFICIT_FG3A,DEFICIT_FTM,DEFICIT_FTA,DEFICIT_OREB,DEFICIT_DREB,DEFICIT_REB,DEFICIT_AST,DEFICIT_STL,DEFICIT_BLK,DEFICIT_TO,DEFICIT_PF,DEFICIT_FG2M,DEFICIT_FG2A
0,Pelicans,9,25,0.36,22,23,0.957,8,45,53,18,6,4,14,15,109,30,53,0.566037735849,1,0.493670886076,0.430939226519,0.75,0.520833333333,0.88,0.575,0.258064516129,0.625,0.514563106796,0.58064516129,0.352941176471,0.571428571429,0.666666666667,0.46875,0.44776119403,0.398496240602
1,Pistons,3,23,0.13,3,17,0.176,23,27,50,13,11,3,7,17,86,37,80,0.4625,0,0.506329113924,0.569060773481,0.25,0.479166666667,0.12,0.425,0.741935483871,0.375,0.485436893204,0.41935483871,0.647058823529,0.428571428571,0.333333333333,0.53125,0.55223880597,0.601503759398
