,TEAM_NAME,FG3M,FG3A,FG3_PCT,FTM,FTA,FT_PCT,OREB,DREB,REB,AST,STL,BLK,TO,PF,PTS,FG2M,FG2A,FG2_PCT,OUTCOME,DEFICIT_FGM,DEFICIT_FGA,DEFICIT_FG3M,DEFICIT_FG3A,DEFICIT_FTM,DEFICIT_FTA,DEFICIT_OREB,DEFICIT_DREB,DEFICIT_REB,DEFICIT_AST,DEFICIT_STL,DEFICIT_BLK,DEFICIT_TO,DEFICIT_PF,DEFICIT_FG2M,DEFICIT_FG2A
0,76ers,6,17,0.353,18,22,0.818,10,30,40,16,7,4,19,22,98,31,68,0.455882352941,0,0.43023255814,0.485714285714,0.315789473684,0.36170212766,0.5625,0.511627906977,0.555555555556,0.46875,0.487804878049,0.4,0.4375,0.25,0.59375,0.55,0.462686567164,0.53125
1,Heat,13,30,0.433,14,21,0.667,8,34,42,24,9,12,13,18,125,36,60,0.6,1,0.56976744186,0.514285714286,0.684210526316,0.63829787234,0.4375,0.488372093023,0.444444444444,0.53125,0.512195121951,0.6,0.5625,0.75,0.40625,0.45,0.537313432836,0.46875
