,TEAM_NAME,FG3M,FG3A,FG3_PCT,FTM,FTA,FT_PCT,OREB,DREB,REB,AST,STL,BLK,TO,PF,PTS,FG2M,FG2A,FG2_PCT,OUTCOME,DEFICIT_FGM,DEFICIT_FGA,DEFICIT_FG3M,DEFICIT_FG3A,DEFICIT_FTM,DEFICIT_FTA,DEFICIT_OREB,DEFICIT_DREB,DEFICIT_REB,DEFICIT_AST,DEFICIT_STL,DEFICIT_BLK,DEFICIT_TO,DEFICIT_PF,DEFICIT_FG2M,DEFICIT_FG2A
0,Spurs,9,29,0.31,21,24,0.875,6,30,36,20,8,7,18,21,100,26,45,0.577777777778,1,0.486111111111,0.477419354839,0.5625,0.557692307692,0.538461538462,0.489795918367,0.315789473684,0.51724137931,0.467532467532,0.47619047619,0.380952380952,0.875,0.514285714286,0.446808510638,0.464285714286,0.436893203883
1,Pacers,7,23,0.304,18,25,0.72,13,28,41,22,13,1,17,26,99,30,58,0.51724137931,0,0.513888888889,0.522580645161,0.4375,0.442307692308,0.461538461538,0.510204081633,0.684210526316,0.48275862069,0.532467532468,0.52380952381,0.619047619048,0.125,0.485714285714,0.553191489362,0.535714285714,0.563106796117
