,TEAM_NAME,FG3M,FG3A,FG3_PCT,FTM,FTA,FT_PCT,OREB,DREB,REB,AST,STL,BLK,TO,PF,PTS,FG2M,FG2A,FG2_PCT,OUTCOME,DEFICIT_FGM,DEFICIT_FGA,DEFICIT_FG3M,DEFICIT_FG3A,DEFICIT_FTM,DEFICIT_FTA,DEFICIT_OREB,DEFICIT_DREB,DEFICIT_REB,DEFICIT_AST,DEFICIT_STL,DEFICIT_BLK,DEFICIT_TO,DEFICIT_PF,DEFICIT_FG2M,DEFICIT_FG2A
0,Jazz,4,19,0.211,6,11,0.545,16,30,46,18,6,5,14,23,80,31,71,0.43661971831,0,0.472972972973,0.535714285714,0.333333333333,0.542857142857,0.222222222222,0.297297297297,0.615384615385,0.441176470588,0.489361702128,0.439024390244,0.352941176471,0.416666666667,0.583333333333,0.605263157895,0.5,0.533834586466
1,Timberwolves,8,16,0.5,21,26,0.808,10,38,48,23,11,7,10,15,107,31,62,0.5,1,0.527027027027,0.464285714286,0.666666666667,0.457142857143,0.777777777778,0.702702702703,0.384615384615,0.558823529412,0.510638297872,0.560975609756,0.647058823529,0.583333333333,0.416666666667,0.394736842105,0.5,0.466165413534
