,TEAM_NAME,FG3M,FG3A,FG3_PCT,FTM,FTA,FT_PCT,OREB,DREB,REB,AST,STL,BLK,TO,PF,PTS,FG2M,FG2A,FG2_PCT,OUTCOME,DEFICIT_FGM,DEFICIT_FGA,DEFICIT_FG3M,DEFICIT_FG3A,DEFICIT_FTM,DEFICIT_FTA,DEFICIT_OREB,DEFICIT_DREB,DEFICIT_REB,DEFICIT_AST,DEFICIT_STL,DEFICIT_BLK,DEFICIT_TO,DEFICIT_PF,DEFICIT_FG2M,DEFICIT_FG2A
0,Bucks,9,18,0.5,13,15,0.867,10,24,34,26,8,5,13,19,98,29,65,0.446153846154,0,0.481012658228,0.497005988024,0.473684210526,0.352941176471,0.41935483871,0.428571428571,0.416666666667,0.436363636364,0.430379746835,0.553191489362,0.5,0.714285714286,0.481481481481,0.558823529412,0.483333333333,0.560344827586
1,Nuggets,10,33,0.303,18,20,0.9,14,31,45,21,8,2,14,15,110,31,51,0.607843137255,1,0.518987341772,0.502994011976,0.526315789474,0.647058823529,0.58064516129,0.571428571429,0.583333333333,0.563636363636,0.569620253165,0.446808510638,0.5,0.285714285714,0.518518518519,0.441176470588,0.516666666667,0.439655172414
