,TEAM_NAME,FG3M,FG3A,FG3_PCT,FTM,FTA,FT_PCT,OREB,DREB,REB,AST,STL,BLK,TO,PF,PTS,FG2M,FG2A,FG2_PCT,OUTCOME,DEFICIT_FGM,DEFICIT_FGA,DEFICIT_FG3M,DEFICIT_FG3A,DEFICIT_FTM,DEFICIT_FTA,DEFICIT_OREB,DEFICIT_DREB,DEFICIT_REB,DEFICIT_AST,DEFICIT_STL,DEFICIT_BLK,DEFICIT_TO,DEFICIT_PF,DEFICIT_FG2M,DEFICIT_FG2A
0,Thunder,10,37,0.27,14,17,0.824,11,26,37,17,6,4,9,23,100,28,63,0.444444444444,0,0.436781609195,0.552486187845,0.625,0.711538461538,0.368421052632,0.36170212766,0.733333333333,0.40625,0.46835443038,0.404761904762,0.461538461538,0.666666666667,0.5,0.547619047619,0.394366197183,0.488372093023
1,Bulls,6,15,0.4,24,30,0.8,4,38,42,25,7,2,9,19,128,43,66,0.651515151515,1,0.563218390805,0.447513812155,0.375,0.288461538462,0.631578947368,0.63829787234,0.266666666667,0.59375,0.53164556962,0.595238095238,0.538461538462,0.333333333333,0.5,0.452380952381,0.605633802817,0.511627906977
