,TEAM_NAME,FG3M,FG3A,FG3_PCT,FTM,FTA,FT_PCT,OREB,DREB,REB,AST,STL,BLK,TO,PF,PTS,FG2M,FG2A,FG2_PCT,OUTCOME,DEFICIT_FGM,DEFICIT_FGA,DEFICIT_FG3M,DEFICIT_FG3A,DEFICIT_FTM,DEFICIT_FTA,DEFICIT_OREB,DEFICIT_DREB,DEFICIT_REB,DEFICIT_AST,DEFICIT_STL,DEFICIT_BLK,DEFICIT_TO,DEFICIT_PF,DEFICIT_FG2M,DEFICIT_FG2A
0,Raptors,8,31,0.258,14,25,0.56,8,33,41,17,6,5,15,29,104,33,47,0.702127659574,0,0.532467532468,0.472727272727,0.4,0.462686567164,0.358974358974,0.454545454545,0.4,0.55,0.5125,0.414634146341,0.5,0.714285714286,0.625,0.58,0.578947368421,0.479591836735
1,Celtics,12,36,0.333,25,30,0.833,12,27,39,24,6,2,9,21,109,24,51,0.470588235294,1,0.467532467532,0.527272727273,0.6,0.537313432836,0.641025641026,0.545454545455,0.6,0.45,0.4875,0.585365853659,0.5,0.285714285714,0.375,0.42,0.421052631579,0.520408163265
