,TEAM_NAME,FG3M,FG3A,FG3_PCT,FTM,FTA,FT_PCT,OREB,DREB,REB,AST,STL,BLK,TO,PF,PTS,FG2M,FG2A,FG2_PCT,OUTCOME,DEFICIT_FGM,DEFICIT_FGA,DEFICIT_FG3M,DEFICIT_FG3A,DEFICIT_FTM,DEFICIT_FTA,DEFICIT_OREB,DEFICIT_DREB,DEFICIT_REB,DEFICIT_AST,DEFICIT_STL,DEFICIT_BLK,DEFICIT_TO,DEFICIT_PF,DEFICIT_FG2M,DEFICIT_FG2A
0,Spurs,7,23,0.304,23,28,0.821,4,37,41,24,10,4,13,24,102,29,56,0.517857142857,1,0.514285714286,0.490683229814,0.538461538462,0.560975609756,0.575,0.622222222222,0.307692307692,0.55223880597,0.5125,0.470588235294,0.526315789474,0.666666666667,0.433333333333,0.545454545455,0.508771929825,0.466666666667
1,Hawks,6,18,0.333,17,17,1.0,9,30,39,27,9,2,17,20,91,28,64,0.4375,0,0.485714285714,0.509316770186,0.461538461538,0.439024390244,0.425,0.377777777778,0.692307692308,0.44776119403,0.4875,0.529411764706,0.473684210526,0.333333333333,0.566666666667,0.454545454545,0.491228070175,0.533333333333
