,TEAM_NAME,FG3M,FG3A,FG3_PCT,FTM,FTA,FT_PCT,OREB,DREB,REB,AST,STL,BLK,TO,PF,PTS,FG2M,FG2A,FG2_PCT,OUTCOME,DEFICIT_FGM,DEFICIT_FGA,DEFICIT_FG3M,DEFICIT_FG3A,DEFICIT_FTM,DEFICIT_FTA,DEFICIT_OREB,DEFICIT_DREB,DEFICIT_REB,DEFICIT_AST,DEFICIT_STL,DEFICIT_BLK,DEFICIT_TO,DEFICIT_PF,DEFICIT_FG2M,DEFICIT_FG2A
0,76ers,10,35,0.286,29,35,0.829,13,37,50,26,8,9,11,24,105,23,54,0.425925925926,0,0.458333333333,0.511494252874,0.555555555556,0.603448275862,0.56862745098,0.546875,0.722222222222,0.506849315068,0.549450549451,0.472727272727,0.571428571429,0.5625,0.5,0.48,0.425925925926,0.465517241379
1,Cavaliers,8,23,0.348,22,29,0.759,5,36,41,29,6,7,11,26,108,31,62,0.5,1,0.541666666667,0.488505747126,0.444444444444,0.396551724138,0.43137254902,0.453125,0.277777777778,0.493150684932,0.450549450549,0.527272727273,0.428571428571,0.4375,0.5,0.52,0.574074074074,0.534482758621
