,TEAM_NAME,FG3M,FG3A,FG3_PCT,FTM,FTA,FT_PCT,OREB,DREB,REB,AST,STL,BLK,TO,PF,PTS,FG2M,FG2A,FG2_PCT,OUTCOME,DEFICIT_FGM,DEFICIT_FGA,DEFICIT_FG3M,DEFICIT_FG3A,DEFICIT_FTM,DEFICIT_FTA,DEFICIT_OREB,DEFICIT_DREB,DEFICIT_REB,DEFICIT_AST,DEFICIT_STL,DEFICIT_BLK,DEFICIT_TO,DEFICIT_PF,DEFICIT_FG2M,DEFICIT_FG2A
0,Timberwolves,10,23,0.435,29,39,0.744,14,37,51,18,8,9,14,18,109,25,66,0.378787878788,1,0.486111111111,0.526627218935,0.555555555556,0.511111111111,0.617021276596,0.573529411765,0.7,0.506849315068,0.548387096774,0.461538461538,0.533333333333,0.5625,0.424242424242,0.409090909091,0.462962962963,0.532258064516
1,Heat,8,22,0.364,18,29,0.621,6,36,42,21,7,7,19,26,100,29,58,0.5,0,0.513888888889,0.473372781065,0.444444444444,0.488888888889,0.382978723404,0.426470588235,0.3,0.493150684932,0.451612903226,0.538461538462,0.466666666667,0.4375,0.575757575758,0.590909090909,0.537037037037,0.467741935484
