,TEAM_NAME,FG3M,FG3A,FG3_PCT,FTM,FTA,FT_PCT,OREB,DREB,REB,AST,STL,BLK,TO,PF,PTS,FG2M,FG2A,FG2_PCT,OUTCOME,DEFICIT_FGM,DEFICIT_FGA,DEFICIT_FG3M,DEFICIT_FG3A,DEFICIT_FTM,DEFICIT_FTA,DEFICIT_OREB,DEFICIT_DREB,DEFICIT_REB,DEFICIT_AST,DEFICIT_STL,DEFICIT_BLK,DEFICIT_TO,DEFICIT_PF,DEFICIT_FG2M,DEFICIT_FG2A
0,Heat,9,32,0.281,11,16,0.688,19,35,54,18,4,4,8,22,98,30,62,0.483870967742,0,0.527027027027,0.534090909091,0.642857142857,0.68085106383,0.289473684211,0.333333333333,0.633333333333,0.5,0.54,0.6,0.666666666667,0.5,0.470588235294,0.594594594595,0.5,0.480620155039
1,Pacers,5,15,0.333,27,32,0.844,11,35,46,12,2,4,9,15,102,30,67,0.44776119403,1,0.472972972973,0.465909090909,0.357142857143,0.31914893617,0.710526315789,0.666666666667,0.366666666667,0.5,0.46,0.4,0.333333333333,0.5,0.529411764706,0.405405405405,0.5,0.519379844961
