,TEAM_NAME,FG3M,FG3A,FG3_PCT,FTM,FTA,FT_PCT,OREB,DREB,REB,AST,STL,BLK,TO,PF,PTS,FG2M,FG2A,FG2_PCT,OUTCOME,DEFICIT_FGM,DEFICIT_FGA,DEFICIT_FG3M,DEFICIT_FG3A,DEFICIT_FTM,DEFICIT_FTA,DEFICIT_OREB,DEFICIT_DREB,DEFICIT_REB,DEFICIT_AST,DEFICIT_STL,DEFICIT_BLK,DEFICIT_TO,DEFICIT_PF,DEFICIT_FG2M,DEFICIT_FG2A
0,Magic,5,12,0.417,22,26,0.846,10,26,36,25,10,2,9,13,103,33,68,0.485294117647,1,0.506666666667,0.522875816993,0.333333333333,0.352941176471,0.55,0.577777777778,0.714285714286,0.464285714286,0.514285714286,0.5,0.625,0.181818181818,0.36,0.393939393939,0.55,0.571428571429
1,Thunder,10,22,0.455,18,19,0.947,4,30,34,25,6,9,16,20,102,27,51,0.529411764706,0,0.493333333333,0.477124183007,0.666666666667,0.647058823529,0.45,0.422222222222,0.285714285714,0.535714285714,0.485714285714,0.5,0.375,0.818181818182,0.64,0.606060606061,0.45,0.428571428571
