,TEAM_NAME,FG3M,FG3A,FG3_PCT,FTM,FTA,FT_PCT,OREB,DREB,REB,AST,STL,BLK,TO,PF,PTS,FG2M,FG2A,FG2_PCT,OUTCOME,DEFICIT_FGM,DEFICIT_FGA,DEFICIT_FG3M,DEFICIT_FG3A,DEFICIT_FTM,DEFICIT_FTA,DEFICIT_OREB,DEFICIT_DREB,DEFICIT_REB,DEFICIT_AST,DEFICIT_STL,DEFICIT_BLK,DEFICIT_TO,DEFICIT_PF,DEFICIT_FG2M,DEFICIT_FG2A
0,Wizards,11,20,0.55,16,23,0.696,11,23,34,29,11,5,13,23,113,32,65,0.492307692308,0,0.518072289157,0.524691358025,0.647058823529,0.571428571429,0.355555555556,0.410714285714,0.44,0.425925925926,0.430379746835,0.591836734694,0.611111111111,0.714285714286,0.41935483871,0.5,0.484848484848,0.511811023622
1,Cavaliers,6,15,0.4,29,33,0.879,14,31,45,20,7,2,18,23,115,34,62,0.548387096774,1,0.481927710843,0.475308641975,0.352941176471,0.428571428571,0.644444444444,0.589285714286,0.56,0.574074074074,0.569620253165,0.408163265306,0.388888888889,0.285714285714,0.58064516129,0.5,0.515151515152,0.488188976378
