,TEAM_NAME,FG3M,FG3A,FG3_PCT,FTM,FTA,FT_PCT,OREB,DREB,REB,AST,STL,BLK,TO,PF,PTS,FG2M,FG2A,FG2_PCT,OUTCOME,DEFICIT_FGM,DEFICIT_FGA,DEFICIT_FG3M,DEFICIT_FG3A,DEFICIT_FTM,DEFICIT_FTA,DEFICIT_OREB,DEFICIT_DREB,DEFICIT_REB,DEFICIT_AST,DEFICIT_STL,DEFICIT_BLK,DEFICIT_TO,DEFICIT_PF,DEFICIT_FG2M,DEFICIT_FG2A
0,Pistons,9,17,0.529,16,24,0.667,15,42,57,26,10,9,22,19,111,34,67,0.507462686567,1,0.573333333333,0.485549132948,0.428571428571,0.354166666667,0.457142857143,0.452830188679,0.483870967742,0.636363636364,0.587628865979,0.604651162791,0.416666666667,0.75,0.647058823529,0.5,0.62962962963,0.536
1,Nets,12,31,0.387,19,29,0.655,16,24,40,17,14,3,12,19,95,20,58,0.344827586207,0,0.426666666667,0.514450867052,0.571428571429,0.645833333333,0.542857142857,0.547169811321,0.516129032258,0.363636363636,0.412371134021,0.395348837209,0.583333333333,0.25,0.352941176471,0.5,0.37037037037,0.464
