,TEAM_NAME,FG3M,FG3A,FG3_PCT,FTM,FTA,FT_PCT,OREB,DREB,REB,AST,STL,BLK,TO,PF,PTS,FG2M,FG2A,FG2_PCT,OUTCOME,DEFICIT_FGM,DEFICIT_FGA,DEFICIT_FG3M,DEFICIT_FG3A,DEFICIT_FTM,DEFICIT_FTA,DEFICIT_OREB,DEFICIT_DREB,DEFICIT_REB,DEFICIT_AST,DEFICIT_STL,DEFICIT_BLK,DEFICIT_TO,DEFICIT_PF,DEFICIT_FG2M,DEFICIT_FG2A
0,Thunder,14,31,0.452,27,33,0.818,15,31,46,23,4,1,10,21,131,31,62,0.5,0,0.445544554455,0.505434782609,0.777777777778,0.673913043478,0.586956521739,0.578947368421,0.789473684211,0.508196721311,0.575,0.396551724138,0.333333333333,0.5,0.625,0.477272727273,0.373493975904,0.449275362319
1,Mavericks,4,15,0.267,19,24,0.792,4,30,34,35,8,1,6,23,135,52,76,0.684210526316,1,0.554455445545,0.494565217391,0.222222222222,0.326086956522,0.413043478261,0.421052631579,0.210526315789,0.491803278689,0.425,0.603448275862,0.666666666667,0.5,0.375,0.522727272727,0.626506024096,0.550724637681
