,TEAM_NAME,FG3M,FG3A,FG3_PCT,FTM,FTA,FT_PCT,OREB,DREB,REB,AST,STL,BLK,TO,PF,PTS,FG2M,FG2A,FG2_PCT,OUTCOME,DEFICIT_FGM,DEFICIT_FGA,DEFICIT_FG3M,DEFICIT_FG3A,DEFICIT_FTM,DEFICIT_FTA,DEFICIT_OREB,DEFICIT_DREB,DEFICIT_REB,DEFICIT_AST,DEFICIT_STL,DEFICIT_BLK,DEFICIT_TO,DEFICIT_PF,DEFICIT_FG2M,DEFICIT_FG2A
0,Jazz,9,23,0.391,15,24,0.625,12,37,49,24,5,8,14,16,98,28,54,0.518518518519,1,0.528571428571,0.447674418605,0.5625,0.410714285714,0.576923076923,0.666666666667,0.521739130435,0.569230769231,0.556818181818,0.648648648649,0.416666666667,0.615384615385,0.7,0.421052631579,0.518518518519,0.465517241379
1,Nuggets,7,33,0.212,11,12,0.917,11,28,39,13,7,5,6,22,84,26,62,0.41935483871,0,0.471428571429,0.552325581395,0.4375,0.589285714286,0.423076923077,0.333333333333,0.478260869565,0.430769230769,0.443181818182,0.351351351351,0.583333333333,0.384615384615,0.3,0.578947368421,0.481481481481,0.534482758621
