,TEAM_NAME,FG3M,FG3A,FG3_PCT,FTM,FTA,FT_PCT,OREB,DREB,REB,AST,STL,BLK,TO,PF,PTS,FG2M,FG2A,FG2_PCT,OUTCOME,DEFICIT_FGM,DEFICIT_FGA,DEFICIT_FG3M,DEFICIT_FG3A,DEFICIT_FTM,DEFICIT_FTA,DEFICIT_OREB,DEFICIT_DREB,DEFICIT_REB,DEFICIT_AST,DEFICIT_STL,DEFICIT_BLK,DEFICIT_TO,DEFICIT_PF,DEFICIT_FG2M,DEFICIT_FG2A
0,Raptors,13,30,0.433,16,23,0.696,8,26,34,25,8,3,12,18,113,29,46,0.630434782609,1,0.506024096386,0.496732026144,0.722222222222,0.681818181818,0.571428571429,0.547619047619,0.533333333333,0.509803921569,0.515151515152,0.54347826087,0.533333333333,0.375,0.48,0.5625,0.446153846154,0.422018348624
1,Timberwolves,5,14,0.357,12,19,0.632,7,25,32,21,7,5,13,14,99,36,63,0.571428571429,0,0.493975903614,0.503267973856,0.277777777778,0.318181818182,0.428571428571,0.452380952381,0.466666666667,0.490196078431,0.484848484848,0.45652173913,0.466666666667,0.625,0.52,0.4375,0.553846153846,0.577981651376
