,TEAM_NAME,FG3M,FG3A,FG3_PCT,FTM,FTA,FT_PCT,OREB,DREB,REB,AST,STL,BLK,TO,PF,PTS,FG2M,FG2A,FG2_PCT,OUTCOME,DEFICIT_FGM,DEFICIT_FGA,DEFICIT_FG3M,DEFICIT_FG3A,DEFICIT_FTM,DEFICIT_FTA,DEFICIT_OREB,DEFICIT_DREB,DEFICIT_REB,DEFICIT_AST,DEFICIT_STL,DEFICIT_BLK,DEFICIT_TO,DEFICIT_PF,DEFICIT_FG2M,DEFICIT_FG2A
0,Spurs,13,29,0.448,20,23,0.87,11,38,49,20,8,3,10,9,103,22,57,0.385964912281,1,0.472972972973,0.480446927374,0.722222222222,0.630434782609,0.714285714286,0.71875,0.44,0.513513513514,0.494949494949,0.454545454545,0.533333333333,0.3,0.454545454545,0.375,0.392857142857,0.428571428571
1,Magic,5,17,0.294,8,9,0.889,14,36,50,24,7,7,12,15,91,34,76,0.447368421053,0,0.527027027027,0.519553072626,0.277777777778,0.369565217391,0.285714285714,0.28125,0.56,0.486486486486,0.505050505051,0.545454545455,0.466666666667,0.7,0.545454545455,0.625,0.607142857143,0.571428571429
