,TEAM_NAME,FG3M,FG3A,FG3_PCT,FTM,FTA,FT_PCT,OREB,DREB,REB,AST,STL,BLK,TO,PF,PTS,FG2M,FG2A,FG2_PCT,OUTCOME,DEFICIT_FGM,DEFICIT_FGA,DEFICIT_FG3M,DEFICIT_FG3A,DEFICIT_FTM,DEFICIT_FTA,DEFICIT_OREB,DEFICIT_DREB,DEFICIT_REB,DEFICIT_AST,DEFICIT_STL,DEFICIT_BLK,DEFICIT_TO,DEFICIT_PF,DEFICIT_FG2M,DEFICIT_FG2A
0,Knicks,11,23,0.478,13,15,0.867,10,30,40,20,6,4,13,15,98,26,58,0.448275862069,0,0.474358974359,0.5,0.55,0.589743589744,0.590909090909,0.555555555556,0.588235294118,0.5,0.519480519481,0.454545454545,0.428571428571,0.363636363636,0.565217391304,0.46875,0.448275862069,0.471544715447
1,Nets,9,16,0.563,9,12,0.75,7,30,37,24,8,7,10,17,100,32,65,0.492307692308,1,0.525641025641,0.5,0.45,0.410256410256,0.409090909091,0.444444444444,0.411764705882,0.5,0.480519480519,0.545454545455,0.571428571429,0.636363636364,0.434782608696,0.53125,0.551724137931,0.528455284553
