,TEAM_NAME,FG3M,FG3A,FG3_PCT,FTM,FTA,FT_PCT,OREB,DREB,REB,AST,STL,BLK,TO,PF,PTS,FG2M,FG2A,FG2_PCT,OUTCOME,DEFICIT_FGM,DEFICIT_FGA,DEFICIT_FG3M,DEFICIT_FG3A,DEFICIT_FTM,DEFICIT_FTA,DEFICIT_OREB,DEFICIT_DREB,DEFICIT_REB,DEFICIT_AST,DEFICIT_STL,DEFICIT_BLK,DEFICIT_TO,DEFICIT_PF,DEFICIT_FG2M,DEFICIT_FG2A
0,Suns,6,16,0.375,10,17,0.588,12,33,45,22,10,2,19,27,104,38,68,0.558823529412,1,0.628571428571,0.541935483871,0.6,0.421052631579,0.238095238095,0.309090909091,0.545454545455,0.559322033898,0.555555555556,0.628571428571,0.555555555556,0.222222222222,0.475,0.54,0.633333333333,0.581196581197
1,Pelicans,4,22,0.182,32,38,0.842,10,26,36,13,8,7,21,23,88,22,49,0.448979591837,0,0.371428571429,0.458064516129,0.4,0.578947368421,0.761904761905,0.690909090909,0.454545454545,0.440677966102,0.444444444444,0.371428571429,0.444444444444,0.777777777778,0.525,0.46,0.366666666667,0.418803418803
