,TEAM_NAME,FG3M,FG3A,FG3_PCT,FTM,FTA,FT_PCT,OREB,DREB,REB,AST,STL,BLK,TO,PF,PTS,FG2M,FG2A,FG2_PCT,OUTCOME,DEFICIT_FGM,DEFICIT_FGA,DEFICIT_FG3M,DEFICIT_FG3A,DEFICIT_FTM,DEFICIT_FTA,DEFICIT_OREB,DEFICIT_DREB,DEFICIT_REB,DEFICIT_AST,DEFICIT_STL,DEFICIT_BLK,DEFICIT_TO,DEFICIT_PF,DEFICIT_FG2M,DEFICIT_FG2A
0,Pistons,8,29,0.276,27,46,0.587,19,45,64,28,7,4,11,35,147,48,95,0.505263157895,1,0.528301886792,0.508196721311,0.615384615385,0.56862745098,0.409090909091,0.511111111111,0.487179487179,0.51724137931,0.507936507937,0.571428571429,0.583333333333,0.307692307692,0.407407407407,0.5,0.516129032258,0.492227979275
1,Bulls,5,22,0.227,39,44,0.886,20,42,62,21,5,9,16,35,144,45,98,0.459183673469,0,0.471698113208,0.491803278689,0.384615384615,0.43137254902,0.590909090909,0.488888888889,0.512820512821,0.48275862069,0.492063492063,0.428571428571,0.416666666667,0.692307692308,0.592592592593,0.5,0.483870967742,0.507772020725
