,TEAM_NAME,FG3M,FG3A,FG3_PCT,FTM,FTA,FT_PCT,OREB,DREB,REB,AST,STL,BLK,TO,PF,PTS,FG2M,FG2A,FG2_PCT,OUTCOME,DEFICIT_FGM,DEFICIT_FGA,DEFICIT_FG3M,DEFICIT_FG3A,DEFICIT_FTM,DEFICIT_FTA,DEFICIT_OREB,DEFICIT_DREB,DEFICIT_REB,DEFICIT_AST,DEFICIT_STL,DEFICIT_BLK,DEFICIT_TO,DEFICIT_PF,DEFICIT_FG2M,DEFICIT_FG2A
0,Jazz,10,25,0.4,19,25,0.76,5,34,39,15,8,1,14,19,97,24,48,0.5,1,0.523076923077,0.480263157895,0.625,0.471698113208,0.487179487179,0.5,0.25,0.539682539683,0.469879518072,0.5,0.444444444444,0.2,0.5,0.487179487179,0.489795918367,0.484848484848
1,Nuggets,6,28,0.214,20,25,0.8,15,29,44,15,10,4,14,20,88,25,51,0.490196078431,0,0.476923076923,0.519736842105,0.375,0.528301886792,0.512820512821,0.5,0.75,0.460317460317,0.530120481928,0.5,0.555555555556,0.8,0.5,0.512820512821,0.510204081633,0.515151515152
