,TEAM_NAME,FG3M,FG3A,FG3_PCT,FTM,FTA,FT_PCT,OREB,DREB,REB,AST,STL,BLK,TO,PF,PTS,FG2M,FG2A,FG2_PCT,OUTCOME,DEFICIT_FGM,DEFICIT_FGA,DEFICIT_FG3M,DEFICIT_FG3A,DEFICIT_FTM,DEFICIT_FTA,DEFICIT_OREB,DEFICIT_DREB,DEFICIT_REB,DEFICIT_AST,DEFICIT_STL,DEFICIT_BLK,DEFICIT_TO,DEFICIT_PF,DEFICIT_FG2M,DEFICIT_FG2A
0,Grizzlies,5,12,0.417,29,38,0.763,10,25,35,23,11,3,13,21,108,32,64,0.5,0,0.4625,0.487179487179,0.357142857143,0.352941176471,0.644444444444,0.64406779661,0.47619047619,0.454545454545,0.460526315789,0.46,0.611111111111,0.375,0.448275862069,0.428571428571,0.484848484848,0.524590163934
1,Nuggets,9,22,0.409,16,21,0.762,11,30,41,27,7,5,16,28,111,34,58,0.586206896552,1,0.5375,0.512820512821,0.642857142857,0.647058823529,0.355555555556,0.35593220339,0.52380952381,0.545454545455,0.539473684211,0.54,0.388888888889,0.625,0.551724137931,0.571428571429,0.515151515152,0.475409836066
