,TEAM_NAME,FG3M,FG3A,FG3_PCT,FTM,FTA,FT_PCT,OREB,DREB,REB,AST,STL,BLK,TO,PF,PTS,FG2M,FG2A,FG2_PCT,OUTCOME,DEFICIT_FGM,DEFICIT_FGA,DEFICIT_FG3M,DEFICIT_FG3A,DEFICIT_FTM,DEFICIT_FTA,DEFICIT_OREB,DEFICIT_DREB,DEFICIT_REB,DEFICIT_AST,DEFICIT_STL,DEFICIT_BLK,DEFICIT_TO,DEFICIT_PF,DEFICIT_FG2M,DEFICIT_FG2A
0,Spurs,7,21,0.333,12,15,0.8,6,41,47,27,8,4,12,13,107,37,62,0.596774193548,1,0.530120481928,0.477011494253,0.4375,0.428571428571,0.705882352941,0.6,0.375,0.585714285714,0.546511627907,0.519230769231,0.666666666667,0.666666666667,0.545454545455,0.5,0.55223880597,0.496
1,Warriors,9,28,0.321,5,10,0.5,10,29,39,25,4,2,10,13,92,30,63,0.47619047619,0,0.469879518072,0.522988505747,0.5625,0.571428571429,0.294117647059,0.4,0.625,0.414285714286,0.453488372093,0.480769230769,0.333333333333,0.333333333333,0.454545454545,0.5,0.44776119403,0.504
