,TEAM_NAME,FG3M,FG3A,FG3_PCT,FTM,FTA,FT_PCT,OREB,DREB,REB,AST,STL,BLK,TO,PF,PTS,FG2M,FG2A,FG2_PCT,OUTCOME,DEFICIT_FGM,DEFICIT_FGA,DEFICIT_FG3M,DEFICIT_FG3A,DEFICIT_FTM,DEFICIT_FTA,DEFICIT_OREB,DEFICIT_DREB,DEFICIT_REB,DEFICIT_AST,DEFICIT_STL,DEFICIT_BLK,DEFICIT_TO,DEFICIT_PF,DEFICIT_FG2M,DEFICIT_FG2A
0,76ers,10,32,0.313,5,8,0.625,19,17,36,22,8,5,10,23,91,28,67,0.417910447761,0,0.506666666667,0.578947368421,0.769230769231,0.711111111111,0.172413793103,0.216216216216,0.558823529412,0.333333333333,0.423529411765,0.478260869565,0.571428571429,0.263157894737,0.357142857143,0.560975609756,0.451612903226,0.531746031746
1,Knicks,3,13,0.231,24,29,0.828,15,34,49,24,6,14,18,18,101,34,59,0.576271186441,1,0.493333333333,0.421052631579,0.230769230769,0.288888888889,0.827586206897,0.783783783784,0.441176470588,0.666666666667,0.576470588235,0.521739130435,0.428571428571,0.736842105263,0.642857142857,0.439024390244,0.548387096774,0.468253968254
