,TEAM_NAME,FG3M,FG3A,FG3_PCT,FTM,FTA,FT_PCT,OREB,DREB,REB,AST,STL,BLK,TO,PF,PTS,FG2M,FG2A,FG2_PCT,OUTCOME,DEFICIT_FGM,DEFICIT_FGA,DEFICIT_FG3M,DEFICIT_FG3A,DEFICIT_FTM,DEFICIT_FTA,DEFICIT_OREB,DEFICIT_DREB,DEFICIT_REB,DEFICIT_AST,DEFICIT_STL,DEFICIT_BLK,DEFICIT_TO,DEFICIT_PF,DEFICIT_FG2M,DEFICIT_FG2A
0,Cavaliers,16,37,0.432,13,22,0.591,10,30,40,24,9,4,10,17,99,19,46,0.413043478261,1,0.507246376812,0.522012578616,0.592592592593,0.578125,0.464285714286,0.511627906977,0.526315789474,0.454545454545,0.470588235294,0.461538461538,0.5625,0.666666666667,0.384615384615,0.435897435897,0.452380952381,0.484210526316
1,Bulls,11,27,0.407,15,21,0.714,9,36,45,28,7,2,16,22,94,23,49,0.469387755102,0,0.492753623188,0.477987421384,0.407407407407,0.421875,0.535714285714,0.488372093023,0.473684210526,0.545454545455,0.529411764706,0.538461538462,0.4375,0.333333333333,0.615384615385,0.564102564103,0.547619047619,0.515789473684
