,TEAM_NAME,FG3M,FG3A,FG3_PCT,FTM,FTA,FT_PCT,OREB,DREB,REB,AST,STL,BLK,TO,PF,PTS,FG2M,FG2A,FG2_PCT,OUTCOME,DEFICIT_FGM,DEFICIT_FGA,DEFICIT_FG3M,DEFICIT_FG3A,DEFICIT_FTM,DEFICIT_FTA,DEFICIT_OREB,DEFICIT_DREB,DEFICIT_REB,DEFICIT_AST,DEFICIT_STL,DEFICIT_BLK,DEFICIT_TO,DEFICIT_PF,DEFICIT_FG2M,DEFICIT_FG2A
0,Heat,2,20,0.1,13,19,0.684,7,30,37,15,7,7,14,25,89,35,62,0.564516129032,0,0.5,0.491017964072,0.125,0.4,0.351351351351,0.345454545455,0.259259259259,0.461538461538,0.402173913043,0.394736842105,0.538461538462,0.5,0.56,0.531914893617,0.603448275862,0.529914529915
1,Pacers,14,30,0.467,24,36,0.667,20,35,55,23,6,7,11,22,112,23,55,0.418181818182,1,0.5,0.508982035928,0.875,0.6,0.648648648649,0.654545454545,0.740740740741,0.538461538462,0.597826086957,0.605263157895,0.461538461538,0.5,0.44,0.468085106383,0.396551724138,0.470085470085
