,TEAM_NAME,FG3M,FG3A,FG3_PCT,FTM,FTA,FT_PCT,OREB,DREB,REB,AST,STL,BLK,TO,PF,PTS,FG2M,FG2A,FG2_PCT,OUTCOME,DEFICIT_FGM,DEFICIT_FGA,DEFICIT_FG3M,DEFICIT_FG3A,DEFICIT_FTM,DEFICIT_FTA,DEFICIT_OREB,DEFICIT_DREB,DEFICIT_REB,DEFICIT_AST,DEFICIT_STL,DEFICIT_BLK,DEFICIT_TO,DEFICIT_PF,DEFICIT_FG2M,DEFICIT_FG2A
0,Wizards,4,11,0.364,26,35,0.743,9,36,45,21,5,5,10,26,102,32,63,0.507936507937,1,0.514285714286,0.477419354839,0.444444444444,0.354838709677,0.565217391304,0.573770491803,0.409090909091,0.58064516129,0.535714285714,0.617647058824,0.5,0.625,0.555555555556,0.509803921569,0.524590163934,0.508064516129
1,Bulls,5,20,0.25,20,26,0.769,13,26,39,13,5,3,8,25,93,29,61,0.475409836066,0,0.485714285714,0.522580645161,0.555555555556,0.645161290323,0.434782608696,0.426229508197,0.590909090909,0.41935483871,0.464285714286,0.382352941176,0.5,0.375,0.444444444444,0.490196078431,0.475409836066,0.491935483871
