,TEAM_NAME,FG3M,FG3A,FG3_PCT,FTM,FTA,FT_PCT,OREB,DREB,REB,AST,STL,BLK,TO,PF,PTS,FG2M,FG2A,FG2_PCT,OUTCOME,DEFICIT_FGM,DEFICIT_FGA,DEFICIT_FG3M,DEFICIT_FG3A,DEFICIT_FTM,DEFICIT_FTA,DEFICIT_OREB,DEFICIT_DREB,DEFICIT_REB,DEFICIT_AST,DEFICIT_STL,DEFICIT_BLK,DEFICIT_TO,DEFICIT_PF,DEFICIT_FG2M,DEFICIT_FG2A
0,Hornets,8,19,0.421,23,28,0.821,12,37,49,24,5,2,11,20,115,34,66,0.515151515152,1,0.545454545455,0.491329479769,0.727272727273,0.542857142857,0.560975609756,0.538461538462,0.5,0.587301587302,0.563218390805,0.615384615385,0.454545454545,0.666666666667,0.55,0.454545454545,0.515151515152,0.478260869565
1,Nets,3,16,0.188,18,24,0.75,12,26,38,15,6,1,9,24,91,32,72,0.444444444444,0,0.454545454545,0.508670520231,0.272727272727,0.457142857143,0.439024390244,0.461538461538,0.5,0.412698412698,0.436781609195,0.384615384615,0.545454545455,0.333333333333,0.45,0.545454545455,0.484848484848,0.521739130435
