,TEAM_NAME,FG3M,FG3A,FG3_PCT,FTM,FTA,FT_PCT,OREB,DREB,REB,AST,STL,BLK,TO,PF,PTS,FG2M,FG2A,FG2_PCT,OUTCOME,DEFICIT_FGM,DEFICIT_FGA,DEFICIT_FG3M,DEFICIT_FG3A,DEFICIT_FTM,DEFICIT_FTA,DEFICIT_OREB,DEFICIT_DREB,DEFICIT_REB,DEFICIT_AST,DEFICIT_STL,DEFICIT_BLK,DEFICIT_TO,DEFICIT_PF,DEFICIT_FG2M,DEFICIT_FG2A
0,Spurs,10,23,0.435,12,16,0.75,8,36,44,23,13,10,17,23,112,35,62,0.564516129032,1,0.608108108108,0.521472392638,0.769230769231,0.71875,0.333333333333,0.32,0.5,0.571428571429,0.556962025316,0.605263157895,0.481481481481,0.714285714286,0.5,0.638888888889,0.573770491803,0.473282442748
1,Kings,3,9,0.333,24,34,0.706,8,27,35,15,14,4,17,13,85,26,69,0.376811594203,0,0.391891891892,0.478527607362,0.230769230769,0.28125,0.666666666667,0.68,0.5,0.428571428571,0.443037974684,0.394736842105,0.518518518519,0.285714285714,0.5,0.361111111111,0.426229508197,0.526717557252
