,TEAM_NAME,FG3M,FG3A,FG3_PCT,FTM,FTA,FT_PCT,OREB,DREB,REB,AST,STL,BLK,TO,PF,PTS,FG2M,FG2A,FG2_PCT,OUTCOME,DEFICIT_FGM,DEFICIT_FGA,DEFICIT_FG3M,DEFICIT_FG3A,DEFICIT_FTM,DEFICIT_FTA,DEFICIT_OREB,DEFICIT_DREB,DEFICIT_REB,DEFICIT_AST,DEFICIT_STL,DEFICIT_BLK,DEFICIT_TO,DEFICIT_PF,DEFICIT_FG2M,DEFICIT_FG2A
0,76ers,15,35,0.429,35,44,0.795,16,42,58,20,8,8,17,26,118,19,61,0.311475409836,0,0.435897435897,0.5,0.681818181818,0.625,0.555555555556,0.564102564103,0.64,0.48275862069,0.517857142857,0.512820512821,0.470588235294,0.470588235294,0.548387096774,0.456140350877,0.339285714286,0.448529411765
1,Thunder,7,21,0.333,28,34,0.824,9,45,54,19,9,9,14,31,123,37,75,0.493333333333,1,0.564102564103,0.5,0.318181818182,0.375,0.444444444444,0.435897435897,0.36,0.51724137931,0.482142857143,0.487179487179,0.529411764706,0.529411764706,0.451612903226,0.543859649123,0.660714285714,0.551470588235
