,TEAM_NAME,FG3M,FG3A,FG3_PCT,FTM,FTA,FT_PCT,OREB,DREB,REB,AST,STL,BLK,TO,PF,PTS,FG2M,FG2A,FG2_PCT,OUTCOME,DEFICIT_FGM,DEFICIT_FGA,DEFICIT_FG3M,DEFICIT_FG3A,DEFICIT_FTM,DEFICIT_FTA,DEFICIT_OREB,DEFICIT_DREB,DEFICIT_REB,DEFICIT_AST,DEFICIT_STL,DEFICIT_BLK,DEFICIT_TO,DEFICIT_PF,DEFICIT_FG2M,DEFICIT_FG2A
0,Jazz,10,31,0.323,18,24,0.75,17,30,47,18,6,9,14,18,92,22,55,0.4,0,0.492307692308,0.51497005988,0.625,0.574074074074,0.409090909091,0.444444444444,0.607142857143,0.454545454545,0.5,0.428571428571,0.4,0.75,0.583333333333,0.514285714286,0.448979591837,0.486725663717
1,Hawks,6,23,0.261,26,30,0.867,11,36,47,24,9,3,10,17,98,27,58,0.465517241379,1,0.507692307692,0.48502994012,0.375,0.425925925926,0.590909090909,0.555555555556,0.392857142857,0.545454545455,0.5,0.571428571429,0.6,0.25,0.416666666667,0.485714285714,0.551020408163,0.513274336283
