,TEAM_NAME,FG3M,FG3A,FG3_PCT,FTM,FTA,FT_PCT,OREB,DREB,REB,AST,STL,BLK,TO,PF,PTS,FG2M,FG2A,FG2_PCT,OUTCOME,DEFICIT_FGM,DEFICIT_FGA,DEFICIT_FG3M,DEFICIT_FG3A,DEFICIT_FTM,DEFICIT_FTA,DEFICIT_OREB,DEFICIT_DREB,DEFICIT_REB,DEFICIT_AST,DEFICIT_STL,DEFICIT_BLK,DEFICIT_TO,DEFICIT_PF,DEFICIT_FG2M,DEFICIT_FG2A
0,Knicks,10,24,0.417,7,14,0.5,17,30,47,18,13,4,11,15,81,22,67,0.328358208955,0,0.457142857143,0.544910179641,0.434782608696,0.421052631579,0.466666666667,0.5,0.653846153846,0.428571428571,0.489583333333,0.428571428571,0.565217391304,0.571428571429,0.407407407407,0.483870967742,0.468085106383,0.609090909091
1,Pistons,13,33,0.394,8,14,0.571,9,40,49,24,10,3,16,16,97,25,43,0.581395348837,1,0.542857142857,0.455089820359,0.565217391304,0.578947368421,0.533333333333,0.5,0.346153846154,0.571428571429,0.510416666667,0.571428571429,0.434782608696,0.428571428571,0.592592592593,0.516129032258,0.531914893617,0.390909090909
