,TEAM_NAME,FG3M,FG3A,FG3_PCT,FTM,FTA,FT_PCT,OREB,DREB,REB,AST,STL,BLK,TO,PF,PTS,FG2M,FG2A,FG2_PCT,OUTCOME,DEFICIT_FGM,DEFICIT_FGA,DEFICIT_FG3M,DEFICIT_FG3A,DEFICIT_FTM,DEFICIT_FTA,DEFICIT_OREB,DEFICIT_DREB,DEFICIT_REB,DEFICIT_AST,DEFICIT_STL,DEFICIT_BLK,DEFICIT_TO,DEFICIT_PF,DEFICIT_FG2M,DEFICIT_FG2A
0,Wizards,11,21,0.524,13,15,0.867,8,31,39,27,3,1,15,19,102,28,63,0.4444444444444444,0,0.46987951807228917,0.5029940119760479,0.5789473684210527,0.525,0.5,0.4411764705882353,0.5714285714285714,0.49206349206349204,0.5064935064935064,0.5625,0.2727272727272727,0.2,0.6,0.48717948717948717,0.4375,0.49606299212598426
1,Thunder,8,19,0.421,13,19,0.684,6,32,38,21,8,4,10,20,109,36,64,0.5625,1,0.5301204819277109,0.49700598802395207,0.42105263157894735,0.475,0.5,0.5588235294117647,0.42857142857142855,0.5079365079365079,0.4935064935064935,0.4375,0.7272727272727273,0.8,0.4,0.5128205128205128,0.5625,0.5039370078740157
