,TEAM_NAME,FG3M,FG3A,FG3_PCT,FTM,FTA,FT_PCT,OREB,DREB,REB,AST,STL,BLK,TO,PF,PTS,FG2M,FG2A,FG2_PCT,OUTCOME,DEFICIT_FGM,DEFICIT_FGA,DEFICIT_FG3M,DEFICIT_FG3A,DEFICIT_FTM,DEFICIT_FTA,DEFICIT_OREB,DEFICIT_DREB,DEFICIT_REB,DEFICIT_AST,DEFICIT_STL,DEFICIT_BLK,DEFICIT_TO,DEFICIT_PF,DEFICIT_FG2M,DEFICIT_FG2A
0,Grizzlies,6,14,0.429,21,31,0.677,13,33,46,27,7,4,12,15,109,35,70,0.5,1,0.4880952380952381,0.509090909090909,0.5,0.42424242424242425,0.6,0.62,0.7222222222222222,0.5,0.5476190476190477,0.5294117647058824,0.4117647058823529,0.3333333333333333,0.48,0.3488372093023256,0.4861111111111111,0.5303030303030303
1,Lakers,6,19,0.316,14,19,0.737,5,33,38,24,10,8,13,28,106,37,62,0.5967741935483871,0,0.5119047619047619,0.4909090909090909,0.5,0.5757575757575758,0.4,0.38,0.2777777777777778,0.5,0.4523809523809524,0.47058823529411764,0.5882352941176471,0.6666666666666666,0.52,0.6511627906976745,0.5138888888888888,0.4696969696969697
