,TEAM_NAME,FG3M,FG3A,FG3_PCT,FTM,FTA,FT_PCT,OREB,DREB,REB,AST,STL,BLK,TO,PF,PTS,FG2M,FG2A,FG2_PCT,OUTCOME,DEFICIT_FGM,DEFICIT_FGA,DEFICIT_FG3M,DEFICIT_FG3A,DEFICIT_FTM,DEFICIT_FTA,DEFICIT_OREB,DEFICIT_DREB,DEFICIT_REB,DEFICIT_AST,DEFICIT_STL,DEFICIT_BLK,DEFICIT_TO,DEFICIT_PF,DEFICIT_FG2M,DEFICIT_FG2A
0,Magic,11,22,0.5,13,20,0.65,8,29,37,22,13,3,11,18,98,26,66,0.393939393939,0,0.474358974359,0.55,0.611111111111,0.52380952381,0.541666666667,0.526315789474,0.666666666667,0.414285714286,0.451219512195,0.458333333333,0.65,0.375,0.333333333333,0.529411764706,0.433333333333,0.559322033898
1,Nets,7,20,0.35,11,18,0.611,4,41,45,26,7,5,22,16,100,34,52,0.653846153846,1,0.525641025641,0.45,0.388888888889,0.47619047619,0.458333333333,0.473684210526,0.333333333333,0.585714285714,0.548780487805,0.541666666667,0.35,0.625,0.666666666667,0.470588235294,0.566666666667,0.440677966102
