,TEAM_NAME,FG3M,FG3A,FG3_PCT,FTM,FTA,FT_PCT,OREB,DREB,REB,AST,STL,BLK,TO,PF,PTS,FG2M,FG2A,FG2_PCT,OUTCOME,DEFICIT_FGM,DEFICIT_FGA,DEFICIT_FG3M,DEFICIT_FG3A,DEFICIT_FTM,DEFICIT_FTA,DEFICIT_OREB,DEFICIT_DREB,DEFICIT_REB,DEFICIT_AST,DEFICIT_STL,DEFICIT_BLK,DEFICIT_TO,DEFICIT_PF,DEFICIT_FG2M,DEFICIT_FG2A
0,Bucks,7,24,0.292,8,10,0.8,10,33,43,28,10,7,12,18,91,31,65,0.47692307692307695,0,0.5205479452054794,0.5235294117647059,0.4666666666666667,0.5454545454545454,0.3333333333333333,0.3333333333333333,0.5,0.4852941176470588,0.48863636363636365,0.5384615384615384,0.5882352941176471,0.7,0.4444444444444444,0.6,0.5344827586206896,0.5158730158730159
1,Pacers,8,20,0.4,16,20,0.8,10,35,45,24,7,3,15,12,94,27,61,0.4426229508196721,1,0.4794520547945205,0.4764705882352941,0.5333333333333333,0.45454545454545453,0.6666666666666666,0.6666666666666666,0.5,0.5147058823529411,0.5113636363636364,0.46153846153846156,0.4117647058823529,0.3,0.5555555555555556,0.4,0.46551724137931033,0.48412698412698413
