,TEAM_NAME,FG3M,FG3A,FG3_PCT,FTM,FTA,FT_PCT,OREB,DREB,REB,AST,STL,BLK,TO,PF,PTS,FG2M,FG2A,FG2_PCT,OUTCOME,DEFICIT_FGM,DEFICIT_FGA,DEFICIT_FG3M,DEFICIT_FG3A,DEFICIT_FTM,DEFICIT_FTA,DEFICIT_OREB,DEFICIT_DREB,DEFICIT_REB,DEFICIT_AST,DEFICIT_STL,DEFICIT_BLK,DEFICIT_TO,DEFICIT_PF,DEFICIT_FG2M,DEFICIT_FG2A
0,Wizards,11,21,0.524,13,15,0.867,8,31,39,27,3,1,15,19,102,28,63,0.444444444444,0,0.469879518072,0.502994011976,0.578947368421,0.525,0.5,0.441176470588,0.571428571429,0.492063492063,0.506493506494,0.5625,0.272727272727,0.2,0.6,0.487179487179,0.4375,0.496062992126
1,Thunder,8,19,0.421,13,19,0.684,6,32,38,21,8,4,10,20,109,36,64,0.5625,1,0.530120481928,0.497005988024,0.421052631579,0.475,0.5,0.558823529412,0.428571428571,0.507936507937,0.493506493506,0.4375,0.727272727273,0.8,0.4,0.512820512821,0.5625,0.503937007874
