,TEAM_NAME,FG3M,FG3A,FG3_PCT,FTM,FTA,FT_PCT,OREB,DREB,REB,AST,STL,BLK,TO,PF,PTS,FG2M,FG2A,FG2_PCT,OUTCOME,DEFICIT_FGM,DEFICIT_FGA,DEFICIT_FG3M,DEFICIT_FG3A,DEFICIT_FTM,DEFICIT_FTA,DEFICIT_OREB,DEFICIT_DREB,DEFICIT_REB,DEFICIT_AST,DEFICIT_STL,DEFICIT_BLK,DEFICIT_TO,DEFICIT_PF,DEFICIT_FG2M,DEFICIT_FG2A
0,Spurs,12,24,0.5,23,26,0.885,21,34,55,25,13,3,13,19,129,35,74,0.472972972973,1,0.540229885057,0.535519125683,0.631578947368,0.421052631579,0.638888888889,0.590909090909,0.724137931034,0.55737704918,0.611111111111,0.510204081633,0.541666666667,0.333333333333,0.448275862069,0.5,0.514705882353,0.587301587302
1,Warriors,7,33,0.212,13,18,0.722,8,27,35,24,11,6,16,19,100,33,52,0.634615384615,0,0.459770114943,0.464480874317,0.368421052632,0.578947368421,0.361111111111,0.409090909091,0.275862068966,0.44262295082,0.388888888889,0.489795918367,0.458333333333,0.666666666667,0.551724137931,0.5,0.485294117647,0.412698412698
