,TEAM_NAME,FG3M,FG3A,FG3_PCT,FTM,FTA,FT_PCT,OREB,DREB,REB,AST,STL,BLK,TO,PF,PTS,FG2M,FG2A,FG2_PCT,OUTCOME,DEFICIT_FGM,DEFICIT_FGA,DEFICIT_FG3M,DEFICIT_FG3A,DEFICIT_FTM,DEFICIT_FTA,DEFICIT_OREB,DEFICIT_DREB,DEFICIT_REB,DEFICIT_AST,DEFICIT_STL,DEFICIT_BLK,DEFICIT_TO,DEFICIT_PF,DEFICIT_FG2M,DEFICIT_FG2A
0,Wizards,13,32,0.406,12,14,0.857,10,30,40,29,7,5,15,19,113,31,56,0.553571428571,1,0.511627906977,0.494382022472,0.65,0.571428571429,0.387096774194,0.388888888889,0.416666666667,0.526315789474,0.493827160494,0.591836734694,0.5,0.555555555556,0.6,0.575757575758,0.469696969697,0.459016393443
1,Knicks,7,24,0.292,19,22,0.864,14,27,41,20,7,4,10,14,110,35,66,0.530303030303,0,0.488372093023,0.505617977528,0.35,0.428571428571,0.612903225806,0.611111111111,0.583333333333,0.473684210526,0.506172839506,0.408163265306,0.5,0.444444444444,0.4,0.424242424242,0.530303030303,0.540983606557
