,TEAM_NAME,FG3M,FG3A,FG3_PCT,FTM,FTA,FT_PCT,OREB,DREB,REB,AST,STL,BLK,TO,PF,PTS,FG2M,FG2A,FG2_PCT,OUTCOME,DEFICIT_FGM,DEFICIT_FGA,DEFICIT_FG3M,DEFICIT_FG3A,DEFICIT_FTM,DEFICIT_FTA,DEFICIT_OREB,DEFICIT_DREB,DEFICIT_REB,DEFICIT_AST,DEFICIT_STL,DEFICIT_BLK,DEFICIT_TO,DEFICIT_PF,DEFICIT_FG2M,DEFICIT_FG2A
0,Spurs,9,22,0.409,21,25,0.84,6,37,43,28,12,5,7,19,118,35,64,0.546875,1,0.543209876543,0.485875706215,0.473684210526,0.415094339623,0.512195121951,0.490196078431,0.352941176471,0.536231884058,0.5,0.509090909091,0.705882352941,0.416666666667,0.318181818182,0.5,0.564516129032,0.516129032258
1,Nuggets,10,31,0.323,20,26,0.769,11,32,43,27,5,7,15,19,104,27,60,0.45,0,0.456790123457,0.514124293785,0.526315789474,0.584905660377,0.487804878049,0.509803921569,0.647058823529,0.463768115942,0.5,0.490909090909,0.294117647059,0.583333333333,0.681818181818,0.5,0.435483870968,0.483870967742
