,TEAM_NAME,FG3M,FG3A,FG3_PCT,FTM,FTA,FT_PCT,OREB,DREB,REB,AST,STL,BLK,TO,PF,PTS,FG2M,FG2A,FG2_PCT,OUTCOME,DEFICIT_FGM,DEFICIT_FGA,DEFICIT_FG3M,DEFICIT_FG3A,DEFICIT_FTM,DEFICIT_FTA,DEFICIT_OREB,DEFICIT_DREB,DEFICIT_REB,DEFICIT_AST,DEFICIT_STL,DEFICIT_BLK,DEFICIT_TO,DEFICIT_PF,DEFICIT_FG2M,DEFICIT_FG2A
0,Suns,4,19,0.211,25,31,0.806,15,31,46,23,10,4,14,22,103,33,66,0.5,0,0.4625,0.5,0.173913043478,0.311475409836,0.657894736842,0.62,0.789473684211,0.492063492063,0.560975609756,0.442307692308,0.588235294118,0.4,0.538461538462,0.478260869565,0.578947368421,0.605504587156
1,Cavaliers,19,42,0.452,13,19,0.684,4,32,36,29,7,6,12,24,118,24,43,0.558139534884,1,0.5375,0.5,0.826086956522,0.688524590164,0.342105263158,0.38,0.210526315789,0.507936507937,0.439024390244,0.557692307692,0.411764705882,0.6,0.461538461538,0.521739130435,0.421052631579,0.394495412844
