,TEAM_NAME,FG3M,FG3A,FG3_PCT,FTM,FTA,FT_PCT,OREB,DREB,REB,AST,STL,BLK,TO,PF,PTS,FG2M,FG2A,FG2_PCT,OUTCOME,DEFICIT_FGM,DEFICIT_FGA,DEFICIT_FG3M,DEFICIT_FG3A,DEFICIT_FTM,DEFICIT_FTA,DEFICIT_OREB,DEFICIT_DREB,DEFICIT_REB,DEFICIT_AST,DEFICIT_STL,DEFICIT_BLK,DEFICIT_TO,DEFICIT_PF,DEFICIT_FG2M,DEFICIT_FG2A
0,76ers,8,26,0.308,16,22,0.727,9,33,42,21,5,6,17,18,88,24,53,0.452830188679,0,0.444444444444,0.49375,0.4,0.509803921569,0.432432432432,0.5,0.642857142857,0.478260869565,0.506024096386,0.45652173913,0.416666666667,0.375,0.607142857143,0.461538461538,0.461538461538,0.48623853211
1,Hornets,12,25,0.48,21,22,0.955,5,36,41,25,7,10,11,21,113,28,56,0.5,1,0.555555555556,0.50625,0.6,0.490196078431,0.567567567568,0.5,0.357142857143,0.521739130435,0.493975903614,0.54347826087,0.583333333333,0.625,0.392857142857,0.538461538462,0.538461538462,0.51376146789
