,TEAM_NAME,FG3M,FG3A,FG3_PCT,FTM,FTA,FT_PCT,OREB,DREB,REB,AST,STL,BLK,TO,PF,PTS,FG2M,FG2A,FG2_PCT,OUTCOME,DEFICIT_FGM,DEFICIT_FGA,DEFICIT_FG3M,DEFICIT_FG3A,DEFICIT_FTM,DEFICIT_FTA,DEFICIT_OREB,DEFICIT_DREB,DEFICIT_REB,DEFICIT_AST,DEFICIT_STL,DEFICIT_BLK,DEFICIT_TO,DEFICIT_PF,DEFICIT_FG2M,DEFICIT_FG2A
0,Timberwolves,3,13,0.231,17,25,0.68,6,34,40,17,7,4,17,19,86,30,64,0.46875,0,0.4520547945205479,0.4695121951219512,0.3333333333333333,0.3170731707317073,0.6296296296296297,0.6578947368421053,0.42857142857142855,0.4788732394366197,0.47058823529411764,0.5666666666666667,0.3888888888888889,0.4444444444444444,0.5483870967741935,0.4523809523809524,0.46875,0.5203252032520326
1,Pistons,6,28,0.214,10,13,0.769,8,37,45,13,11,5,14,23,96,34,59,0.576271186440678,1,0.547945205479452,0.5304878048780488,0.6666666666666666,0.6829268292682927,0.37037037037037035,0.34210526315789475,0.5714285714285714,0.5211267605633803,0.5294117647058824,0.43333333333333335,0.6111111111111112,0.5555555555555556,0.45161290322580644,0.5476190476190477,0.53125,0.4796747967479675
