,TEAM_NAME,FG3M,FG3A,FG3_PCT,FTM,FTA,FT_PCT,OREB,DREB,REB,AST,STL,BLK,TO,PF,PTS,FG2M,FG2A,FG2_PCT,OUTCOME,DEFICIT_FGM,DEFICIT_FGA,DEFICIT_FG3M,DEFICIT_FG3A,DEFICIT_FTM,DEFICIT_FTA,DEFICIT_OREB,DEFICIT_DREB,DEFICIT_REB,DEFICIT_AST,DEFICIT_STL,DEFICIT_BLK,DEFICIT_TO,DEFICIT_PF,DEFICIT_FG2M,DEFICIT_FG2A
0,Spurs,9,17,0.529,13,16,0.813,5,38,43,22,5,8,8,17,90,25,67,0.373134328358,0,0.459459459459,0.488372093023,0.529411764706,0.435897435897,0.448275862069,0.484848484848,0.416666666667,0.452380952381,0.447916666667,0.458333333333,0.625,0.727272727273,0.470588235294,0.5,0.438596491228,0.503759398496
1,Pelicans,8,22,0.364,16,17,0.941,7,46,53,26,3,3,9,17,104,32,66,0.484848484848,1,0.540540540541,0.511627906977,0.470588235294,0.564102564103,0.551724137931,0.515151515152,0.583333333333,0.547619047619,0.552083333333,0.541666666667,0.375,0.272727272727,0.529411764706,0.5,0.561403508772,0.496240601504
