,TEAM_NAME,FG3M,FG3A,FG3_PCT,FTM,FTA,FT_PCT,OREB,DREB,REB,AST,STL,BLK,TO,PF,PTS,FG2M,FG2A,FG2_PCT,OUTCOME,DEFICIT_FGM,DEFICIT_FGA,DEFICIT_FG3M,DEFICIT_FG3A,DEFICIT_FTM,DEFICIT_FTA,DEFICIT_OREB,DEFICIT_DREB,DEFICIT_REB,DEFICIT_AST,DEFICIT_STL,DEFICIT_BLK,DEFICIT_TO,DEFICIT_PF,DEFICIT_FG2M,DEFICIT_FG2A
0,Suns,15,27,0.556,19,25,0.76,10,32,42,22,7,7,19,26,114,25,52,0.480769230769,1,0.493827160494,0.467455621302,0.75,0.529411764706,0.487179487179,0.490196078431,0.416666666667,0.571428571429,0.525,0.478260869565,0.466666666667,0.636363636364,0.633333333333,0.541666666667,0.409836065574,0.440677966102
1,Nuggets,5,24,0.208,20,26,0.769,14,24,38,24,8,4,11,22,107,36,66,0.545454545455,0,0.506172839506,0.532544378698,0.25,0.470588235294,0.512820512821,0.509803921569,0.583333333333,0.428571428571,0.475,0.521739130435,0.533333333333,0.363636363636,0.366666666667,0.458333333333,0.590163934426,0.559322033898
