,TEAM_NAME,FG3M,FG3A,FG3_PCT,FTM,FTA,FT_PCT,OREB,DREB,REB,AST,STL,BLK,TO,PF,PTS,FG2M,FG2A,FG2_PCT,OUTCOME,DEFICIT_FGM,DEFICIT_FGA,DEFICIT_FG3M,DEFICIT_FG3A,DEFICIT_FTM,DEFICIT_FTA,DEFICIT_OREB,DEFICIT_DREB,DEFICIT_REB,DEFICIT_AST,DEFICIT_STL,DEFICIT_BLK,DEFICIT_TO,DEFICIT_PF,DEFICIT_FG2M,DEFICIT_FG2A
0,Grizzlies,8,24,0.333,16,19,0.842,8,39,47,26,16,4,11,30,96,28,61,0.459016393443,1,0.5625,0.534591194969,0.571428571429,0.452830188679,0.421052631579,0.339285714286,0.470588235294,0.493670886076,0.489583333333,0.634146341463,0.592592592593,0.307692307692,0.323529411765,0.566037735849,0.56,0.575471698113
1,Rockets,6,29,0.207,22,37,0.595,9,40,49,15,11,9,23,23,84,22,45,0.488888888889,0,0.4375,0.465408805031,0.428571428571,0.547169811321,0.578947368421,0.660714285714,0.529411764706,0.506329113924,0.510416666667,0.365853658537,0.407407407407,0.692307692308,0.676470588235,0.433962264151,0.44,0.424528301887
