,TEAM_NAME,FG3M,FG3A,FG3_PCT,FTM,FTA,FT_PCT,OREB,DREB,REB,AST,STL,BLK,TO,PF,PTS,FG2M,FG2A,FG2_PCT,OUTCOME,DEFICIT_FGM,DEFICIT_FGA,DEFICIT_FG3M,DEFICIT_FG3A,DEFICIT_FTM,DEFICIT_FTA,DEFICIT_OREB,DEFICIT_DREB,DEFICIT_REB,DEFICIT_AST,DEFICIT_STL,DEFICIT_BLK,DEFICIT_TO,DEFICIT_PF,DEFICIT_FG2M,DEFICIT_FG2A
0,Thunder,3,29,0.103,17,23,0.739,21,28,49,12,9,4,14,19,90,32,63,0.5079365079365079,0,0.5147058823529411,0.5609756097560976,0.2,0.5918367346938775,0.53125,0.5,0.7777777777777778,0.4827586206896552,0.5764705882352941,0.34285714285714286,0.47368421052631576,0.4444444444444444,0.4117647058823529,0.48717948717948717,0.6037735849056604,0.5478260869565217
1,Knicks,12,20,0.6,15,23,0.652,6,30,36,23,10,5,20,20,93,21,52,0.40384615384615385,1,0.4852941176470588,0.43902439024390244,0.8,0.40816326530612246,0.46875,0.5,0.2222222222222222,0.5172413793103449,0.4235294117647059,0.6571428571428571,0.5263157894736842,0.5555555555555556,0.5882352941176471,0.5128205128205128,0.39622641509433965,0.45217391304347826
