,TEAM_NAME,FG3M,FG3A,FG3_PCT,FTM,FTA,FT_PCT,OREB,DREB,REB,AST,STL,BLK,TO,PF,PTS,FG2M,FG2A,FG2_PCT,OUTCOME,DEFICIT_FGM,DEFICIT_FGA,DEFICIT_FG3M,DEFICIT_FG3A,DEFICIT_FTM,DEFICIT_FTA,DEFICIT_OREB,DEFICIT_DREB,DEFICIT_REB,DEFICIT_AST,DEFICIT_STL,DEFICIT_BLK,DEFICIT_TO,DEFICIT_PF,DEFICIT_FG2M,DEFICIT_FG2A
0,Jazz,6,20,0.3,17,21,0.81,18,30,48,14,4,2,17,24,93,29,60,0.48333333333333334,0,0.47297297297297297,0.49079754601226994,0.42857142857142855,0.4166666666666667,0.5151515151515151,0.5526315789473685,0.6923076923076923,0.5357142857142857,0.5853658536585366,0.3684210526315789,0.2857142857142857,0.2857142857142857,0.68,0.5581395348837209,0.48333333333333334,0.5217391304347826
1,Mavericks,8,28,0.286,16,17,0.941,8,26,34,24,10,5,8,19,102,31,55,0.5636363636363636,1,0.527027027027027,0.50920245398773,0.5714285714285714,0.5833333333333334,0.48484848484848486,0.4473684210526316,0.3076923076923077,0.4642857142857143,0.4146341463414634,0.631578947368421,0.7142857142857143,0.7142857142857143,0.32,0.4418604651162791,0.5166666666666667,0.4782608695652174
