,TEAM_NAME,FG3M,FG3A,FG3_PCT,FTM,FTA,FT_PCT,OREB,DREB,REB,AST,STL,BLK,TO,PF,PTS,FG2M,FG2A,FG2_PCT,OUTCOME,DEFICIT_FGM,DEFICIT_FGA,DEFICIT_FG3M,DEFICIT_FG3A,DEFICIT_FTM,DEFICIT_FTA,DEFICIT_OREB,DEFICIT_DREB,DEFICIT_REB,DEFICIT_AST,DEFICIT_STL,DEFICIT_BLK,DEFICIT_TO,DEFICIT_PF,DEFICIT_FG2M,DEFICIT_FG2A
0,Celtics,10,29,0.345,8,10,0.8,7,34,41,39,10,4,16,19,120,41,58,0.7068965517241379,1,0.5930232558139535,0.4943181818181818,0.5555555555555556,0.6041666666666666,0.32,0.29411764705882354,0.3333333333333333,0.53125,0.4823529411764706,0.6964285714285714,0.5,1.0,0.45714285714285713,0.59375,0.6029411764705882,0.453125
1,Nets,8,19,0.421,17,24,0.708,14,30,44,17,10,0,19,13,95,27,70,0.38571428571428573,0,0.4069767441860465,0.5056818181818182,0.4444444444444444,0.3958333333333333,0.68,0.7058823529411765,0.6666666666666666,0.46875,0.5176470588235295,0.30357142857142855,0.5,0.0,0.5428571428571428,0.40625,0.39705882352941174,0.546875
