,TEAM_NAME,FG3M,FG3A,FG3_PCT,FTM,FTA,FT_PCT,OREB,DREB,REB,AST,STL,BLK,TO,PF,PTS,FG2M,FG2A,FG2_PCT,OUTCOME,DEFICIT_FGM,DEFICIT_FGA,DEFICIT_FG3M,DEFICIT_FG3A,DEFICIT_FTM,DEFICIT_FTA,DEFICIT_OREB,DEFICIT_DREB,DEFICIT_REB,DEFICIT_AST,DEFICIT_STL,DEFICIT_BLK,DEFICIT_TO,DEFICIT_PF,DEFICIT_FG2M,DEFICIT_FG2A
0,Jazz,6,20,0.3,17,21,0.81,18,30,48,14,4,2,17,24,93,29,60,0.483333333333,0,0.472972972973,0.490797546012,0.428571428571,0.416666666667,0.515151515152,0.552631578947,0.692307692308,0.535714285714,0.585365853659,0.368421052632,0.285714285714,0.285714285714,0.68,0.558139534884,0.483333333333,0.521739130435
1,Mavericks,8,28,0.286,16,17,0.941,8,26,34,24,10,5,8,19,102,31,55,0.563636363636,1,0.527027027027,0.509202453988,0.571428571429,0.583333333333,0.484848484848,0.447368421053,0.307692307692,0.464285714286,0.414634146341,0.631578947368,0.714285714286,0.714285714286,0.32,0.441860465116,0.516666666667,0.478260869565
