,TEAM_NAME,FG3M,FG3A,FG3_PCT,FTM,FTA,FT_PCT,OREB,DREB,REB,AST,STL,BLK,TO,PF,PTS,FG2M,FG2A,FG2_PCT,OUTCOME,DEFICIT_FGM,DEFICIT_FGA,DEFICIT_FG3M,DEFICIT_FG3A,DEFICIT_FTM,DEFICIT_FTA,DEFICIT_OREB,DEFICIT_DREB,DEFICIT_REB,DEFICIT_AST,DEFICIT_STL,DEFICIT_BLK,DEFICIT_TO,DEFICIT_PF,DEFICIT_FG2M,DEFICIT_FG2A
0,Pelicans,7,23,0.304,14,21,0.667,6,36,42,27,3,6,11,19,99,32,61,0.524590163934,0,0.475609756098,0.454054054054,0.466666666667,0.53488372093,0.518518518519,0.477272727273,0.222222222222,0.461538461538,0.4,0.551020408163,0.230769230769,0.5,0.52380952381,0.487179487179,0.477611940299,0.429577464789
1,Bulls,8,20,0.4,13,23,0.565,21,42,63,22,10,6,10,20,107,35,81,0.432098765432,1,0.524390243902,0.545945945946,0.533333333333,0.46511627907,0.481481481481,0.522727272727,0.777777777778,0.538461538462,0.6,0.448979591837,0.769230769231,0.5,0.47619047619,0.512820512821,0.522388059701,0.570422535211
