,TEAM_NAME,FG3M,FG3A,FG3_PCT,FTM,FTA,FT_PCT,OREB,DREB,REB,AST,STL,BLK,TO,PF,PTS,FG2M,FG2A,FG2_PCT,OUTCOME,DEFICIT_FGM,DEFICIT_FGA,DEFICIT_FG3M,DEFICIT_FG3A,DEFICIT_FTM,DEFICIT_FTA,DEFICIT_OREB,DEFICIT_DREB,DEFICIT_REB,DEFICIT_AST,DEFICIT_STL,DEFICIT_BLK,DEFICIT_TO,DEFICIT_PF,DEFICIT_FG2M,DEFICIT_FG2A
0,Pelicans,5,11,0.455,17,21,0.81,15,28,43,17,7,5,15,29,90,29,74,0.3918918918918919,0,0.53125,0.5483870967741935,0.3333333333333333,0.3235294117647059,0.40476190476190477,0.4117647058823529,0.7142857142857143,0.4745762711864407,0.5375,0.4722222222222222,0.5833333333333334,0.29411764705882354,0.4838709677419355,0.6170212765957447,0.5918367346938775,0.6115702479338843
1,Pacers,10,23,0.435,25,30,0.833,6,31,37,19,5,12,16,18,95,20,47,0.425531914893617,1,0.46875,0.45161290322580644,0.6666666666666666,0.6764705882352942,0.5952380952380952,0.5882352941176471,0.2857142857142857,0.5254237288135594,0.4625,0.5277777777777778,0.4166666666666667,0.7058823529411765,0.5161290322580645,0.3829787234042553,0.40816326530612246,0.3884297520661157
