,TEAM_NAME,FG3M,FG3A,FG3_PCT,FTM,FTA,FT_PCT,OREB,DREB,REB,AST,STL,BLK,TO,PF,PTS,FG2M,FG2A,FG2_PCT,OUTCOME,DEFICIT_FGM,DEFICIT_FGA,DEFICIT_FG3M,DEFICIT_FG3A,DEFICIT_FTM,DEFICIT_FTA,DEFICIT_OREB,DEFICIT_DREB,DEFICIT_REB,DEFICIT_AST,DEFICIT_STL,DEFICIT_BLK,DEFICIT_TO,DEFICIT_PF,DEFICIT_FG2M,DEFICIT_FG2A
0,Mavericks,11,24,0.458,19,24,0.792,7,35,42,31,7,2,20,22,118,33,53,0.6226415094339622,1,0.5432098765432098,0.5032679738562091,0.5789473684210527,0.5,0.41304347826086957,0.4067796610169492,0.5833333333333334,0.5555555555555556,0.56,0.5344827586206896,0.30434782608695654,0.2857142857142857,0.5405405405405406,0.5238095238095238,0.532258064516129,0.5047619047619047
1,Hawks,8,24,0.333,27,35,0.771,5,28,33,27,16,5,17,20,109,29,52,0.5576923076923077,0,0.4567901234567901,0.49673202614379086,0.42105263157894735,0.5,0.5869565217391305,0.5932203389830508,0.4166666666666667,0.4444444444444444,0.44,0.46551724137931033,0.6956521739130435,0.7142857142857143,0.4594594594594595,0.47619047619047616,0.46774193548387094,0.49523809523809526
