,TEAM_NAME,FG3M,FG3A,FG3_PCT,FTM,FTA,FT_PCT,OREB,DREB,REB,AST,STL,BLK,TO,PF,PTS,FG2M,FG2A,FG2_PCT,OUTCOME,DEFICIT_FGM,DEFICIT_FGA,DEFICIT_FG3M,DEFICIT_FG3A,DEFICIT_FTM,DEFICIT_FTA,DEFICIT_OREB,DEFICIT_DREB,DEFICIT_REB,DEFICIT_AST,DEFICIT_STL,DEFICIT_BLK,DEFICIT_TO,DEFICIT_PF,DEFICIT_FG2M,DEFICIT_FG2A
0,Kings,8,21,0.381,16,23,0.696,11,30,41,13,8,7,14,26,90,25,60,0.4166666666666667,1,0.4925373134328358,0.50625,0.6153846153846154,0.5833333333333334,0.5161290322580645,0.575,0.5789473684210527,0.47619047619047616,0.5,0.40625,0.7272727272727273,0.3888888888888889,0.4375,0.5531914893617021,0.46296296296296297,0.4838709677419355
1,Nuggets,5,15,0.333,15,17,0.882,8,33,41,19,3,11,18,21,88,29,64,0.453125,0,0.5074626865671642,0.49375,0.38461538461538464,0.4166666666666667,0.4838709677419355,0.425,0.42105263157894735,0.5238095238095238,0.5,0.59375,0.2727272727272727,0.6111111111111112,0.5625,0.44680851063829785,0.5370370370370371,0.5161290322580645
