,TEAM_NAME,FG3M,FG3A,FG3_PCT,FTM,FTA,FT_PCT,OREB,DREB,REB,AST,STL,BLK,TO,PF,PTS,FG2M,FG2A,FG2_PCT,OUTCOME,DEFICIT_FGM,DEFICIT_FGA,DEFICIT_FG3M,DEFICIT_FG3A,DEFICIT_FTM,DEFICIT_FTA,DEFICIT_OREB,DEFICIT_DREB,DEFICIT_REB,DEFICIT_AST,DEFICIT_STL,DEFICIT_BLK,DEFICIT_TO,DEFICIT_PF,DEFICIT_FG2M,DEFICIT_FG2A
0,Raptors,5,17,0.294,12,23,0.522,19,29,48,15,9,6,17,25,93,33,69,0.4782608695652174,1,0.5428571428571428,0.5657894736842105,0.625,0.5666666666666667,0.375,0.4423076923076923,0.7307692307692307,0.5272727272727272,0.5925925925925926,0.5,0.47368421052631576,0.46153846153846156,0.4358974358974359,0.4807692307692308,0.532258064516129,0.5655737704918032
1,Celtics,3,13,0.231,20,29,0.69,7,26,33,15,10,7,22,27,87,29,53,0.5471698113207547,0,0.45714285714285713,0.4342105263157895,0.375,0.43333333333333335,0.625,0.5576923076923077,0.2692307692307692,0.4727272727272727,0.4074074074074074,0.5,0.5263157894736842,0.5384615384615384,0.5641025641025641,0.5192307692307693,0.46774193548387094,0.4344262295081967
