,TEAM_NAME,FG3M,FG3A,FG3_PCT,FTM,FTA,FT_PCT,OREB,DREB,REB,AST,STL,BLK,TO,PF,PTS,FG2M,FG2A,FG2_PCT,OUTCOME,DEFICIT_FGM,DEFICIT_FGA,DEFICIT_FG3M,DEFICIT_FG3A,DEFICIT_FTM,DEFICIT_FTA,DEFICIT_OREB,DEFICIT_DREB,DEFICIT_REB,DEFICIT_AST,DEFICIT_STL,DEFICIT_BLK,DEFICIT_TO,DEFICIT_PF,DEFICIT_FG2M,DEFICIT_FG2A
0,Jazz,6,22,0.273,20,30,0.667,10,34,44,25,6,5,22,28,98,30,57,0.526315789474,0,0.521739130435,0.49375,0.5,0.536585365854,0.408163265306,0.47619047619,0.5,0.492753623188,0.494382022472,0.735294117647,0.285714285714,0.555555555556,0.628571428571,0.538461538462,0.526315789474,0.478991596639
1,Thunder,6,19,0.316,29,33,0.879,10,35,45,9,15,4,13,24,101,27,62,0.435483870968,1,0.478260869565,0.50625,0.5,0.463414634146,0.591836734694,0.52380952381,0.5,0.507246376812,0.505617977528,0.264705882353,0.714285714286,0.444444444444,0.371428571429,0.461538461538,0.473684210526,0.521008403361
