,TEAM_NAME,FG3M,FG3A,FG3_PCT,FTM,FTA,FT_PCT,OREB,DREB,REB,AST,STL,BLK,TO,PF,PTS,FG2M,FG2A,FG2_PCT,OUTCOME,DEFICIT_FGM,DEFICIT_FGA,DEFICIT_FG3M,DEFICIT_FG3A,DEFICIT_FTM,DEFICIT_FTA,DEFICIT_OREB,DEFICIT_DREB,DEFICIT_REB,DEFICIT_AST,DEFICIT_STL,DEFICIT_BLK,DEFICIT_TO,DEFICIT_PF,DEFICIT_FG2M,DEFICIT_FG2A
0,Cavaliers,5,15,0.333,23,34,0.676,16,32,48,21,7,3,11,20,98,30,69,0.43478260869565216,1,0.5147058823529411,0.5060240963855421,0.35714285714285715,0.38461538461538464,0.5476190476190477,0.5862068965517241,0.64,0.5333333333333333,0.5647058823529412,0.4666666666666667,0.4666666666666667,0.2727272727272727,0.4230769230769231,0.425531914893617,0.5555555555555556,0.5433070866141733
1,Nets,9,24,0.375,19,24,0.792,9,28,37,24,8,8,15,27,94,24,58,0.41379310344827586,0,0.4852941176470588,0.4939759036144578,0.6428571428571429,0.6153846153846154,0.4523809523809524,0.41379310344827586,0.36,0.4666666666666667,0.43529411764705883,0.5333333333333333,0.5333333333333333,0.7272727272727273,0.5769230769230769,0.574468085106383,0.4444444444444444,0.4566929133858268
