,TEAM_NAME,FG3M,FG3A,FG3_PCT,FTM,FTA,FT_PCT,OREB,DREB,REB,AST,STL,BLK,TO,PF,PTS,FG2M,FG2A,FG2_PCT,OUTCOME,DEFICIT_FGM,DEFICIT_FGA,DEFICIT_FG3M,DEFICIT_FG3A,DEFICIT_FTM,DEFICIT_FTA,DEFICIT_OREB,DEFICIT_DREB,DEFICIT_REB,DEFICIT_AST,DEFICIT_STL,DEFICIT_BLK,DEFICIT_TO,DEFICIT_PF,DEFICIT_FG2M,DEFICIT_FG2A
0,Jazz,6,22,0.273,20,30,0.667,10,34,44,25,6,5,22,28,98,30,57,0.5263157894736842,0,0.5217391304347826,0.49375,0.5,0.5365853658536586,0.40816326530612246,0.47619047619047616,0.5,0.4927536231884058,0.4943820224719101,0.7352941176470589,0.2857142857142857,0.5555555555555556,0.6285714285714286,0.5384615384615384,0.5263157894736842,0.4789915966386555
1,Thunder,6,19,0.316,29,33,0.879,10,35,45,9,15,4,13,24,101,27,62,0.43548387096774194,1,0.4782608695652174,0.50625,0.5,0.4634146341463415,0.5918367346938775,0.5238095238095238,0.5,0.5072463768115942,0.5056179775280899,0.2647058823529412,0.7142857142857143,0.4444444444444444,0.37142857142857144,0.46153846153846156,0.47368421052631576,0.5210084033613446
