,TEAM_NAME,FG3M,FG3A,FG3_PCT,FTM,FTA,FT_PCT,OREB,DREB,REB,AST,STL,BLK,TO,PF,PTS,FG2M,FG2A,FG2_PCT,OUTCOME,DEFICIT_FGM,DEFICIT_FGA,DEFICIT_FG3M,DEFICIT_FG3A,DEFICIT_FTM,DEFICIT_FTA,DEFICIT_OREB,DEFICIT_DREB,DEFICIT_REB,DEFICIT_AST,DEFICIT_STL,DEFICIT_BLK,DEFICIT_TO,DEFICIT_PF,DEFICIT_FG2M,DEFICIT_FG2A
0,Spurs,11,20,0.55,10,16,0.625,4,36,40,25,3,6,15,18,101,29,56,0.5178571428571429,1,0.5063291139240507,0.44970414201183434,0.5789473684210527,0.5714285714285714,0.5555555555555556,0.5161290322580645,0.26666666666666666,0.5217391304347826,0.47619047619047616,0.5102040816326531,0.3333333333333333,0.6666666666666666,0.5172413793103449,0.5454545454545454,0.48333333333333334,0.417910447761194
1,Grizzlies,8,15,0.533,8,15,0.533,11,33,44,24,6,3,14,15,94,31,78,0.3974358974358974,0,0.4936708860759494,0.5502958579881657,0.42105263157894735,0.42857142857142855,0.4444444444444444,0.4838709677419355,0.7333333333333333,0.4782608695652174,0.5238095238095238,0.4897959183673469,0.6666666666666666,0.3333333333333333,0.4827586206896552,0.45454545454545453,0.5166666666666667,0.582089552238806
