,TEAM_NAME,FG3M,FG3A,FG3_PCT,FTM,FTA,FT_PCT,OREB,DREB,REB,AST,STL,BLK,TO,PF,PTS,FG2M,FG2A,FG2_PCT,OUTCOME,DEFICIT_FGM,DEFICIT_FGA,DEFICIT_FG3M,DEFICIT_FG3A,DEFICIT_FTM,DEFICIT_FTA,DEFICIT_OREB,DEFICIT_DREB,DEFICIT_REB,DEFICIT_AST,DEFICIT_STL,DEFICIT_BLK,DEFICIT_TO,DEFICIT_PF,DEFICIT_FG2M,DEFICIT_FG2A
0,Spurs,11,20,0.55,10,16,0.625,4,36,40,25,3,6,15,18,101,29,56,0.517857142857,1,0.506329113924,0.449704142012,0.578947368421,0.571428571429,0.555555555556,0.516129032258,0.266666666667,0.521739130435,0.47619047619,0.510204081633,0.333333333333,0.666666666667,0.51724137931,0.545454545455,0.483333333333,0.417910447761
1,Grizzlies,8,15,0.533,8,15,0.533,11,33,44,24,6,3,14,15,94,31,78,0.397435897436,0,0.493670886076,0.550295857988,0.421052631579,0.428571428571,0.444444444444,0.483870967742,0.733333333333,0.478260869565,0.52380952381,0.489795918367,0.666666666667,0.333333333333,0.48275862069,0.454545454545,0.516666666667,0.582089552239
