,TEAM_NAME,FG3M,FG3A,FG3_PCT,FTM,FTA,FT_PCT,OREB,DREB,REB,AST,STL,BLK,TO,PF,PTS,FG2M,FG2A,FG2_PCT,OUTCOME,DEFICIT_FGM,DEFICIT_FGA,DEFICIT_FG3M,DEFICIT_FG3A,DEFICIT_FTM,DEFICIT_FTA,DEFICIT_OREB,DEFICIT_DREB,DEFICIT_REB,DEFICIT_AST,DEFICIT_STL,DEFICIT_BLK,DEFICIT_TO,DEFICIT_PF,DEFICIT_FG2M,DEFICIT_FG2A
0,Wizards,10,25,0.4,24,32,0.75,13,25,38,23,5,3,16,30,102,24,53,0.4528301886792453,0,0.4657534246575342,0.5,0.5263157894736842,0.5102040816326531,0.48,0.49230769230769234,0.52,0.43859649122807015,0.4634146341463415,0.48936170212765956,0.45454545454545453,0.42857142857142855,0.47058823529411764,0.5263157894736842,0.4444444444444444,0.4953271028037383
1,Pistons,9,24,0.375,26,33,0.788,12,32,44,24,6,4,18,27,113,30,54,0.5555555555555556,1,0.5342465753424658,0.5,0.47368421052631576,0.4897959183673469,0.52,0.5076923076923077,0.48,0.5614035087719298,0.5365853658536586,0.5106382978723404,0.5454545454545454,0.5714285714285714,0.5294117647058824,0.47368421052631576,0.5555555555555556,0.5046728971962616
