,TEAM_NAME,FG3M,FG3A,FG3_PCT,FTM,FTA,FT_PCT,OREB,DREB,REB,AST,STL,BLK,TO,PF,PTS,FG2M,FG2A,FG2_PCT,OUTCOME,DEFICIT_FGM,DEFICIT_FGA,DEFICIT_FG3M,DEFICIT_FG3A,DEFICIT_FTM,DEFICIT_FTA,DEFICIT_OREB,DEFICIT_DREB,DEFICIT_REB,DEFICIT_AST,DEFICIT_STL,DEFICIT_BLK,DEFICIT_TO,DEFICIT_PF,DEFICIT_FG2M,DEFICIT_FG2A
0,Spurs,12,28,0.429,25,29,0.862,12,32,44,20,10,4,12,13,103,21,57,0.368421052632,0,0.407407407407,0.477528089888,0.48,0.48275862069,0.714285714286,0.674418604651,0.461538461538,0.450704225352,0.453608247423,0.408163265306,0.555555555556,0.4,0.461538461538,0.393939393939,0.375,0.475
1,Pelicans,13,30,0.433,10,14,0.714,14,39,53,29,8,6,14,20,119,35,63,0.555555555556,1,0.592592592593,0.522471910112,0.52,0.51724137931,0.285714285714,0.325581395349,0.538461538462,0.549295774648,0.546391752577,0.591836734694,0.444444444444,0.6,0.538461538462,0.606060606061,0.625,0.525
