,TEAM_NAME,FG3M,FG3A,FG3_PCT,FTM,FTA,FT_PCT,OREB,DREB,REB,AST,STL,BLK,TO,PF,PTS,FG2M,FG2A,FG2_PCT,OUTCOME,DEFICIT_FGM,DEFICIT_FGA,DEFICIT_FG3M,DEFICIT_FG3A,DEFICIT_FTM,DEFICIT_FTA,DEFICIT_OREB,DEFICIT_DREB,DEFICIT_REB,DEFICIT_AST,DEFICIT_STL,DEFICIT_BLK,DEFICIT_TO,DEFICIT_PF,DEFICIT_FG2M,DEFICIT_FG2A
0,Wizards,13,31,0.419,13,19,0.684,13,39,52,26,12,10,18,24,112,30,58,0.51724137931,1,0.58904109589,0.517441860465,0.590909090909,0.5,0.433333333333,0.431818181818,0.619047619048,0.541666666667,0.559139784946,0.590909090909,0.571428571429,0.555555555556,0.486486486486,0.6,0.588235294118,0.527272727273
1,Hawks,9,31,0.29,17,25,0.68,8,33,41,18,9,8,19,16,86,21,52,0.403846153846,0,0.41095890411,0.482558139535,0.409090909091,0.5,0.566666666667,0.568181818182,0.380952380952,0.458333333333,0.440860215054,0.409090909091,0.428571428571,0.444444444444,0.513513513514,0.4,0.411764705882,0.472727272727
