,TEAM_NAME,FG3M,FG3A,FG3_PCT,FTM,FTA,FT_PCT,OREB,DREB,REB,AST,STL,BLK,TO,PF,PTS,FG2M,FG2A,FG2_PCT,OUTCOME,DEFICIT_FGM,DEFICIT_FGA,DEFICIT_FG3M,DEFICIT_FG3A,DEFICIT_FTM,DEFICIT_FTA,DEFICIT_OREB,DEFICIT_DREB,DEFICIT_REB,DEFICIT_AST,DEFICIT_STL,DEFICIT_BLK,DEFICIT_TO,DEFICIT_PF,DEFICIT_FG2M,DEFICIT_FG2A
0,76ers,10,25,0.4,24,32,0.75,3,26,29,29,14,6,22,25,118,32,53,0.603773584906,0,0.5,0.490566037736,0.454545454545,0.446428571429,0.470588235294,0.533333333333,0.333333333333,0.426229508197,0.414285714286,0.537037037037,0.583333333333,0.6,0.488888888889,0.462962962963,0.516129032258,0.514563106796
1,Rockets,12,31,0.387,27,28,0.964,6,35,41,25,10,4,23,29,123,30,50,0.6,1,0.5,0.509433962264,0.545454545455,0.553571428571,0.529411764706,0.466666666667,0.666666666667,0.573770491803,0.585714285714,0.462962962963,0.416666666667,0.4,0.511111111111,0.537037037037,0.483870967742,0.485436893204
