,TEAM_NAME,FG3M,FG3A,FG3_PCT,FTM,FTA,FT_PCT,OREB,DREB,REB,AST,STL,BLK,TO,PF,PTS,FG2M,FG2A,FG2_PCT,OUTCOME,DEFICIT_FGM,DEFICIT_FGA,DEFICIT_FG3M,DEFICIT_FG3A,DEFICIT_FTM,DEFICIT_FTA,DEFICIT_OREB,DEFICIT_DREB,DEFICIT_REB,DEFICIT_AST,DEFICIT_STL,DEFICIT_BLK,DEFICIT_TO,DEFICIT_PF,DEFICIT_FG2M,DEFICIT_FG2A
0,Raptors,10,25,0.4,18,23,0.783,12,35,47,20,9,10,14,19,102,27,59,0.457627118644,1,0.544117647059,0.512195121951,0.588235294118,0.520833333333,0.514285714286,0.489361702128,0.5,0.530303030303,0.522222222222,0.512820512821,0.6,0.588235294118,0.424242424242,0.463414634146,0.529411764706,0.508620689655
1,Bucks,7,23,0.304,17,24,0.708,12,31,43,19,6,7,19,22,86,24,57,0.421052631579,0,0.455882352941,0.487804878049,0.411764705882,0.479166666667,0.485714285714,0.510638297872,0.5,0.469696969697,0.477777777778,0.487179487179,0.4,0.411764705882,0.575757575758,0.536585365854,0.470588235294,0.491379310345
