,TEAM_NAME,FG3M,FG3A,FG3_PCT,FTM,FTA,FT_PCT,OREB,DREB,REB,AST,STL,BLK,TO,PF,PTS,FG2M,FG2A,FG2_PCT,OUTCOME,DEFICIT_FGM,DEFICIT_FGA,DEFICIT_FG3M,DEFICIT_FG3A,DEFICIT_FTM,DEFICIT_FTA,DEFICIT_OREB,DEFICIT_DREB,DEFICIT_REB,DEFICIT_AST,DEFICIT_STL,DEFICIT_BLK,DEFICIT_TO,DEFICIT_PF,DEFICIT_FG2M,DEFICIT_FG2A
0,Pelicans,8,25,0.32,19,26,0.731,10,40,50,26,6,6,13,20,85,21,58,0.362068965517,1,0.475409836066,0.491124260355,0.666666666667,0.555555555556,0.542857142857,0.553191489362,0.526315789474,0.5,0.505050505051,0.565217391304,0.6,0.333333333333,0.565217391304,0.47619047619,0.428571428571,0.467741935484
1,Bucks,4,20,0.2,16,21,0.762,9,40,49,20,4,12,10,22,84,28,66,0.424242424242,0,0.524590163934,0.508875739645,0.333333333333,0.444444444444,0.457142857143,0.446808510638,0.473684210526,0.5,0.494949494949,0.434782608696,0.4,0.666666666667,0.434782608696,0.52380952381,0.571428571429,0.532258064516
