,TEAM_NAME,FG3M,FG3A,FG3_PCT,FTM,FTA,FT_PCT,OREB,DREB,REB,AST,STL,BLK,TO,PF,PTS,FG2M,FG2A,FG2_PCT,OUTCOME,DEFICIT_FGM,DEFICIT_FGA,DEFICIT_FG3M,DEFICIT_FG3A,DEFICIT_FTM,DEFICIT_FTA,DEFICIT_OREB,DEFICIT_DREB,DEFICIT_REB,DEFICIT_AST,DEFICIT_STL,DEFICIT_BLK,DEFICIT_TO,DEFICIT_PF,DEFICIT_FG2M,DEFICIT_FG2A
0,Wizards,6,18,0.333,9,13,0.692,6,31,37,16,5,10,17,12,73,23,55,0.418181818182,0,0.432835820896,0.462025316456,0.4,0.45,0.529411764706,0.565217391304,0.3,0.469696969697,0.43023255814,0.372093023256,0.294117647059,0.909090909091,0.515151515152,0.444444444444,0.442307692308,0.466101694915
1,Pacers,9,22,0.409,8,10,0.8,14,35,49,27,12,1,16,15,93,29,63,0.460317460317,1,0.567164179104,0.537974683544,0.6,0.55,0.470588235294,0.434782608696,0.7,0.530303030303,0.56976744186,0.627906976744,0.705882352941,0.0909090909091,0.484848484848,0.555555555556,0.557692307692,0.533898305085
