,TEAM_NAME,FG3M,FG3A,FG3_PCT,FTM,FTA,FT_PCT,OREB,DREB,REB,AST,STL,BLK,TO,PF,PTS,FG2M,FG2A,FG2_PCT,OUTCOME,DEFICIT_FGM,DEFICIT_FGA,DEFICIT_FG3M,DEFICIT_FG3A,DEFICIT_FTM,DEFICIT_FTA,DEFICIT_OREB,DEFICIT_DREB,DEFICIT_REB,DEFICIT_AST,DEFICIT_STL,DEFICIT_BLK,DEFICIT_TO,DEFICIT_PF,DEFICIT_FG2M,DEFICIT_FG2A
0,Spurs,8,17,0.471,17,17,1.0,7,36,43,24,10,4,19,12,109,34,59,0.576271186441,1,0.552631578947,0.493506493506,0.470588235294,0.472222222222,0.548387096774,0.53125,0.636363636364,0.6,0.605633802817,0.545454545455,0.555555555556,0.444444444444,0.558823529412,0.48,0.576271186441,0.5
1,Magic,9,19,0.474,14,15,0.933,4,24,28,20,8,5,15,13,91,25,59,0.423728813559,0,0.447368421053,0.506493506494,0.529411764706,0.527777777778,0.451612903226,0.46875,0.363636363636,0.4,0.394366197183,0.454545454545,0.444444444444,0.555555555556,0.441176470588,0.52,0.423728813559,0.5
