,TEAM_NAME,FG3M,FG3A,FG3_PCT,FTM,FTA,FT_PCT,OREB,DREB,REB,AST,STL,BLK,TO,PF,PTS,FG2M,FG2A,FG2_PCT,OUTCOME,DEFICIT_FGM,DEFICIT_FGA,DEFICIT_FG3M,DEFICIT_FG3A,DEFICIT_FTM,DEFICIT_FTA,DEFICIT_OREB,DEFICIT_DREB,DEFICIT_REB,DEFICIT_AST,DEFICIT_STL,DEFICIT_BLK,DEFICIT_TO,DEFICIT_PF,DEFICIT_FG2M,DEFICIT_FG2A
0,76ers,12,31,0.387,9,21,0.429,18,31,49,28,6,4,18,19,105,30,61,0.491803278689,0,0.451612903226,0.497297297297,0.6,0.607843137255,0.45,0.6,0.642857142857,0.508196721311,0.550561797753,0.48275862069,0.315789473684,0.307692307692,0.6,0.475,0.41095890411,0.455223880597
1,Pelicans,8,20,0.4,11,14,0.786,10,30,40,30,13,9,12,21,121,43,73,0.58904109589,1,0.548387096774,0.502702702703,0.4,0.392156862745,0.55,0.4,0.357142857143,0.491803278689,0.449438202247,0.51724137931,0.684210526316,0.692307692308,0.4,0.525,0.58904109589,0.544776119403
