,TEAM_NAME,FG3M,FG3A,FG3_PCT,FTM,FTA,FT_PCT,OREB,DREB,REB,AST,STL,BLK,TO,PF,PTS,FG2M,FG2A,FG2_PCT,OUTCOME,DEFICIT_FGM,DEFICIT_FGA,DEFICIT_FG3M,DEFICIT_FG3A,DEFICIT_FTM,DEFICIT_FTA,DEFICIT_OREB,DEFICIT_DREB,DEFICIT_REB,DEFICIT_AST,DEFICIT_STL,DEFICIT_BLK,DEFICIT_TO,DEFICIT_PF,DEFICIT_FG2M,DEFICIT_FG2A
0,Bucks,5,17,0.294,15,20,0.75,7,31,38,17,10,9,9,22,76,23,67,0.34328358209,0,0.444444444444,0.515337423313,0.625,0.53125,0.441176470588,0.392156862745,0.304347826087,0.449275362319,0.413043478261,0.459459459459,0.666666666667,0.692307692308,0.346153846154,0.564102564103,0.418181818182,0.511450381679
1,Bobcats,3,15,0.2,19,31,0.613,16,38,54,20,5,4,17,17,92,32,64,0.5,1,0.555555555556,0.484662576687,0.375,0.46875,0.558823529412,0.607843137255,0.695652173913,0.550724637681,0.586956521739,0.540540540541,0.333333333333,0.307692307692,0.653846153846,0.435897435897,0.581818181818,0.488549618321
