,TEAM_NAME,FG3M,FG3A,FG3_PCT,FTM,FTA,FT_PCT,OREB,DREB,REB,AST,STL,BLK,TO,PF,PTS,FG2M,FG2A,FG2_PCT,OUTCOME,DEFICIT_FGM,DEFICIT_FGA,DEFICIT_FG3M,DEFICIT_FG3A,DEFICIT_FTM,DEFICIT_FTA,DEFICIT_OREB,DEFICIT_DREB,DEFICIT_REB,DEFICIT_AST,DEFICIT_STL,DEFICIT_BLK,DEFICIT_TO,DEFICIT_PF,DEFICIT_FG2M,DEFICIT_FG2A
0,Jazz,5,20,0.25,16,20,0.8,13,26,39,21,5,1,11,18,101,35,63,0.555555555556,0,0.493827160494,0.525316455696,0.384615384615,0.444444444444,0.421052631579,0.444444444444,0.684210526316,0.52,0.565217391304,0.538461538462,0.555555555556,0.166666666667,0.578947368421,0.514285714286,0.514705882353,0.557522123894
1,Suns,8,25,0.32,22,25,0.88,6,24,30,18,4,5,8,17,112,33,50,0.66,1,0.506172839506,0.474683544304,0.615384615385,0.555555555556,0.578947368421,0.555555555556,0.315789473684,0.48,0.434782608696,0.461538461538,0.444444444444,0.833333333333,0.421052631579,0.485714285714,0.485294117647,0.442477876106
