,TEAM_NAME,FG3M,FG3A,FG3_PCT,FTM,FTA,FT_PCT,OREB,DREB,REB,AST,STL,BLK,TO,PF,PTS,FG2M,FG2A,FG2_PCT,OUTCOME,DEFICIT_FGM,DEFICIT_FGA,DEFICIT_FG3M,DEFICIT_FG3A,DEFICIT_FTM,DEFICIT_FTA,DEFICIT_OREB,DEFICIT_DREB,DEFICIT_REB,DEFICIT_AST,DEFICIT_STL,DEFICIT_BLK,DEFICIT_TO,DEFICIT_PF,DEFICIT_FG2M,DEFICIT_FG2A
0,76ers,5,24,0.208,12,18,0.667,13,32,45,16,7,5,19,22,81,27,62,0.435483870968,0,0.477611940299,0.508875739645,0.833333333333,0.648648648649,0.363636363636,0.4,0.541666666667,0.470588235294,0.489130434783,0.484848484848,0.368421052632,0.454545454545,0.59375,0.52380952381,0.44262295082,0.469696969697
1,Magic,1,13,0.077,21,27,0.778,11,36,47,17,12,6,13,20,92,34,70,0.485714285714,1,0.522388059701,0.491124260355,0.166666666667,0.351351351351,0.636363636364,0.6,0.458333333333,0.529411764706,0.510869565217,0.515151515152,0.631578947368,0.545454545455,0.40625,0.47619047619,0.55737704918,0.530303030303
