,TEAM_NAME,FG3M,FG3A,FG3_PCT,FTM,FTA,FT_PCT,OREB,DREB,REB,AST,STL,BLK,TO,PF,PTS,FG2M,FG2A,FG2_PCT,OUTCOME,DEFICIT_FGM,DEFICIT_FGA,DEFICIT_FG3M,DEFICIT_FG3A,DEFICIT_FTM,DEFICIT_FTA,DEFICIT_OREB,DEFICIT_DREB,DEFICIT_REB,DEFICIT_AST,DEFICIT_STL,DEFICIT_BLK,DEFICIT_TO,DEFICIT_PF,DEFICIT_FG2M,DEFICIT_FG2A
0,Spurs,10,27,0.37,24,28,0.857,11,35,46,28,5,6,13,14,112,29,57,0.508771929825,1,0.464285714286,0.46408839779,0.588235294118,0.6,0.727272727273,0.666666666667,0.44,0.546875,0.516853932584,0.538461538462,0.333333333333,0.545454545455,0.65,0.378378378378,0.432835820896,0.419117647059
1,Mavericks,7,18,0.389,9,14,0.643,14,29,43,24,10,5,7,23,106,38,79,0.481012658228,0,0.535714285714,0.53591160221,0.411764705882,0.4,0.272727272727,0.333333333333,0.56,0.453125,0.483146067416,0.461538461538,0.666666666667,0.454545454545,0.35,0.621621621622,0.567164179104,0.580882352941
