,TEAM_NAME,FG3M,FG3A,FG3_PCT,FTM,FTA,FT_PCT,OREB,DREB,REB,AST,STL,BLK,TO,PF,PTS,FG2M,FG2A,FG2_PCT,OUTCOME,DEFICIT_FGM,DEFICIT_FGA,DEFICIT_FG3M,DEFICIT_FG3A,DEFICIT_FTM,DEFICIT_FTA,DEFICIT_OREB,DEFICIT_DREB,DEFICIT_REB,DEFICIT_AST,DEFICIT_STL,DEFICIT_BLK,DEFICIT_TO,DEFICIT_PF,DEFICIT_FG2M,DEFICIT_FG2A
0,Jazz,5,20,0.25,17,25,0.68,16,32,48,14,11,9,21,19,96,32,69,0.463768115942,0,0.480519480519,0.514450867052,0.416666666667,0.571428571429,0.607142857143,0.595238095238,0.666666666667,0.463768115942,0.516129032258,0.378378378378,0.478260869565,0.818181818182,0.525,0.475,0.492307692308,0.5
1,Nets,7,15,0.467,11,17,0.647,8,37,45,23,12,2,19,21,98,33,69,0.478260869565,1,0.519480519481,0.485549132948,0.583333333333,0.428571428571,0.392857142857,0.404761904762,0.333333333333,0.536231884058,0.483870967742,0.621621621622,0.521739130435,0.181818181818,0.475,0.525,0.507692307692,0.5
