,TEAM_NAME,FG3M,FG3A,FG3_PCT,FTM,FTA,FT_PCT,OREB,DREB,REB,AST,STL,BLK,TO,PF,PTS,FG2M,FG2A,FG2_PCT,OUTCOME,DEFICIT_FGM,DEFICIT_FGA,DEFICIT_FG3M,DEFICIT_FG3A,DEFICIT_FTM,DEFICIT_FTA,DEFICIT_OREB,DEFICIT_DREB,DEFICIT_REB,DEFICIT_AST,DEFICIT_STL,DEFICIT_BLK,DEFICIT_TO,DEFICIT_PF,DEFICIT_FG2M,DEFICIT_FG2A
0,Heat,1,13,0.077,16,23,0.696,14,40,54,19,7,12,18,19,89,35,74,0.472972972973,0,0.48,0.475409836066,0.166666666667,0.448275862069,0.470588235294,0.511111111111,0.538461538462,0.526315789474,0.529411764706,0.422222222222,0.368421052632,0.666666666667,0.620689655172,0.5,0.507246376812,0.480519480519
1,Celtics,5,16,0.313,18,22,0.818,12,36,48,26,12,6,11,19,101,34,80,0.425,1,0.52,0.524590163934,0.833333333333,0.551724137931,0.529411764706,0.488888888889,0.461538461538,0.473684210526,0.470588235294,0.577777777778,0.631578947368,0.333333333333,0.379310344828,0.5,0.492753623188,0.519480519481
