,TEAM_NAME,FG3M,FG3A,FG3_PCT,FTM,FTA,FT_PCT,OREB,DREB,REB,AST,STL,BLK,TO,PF,PTS,FG2M,FG2A,FG2_PCT,OUTCOME,DEFICIT_FGM,DEFICIT_FGA,DEFICIT_FG3M,DEFICIT_FG3A,DEFICIT_FTM,DEFICIT_FTA,DEFICIT_OREB,DEFICIT_DREB,DEFICIT_REB,DEFICIT_AST,DEFICIT_STL,DEFICIT_BLK,DEFICIT_TO,DEFICIT_PF,DEFICIT_FG2M,DEFICIT_FG2A
0,Thunder,9,26,0.346,17,26,0.654,16,46,62,23,6,4,22,21,118,37,70,0.528571428571,0,0.505494505495,0.502617801047,0.391304347826,0.448275862069,0.5,0.509803921569,0.8,0.621621621622,0.659574468085,0.479166666667,0.285714285714,0.363636363636,0.666666666667,0.488372093023,0.544117647059,0.526315789474
1,Warriors,14,32,0.438,17,25,0.68,4,28,32,25,15,7,11,22,121,31,63,0.492063492063,1,0.494505494505,0.497382198953,0.608695652174,0.551724137931,0.5,0.490196078431,0.2,0.378378378378,0.340425531915,0.520833333333,0.714285714286,0.636363636364,0.333333333333,0.511627906977,0.455882352941,0.473684210526
