,TEAM_NAME,FG3M,FG3A,FG3_PCT,FTM,FTA,FT_PCT,OREB,DREB,REB,AST,STL,BLK,TO,PF,PTS,FG2M,FG2A,FG2_PCT,OUTCOME,DEFICIT_FGM,DEFICIT_FGA,DEFICIT_FG3M,DEFICIT_FG3A,DEFICIT_FTM,DEFICIT_FTA,DEFICIT_OREB,DEFICIT_DREB,DEFICIT_REB,DEFICIT_AST,DEFICIT_STL,DEFICIT_BLK,DEFICIT_TO,DEFICIT_PF,DEFICIT_FG2M,DEFICIT_FG2A
0,Heat,4,18,0.222,10,12,0.833,11,29,40,13,9,7,5,12,92,35,70,0.5,0,0.527027027027,0.530120481928,0.210526315789,0.375,0.555555555556,0.461538461538,0.478260869565,0.483333333333,0.481927710843,0.448275862069,0.75,0.7,0.238095238095,0.521739130435,0.636363636364,0.593220338983
1,Pistons,15,30,0.5,8,14,0.571,12,31,43,16,3,3,16,11,93,20,48,0.416666666667,1,0.472972972973,0.469879518072,0.789473684211,0.625,0.444444444444,0.538461538462,0.521739130435,0.516666666667,0.518072289157,0.551724137931,0.25,0.3,0.761904761905,0.478260869565,0.363636363636,0.406779661017
