,TEAM_NAME,FG3M,FG3A,FG3_PCT,FTM,FTA,FT_PCT,OREB,DREB,REB,AST,STL,BLK,TO,PF,PTS,FG2M,FG2A,FG2_PCT,OUTCOME,DEFICIT_FGM,DEFICIT_FGA,DEFICIT_FG3M,DEFICIT_FG3A,DEFICIT_FTM,DEFICIT_FTA,DEFICIT_OREB,DEFICIT_DREB,DEFICIT_REB,DEFICIT_AST,DEFICIT_STL,DEFICIT_BLK,DEFICIT_TO,DEFICIT_PF,DEFICIT_FG2M,DEFICIT_FG2A
0,Kings,5,17,0.294,22,28,0.786,14,30,44,17,7,6,20,22,93,28,60,0.466666666667,0,0.458333333333,0.472392638037,0.357142857143,0.447368421053,0.511627906977,0.48275862069,0.451612903226,0.51724137931,0.494382022472,0.425,0.35,0.6,0.555555555556,0.478260869565,0.48275862069,0.48
1,Thunder,9,21,0.429,21,30,0.7,17,28,45,23,13,4,16,24,108,30,65,0.461538461538,1,0.541666666667,0.527607361963,0.642857142857,0.552631578947,0.488372093023,0.51724137931,0.548387096774,0.48275862069,0.505617977528,0.575,0.65,0.4,0.444444444444,0.521739130435,0.51724137931,0.52
