,TEAM_NAME,FG3M,FG3A,FG3_PCT,FTM,FTA,FT_PCT,OREB,DREB,REB,AST,STL,BLK,TO,PF,PTS,FG2M,FG2A,FG2_PCT,OUTCOME,DEFICIT_FGM,DEFICIT_FGA,DEFICIT_FG3M,DEFICIT_FG3A,DEFICIT_FTM,DEFICIT_FTA,DEFICIT_OREB,DEFICIT_DREB,DEFICIT_REB,DEFICIT_AST,DEFICIT_STL,DEFICIT_BLK,DEFICIT_TO,DEFICIT_PF,DEFICIT_FG2M,DEFICIT_FG2A
0,Heat,17,37,0.459,11,13,0.846,15,39,54,30,7,5,12,27,108,23,62,0.370967741935,1,0.571428571429,0.556179775281,0.739130434783,0.649122807018,0.314285714286,0.265306122449,0.652173913043,0.513157894737,0.545454545455,0.681818181818,0.5,0.454545454545,0.545454545455,0.692307692308,0.489361702128,0.512396694215
1,Hawks,6,20,0.3,24,36,0.667,8,37,45,14,7,6,10,12,90,24,59,0.406779661017,0,0.428571428571,0.443820224719,0.260869565217,0.350877192982,0.685714285714,0.734693877551,0.347826086957,0.486842105263,0.454545454545,0.318181818182,0.5,0.545454545455,0.454545454545,0.307692307692,0.510638297872,0.487603305785
