,TEAM_NAME,FG3M,FG3A,FG3_PCT,FTM,FTA,FT_PCT,OREB,DREB,REB,AST,STL,BLK,TO,PF,PTS,FG2M,FG2A,FG2_PCT,OUTCOME,DEFICIT_FGM,DEFICIT_FGA,DEFICIT_FG3M,DEFICIT_FG3A,DEFICIT_FTM,DEFICIT_FTA,DEFICIT_OREB,DEFICIT_DREB,DEFICIT_REB,DEFICIT_AST,DEFICIT_STL,DEFICIT_BLK,DEFICIT_TO,DEFICIT_PF,DEFICIT_FG2M,DEFICIT_FG2A
0,Raptors,5,15,0.333,22,29,0.759,10,31,41,15,7,4,9,21,107,35,66,0.530303030303,1,0.547945205479,0.509433962264,0.294117647059,0.283018867925,0.536585365854,0.56862745098,0.588235294118,0.516666666667,0.532467532468,0.441176470588,0.636363636364,0.571428571429,0.45,0.5,0.625,0.622641509434
1,Celtics,12,38,0.316,19,22,0.864,7,29,36,19,4,3,11,21,97,21,40,0.525,0,0.452054794521,0.490566037736,0.705882352941,0.716981132075,0.463414634146,0.43137254902,0.411764705882,0.483333333333,0.467532467532,0.558823529412,0.363636363636,0.428571428571,0.55,0.5,0.375,0.377358490566
