,TEAM_NAME,FG3M,FG3A,FG3_PCT,FTM,FTA,FT_PCT,OREB,DREB,REB,AST,STL,BLK,TO,PF,PTS,FG2M,FG2A,FG2_PCT,OUTCOME,DEFICIT_FGM,DEFICIT_FGA,DEFICIT_FG3M,DEFICIT_FG3A,DEFICIT_FTM,DEFICIT_FTA,DEFICIT_OREB,DEFICIT_DREB,DEFICIT_REB,DEFICIT_AST,DEFICIT_STL,DEFICIT_BLK,DEFICIT_TO,DEFICIT_PF,DEFICIT_FG2M,DEFICIT_FG2A
0,Wizards,5,24,0.208,31,40,0.775,12,31,43,19,8,6,16,25,112,33,66,0.5,0,0.469135802469,0.508474576271,0.333333333333,0.452830188679,0.563636363636,0.571428571429,0.6,0.43661971831,0.472527472527,0.404255319149,0.470588235294,0.461538461538,0.516129032258,0.490196078431,0.5,0.532258064516
1,76ers,10,29,0.345,24,30,0.8,8,40,48,28,9,7,15,26,120,33,58,0.568965517241,1,0.530864197531,0.491525423729,0.666666666667,0.547169811321,0.436363636364,0.428571428571,0.4,0.56338028169,0.527472527473,0.595744680851,0.529411764706,0.538461538462,0.483870967742,0.509803921569,0.5,0.467741935484
