,TEAM_NAME,FG3M,FG3A,FG3_PCT,FTM,FTA,FT_PCT,OREB,DREB,REB,AST,STL,BLK,TO,PF,PTS,FG2M,FG2A,FG2_PCT,OUTCOME,DEFICIT_FGM,DEFICIT_FGA,DEFICIT_FG3M,DEFICIT_FG3A,DEFICIT_FTM,DEFICIT_FTA,DEFICIT_OREB,DEFICIT_DREB,DEFICIT_REB,DEFICIT_AST,DEFICIT_STL,DEFICIT_BLK,DEFICIT_TO,DEFICIT_PF,DEFICIT_FG2M,DEFICIT_FG2A
0,Nuggets,2,18,0.111,18,24,0.75,9,28,37,11,6,4,13,20,82,29,64,0.453125,0,0.4189189189189189,0.5061728395061729,0.2,0.4864864864864865,0.5294117647058824,0.5,0.6,0.42424242424242425,0.4567901234567901,0.3235294117647059,0.5,0.4,0.52,0.4878048780487805,0.453125,0.512
1,Hornets,8,19,0.421,16,24,0.667,6,38,44,23,6,6,12,21,110,35,61,0.5737704918032787,1,0.581081081081081,0.49382716049382713,0.8,0.5135135135135135,0.47058823529411764,0.5,0.4,0.5757575757575758,0.5432098765432098,0.6764705882352942,0.5,0.6,0.48,0.5121951219512195,0.546875,0.488
