,TEAM_NAME,FG3M,FG3A,FG3_PCT,FTM,FTA,FT_PCT,OREB,DREB,REB,AST,STL,BLK,TO,PF,PTS,FG2M,FG2A,FG2_PCT,OUTCOME,DEFICIT_FGM,DEFICIT_FGA,DEFICIT_FG3M,DEFICIT_FG3A,DEFICIT_FTM,DEFICIT_FTA,DEFICIT_OREB,DEFICIT_DREB,DEFICIT_REB,DEFICIT_AST,DEFICIT_STL,DEFICIT_BLK,DEFICIT_TO,DEFICIT_PF,DEFICIT_FG2M,DEFICIT_FG2A
0,Raptors,9,30,0.3,23,32,0.719,18,19,37,15,10,3,7,30,120,35,70,0.5,0,0.5238095238095238,0.5747126436781609,0.6,0.7142857142857143,0.3484848484848485,0.4050632911392405,0.6,0.3958333333333333,0.47435897435897434,0.42857142857142855,0.7142857142857143,0.1875,0.3181818181818182,0.6,0.5072463768115942,0.5303030303030303
1,Bulls,6,12,0.5,43,47,0.915,12,29,41,20,4,13,15,20,129,34,62,0.5483870967741935,1,0.47619047619047616,0.42528735632183906,0.4,0.2857142857142857,0.6515151515151515,0.5949367088607594,0.4,0.6041666666666666,0.5256410256410257,0.5714285714285714,0.2857142857142857,0.8125,0.6818181818181818,0.4,0.4927536231884058,0.4696969696969697
