,TEAM_NAME,FG3M,FG3A,FG3_PCT,FTM,FTA,FT_PCT,OREB,DREB,REB,AST,STL,BLK,TO,PF,PTS,FG2M,FG2A,FG2_PCT,OUTCOME,DEFICIT_FGM,DEFICIT_FGA,DEFICIT_FG3M,DEFICIT_FG3A,DEFICIT_FTM,DEFICIT_FTA,DEFICIT_OREB,DEFICIT_DREB,DEFICIT_REB,DEFICIT_AST,DEFICIT_STL,DEFICIT_BLK,DEFICIT_TO,DEFICIT_PF,DEFICIT_FG2M,DEFICIT_FG2A
0,Timberwolves,4,16,0.25,17,22,0.773,11,27,38,23,8,2,16,25,87,29,63,0.460317460317,0,0.478260869565,0.50641025641,0.4,0.444444444444,0.53125,0.511627906977,0.5,0.490909090909,0.493506493506,0.53488372093,0.533333333333,0.4,0.551724137931,0.568181818182,0.491525423729,0.525
1,Mavericks,6,20,0.3,15,21,0.714,11,28,39,20,7,3,13,19,93,30,57,0.526315789474,1,0.521739130435,0.49358974359,0.6,0.555555555556,0.46875,0.488372093023,0.5,0.509090909091,0.506493506494,0.46511627907,0.466666666667,0.6,0.448275862069,0.431818181818,0.508474576271,0.475
