,TEAM_NAME,FG3M,FG3A,FG3_PCT,FTM,FTA,FT_PCT,OREB,DREB,REB,AST,STL,BLK,TO,PF,PTS,FG2M,FG2A,FG2_PCT,OUTCOME,DEFICIT_FGM,DEFICIT_FGA,DEFICIT_FG3M,DEFICIT_FG3A,DEFICIT_FTM,DEFICIT_FTA,DEFICIT_OREB,DEFICIT_DREB,DEFICIT_REB,DEFICIT_AST,DEFICIT_STL,DEFICIT_BLK,DEFICIT_TO,DEFICIT_PF,DEFICIT_FG2M,DEFICIT_FG2A
0,Trail Blazers,19,44,0.432,12,14,0.857,20,32,52,27,7,4,16,28,115,23,56,0.410714285714,1,0.53164556962,0.568181818182,0.655172413793,0.676923076923,0.315789473684,0.28,0.714285714286,0.484848484848,0.553191489362,0.54,0.466666666667,0.4,0.457142857143,0.636363636364,0.46,0.504504504505
1,Thunder,10,21,0.476,26,36,0.722,8,34,42,23,8,6,19,16,110,27,55,0.490909090909,0,0.46835443038,0.431818181818,0.344827586207,0.323076923077,0.684210526316,0.72,0.285714285714,0.515151515152,0.446808510638,0.46,0.533333333333,0.6,0.542857142857,0.363636363636,0.54,0.495495495495
