,TEAM_NAME,FG3M,FG3A,FG3_PCT,FTM,FTA,FT_PCT,OREB,DREB,REB,AST,STL,BLK,TO,PF,PTS,FG2M,FG2A,FG2_PCT,OUTCOME,DEFICIT_FGM,DEFICIT_FGA,DEFICIT_FG3M,DEFICIT_FG3A,DEFICIT_FTM,DEFICIT_FTA,DEFICIT_OREB,DEFICIT_DREB,DEFICIT_REB,DEFICIT_AST,DEFICIT_STL,DEFICIT_BLK,DEFICIT_TO,DEFICIT_PF,DEFICIT_FG2M,DEFICIT_FG2A
0,Pacers,9,31,0.29,8,10,0.8,5,34,39,33,12,5,18,21,103,34,59,0.576271186441,0,0.524390243902,0.502793296089,0.391304347826,0.449275362319,0.347826086957,0.30303030303,0.333333333333,0.465753424658,0.443181818182,0.578947368421,0.521739130435,0.625,0.45,0.5,0.576271186441,0.536363636364
1,Rockets,14,38,0.368,15,23,0.652,10,39,49,24,11,3,22,21,107,25,51,0.490196078431,1,0.475609756098,0.497206703911,0.608695652174,0.550724637681,0.652173913043,0.69696969697,0.666666666667,0.534246575342,0.556818181818,0.421052631579,0.478260869565,0.375,0.55,0.5,0.423728813559,0.463636363636
