,TEAM_NAME,FG3M,FG3A,FG3_PCT,FTM,FTA,FT_PCT,OREB,DREB,REB,AST,STL,BLK,TO,PF,PTS,FG2M,FG2A,FG2_PCT,OUTCOME,DEFICIT_FGM,DEFICIT_FGA,DEFICIT_FG3M,DEFICIT_FG3A,DEFICIT_FTM,DEFICIT_FTA,DEFICIT_OREB,DEFICIT_DREB,DEFICIT_REB,DEFICIT_AST,DEFICIT_STL,DEFICIT_BLK,DEFICIT_TO,DEFICIT_PF,DEFICIT_FG2M,DEFICIT_FG2A
0,Nuggets,12,27,0.444,19,23,0.826,8,36,44,25,7,7,13,20,95,20,50,0.4,1,0.516129032258,0.48125,0.5,0.428571428571,0.487179487179,0.489361702128,0.470588235294,0.537313432836,0.52380952381,0.510204081633,0.538461538462,0.636363636364,0.52,0.526315789474,0.526315789474,0.515463917526
1,Hornets,12,36,0.333,20,24,0.833,9,31,40,24,6,4,12,18,92,18,47,0.382978723404,0,0.483870967742,0.51875,0.5,0.571428571429,0.512820512821,0.510638297872,0.529411764706,0.462686567164,0.47619047619,0.489795918367,0.461538461538,0.363636363636,0.48,0.473684210526,0.473684210526,0.484536082474
