,TEAM_NAME,FG3M,FG3A,FG3_PCT,FTM,FTA,FT_PCT,OREB,DREB,REB,AST,STL,BLK,TO,PF,PTS,FG2M,FG2A,FG2_PCT,OUTCOME,DEFICIT_FGM,DEFICIT_FGA,DEFICIT_FG3M,DEFICIT_FG3A,DEFICIT_FTM,DEFICIT_FTA,DEFICIT_OREB,DEFICIT_DREB,DEFICIT_REB,DEFICIT_AST,DEFICIT_STL,DEFICIT_BLK,DEFICIT_TO,DEFICIT_PF,DEFICIT_FG2M,DEFICIT_FG2A
0,Raptors,8,29,0.276,22,28,0.786,10,30,40,16,7,4,12,27,98,26,52,0.5,0,0.507462686567,0.519230769231,0.533333333333,0.604166666667,0.423076923077,0.424242424242,0.555555555556,0.454545454545,0.47619047619,0.432432432432,0.466666666667,0.444444444444,0.521739130435,0.5625,0.5,0.481481481481
1,Knicks,7,19,0.368,30,38,0.789,8,36,44,21,8,5,11,21,103,26,56,0.464285714286,1,0.492537313433,0.480769230769,0.466666666667,0.395833333333,0.576923076923,0.575757575758,0.444444444444,0.545454545455,0.52380952381,0.567567567568,0.533333333333,0.555555555556,0.478260869565,0.4375,0.5,0.518518518519
