,TEAM_NAME,FG3M,FG3A,FG3_PCT,FTM,FTA,FT_PCT,OREB,DREB,REB,AST,STL,BLK,TO,PF,PTS,FG2M,FG2A,FG2_PCT,OUTCOME,DEFICIT_FGM,DEFICIT_FGA,DEFICIT_FG3M,DEFICIT_FG3A,DEFICIT_FTM,DEFICIT_FTA,DEFICIT_OREB,DEFICIT_DREB,DEFICIT_REB,DEFICIT_AST,DEFICIT_STL,DEFICIT_BLK,DEFICIT_TO,DEFICIT_PF,DEFICIT_FG2M,DEFICIT_FG2A
0,Jazz,6,22,0.273,18,23,0.783,13,33,46,18,16,7,22,18,82,23,54,0.425925925926,1,0.5,0.506666666667,0.545454545455,0.594594594595,0.6,0.621621621622,0.619047619048,0.515625,0.541176470588,0.5,0.516129032258,0.636363636364,0.488888888889,0.439024390244,0.489361702128,0.477876106195
1,Bucks,5,15,0.333,12,14,0.857,8,31,39,18,15,4,23,23,75,24,59,0.406779661017,0,0.5,0.493333333333,0.454545454545,0.405405405405,0.4,0.378378378378,0.380952380952,0.484375,0.458823529412,0.5,0.483870967742,0.363636363636,0.511111111111,0.560975609756,0.510638297872,0.522123893805
