,TEAM_NAME,FG3M,FG3A,FG3_PCT,FTM,FTA,FT_PCT,OREB,DREB,REB,AST,STL,BLK,TO,PF,PTS,FG2M,FG2A,FG2_PCT,OUTCOME,DEFICIT_FGM,DEFICIT_FGA,DEFICIT_FG3M,DEFICIT_FG3A,DEFICIT_FTM,DEFICIT_FTA,DEFICIT_OREB,DEFICIT_DREB,DEFICIT_REB,DEFICIT_AST,DEFICIT_STL,DEFICIT_BLK,DEFICIT_TO,DEFICIT_PF,DEFICIT_FG2M,DEFICIT_FG2A
0,Wizards,8,20,0.4,11,23,0.478,12,33,45,26,9,5,12,28,109,37,79,0.46835443038,0,0.523255813953,0.526595744681,0.444444444444,0.454545454545,0.314285714286,0.425925925926,0.48,0.452054794521,0.459183673469,0.52,0.818181818182,0.555555555556,0.375,0.509090909091,0.544117647059,0.548611111111
1,Trail Blazers,10,24,0.417,24,31,0.774,13,40,53,24,2,4,20,27,116,31,65,0.476923076923,1,0.476744186047,0.473404255319,0.555555555556,0.545454545455,0.685714285714,0.574074074074,0.52,0.547945205479,0.540816326531,0.48,0.181818181818,0.444444444444,0.625,0.490909090909,0.455882352941,0.451388888889
