,TEAM_NAME,FG3M,FG3A,FG3_PCT,FTM,FTA,FT_PCT,OREB,DREB,REB,AST,STL,BLK,TO,PF,PTS,FG2M,FG2A,FG2_PCT,OUTCOME,DEFICIT_FGM,DEFICIT_FGA,DEFICIT_FG3M,DEFICIT_FG3A,DEFICIT_FTM,DEFICIT_FTA,DEFICIT_OREB,DEFICIT_DREB,DEFICIT_REB,DEFICIT_AST,DEFICIT_STL,DEFICIT_BLK,DEFICIT_TO,DEFICIT_PF,DEFICIT_FG2M,DEFICIT_FG2A
0,Jazz,6,20,0.3,26,27,0.963,10,43,53,23,4,10,14,17,106,31,58,0.534482758621,1,0.493333333333,0.458823529412,0.4,0.512820512821,0.742857142857,0.710526315789,0.625,0.623188405797,0.623529411765,0.479166666667,0.4,0.666666666667,0.636363636364,0.386363636364,0.516666666667,0.442748091603
1,Pelicans,9,19,0.474,9,11,0.818,6,26,32,25,6,5,8,27,94,29,73,0.397260273973,0,0.506666666667,0.541176470588,0.6,0.487179487179,0.257142857143,0.289473684211,0.375,0.376811594203,0.376470588235,0.520833333333,0.6,0.333333333333,0.363636363636,0.613636363636,0.483333333333,0.557251908397
