,TEAM_NAME,FG3M,FG3A,FG3_PCT,FTM,FTA,FT_PCT,OREB,DREB,REB,AST,STL,BLK,TO,PF,PTS,FG2M,FG2A,FG2_PCT,OUTCOME,DEFICIT_FGM,DEFICIT_FGA,DEFICIT_FG3M,DEFICIT_FG3A,DEFICIT_FTM,DEFICIT_FTA,DEFICIT_OREB,DEFICIT_DREB,DEFICIT_REB,DEFICIT_AST,DEFICIT_STL,DEFICIT_BLK,DEFICIT_TO,DEFICIT_PF,DEFICIT_FG2M,DEFICIT_FG2A
0,Rockets,9,35,0.257,21,30,0.7,11,29,40,22,17,3,18,27,100,26,52,0.5,0,0.492957746479,0.524096385542,0.5,0.625,0.4375,0.46875,0.478260869565,0.414285714286,0.430107526882,0.44,0.68,0.428571428571,0.418604651163,0.5625,0.490566037736,0.472727272727
1,Bulls,9,21,0.429,27,34,0.794,12,41,53,28,8,4,25,21,108,27,58,0.465517241379,1,0.507042253521,0.475903614458,0.5,0.375,0.5625,0.53125,0.521739130435,0.585714285714,0.569892473118,0.56,0.32,0.571428571429,0.581395348837,0.4375,0.509433962264,0.527272727273
