,TEAM_NAME,FG3M,FG3A,FG3_PCT,FTM,FTA,FT_PCT,OREB,DREB,REB,AST,STL,BLK,TO,PF,PTS,FG2M,FG2A,FG2_PCT,OUTCOME,DEFICIT_FGM,DEFICIT_FGA,DEFICIT_FG3M,DEFICIT_FG3A,DEFICIT_FTM,DEFICIT_FTA,DEFICIT_OREB,DEFICIT_DREB,DEFICIT_REB,DEFICIT_AST,DEFICIT_STL,DEFICIT_BLK,DEFICIT_TO,DEFICIT_PF,DEFICIT_FG2M,DEFICIT_FG2A
0,Wizards,6,15,0.4,15,24,0.625,14,32,46,25,7,4,16,21,99,33,74,0.445945945946,0,0.513157894737,0.517441860465,0.461538461538,0.416666666667,0.441176470588,0.545454545455,0.583333333333,0.5,0.522727272727,0.641025641026,0.466666666667,0.5,0.571428571429,0.428571428571,0.52380952381,0.544117647059
1,Pacers,7,21,0.333,19,20,0.95,10,32,42,14,8,4,12,28,100,30,62,0.483870967742,1,0.486842105263,0.482558139535,0.538461538462,0.583333333333,0.558823529412,0.454545454545,0.416666666667,0.5,0.477272727273,0.358974358974,0.533333333333,0.5,0.428571428571,0.571428571429,0.47619047619,0.455882352941
