,TEAM_NAME,FG3M,FG3A,FG3_PCT,FTM,FTA,FT_PCT,OREB,DREB,REB,AST,STL,BLK,TO,PF,PTS,FG2M,FG2A,FG2_PCT,OUTCOME,DEFICIT_FGM,DEFICIT_FGA,DEFICIT_FG3M,DEFICIT_FG3A,DEFICIT_FTM,DEFICIT_FTA,DEFICIT_OREB,DEFICIT_DREB,DEFICIT_REB,DEFICIT_AST,DEFICIT_STL,DEFICIT_BLK,DEFICIT_TO,DEFICIT_PF,DEFICIT_FG2M,DEFICIT_FG2A
0,Pistons,12,28,0.429,10,11,0.909,9,35,44,21,7,4,11,19,112,33,64,0.515625,1,0.592105263158,0.541176470588,0.571428571429,0.509090909091,0.357142857143,0.34375,0.642857142857,0.5,0.52380952381,0.5,0.5,0.444444444444,0.458333333333,0.542857142857,0.6,0.55652173913
1,Hornets,9,27,0.333,18,21,0.857,5,35,40,21,7,5,13,16,89,22,51,0.43137254902,0,0.407894736842,0.458823529412,0.428571428571,0.490909090909,0.642857142857,0.65625,0.357142857143,0.5,0.47619047619,0.5,0.5,0.555555555556,0.541666666667,0.457142857143,0.4,0.44347826087
