,TEAM_NAME,FG3M,FG3A,FG3_PCT,FTM,FTA,FT_PCT,OREB,DREB,REB,AST,STL,BLK,TO,PF,PTS,FG2M,FG2A,FG2_PCT,OUTCOME,DEFICIT_FGM,DEFICIT_FGA,DEFICIT_FG3M,DEFICIT_FG3A,DEFICIT_FTM,DEFICIT_FTA,DEFICIT_OREB,DEFICIT_DREB,DEFICIT_REB,DEFICIT_AST,DEFICIT_STL,DEFICIT_BLK,DEFICIT_TO,DEFICIT_PF,DEFICIT_FG2M,DEFICIT_FG2A
0,Magic,8,21,0.381,19,22,0.864,10,40,50,17,6,8,19,21,95,26,57,0.456140350877,1,0.566666666667,0.503225806452,0.380952380952,0.428571428571,0.463414634146,0.448979591837,0.666666666667,0.579710144928,0.595238095238,0.566666666667,0.428571428571,0.615384615385,0.59375,0.567567567568,0.666666666667,0.537735849057
1,Mavericks,13,28,0.464,22,27,0.815,5,29,34,13,8,5,13,16,87,13,49,0.265306122449,0,0.433333333333,0.496774193548,0.619047619048,0.571428571429,0.536585365854,0.551020408163,0.333333333333,0.420289855072,0.404761904762,0.433333333333,0.571428571429,0.384615384615,0.40625,0.432432432432,0.333333333333,0.462264150943
