,TEAM_NAME,FG3M,FG3A,FG3_PCT,FTM,FTA,FT_PCT,OREB,DREB,REB,AST,STL,BLK,TO,PF,PTS,FG2M,FG2A,FG2_PCT,OUTCOME,DEFICIT_FGM,DEFICIT_FGA,DEFICIT_FG3M,DEFICIT_FG3A,DEFICIT_FTM,DEFICIT_FTA,DEFICIT_OREB,DEFICIT_DREB,DEFICIT_REB,DEFICIT_AST,DEFICIT_STL,DEFICIT_BLK,DEFICIT_TO,DEFICIT_PF,DEFICIT_FG2M,DEFICIT_FG2A
0,Wizards,11,27,0.407,16,22,0.727,13,27,40,22,9,2,11,22,111,31,62,0.5,0,0.494117647059,0.511494252874,0.458333333333,0.5,0.516129032258,0.458333333333,0.433333333333,0.473684210526,0.459770114943,0.511627906977,0.6,0.222222222222,0.407407407407,0.511627906977,0.508196721311,0.516666666667
1,Heat,13,27,0.481,15,26,0.577,17,30,47,21,6,7,16,21,114,30,58,0.51724137931,1,0.505882352941,0.488505747126,0.541666666667,0.5,0.483870967742,0.541666666667,0.566666666667,0.526315789474,0.540229885057,0.488372093023,0.4,0.777777777778,0.592592592593,0.488372093023,0.491803278689,0.483333333333
