,TEAM_NAME,FG3M,FG3A,FG3_PCT,FTM,FTA,FT_PCT,OREB,DREB,REB,AST,STL,BLK,TO,PF,PTS,FG2M,FG2A,FG2_PCT,OUTCOME,DEFICIT_FGM,DEFICIT_FGA,DEFICIT_FG3M,DEFICIT_FG3A,DEFICIT_FTM,DEFICIT_FTA,DEFICIT_OREB,DEFICIT_DREB,DEFICIT_REB,DEFICIT_AST,DEFICIT_STL,DEFICIT_BLK,DEFICIT_TO,DEFICIT_PF,DEFICIT_FG2M,DEFICIT_FG2A
0,Bucks,10,20,0.5,19,25,0.76,10,31,41,27,7,1,13,23,121,36,69,0.521739130435,0,0.522727272727,0.483695652174,0.416666666667,0.344827586207,0.422222222222,0.438596491228,0.357142857143,0.534482758621,0.476744186047,0.473684210526,0.466666666667,0.166666666667,0.52,0.479166666667,0.5625,0.547619047619
1,Warriors,14,38,0.368,26,32,0.813,18,27,45,30,8,5,12,25,124,28,57,0.491228070175,1,0.477272727273,0.516304347826,0.583333333333,0.655172413793,0.577777777778,0.561403508772,0.642857142857,0.465517241379,0.523255813953,0.526315789474,0.533333333333,0.833333333333,0.48,0.520833333333,0.4375,0.452380952381
