,TEAM_NAME,FG3M,FG3A,FG3_PCT,FTM,FTA,FT_PCT,OREB,DREB,REB,AST,STL,BLK,TO,PF,PTS,FG2M,FG2A,FG2_PCT,OUTCOME,DEFICIT_FGM,DEFICIT_FGA,DEFICIT_FG3M,DEFICIT_FG3A,DEFICIT_FTM,DEFICIT_FTA,DEFICIT_OREB,DEFICIT_DREB,DEFICIT_REB,DEFICIT_AST,DEFICIT_STL,DEFICIT_BLK,DEFICIT_TO,DEFICIT_PF,DEFICIT_FG2M,DEFICIT_FG2A
0,Wizards,8,18,0.444,21,26,0.808,11,29,40,24,10,4,11,23,127,41,64,0.640625,1,0.544444444444,0.49696969697,0.4,0.352941176471,0.5,0.490566037736,0.5,0.58,0.555555555556,0.5,0.625,0.4,0.458333333333,0.560975609756,0.585714285714,0.561403508772
1,Cavaliers,12,33,0.364,21,27,0.778,11,21,32,24,6,6,13,18,115,29,50,0.58,0,0.455555555556,0.50303030303,0.6,0.647058823529,0.5,0.509433962264,0.5,0.42,0.444444444444,0.5,0.375,0.6,0.541666666667,0.439024390244,0.414285714286,0.438596491228
