,TEAM_NAME,FG3M,FG3A,FG3_PCT,FTM,FTA,FT_PCT,OREB,DREB,REB,AST,STL,BLK,TO,PF,PTS,FG2M,FG2A,FG2_PCT,OUTCOME,DEFICIT_FGM,DEFICIT_FGA,DEFICIT_FG3M,DEFICIT_FG3A,DEFICIT_FTM,DEFICIT_FTA,DEFICIT_OREB,DEFICIT_DREB,DEFICIT_REB,DEFICIT_AST,DEFICIT_STL,DEFICIT_BLK,DEFICIT_TO,DEFICIT_PF,DEFICIT_FG2M,DEFICIT_FG2A
0,Spurs,10,25,0.4,6,8,0.75,16,34,50,28,11,6,14,18,106,35,74,0.472972972973,1,0.523255813953,0.532258064516,0.769230769231,0.714285714286,0.315789473684,0.347826086957,0.571428571429,0.507462686567,0.526315789474,0.538461538462,0.647058823529,0.545454545455,0.466666666667,0.529411764706,0.479452054795,0.490066225166
1,Knicks,3,10,0.3,13,15,0.867,12,33,45,24,6,5,16,16,98,38,77,0.493506493506,0,0.476744186047,0.467741935484,0.230769230769,0.285714285714,0.684210526316,0.652173913043,0.428571428571,0.492537313433,0.473684210526,0.461538461538,0.352941176471,0.454545454545,0.533333333333,0.470588235294,0.520547945205,0.509933774834
