,TEAM_NAME,FG3M,FG3A,FG3_PCT,FTM,FTA,FT_PCT,OREB,DREB,REB,AST,STL,BLK,TO,PF,PTS,FG2M,FG2A,FG2_PCT,OUTCOME,DEFICIT_FGM,DEFICIT_FGA,DEFICIT_FG3M,DEFICIT_FG3A,DEFICIT_FTM,DEFICIT_FTA,DEFICIT_OREB,DEFICIT_DREB,DEFICIT_REB,DEFICIT_AST,DEFICIT_STL,DEFICIT_BLK,DEFICIT_TO,DEFICIT_PF,DEFICIT_FG2M,DEFICIT_FG2A
0,Rockets,11,36,0.306,14,23,0.609,16,36,52,18,9,4,16,24,97,25,56,0.446428571429,1,0.514285714286,0.538011695906,0.647058823529,0.590163934426,0.388888888889,0.442307692308,0.666666666667,0.507042253521,0.547368421053,0.439024390244,0.6,0.4,0.533333333333,0.510638297872,0.471698113208,0.509090909091
1,Warriors,6,25,0.24,22,29,0.759,8,35,43,23,6,6,14,23,96,28,54,0.518518518519,0,0.485714285714,0.461988304094,0.352941176471,0.409836065574,0.611111111111,0.557692307692,0.333333333333,0.492957746479,0.452631578947,0.560975609756,0.4,0.6,0.466666666667,0.489361702128,0.528301886792,0.490909090909
