,TEAM_NAME,FG3M,FG3A,FG3_PCT,FTM,FTA,FT_PCT,OREB,DREB,REB,AST,STL,BLK,TO,PF,PTS,FG2M,FG2A,FG2_PCT,OUTCOME,DEFICIT_FGM,DEFICIT_FGA,DEFICIT_FG3M,DEFICIT_FG3A,DEFICIT_FTM,DEFICIT_FTA,DEFICIT_OREB,DEFICIT_DREB,DEFICIT_REB,DEFICIT_AST,DEFICIT_STL,DEFICIT_BLK,DEFICIT_TO,DEFICIT_PF,DEFICIT_FG2M,DEFICIT_FG2A
0,Thunder,15,27,0.556,26,35,0.743,9,33,42,28,10,5,14,27,131,30,51,0.588235294118,1,0.555555555556,0.506493506494,0.714285714286,0.54,0.52,0.5,0.6,0.589285714286,0.591549295775,0.538461538462,0.526315789474,0.625,0.538461538462,0.5,0.5,0.490384615385
1,Mavericks,6,23,0.261,24,35,0.686,6,23,29,24,9,3,12,27,102,30,53,0.566037735849,0,0.444444444444,0.493506493506,0.285714285714,0.46,0.48,0.5,0.4,0.410714285714,0.408450704225,0.461538461538,0.473684210526,0.375,0.461538461538,0.5,0.5,0.509615384615
