,TEAM_NAME,FG3M,FG3A,FG3_PCT,FTM,FTA,FT_PCT,OREB,DREB,REB,AST,STL,BLK,TO,PF,PTS,FG2M,FG2A,FG2_PCT,OUTCOME,DEFICIT_FGM,DEFICIT_FGA,DEFICIT_FG3M,DEFICIT_FG3A,DEFICIT_FTM,DEFICIT_FTA,DEFICIT_OREB,DEFICIT_DREB,DEFICIT_REB,DEFICIT_AST,DEFICIT_STL,DEFICIT_BLK,DEFICIT_TO,DEFICIT_PF,DEFICIT_FG2M,DEFICIT_FG2A
0,Magic,4,18,0.222,3,6,0.5,9,33,42,22,4,3,9,21,95,40,70,0.571428571429,1,0.602739726027,0.56050955414,0.444444444444,0.486486486486,0.125,0.176470588235,0.5625,0.5,0.512195121951,0.511627906977,0.4,0.333333333333,0.45,0.65625,0.625,0.583333333333
1,Pelicans,5,19,0.263,21,28,0.75,7,33,40,21,6,6,11,11,84,24,50,0.48,0,0.397260273973,0.43949044586,0.555555555556,0.513513513514,0.875,0.823529411765,0.4375,0.5,0.487804878049,0.488372093023,0.6,0.666666666667,0.55,0.34375,0.375,0.416666666667
