,TEAM_NAME,FG3M,FG3A,FG3_PCT,FTM,FTA,FT_PCT,OREB,DREB,REB,AST,STL,BLK,TO,PF,PTS,FG2M,FG2A,FG2_PCT,OUTCOME,DEFICIT_FGM,DEFICIT_FGA,DEFICIT_FG3M,DEFICIT_FG3A,DEFICIT_FTM,DEFICIT_FTA,DEFICIT_OREB,DEFICIT_DREB,DEFICIT_REB,DEFICIT_AST,DEFICIT_STL,DEFICIT_BLK,DEFICIT_TO,DEFICIT_PF,DEFICIT_FG2M,DEFICIT_FG2A
0,76ers,8,25,0.32,19,29,0.655,15,32,47,18,11,11,17,20,95,26,59,0.440677966102,0,0.459459459459,0.502994011976,0.5,0.531914893617,0.513513513514,0.56862745098,0.625,0.477611940299,0.516483516484,0.428571428571,0.458333333333,0.916666666667,0.53125,0.46511627907,0.448275862069,0.491666666667
1,Pacers,8,22,0.364,18,22,0.818,9,35,44,24,13,1,15,23,106,32,61,0.524590163934,1,0.540540540541,0.497005988024,0.5,0.468085106383,0.486486486486,0.43137254902,0.375,0.522388059701,0.483516483516,0.571428571429,0.541666666667,0.0833333333333,0.46875,0.53488372093,0.551724137931,0.508333333333
