,TEAM_NAME,FG3M,FG3A,FG3_PCT,FTM,FTA,FT_PCT,OREB,DREB,REB,AST,STL,BLK,TO,PF,PTS,FG2M,FG2A,FG2_PCT,OUTCOME,DEFICIT_FGM,DEFICIT_FGA,DEFICIT_FG3M,DEFICIT_FG3A,DEFICIT_FTM,DEFICIT_FTA,DEFICIT_OREB,DEFICIT_DREB,DEFICIT_REB,DEFICIT_AST,DEFICIT_STL,DEFICIT_BLK,DEFICIT_TO,DEFICIT_PF,DEFICIT_FG2M,DEFICIT_FG2A
0,Wizards,1,16,0.063,12,16,0.75,12,31,43,22,7,7,17,23,89,37,70,0.528571428571,0,0.452380952381,0.488636363636,0.0666666666667,0.326530612245,0.363636363636,0.363636363636,0.545454545455,0.492063492063,0.505882352941,0.44,0.368421052632,0.636363636364,0.62962962963,0.575,0.536231884058,0.551181102362
1,Cavaliers,14,33,0.424,21,28,0.75,10,32,42,28,12,4,10,17,127,32,57,0.561403508772,1,0.547619047619,0.511363636364,0.933333333333,0.673469387755,0.636363636364,0.636363636364,0.454545454545,0.507936507937,0.494117647059,0.56,0.631578947368,0.363636363636,0.37037037037,0.425,0.463768115942,0.448818897638
