,TEAM_NAME,FG3M,FG3A,FG3_PCT,FTM,FTA,FT_PCT,OREB,DREB,REB,AST,STL,BLK,TO,PF,PTS,FG2M,FG2A,FG2_PCT,OUTCOME,DEFICIT_FGM,DEFICIT_FGA,DEFICIT_FG3M,DEFICIT_FG3A,DEFICIT_FTM,DEFICIT_FTA,DEFICIT_OREB,DEFICIT_DREB,DEFICIT_REB,DEFICIT_AST,DEFICIT_STL,DEFICIT_BLK,DEFICIT_TO,DEFICIT_PF,DEFICIT_FG2M,DEFICIT_FG2A
0,Timberwolves,5,28,0.179,19,24,0.792,12,31,43,21,16,5,17,15,92,29,66,0.439393939394,0,0.465753424658,0.525139664804,0.5,0.636363636364,0.655172413793,0.685714285714,0.521739130435,0.449275362319,0.467391304348,0.488372093023,0.615384615385,0.294117647059,0.425,0.384615384615,0.460317460317,0.488888888889
1,Cavaliers,5,16,0.313,10,11,0.909,11,38,49,22,10,12,23,24,93,34,69,0.492753623188,1,0.534246575342,0.474860335196,0.5,0.363636363636,0.344827586207,0.314285714286,0.478260869565,0.550724637681,0.532608695652,0.511627906977,0.384615384615,0.705882352941,0.575,0.615384615385,0.539682539683,0.511111111111
