,TEAM_NAME,FG3M,FG3A,FG3_PCT,FTM,FTA,FT_PCT,OREB,DREB,REB,AST,STL,BLK,TO,PF,PTS,FG2M,FG2A,FG2_PCT,OUTCOME,DEFICIT_FGM,DEFICIT_FGA,DEFICIT_FG3M,DEFICIT_FG3A,DEFICIT_FTM,DEFICIT_FTA,DEFICIT_OREB,DEFICIT_DREB,DEFICIT_REB,DEFICIT_AST,DEFICIT_STL,DEFICIT_BLK,DEFICIT_TO,DEFICIT_PF,DEFICIT_FG2M,DEFICIT_FG2A
0,Grizzlies,5,15,0.333,18,22,0.818,9,27,36,23,6,2,18,19,95,31,59,0.525423728814,1,0.521739130435,0.513888888889,0.416666666667,0.428571428571,0.545454545455,0.55,0.692307692308,0.490909090909,0.529411764706,0.621621621622,0.4,0.25,0.514285714286,0.475,0.543859649123,0.54128440367
1,Celtics,7,20,0.35,15,18,0.833,4,28,32,14,9,6,17,21,88,26,50,0.52,0,0.478260869565,0.486111111111,0.583333333333,0.571428571429,0.454545454545,0.45,0.307692307692,0.509090909091,0.470588235294,0.378378378378,0.6,0.75,0.485714285714,0.525,0.456140350877,0.45871559633
