,TEAM_NAME,FG3M,FG3A,FG3_PCT,FTM,FTA,FT_PCT,OREB,DREB,REB,AST,STL,BLK,TO,PF,PTS,FG2M,FG2A,FG2_PCT,OUTCOME,DEFICIT_FGM,DEFICIT_FGA,DEFICIT_FG3M,DEFICIT_FG3A,DEFICIT_FTM,DEFICIT_FTA,DEFICIT_OREB,DEFICIT_DREB,DEFICIT_REB,DEFICIT_AST,DEFICIT_STL,DEFICIT_BLK,DEFICIT_TO,DEFICIT_PF,DEFICIT_FG2M,DEFICIT_FG2A
0,Grizzlies,5,15,0.333,18,22,0.818,9,27,36,23,6,2,18,19,95,31,59,0.5254237288135594,1,0.5217391304347826,0.5138888888888888,0.4166666666666667,0.42857142857142855,0.5454545454545454,0.55,0.6923076923076923,0.4909090909090909,0.5294117647058824,0.6216216216216216,0.4,0.25,0.5142857142857142,0.475,0.543859649122807,0.5412844036697247
1,Celtics,7,20,0.35,15,18,0.833,4,28,32,14,9,6,17,21,88,26,50,0.52,0,0.4782608695652174,0.4861111111111111,0.5833333333333334,0.5714285714285714,0.45454545454545453,0.45,0.3076923076923077,0.509090909090909,0.47058823529411764,0.3783783783783784,0.6,0.75,0.4857142857142857,0.525,0.45614035087719296,0.45871559633027525
