,TEAM_NAME,FG3M,FG3A,FG3_PCT,FTM,FTA,FT_PCT,OREB,DREB,REB,AST,STL,BLK,TO,PF,PTS,FG2M,FG2A,FG2_PCT,OUTCOME,DEFICIT_FGM,DEFICIT_FGA,DEFICIT_FG3M,DEFICIT_FG3A,DEFICIT_FTM,DEFICIT_FTA,DEFICIT_OREB,DEFICIT_DREB,DEFICIT_REB,DEFICIT_AST,DEFICIT_STL,DEFICIT_BLK,DEFICIT_TO,DEFICIT_PF,DEFICIT_FG2M,DEFICIT_FG2A
0,Grizzlies,7,19,0.368,20,27,0.741,11,29,40,20,11,2,9,21,97,28,60,0.4666666666666667,1,0.5072463768115942,0.5163398692810458,0.4666666666666667,0.475,0.6060606060606061,0.627906976744186,0.5,0.453125,0.46511627906976744,0.5128205128205128,0.6875,0.4,0.3333333333333333,0.5833333333333334,0.5185185185185185,0.5309734513274337
1,Pacers,8,21,0.381,13,16,0.813,11,35,46,19,5,3,18,15,89,26,53,0.49056603773584906,0,0.4927536231884058,0.48366013071895425,0.5333333333333333,0.525,0.3939393939393939,0.37209302325581395,0.5,0.546875,0.5348837209302325,0.48717948717948717,0.3125,0.6,0.6666666666666666,0.4166666666666667,0.48148148148148145,0.4690265486725664
