,TEAM_NAME,FG3M,FG3A,FG3_PCT,FTM,FTA,FT_PCT,OREB,DREB,REB,AST,STL,BLK,TO,PF,PTS,FG2M,FG2A,FG2_PCT,OUTCOME,DEFICIT_FGM,DEFICIT_FGA,DEFICIT_FG3M,DEFICIT_FG3A,DEFICIT_FTM,DEFICIT_FTA,DEFICIT_OREB,DEFICIT_DREB,DEFICIT_REB,DEFICIT_AST,DEFICIT_STL,DEFICIT_BLK,DEFICIT_TO,DEFICIT_PF,DEFICIT_FG2M,DEFICIT_FG2A
0,Kings,4,10,0.4,31,35,0.886,14,35,49,14,6,2,10,24,103,30,71,0.4225352112676056,1,0.5,0.49390243902439024,0.3076923076923077,0.2777777777777778,0.6458333333333334,0.6481481481481481,0.5833333333333334,0.5555555555555556,0.5632183908045977,0.4117647058823529,0.5454545454545454,0.2,0.5,0.48,0.5454545454545454,0.5546875
1,Trail Blazers,9,26,0.346,17,19,0.895,10,28,38,20,5,8,10,26,94,25,57,0.43859649122807015,0,0.5,0.5060975609756098,0.6923076923076923,0.7222222222222222,0.3541666666666667,0.35185185185185186,0.4166666666666667,0.4444444444444444,0.4367816091954023,0.5882352941176471,0.45454545454545453,0.8,0.5,0.52,0.45454545454545453,0.4453125
