,TEAM_NAME,FG3M,FG3A,FG3_PCT,FTM,FTA,FT_PCT,OREB,DREB,REB,AST,STL,BLK,TO,PF,PTS,FG2M,FG2A,FG2_PCT,OUTCOME,DEFICIT_FGM,DEFICIT_FGA,DEFICIT_FG3M,DEFICIT_FG3A,DEFICIT_FTM,DEFICIT_FTA,DEFICIT_OREB,DEFICIT_DREB,DEFICIT_REB,DEFICIT_AST,DEFICIT_STL,DEFICIT_BLK,DEFICIT_TO,DEFICIT_PF,DEFICIT_FG2M,DEFICIT_FG2A
0,Grizzlies,7,19,0.368,20,27,0.741,11,29,40,20,11,2,9,21,97,28,60,0.466666666667,1,0.507246376812,0.516339869281,0.466666666667,0.475,0.606060606061,0.627906976744,0.5,0.453125,0.46511627907,0.512820512821,0.6875,0.4,0.333333333333,0.583333333333,0.518518518519,0.530973451327
1,Pacers,8,21,0.381,13,16,0.813,11,35,46,19,5,3,18,15,89,26,53,0.490566037736,0,0.492753623188,0.483660130719,0.533333333333,0.525,0.393939393939,0.372093023256,0.5,0.546875,0.53488372093,0.487179487179,0.3125,0.6,0.666666666667,0.416666666667,0.481481481481,0.469026548673
