,TEAM_NAME,FG3M,FG3A,FG3_PCT,FTM,FTA,FT_PCT,OREB,DREB,REB,AST,STL,BLK,TO,PF,PTS,FG2M,FG2A,FG2_PCT,OUTCOME,DEFICIT_FGM,DEFICIT_FGA,DEFICIT_FG3M,DEFICIT_FG3A,DEFICIT_FTM,DEFICIT_FTA,DEFICIT_OREB,DEFICIT_DREB,DEFICIT_REB,DEFICIT_AST,DEFICIT_STL,DEFICIT_BLK,DEFICIT_TO,DEFICIT_PF,DEFICIT_FG2M,DEFICIT_FG2A
0,76ers,5,23,0.217,12,22,0.545,12,30,42,20,9,5,16,18,81,27,63,0.428571428571,0,0.470588235294,0.494252873563,0.357142857143,0.489361702128,0.5,0.511627906977,0.444444444444,0.428571428571,0.432989690722,0.444444444444,0.473684210526,0.3125,0.470588235294,0.486486486486,0.5,0.496062992126
1,Bucks,9,24,0.375,12,21,0.571,15,40,55,25,10,11,18,19,93,27,64,0.421875,1,0.529411764706,0.505747126437,0.642857142857,0.510638297872,0.5,0.488372093023,0.555555555556,0.571428571429,0.567010309278,0.555555555556,0.526315789474,0.6875,0.529411764706,0.513513513514,0.5,0.503937007874
