,TEAM_NAME,FG3M,FG3A,FG3_PCT,FTM,FTA,FT_PCT,OREB,DREB,REB,AST,STL,BLK,TO,PF,PTS,FG2M,FG2A,FG2_PCT,OUTCOME,DEFICIT_FGM,DEFICIT_FGA,DEFICIT_FG3M,DEFICIT_FG3A,DEFICIT_FTM,DEFICIT_FTA,DEFICIT_OREB,DEFICIT_DREB,DEFICIT_REB,DEFICIT_AST,DEFICIT_STL,DEFICIT_BLK,DEFICIT_TO,DEFICIT_PF,DEFICIT_FG2M,DEFICIT_FG2A
0,Spurs,8,25,0.32,17,23,0.739,5,40,45,20,3,3,12,25,89,24,53,0.4528301886792453,0,0.47761194029850745,0.4727272727272727,0.8,0.5813953488372093,0.4358974358974359,0.46938775510204084,0.29411764705882354,0.5128205128205128,0.47368421052631576,0.5714285714285714,0.6,0.375,0.631578947368421,0.5434782608695652,0.42105263157894735,0.4344262295081967
1,Suns,2,18,0.111,22,26,0.846,12,38,50,15,2,5,7,21,94,33,69,0.4782608695652174,1,0.5223880597014925,0.5272727272727272,0.2,0.4186046511627907,0.5641025641025641,0.5306122448979592,0.7058823529411765,0.48717948717948717,0.5263157894736842,0.42857142857142855,0.4,0.625,0.3684210526315789,0.45652173913043476,0.5789473684210527,0.5655737704918032
