,TEAM_NAME,FG3M,FG3A,FG3_PCT,FTM,FTA,FT_PCT,OREB,DREB,REB,AST,STL,BLK,TO,PF,PTS,FG2M,FG2A,FG2_PCT,OUTCOME,DEFICIT_FGM,DEFICIT_FGA,DEFICIT_FG3M,DEFICIT_FG3A,DEFICIT_FTM,DEFICIT_FTA,DEFICIT_OREB,DEFICIT_DREB,DEFICIT_REB,DEFICIT_AST,DEFICIT_STL,DEFICIT_BLK,DEFICIT_TO,DEFICIT_PF,DEFICIT_FG2M,DEFICIT_FG2A
0,Kings,4,10,0.4,31,35,0.886,14,35,49,14,6,2,10,24,103,30,71,0.422535211268,1,0.5,0.493902439024,0.307692307692,0.277777777778,0.645833333333,0.648148148148,0.583333333333,0.555555555556,0.563218390805,0.411764705882,0.545454545455,0.2,0.5,0.48,0.545454545455,0.5546875
1,Trail Blazers,9,26,0.346,17,19,0.895,10,28,38,20,5,8,10,26,94,25,57,0.438596491228,0,0.5,0.506097560976,0.692307692308,0.722222222222,0.354166666667,0.351851851852,0.416666666667,0.444444444444,0.436781609195,0.588235294118,0.454545454545,0.8,0.5,0.52,0.454545454545,0.4453125
