,TEAM_NAME,FG3M,FG3A,FG3_PCT,FTM,FTA,FT_PCT,OREB,DREB,REB,AST,STL,BLK,TO,PF,PTS,FG2M,FG2A,FG2_PCT,OUTCOME,DEFICIT_FGM,DEFICIT_FGA,DEFICIT_FG3M,DEFICIT_FG3A,DEFICIT_FTM,DEFICIT_FTA,DEFICIT_OREB,DEFICIT_DREB,DEFICIT_REB,DEFICIT_AST,DEFICIT_STL,DEFICIT_BLK,DEFICIT_TO,DEFICIT_PF,DEFICIT_FG2M,DEFICIT_FG2A
0,Raptors,3,19,0.158,17,22,0.773,7,31,38,17,8,5,16,21,76,25,52,0.4807692307692308,0,0.4444444444444444,0.461038961038961,0.2727272727272727,0.48717948717948717,0.4857142857142857,0.46808510638297873,0.35,0.4696969696969697,0.4418604651162791,0.4857142857142857,0.5,0.38461538461538464,0.6153846153846154,0.5121951219512195,0.4807692307692308,0.45217391304347826
1,Heat,8,20,0.4,18,25,0.72,13,35,48,18,8,8,10,20,96,27,63,0.42857142857142855,1,0.5555555555555556,0.538961038961039,0.7272727272727273,0.5128205128205128,0.5142857142857142,0.5319148936170213,0.65,0.5303030303030303,0.5581395348837209,0.5142857142857142,0.5,0.6153846153846154,0.38461538461538464,0.4878048780487805,0.5192307692307693,0.5478260869565217
