,TEAM_NAME,FG3M,FG3A,FG3_PCT,FTM,FTA,FT_PCT,OREB,DREB,REB,AST,STL,BLK,TO,PF,PTS,FG2M,FG2A,FG2_PCT,OUTCOME,DEFICIT_FGM,DEFICIT_FGA,DEFICIT_FG3M,DEFICIT_FG3A,DEFICIT_FTM,DEFICIT_FTA,DEFICIT_OREB,DEFICIT_DREB,DEFICIT_REB,DEFICIT_AST,DEFICIT_STL,DEFICIT_BLK,DEFICIT_TO,DEFICIT_PF,DEFICIT_FG2M,DEFICIT_FG2A
0,Trail Blazers,9,25,0.36,12,18,0.667,7,33,40,24,5,2,22,22,103,32,51,0.6274509803921569,0,0.4659090909090909,0.4418604651162791,0.45,0.45454545454545453,0.4444444444444444,0.45,0.28,0.5409836065573771,0.46511627906976744,0.6,0.2777777777777778,0.2857142857142857,0.7096774193548387,0.5789473684210527,0.47058823529411764,0.4358974358974359
1,Pistons,11,30,0.367,15,22,0.682,18,28,46,16,13,5,9,16,120,36,66,0.5454545454545454,1,0.5340909090909091,0.5581395348837209,0.55,0.5454545454545454,0.5555555555555556,0.55,0.72,0.45901639344262296,0.5348837209302325,0.4,0.7222222222222222,0.7142857142857143,0.2903225806451613,0.42105263157894735,0.5294117647058824,0.5641025641025641
