,TEAM_NAME,FG3M,FG3A,FG3_PCT,FTM,FTA,FT_PCT,OREB,DREB,REB,AST,STL,BLK,TO,PF,PTS,FG2M,FG2A,FG2_PCT,OUTCOME,DEFICIT_FGM,DEFICIT_FGA,DEFICIT_FG3M,DEFICIT_FG3A,DEFICIT_FTM,DEFICIT_FTA,DEFICIT_OREB,DEFICIT_DREB,DEFICIT_REB,DEFICIT_AST,DEFICIT_STL,DEFICIT_BLK,DEFICIT_TO,DEFICIT_PF,DEFICIT_FG2M,DEFICIT_FG2A
0,Pacers,6,18,0.333,13,19,0.684,12,35,47,22,5,4,7,20,97,33,72,0.4583333333333333,0,0.5064935064935064,0.5202312138728323,0.42857142857142855,0.42857142857142855,0.43333333333333335,0.4318181818181818,0.5217391304347826,0.4861111111111111,0.49473684210526314,0.46808510638297873,0.5,0.5,0.4117647058823529,0.5,0.5238095238095238,0.549618320610687
1,Cavaliers,8,24,0.333,17,25,0.68,11,37,48,25,5,4,10,20,101,30,59,0.5084745762711864,1,0.4935064935064935,0.4797687861271676,0.5714285714285714,0.5714285714285714,0.5666666666666667,0.5681818181818182,0.4782608695652174,0.5138888888888888,0.5052631578947369,0.5319148936170213,0.5,0.5,0.5882352941176471,0.5,0.47619047619047616,0.45038167938931295
