,TEAM_NAME,FG3M,FG3A,FG3_PCT,FTM,FTA,FT_PCT,OREB,DREB,REB,AST,STL,BLK,TO,PF,PTS,FG2M,FG2A,FG2_PCT,OUTCOME,DEFICIT_FGM,DEFICIT_FGA,DEFICIT_FG3M,DEFICIT_FG3A,DEFICIT_FTM,DEFICIT_FTA,DEFICIT_OREB,DEFICIT_DREB,DEFICIT_REB,DEFICIT_AST,DEFICIT_STL,DEFICIT_BLK,DEFICIT_TO,DEFICIT_PF,DEFICIT_FG2M,DEFICIT_FG2A
0,Pacers,6,18,0.333,13,19,0.684,12,35,47,22,5,4,7,20,97,33,72,0.458333333333,0,0.506493506494,0.520231213873,0.428571428571,0.428571428571,0.433333333333,0.431818181818,0.521739130435,0.486111111111,0.494736842105,0.468085106383,0.5,0.5,0.411764705882,0.5,0.52380952381,0.549618320611
1,Cavaliers,8,24,0.333,17,25,0.68,11,37,48,25,5,4,10,20,101,30,59,0.508474576271,1,0.493506493506,0.479768786127,0.571428571429,0.571428571429,0.566666666667,0.568181818182,0.478260869565,0.513888888889,0.505263157895,0.531914893617,0.5,0.5,0.588235294118,0.5,0.47619047619,0.450381679389
