,TEAM_NAME,FG3M,FG3A,FG3_PCT,FTM,FTA,FT_PCT,OREB,DREB,REB,AST,STL,BLK,TO,PF,PTS,FG2M,FG2A,FG2_PCT,OUTCOME,DEFICIT_FGM,DEFICIT_FGA,DEFICIT_FG3M,DEFICIT_FG3A,DEFICIT_FTM,DEFICIT_FTA,DEFICIT_OREB,DEFICIT_DREB,DEFICIT_REB,DEFICIT_AST,DEFICIT_STL,DEFICIT_BLK,DEFICIT_TO,DEFICIT_PF,DEFICIT_FG2M,DEFICIT_FG2A
0,Pelicans,6,27,0.222,18,32,0.563,11,38,49,18,7,8,9,22,88,26,60,0.43333333333333335,1,0.49230769230769234,0.5087719298245614,0.6,0.54,0.5454545454545454,0.6274509803921569,0.5,0.4935064935064935,0.494949494949495,0.5294117647058824,0.6363636363636364,0.7272727272727273,0.391304347826087,0.46808510638297873,0.4727272727272727,0.49586776859504134
1,Mavericks,4,23,0.174,15,19,0.789,11,39,50,16,4,3,14,25,85,29,61,0.47540983606557374,0,0.5076923076923077,0.49122807017543857,0.4,0.46,0.45454545454545453,0.37254901960784315,0.5,0.5064935064935064,0.5050505050505051,0.47058823529411764,0.36363636363636365,0.2727272727272727,0.6086956521739131,0.5319148936170213,0.5272727272727272,0.5041322314049587
