,TEAM_NAME,FG3M,FG3A,FG3_PCT,FTM,FTA,FT_PCT,OREB,DREB,REB,AST,STL,BLK,TO,PF,PTS,FG2M,FG2A,FG2_PCT,OUTCOME,DEFICIT_FGM,DEFICIT_FGA,DEFICIT_FG3M,DEFICIT_FG3A,DEFICIT_FTM,DEFICIT_FTA,DEFICIT_OREB,DEFICIT_DREB,DEFICIT_REB,DEFICIT_AST,DEFICIT_STL,DEFICIT_BLK,DEFICIT_TO,DEFICIT_PF,DEFICIT_FG2M,DEFICIT_FG2A
0,Heat,5,14,0.357,21,28,0.75,8,34,42,21,8,9,14,20,88,26,53,0.490566037736,1,0.476923076923,0.437908496732,0.416666666667,0.368421052632,0.7,0.682926829268,0.444444444444,0.548387096774,0.525,0.538461538462,0.470588235294,0.6,0.56,0.46511627907,0.490566037736,0.460869565217
1,Nets,7,24,0.292,9,13,0.692,10,28,38,18,9,6,11,23,84,27,62,0.435483870968,0,0.523076923077,0.562091503268,0.583333333333,0.631578947368,0.3,0.317073170732,0.555555555556,0.451612903226,0.475,0.461538461538,0.529411764706,0.4,0.44,0.53488372093,0.509433962264,0.539130434783
