,TEAM_NAME,FG3M,FG3A,FG3_PCT,FTM,FTA,FT_PCT,OREB,DREB,REB,AST,STL,BLK,TO,PF,PTS,FG2M,FG2A,FG2_PCT,OUTCOME,DEFICIT_FGM,DEFICIT_FGA,DEFICIT_FG3M,DEFICIT_FG3A,DEFICIT_FTM,DEFICIT_FTA,DEFICIT_OREB,DEFICIT_DREB,DEFICIT_REB,DEFICIT_AST,DEFICIT_STL,DEFICIT_BLK,DEFICIT_TO,DEFICIT_PF,DEFICIT_FG2M,DEFICIT_FG2A
0,Lakers,6,18,0.333,28,30,0.933,5,32,37,14,8,3,11,20,88,21,53,0.39622641509433965,1,0.45,0.4409937888198758,0.42857142857142855,0.391304347826087,0.6829268292682927,0.625,0.23809523809523808,0.48484848484848486,0.42528735632183906,0.4,0.6153846153846154,0.6,0.44,0.4878048780487805,0.45652173913043476,0.4608695652173913
1,Pacers,8,28,0.286,13,18,0.722,16,34,50,21,5,2,14,21,87,25,62,0.4032258064516129,0,0.55,0.5590062111801242,0.5714285714285714,0.6086956521739131,0.3170731707317073,0.375,0.7619047619047619,0.5151515151515151,0.5747126436781609,0.6,0.38461538461538464,0.4,0.56,0.5121951219512195,0.5434782608695652,0.5391304347826087
