,TEAM_NAME,FG3M,FG3A,FG3_PCT,FTM,FTA,FT_PCT,OREB,DREB,REB,AST,STL,BLK,TO,PF,PTS,FG2M,FG2A,FG2_PCT,OUTCOME,DEFICIT_FGM,DEFICIT_FGA,DEFICIT_FG3M,DEFICIT_FG3A,DEFICIT_FTM,DEFICIT_FTA,DEFICIT_OREB,DEFICIT_DREB,DEFICIT_REB,DEFICIT_AST,DEFICIT_STL,DEFICIT_BLK,DEFICIT_TO,DEFICIT_PF,DEFICIT_FG2M,DEFICIT_FG2A
0,Kings,3,15,0.2,28,36,0.778,5,36,41,18,9,4,15,15,95,29,60,0.48333333333333334,0,0.4155844155844156,0.45180722891566266,0.2,0.32608695652173914,0.7,0.6923076923076923,0.38461538461538464,0.4675324675324675,0.45555555555555555,0.46153846153846156,0.5294117647058824,0.5714285714285714,0.5357142857142857,0.35714285714285715,0.46774193548387094,0.5
1,Pistons,12,31,0.387,12,16,0.75,8,41,49,21,8,3,13,27,114,33,60,0.55,1,0.5844155844155844,0.5481927710843374,0.8,0.6739130434782609,0.3,0.3076923076923077,0.6153846153846154,0.5324675324675324,0.5444444444444444,0.5384615384615384,0.47058823529411764,0.42857142857142855,0.4642857142857143,0.6428571428571429,0.532258064516129,0.5
