,TEAM_NAME,FG3M,FG3A,FG3_PCT,FTM,FTA,FT_PCT,OREB,DREB,REB,AST,STL,BLK,TO,PF,PTS,FG2M,FG2A,FG2_PCT,OUTCOME,DEFICIT_FGM,DEFICIT_FGA,DEFICIT_FG3M,DEFICIT_FG3A,DEFICIT_FTM,DEFICIT_FTA,DEFICIT_OREB,DEFICIT_DREB,DEFICIT_REB,DEFICIT_AST,DEFICIT_STL,DEFICIT_BLK,DEFICIT_TO,DEFICIT_PF,DEFICIT_FG2M,DEFICIT_FG2A
0,Spurs,8,21,0.381,14,15,0.933,5,44,49,27,8,10,11,11,94,28,60,0.466666666667,1,0.507042253521,0.476470588235,0.5,0.466666666667,0.636363636364,0.652173913043,0.416666666667,0.564102564103,0.544444444444,0.54,0.571428571429,0.714285714286,0.5,0.458333333333,0.509090909091,0.48
1,Pelicans,8,24,0.333,8,8,1.0,7,34,41,23,6,4,11,13,86,27,65,0.415384615385,0,0.492957746479,0.523529411765,0.5,0.533333333333,0.363636363636,0.347826086957,0.583333333333,0.435897435897,0.455555555556,0.46,0.428571428571,0.285714285714,0.5,0.541666666667,0.490909090909,0.52
