,TEAM_NAME,FG3M,FG3A,FG3_PCT,FTM,FTA,FT_PCT,OREB,DREB,REB,AST,STL,BLK,TO,PF,PTS,FG2M,FG2A,FG2_PCT,OUTCOME,DEFICIT_FGM,DEFICIT_FGA,DEFICIT_FG3M,DEFICIT_FG3A,DEFICIT_FTM,DEFICIT_FTA,DEFICIT_OREB,DEFICIT_DREB,DEFICIT_REB,DEFICIT_AST,DEFICIT_STL,DEFICIT_BLK,DEFICIT_TO,DEFICIT_PF,DEFICIT_FG2M,DEFICIT_FG2A
0,Thunder,4,20,0.2,22,27,0.815,11,35,46,22,3,4,14,18,106,36,66,0.545454545455,0,0.459770114943,0.49710982659,0.266666666667,0.37037037037,0.578947368421,0.5625,0.733333333333,0.492957746479,0.53488372093,0.4,0.214285714286,0.571428571429,0.636363636364,0.473684210526,0.5,0.554621848739
1,Warriors,11,34,0.324,16,21,0.762,4,36,40,33,11,3,8,20,121,36,53,0.679245283019,1,0.540229885057,0.50289017341,0.733333333333,0.62962962963,0.421052631579,0.4375,0.266666666667,0.507042253521,0.46511627907,0.6,0.785714285714,0.428571428571,0.363636363636,0.526315789474,0.5,0.445378151261
