,TEAM_NAME,FG3M,FG3A,FG3_PCT,FTM,FTA,FT_PCT,OREB,DREB,REB,AST,STL,BLK,TO,PF,PTS,FG2M,FG2A,FG2_PCT,OUTCOME,DEFICIT_FGM,DEFICIT_FGA,DEFICIT_FG3M,DEFICIT_FG3A,DEFICIT_FTM,DEFICIT_FTA,DEFICIT_OREB,DEFICIT_DREB,DEFICIT_REB,DEFICIT_AST,DEFICIT_STL,DEFICIT_BLK,DEFICIT_TO,DEFICIT_PF,DEFICIT_FG2M,DEFICIT_FG2A
0,Suns,5,22,0.227,21,27,0.778,6,32,38,12,7,2,9,24,92,28,60,0.466666666667,0,0.452054794521,0.49696969697,0.357142857143,0.564102564103,0.525,0.519230769231,0.461538461538,0.438356164384,0.441860465116,0.324324324324,0.583333333333,0.2,0.428571428571,0.489795918367,0.474576271186,0.47619047619
1,Heat,9,17,0.529,19,25,0.76,7,41,48,25,5,8,12,25,108,31,66,0.469696969697,1,0.547945205479,0.50303030303,0.642857142857,0.435897435897,0.475,0.480769230769,0.538461538462,0.561643835616,0.558139534884,0.675675675676,0.416666666667,0.8,0.571428571429,0.510204081633,0.525423728814,0.52380952381
