,TEAM_NAME,FG3M,FG3A,FG3_PCT,FTM,FTA,FT_PCT,OREB,DREB,REB,AST,STL,BLK,TO,PF,PTS,FG2M,FG2A,FG2_PCT,OUTCOME,DEFICIT_FGM,DEFICIT_FGA,DEFICIT_FG3M,DEFICIT_FG3A,DEFICIT_FTM,DEFICIT_FTA,DEFICIT_OREB,DEFICIT_DREB,DEFICIT_REB,DEFICIT_AST,DEFICIT_STL,DEFICIT_BLK,DEFICIT_TO,DEFICIT_PF,DEFICIT_FG2M,DEFICIT_FG2A
0,Trail Blazers,10,25,0.4,15,22,0.682,8,42,50,25,5,5,24,25,113,34,59,0.576271186441,0,0.494382022472,0.446808510638,0.588235294118,0.5,0.394736842105,0.415094339623,0.333333333333,0.567567567568,0.510204081633,0.520833333333,0.277777777778,0.714285714286,0.774193548387,0.568181818182,0.472222222222,0.427536231884
1,Pistons,7,25,0.28,23,31,0.742,16,32,48,23,13,2,7,19,120,38,79,0.481012658228,1,0.505617977528,0.553191489362,0.411764705882,0.5,0.605263157895,0.584905660377,0.666666666667,0.432432432432,0.489795918367,0.479166666667,0.722222222222,0.285714285714,0.225806451613,0.431818181818,0.527777777778,0.572463768116
