,TEAM_NAME,FG3M,FG3A,FG3_PCT,FTM,FTA,FT_PCT,OREB,DREB,REB,AST,STL,BLK,TO,PF,PTS,FG2M,FG2A,FG2_PCT,OUTCOME,DEFICIT_FGM,DEFICIT_FGA,DEFICIT_FG3M,DEFICIT_FG3A,DEFICIT_FTM,DEFICIT_FTA,DEFICIT_OREB,DEFICIT_DREB,DEFICIT_REB,DEFICIT_AST,DEFICIT_STL,DEFICIT_BLK,DEFICIT_TO,DEFICIT_PF,DEFICIT_FG2M,DEFICIT_FG2A
0,Jazz,9,22,0.409,11,13,0.846,8,25,33,22,8,4,7,18,106,34,71,0.478873239437,0,0.524390243902,0.550295857988,0.375,0.5,0.407407407407,0.361111111111,0.571428571429,0.409836065574,0.44,0.52380952381,0.615384615385,0.363636363636,0.333333333333,0.514285714286,0.586206896552,0.568
1,Thunder,15,22,0.682,16,23,0.696,6,36,42,20,5,7,14,17,109,24,54,0.444444444444,1,0.475609756098,0.449704142012,0.625,0.5,0.592592592593,0.638888888889,0.428571428571,0.590163934426,0.56,0.47619047619,0.384615384615,0.636363636364,0.666666666667,0.485714285714,0.413793103448,0.432
