,TEAM_NAME,FG3M,FG3A,FG3_PCT,FTM,FTA,FT_PCT,OREB,DREB,REB,AST,STL,BLK,TO,PF,PTS,FG2M,FG2A,FG2_PCT,OUTCOME,DEFICIT_FGM,DEFICIT_FGA,DEFICIT_FG3M,DEFICIT_FG3A,DEFICIT_FTM,DEFICIT_FTA,DEFICIT_OREB,DEFICIT_DREB,DEFICIT_REB,DEFICIT_AST,DEFICIT_STL,DEFICIT_BLK,DEFICIT_TO,DEFICIT_PF,DEFICIT_FG2M,DEFICIT_FG2A
0,Trail Blazers,7,27,0.259,9,14,0.643,17,39,56,20,9,2,19,19,90,30,65,0.461538461538,0,0.506849315068,0.531791907514,0.538461538462,0.586956521739,0.346153846154,0.4,0.708333333333,0.534246575342,0.577319587629,0.47619047619,0.45,0.222222222222,0.527777777778,0.542857142857,0.5,0.511811023622
1,Warriors,6,19,0.316,17,21,0.81,7,34,41,22,11,7,17,16,95,30,62,0.483870967742,1,0.493150684932,0.468208092486,0.461538461538,0.413043478261,0.653846153846,0.6,0.291666666667,0.465753424658,0.422680412371,0.52380952381,0.55,0.777777777778,0.472222222222,0.457142857143,0.5,0.488188976378
