,TEAM_NAME,FG3M,FG3A,FG3_PCT,FTM,FTA,FT_PCT,OREB,DREB,REB,AST,STL,BLK,TO,PF,PTS,FG2M,FG2A,FG2_PCT,OUTCOME,DEFICIT_FGM,DEFICIT_FGA,DEFICIT_FG3M,DEFICIT_FG3A,DEFICIT_FTM,DEFICIT_FTA,DEFICIT_OREB,DEFICIT_DREB,DEFICIT_REB,DEFICIT_AST,DEFICIT_STL,DEFICIT_BLK,DEFICIT_TO,DEFICIT_PF,DEFICIT_FG2M,DEFICIT_FG2A
0,Trail Blazers,7,27,0.259,9,14,0.643,17,39,56,20,9,2,19,19,90,30,65,0.46153846153846156,0,0.5068493150684932,0.5317919075144508,0.5384615384615384,0.5869565217391305,0.34615384615384615,0.4,0.7083333333333334,0.5342465753424658,0.5773195876288659,0.47619047619047616,0.45,0.2222222222222222,0.5277777777777778,0.5428571428571428,0.5,0.5118110236220472
1,Warriors,6,19,0.316,17,21,0.81,7,34,41,22,11,7,17,16,95,30,62,0.4838709677419355,1,0.4931506849315068,0.4682080924855491,0.46153846153846156,0.41304347826086957,0.6538461538461539,0.6,0.2916666666666667,0.4657534246575342,0.422680412371134,0.5238095238095238,0.55,0.7777777777777778,0.4722222222222222,0.45714285714285713,0.5,0.4881889763779528
