,TEAM_NAME,FG3M,FG3A,FG3_PCT,FTM,FTA,FT_PCT,OREB,DREB,REB,AST,STL,BLK,TO,PF,PTS,FG2M,FG2A,FG2_PCT,OUTCOME,DEFICIT_FGM,DEFICIT_FGA,DEFICIT_FG3M,DEFICIT_FG3A,DEFICIT_FTM,DEFICIT_FTA,DEFICIT_OREB,DEFICIT_DREB,DEFICIT_REB,DEFICIT_AST,DEFICIT_STL,DEFICIT_BLK,DEFICIT_TO,DEFICIT_PF,DEFICIT_FG2M,DEFICIT_FG2A
0,Knicks,8,16,0.5,10,17,0.588,8,27,35,23,5,0,12,26,96,31,62,0.5,1,0.541666666667,0.527027027027,0.571428571429,0.516129032258,0.322580645161,0.369565217391,0.5,0.473684210526,0.479452054795,0.53488372093,0.416666666667,0.0,0.5,0.619047619048,0.534482758621,0.529914529915
1,Hornets,6,15,0.4,21,29,0.724,8,30,38,20,7,2,12,16,93,27,55,0.490909090909,0,0.458333333333,0.472972972973,0.428571428571,0.483870967742,0.677419354839,0.630434782609,0.5,0.526315789474,0.520547945205,0.46511627907,0.583333333333,1.0,0.5,0.380952380952,0.465517241379,0.470085470085
