,TEAM_NAME,FG3M,FG3A,FG3_PCT,FTM,FTA,FT_PCT,OREB,DREB,REB,AST,STL,BLK,TO,PF,PTS,FG2M,FG2A,FG2_PCT,OUTCOME,DEFICIT_FGM,DEFICIT_FGA,DEFICIT_FG3M,DEFICIT_FG3A,DEFICIT_FTM,DEFICIT_FTA,DEFICIT_OREB,DEFICIT_DREB,DEFICIT_REB,DEFICIT_AST,DEFICIT_STL,DEFICIT_BLK,DEFICIT_TO,DEFICIT_PF,DEFICIT_FG2M,DEFICIT_FG2A
0,Thunder,7,30,0.233,24,28,0.857,17,31,48,20,9,11,7,24,111,33,67,0.492537313433,0,0.512820512821,0.554285714286,0.388888888889,0.508474576271,0.461538461538,0.430769230769,0.772727272727,0.492063492063,0.564705882353,0.5,0.642857142857,0.578947368421,0.35,0.533333333333,0.55,0.577586206897
1,Rockets,11,29,0.379,28,37,0.757,5,32,37,20,5,8,13,21,115,27,49,0.551020408163,1,0.487179487179,0.445714285714,0.611111111111,0.491525423729,0.538461538462,0.569230769231,0.227272727273,0.507936507937,0.435294117647,0.5,0.357142857143,0.421052631579,0.65,0.466666666667,0.45,0.422413793103
