,TEAM_NAME,FG3M,FG3A,FG3_PCT,FTM,FTA,FT_PCT,OREB,DREB,REB,AST,STL,BLK,TO,PF,PTS,FG2M,FG2A,FG2_PCT,OUTCOME,DEFICIT_FGM,DEFICIT_FGA,DEFICIT_FG3M,DEFICIT_FG3A,DEFICIT_FTM,DEFICIT_FTA,DEFICIT_OREB,DEFICIT_DREB,DEFICIT_REB,DEFICIT_AST,DEFICIT_STL,DEFICIT_BLK,DEFICIT_TO,DEFICIT_PF,DEFICIT_FG2M,DEFICIT_FG2A
0,Trail Blazers,7,34,0.206,14,19,0.737,11,36,47,17,9,7,18,19,81,23,56,0.410714285714,0,0.428571428571,0.497237569061,0.411764705882,0.515151515152,0.411764705882,0.441860465116,0.5,0.455696202532,0.465346534653,0.354166666667,0.529411764706,0.388888888889,0.514285714286,0.527777777778,0.433962264151,0.486956521739
1,Warriors,10,32,0.313,20,24,0.833,11,43,54,31,8,11,17,17,110,30,59,0.508474576271,1,0.571428571429,0.502762430939,0.588235294118,0.484848484848,0.588235294118,0.558139534884,0.5,0.544303797468,0.534653465347,0.645833333333,0.470588235294,0.611111111111,0.485714285714,0.472222222222,0.566037735849,0.513043478261
