,TEAM_NAME,FG3M,FG3A,FG3_PCT,FTM,FTA,FT_PCT,OREB,DREB,REB,AST,STL,BLK,TO,PF,PTS,FG2M,FG2A,FG2_PCT,OUTCOME,DEFICIT_FGM,DEFICIT_FGA,DEFICIT_FG3M,DEFICIT_FG3A,DEFICIT_FTM,DEFICIT_FTA,DEFICIT_OREB,DEFICIT_DREB,DEFICIT_REB,DEFICIT_AST,DEFICIT_STL,DEFICIT_BLK,DEFICIT_TO,DEFICIT_PF,DEFICIT_FG2M,DEFICIT_FG2A
0,Magic,9,19,0.474,6,10,0.6,13,26,39,17,10,6,17,26,87,27,74,0.36486486486486486,0,0.5142857142857142,0.5670731707317073,0.5625,0.5277777777777778,0.21428571428571427,0.23809523809523808,0.5652173913043478,0.43333333333333335,0.46987951807228917,0.5,0.7142857142857143,0.25,0.4594594594594595,0.6666666666666666,0.5,0.578125
1,Pacers,7,17,0.412,22,32,0.688,10,34,44,17,4,18,20,13,97,27,54,0.5,1,0.4857142857142857,0.4329268292682927,0.4375,0.4722222222222222,0.7857142857142857,0.7619047619047619,0.43478260869565216,0.5666666666666667,0.5301204819277109,0.5,0.2857142857142857,0.75,0.5405405405405406,0.3333333333333333,0.5,0.421875
