,TEAM_NAME,FG3M,FG3A,FG3_PCT,FTM,FTA,FT_PCT,OREB,DREB,REB,AST,STL,BLK,TO,PF,PTS,FG2M,FG2A,FG2_PCT,OUTCOME,DEFICIT_FGM,DEFICIT_FGA,DEFICIT_FG3M,DEFICIT_FG3A,DEFICIT_FTM,DEFICIT_FTA,DEFICIT_OREB,DEFICIT_DREB,DEFICIT_REB,DEFICIT_AST,DEFICIT_STL,DEFICIT_BLK,DEFICIT_TO,DEFICIT_PF,DEFICIT_FG2M,DEFICIT_FG2A
0,Heat,11,20,0.55,22,29,0.759,5,35,40,26,10,7,18,21,107,26,52,0.5,1,0.5138888888888888,0.4645161290322581,0.6111111111111112,0.43478260869565216,0.55,0.5576923076923077,0.3125,0.5384615384615384,0.49382716049382713,0.5306122448979592,0.47619047619047616,0.6363636363636364,0.5,0.4375,0.48148148148148145,0.47706422018348627
1,Bulls,7,26,0.269,18,23,0.783,11,30,41,23,11,4,18,27,95,28,57,0.49122807017543857,0,0.4861111111111111,0.535483870967742,0.3888888888888889,0.5652173913043478,0.45,0.4423076923076923,0.6875,0.46153846153846156,0.5061728395061729,0.46938775510204084,0.5238095238095238,0.36363636363636365,0.5,0.5625,0.5185185185185185,0.5229357798165137
