,TEAM_NAME,FG3M,FG3A,FG3_PCT,FTM,FTA,FT_PCT,OREB,DREB,REB,AST,STL,BLK,TO,PF,PTS,FG2M,FG2A,FG2_PCT,OUTCOME,DEFICIT_FGM,DEFICIT_FGA,DEFICIT_FG3M,DEFICIT_FG3A,DEFICIT_FTM,DEFICIT_FTA,DEFICIT_OREB,DEFICIT_DREB,DEFICIT_REB,DEFICIT_AST,DEFICIT_STL,DEFICIT_BLK,DEFICIT_TO,DEFICIT_PF,DEFICIT_FG2M,DEFICIT_FG2A
0,Magic,9,19,0.474,6,10,0.6,13,26,39,17,10,6,17,26,87,27,74,0.364864864865,0,0.514285714286,0.567073170732,0.5625,0.527777777778,0.214285714286,0.238095238095,0.565217391304,0.433333333333,0.469879518072,0.5,0.714285714286,0.25,0.459459459459,0.666666666667,0.5,0.578125
1,Pacers,7,17,0.412,22,32,0.688,10,34,44,17,4,18,20,13,97,27,54,0.5,1,0.485714285714,0.432926829268,0.4375,0.472222222222,0.785714285714,0.761904761905,0.434782608696,0.566666666667,0.530120481928,0.5,0.285714285714,0.75,0.540540540541,0.333333333333,0.5,0.421875
