,TEAM_NAME,FG3M,FG3A,FG3_PCT,FTM,FTA,FT_PCT,OREB,DREB,REB,AST,STL,BLK,TO,PF,PTS,FG2M,FG2A,FG2_PCT,OUTCOME,DEFICIT_FGM,DEFICIT_FGA,DEFICIT_FG3M,DEFICIT_FG3A,DEFICIT_FTM,DEFICIT_FTA,DEFICIT_OREB,DEFICIT_DREB,DEFICIT_REB,DEFICIT_AST,DEFICIT_STL,DEFICIT_BLK,DEFICIT_TO,DEFICIT_PF,DEFICIT_FG2M,DEFICIT_FG2A
0,Bucks,9,19,0.474,24,34,0.706,6,24,30,26,10,3,16,34,111,30,54,0.555555555556,1,0.565217391304,0.506944444444,0.391304347826,0.387755102041,0.421052631579,0.441558441558,0.333333333333,0.452830188679,0.422535211268,0.590909090909,0.588235294118,0.428571428571,0.457142857143,0.548387096774,0.652173913043,0.568421052632
1,Pacers,14,30,0.467,33,43,0.767,12,29,41,18,7,4,19,28,107,16,41,0.390243902439,0,0.434782608696,0.493055555556,0.608695652174,0.612244897959,0.578947368421,0.558441558442,0.666666666667,0.547169811321,0.577464788732,0.409090909091,0.411764705882,0.571428571429,0.542857142857,0.451612903226,0.347826086957,0.431578947368
