,TEAM_NAME,FG3M,FG3A,FG3_PCT,FTM,FTA,FT_PCT,OREB,DREB,REB,AST,STL,BLK,TO,PF,PTS,FG2M,FG2A,FG2_PCT,OUTCOME,DEFICIT_FGM,DEFICIT_FGA,DEFICIT_FG3M,DEFICIT_FG3A,DEFICIT_FTM,DEFICIT_FTA,DEFICIT_OREB,DEFICIT_DREB,DEFICIT_REB,DEFICIT_AST,DEFICIT_STL,DEFICIT_BLK,DEFICIT_TO,DEFICIT_PF,DEFICIT_FG2M,DEFICIT_FG2A
0,Grizzlies,6,21,0.286,24,29,0.828,4,33,37,21,7,6,12,23,102,30,51,0.588235294118,1,0.5,0.473684210526,0.4,0.411764705882,0.545454545455,0.527272727273,0.285714285714,0.52380952381,0.480519480519,0.446808510638,0.538461538462,0.857142857143,0.545454545455,0.479166666667,0.526315789474,0.50495049505
1,Nuggets,9,30,0.3,20,26,0.769,10,30,40,26,6,1,10,25,101,27,50,0.54,0,0.5,0.526315789474,0.6,0.588235294118,0.454545454545,0.472727272727,0.714285714286,0.47619047619,0.519480519481,0.553191489362,0.461538461538,0.142857142857,0.454545454545,0.520833333333,0.473684210526,0.49504950495
