,TEAM_NAME,FG3M,FG3A,FG3_PCT,FTM,FTA,FT_PCT,OREB,DREB,REB,AST,STL,BLK,TO,PF,PTS,FG2M,FG2A,FG2_PCT,OUTCOME,DEFICIT_FGM,DEFICIT_FGA,DEFICIT_FG3M,DEFICIT_FG3A,DEFICIT_FTM,DEFICIT_FTA,DEFICIT_OREB,DEFICIT_DREB,DEFICIT_REB,DEFICIT_AST,DEFICIT_STL,DEFICIT_BLK,DEFICIT_TO,DEFICIT_PF,DEFICIT_FG2M,DEFICIT_FG2A
0,Trail Blazers,13,39,0.333,24,29,0.828,7,32,39,14,7,3,11,20,103,20,46,0.434782608696,0,0.417721518987,0.497076023392,0.433333333333,0.573529411765,0.558139534884,0.517857142857,0.538461538462,0.450704225352,0.464285714286,0.341463414634,0.5,0.25,0.52380952381,0.571428571429,0.408163265306,0.446601941748
1,Warriors,17,29,0.586,19,27,0.704,6,39,45,27,7,9,10,15,128,29,57,0.508771929825,1,0.582278481013,0.502923976608,0.566666666667,0.426470588235,0.441860465116,0.482142857143,0.461538461538,0.549295774648,0.535714285714,0.658536585366,0.5,0.75,0.47619047619,0.428571428571,0.591836734694,0.553398058252
