,TEAM_NAME,FG3M,FG3A,FG3_PCT,FTM,FTA,FT_PCT,OREB,DREB,REB,AST,STL,BLK,TO,PF,PTS,FG2M,FG2A,FG2_PCT,OUTCOME,DEFICIT_FGM,DEFICIT_FGA,DEFICIT_FG3M,DEFICIT_FG3A,DEFICIT_FTM,DEFICIT_FTA,DEFICIT_OREB,DEFICIT_DREB,DEFICIT_REB,DEFICIT_AST,DEFICIT_STL,DEFICIT_BLK,DEFICIT_TO,DEFICIT_PF,DEFICIT_FG2M,DEFICIT_FG2A
0,Wizards,11,32,0.344,18,23,0.783,9,37,46,19,7,5,14,25,101,25,53,0.471698113208,0,0.473684210526,0.485714285714,0.478260869565,0.507936507937,0.486486486486,0.479166666667,0.428571428571,0.5,0.484210526316,0.441860465116,0.5,0.833333333333,0.538461538462,0.555555555556,0.471698113208,0.473214285714
1,Hawks,12,31,0.387,19,25,0.76,12,37,49,24,7,1,12,20,111,28,59,0.474576271186,1,0.526315789474,0.514285714286,0.521739130435,0.492063492063,0.513513513514,0.520833333333,0.571428571429,0.5,0.515789473684,0.558139534884,0.5,0.166666666667,0.461538461538,0.444444444444,0.528301886792,0.526785714286
