,TEAM_NAME,FG3M,FG3A,FG3_PCT,FTM,FTA,FT_PCT,OREB,DREB,REB,AST,STL,BLK,TO,PF,PTS,FG2M,FG2A,FG2_PCT,OUTCOME,DEFICIT_FGM,DEFICIT_FGA,DEFICIT_FG3M,DEFICIT_FG3A,DEFICIT_FTM,DEFICIT_FTA,DEFICIT_OREB,DEFICIT_DREB,DEFICIT_REB,DEFICIT_AST,DEFICIT_STL,DEFICIT_BLK,DEFICIT_TO,DEFICIT_PF,DEFICIT_FG2M,DEFICIT_FG2A
0,Raptors,12,27,0.444,24,26,0.923,5,35,40,28,10,6,17,24,118,29,44,0.659090909091,1,0.546666666667,0.514492753623,0.545454545455,0.551020408163,0.615384615385,0.5,0.833333333333,0.625,0.645161290323,0.56,0.434782608696,0.6,0.53125,0.510638297872,0.547169811321,0.494382022472
1,Bucks,10,22,0.455,15,26,0.577,1,21,22,22,13,4,15,23,93,24,45,0.533333333333,0,0.453333333333,0.485507246377,0.454545454545,0.448979591837,0.384615384615,0.5,0.166666666667,0.375,0.354838709677,0.44,0.565217391304,0.4,0.46875,0.489361702128,0.452830188679,0.505617977528
