,TEAM_NAME,FG3M,FG3A,FG3_PCT,FTM,FTA,FT_PCT,OREB,DREB,REB,AST,STL,BLK,TO,PF,PTS,FG2M,FG2A,FG2_PCT,OUTCOME,DEFICIT_FGM,DEFICIT_FGA,DEFICIT_FG3M,DEFICIT_FG3A,DEFICIT_FTM,DEFICIT_FTA,DEFICIT_OREB,DEFICIT_DREB,DEFICIT_REB,DEFICIT_AST,DEFICIT_STL,DEFICIT_BLK,DEFICIT_TO,DEFICIT_PF,DEFICIT_FG2M,DEFICIT_FG2A
0,Thunder,8,21,0.381,21,30,0.7,17,35,52,16,4,4,16,23,109,32,66,0.484848484848,1,0.519480519481,0.511764705882,0.470588235294,0.42,0.552631578947,0.555555555556,0.653846153846,0.593220338983,0.611764705882,0.444444444444,0.444444444444,0.571428571429,0.592592592593,0.489361702128,0.533333333333,0.55
1,Bulls,9,29,0.31,17,24,0.708,9,24,33,20,5,3,11,24,100,28,54,0.518518518519,0,0.480519480519,0.488235294118,0.529411764706,0.58,0.447368421053,0.444444444444,0.346153846154,0.406779661017,0.388235294118,0.555555555556,0.555555555556,0.428571428571,0.407407407407,0.510638297872,0.466666666667,0.45
