,TEAM_NAME,FG3M,FG3A,FG3_PCT,FTM,FTA,FT_PCT,OREB,DREB,REB,AST,STL,BLK,TO,PF,PTS,FG2M,FG2A,FG2_PCT,OUTCOME,DEFICIT_FGM,DEFICIT_FGA,DEFICIT_FG3M,DEFICIT_FG3A,DEFICIT_FTM,DEFICIT_FTA,DEFICIT_OREB,DEFICIT_DREB,DEFICIT_REB,DEFICIT_AST,DEFICIT_STL,DEFICIT_BLK,DEFICIT_TO,DEFICIT_PF,DEFICIT_FG2M,DEFICIT_FG2A
0,Suns,6,18,0.333,14,23,0.609,13,38,51,24,9,1,12,22,102,35,65,0.538461538462,1,0.561643835616,0.532051282051,0.545454545455,0.5625,0.411764705882,0.433962264151,0.684210526316,0.567164179104,0.593023255814,0.521739130435,0.473684210526,0.333333333333,0.48,0.5,0.564516129032,0.524193548387
1,Knicks,5,14,0.357,20,30,0.667,6,29,35,22,10,2,13,22,89,27,59,0.457627118644,0,0.438356164384,0.467948717949,0.454545454545,0.4375,0.588235294118,0.566037735849,0.315789473684,0.432835820896,0.406976744186,0.478260869565,0.526315789474,0.666666666667,0.52,0.5,0.435483870968,0.475806451613
