,TEAM_NAME,FG3M,FG3A,FG3_PCT,FTM,FTA,FT_PCT,OREB,DREB,REB,AST,STL,BLK,TO,PF,PTS,FG2M,FG2A,FG2_PCT,OUTCOME,DEFICIT_FGM,DEFICIT_FGA,DEFICIT_FG3M,DEFICIT_FG3A,DEFICIT_FTM,DEFICIT_FTA,DEFICIT_OREB,DEFICIT_DREB,DEFICIT_REB,DEFICIT_AST,DEFICIT_STL,DEFICIT_BLK,DEFICIT_TO,DEFICIT_PF,DEFICIT_FG2M,DEFICIT_FG2A
0,Grizzlies,4,13,0.308,27,37,0.73,10,26,36,21,13,8,21,31,93,27,66,0.409090909091,0,0.476923076923,0.49375,0.222222222222,0.302325581395,0.465517241379,0.486842105263,0.384615384615,0.433333333333,0.418604651163,0.5,0.565217391304,0.615384615385,0.428571428571,0.534482758621,0.574468085106,0.564102564103
1,Rockets,14,30,0.467,31,39,0.795,16,34,50,21,10,5,28,27,113,20,51,0.392156862745,1,0.523076923077,0.50625,0.777777777778,0.697674418605,0.534482758621,0.513157894737,0.615384615385,0.566666666667,0.581395348837,0.5,0.434782608696,0.384615384615,0.571428571429,0.465517241379,0.425531914894,0.435897435897
