,TEAM_NAME,FG3M,FG3A,FG3_PCT,FTM,FTA,FT_PCT,OREB,DREB,REB,AST,STL,BLK,TO,PF,PTS,FG2M,FG2A,FG2_PCT,OUTCOME,DEFICIT_FGM,DEFICIT_FGA,DEFICIT_FG3M,DEFICIT_FG3A,DEFICIT_FTM,DEFICIT_FTA,DEFICIT_OREB,DEFICIT_DREB,DEFICIT_REB,DEFICIT_AST,DEFICIT_STL,DEFICIT_BLK,DEFICIT_TO,DEFICIT_PF,DEFICIT_FG2M,DEFICIT_FG2A
0,Bucks,7,27,0.259,19,28,0.679,10,38,48,20,8,1,23,30,80,20,47,0.425531914893617,0,0.46551724137931033,0.4774193548387097,0.5833333333333334,0.5094339622641509,0.41304347826086957,0.42424242424242425,0.4,0.5,0.4752475247524752,0.5,0.4444444444444444,0.5,0.5897435897435898,0.5555555555555556,0.43478260869565216,0.46078431372549017
1,Pistons,5,26,0.192,27,38,0.711,15,38,53,20,10,1,16,24,94,26,55,0.4727272727272727,1,0.5344827586206896,0.5225806451612903,0.4166666666666667,0.49056603773584906,0.5869565217391305,0.5757575757575758,0.6,0.5,0.5247524752475248,0.5,0.5555555555555556,0.5,0.41025641025641024,0.4444444444444444,0.5652173913043478,0.5392156862745098
