,TEAM_NAME,FG3M,FG3A,FG3_PCT,FTM,FTA,FT_PCT,OREB,DREB,REB,AST,STL,BLK,TO,PF,PTS,FG2M,FG2A,FG2_PCT,OUTCOME,DEFICIT_FGM,DEFICIT_FGA,DEFICIT_FG3M,DEFICIT_FG3A,DEFICIT_FTM,DEFICIT_FTA,DEFICIT_OREB,DEFICIT_DREB,DEFICIT_REB,DEFICIT_AST,DEFICIT_STL,DEFICIT_BLK,DEFICIT_TO,DEFICIT_PF,DEFICIT_FG2M,DEFICIT_FG2A
0,Bulls,11,24,0.458,15,15,1.0,16,34,50,26,6,8,9,16,118,35,70,0.5,1,0.53488372093,0.522222222222,0.647058823529,0.533333333333,0.483870967742,0.428571428571,0.571428571429,0.55737704918,0.561797752809,0.541666666667,0.461538461538,0.727272727273,0.5,0.470588235294,0.507246376812,0.518518518519
1,Nets,6,21,0.286,16,20,0.8,12,27,39,22,7,3,9,18,102,34,65,0.523076923077,0,0.46511627907,0.477777777778,0.352941176471,0.466666666667,0.516129032258,0.571428571429,0.428571428571,0.44262295082,0.438202247191,0.458333333333,0.538461538462,0.272727272727,0.5,0.529411764706,0.492753623188,0.481481481481
