,TEAM_NAME,FG3M,FG3A,FG3_PCT,FTM,FTA,FT_PCT,OREB,DREB,REB,AST,STL,BLK,TO,PF,PTS,FG2M,FG2A,FG2_PCT,OUTCOME,DEFICIT_FGM,DEFICIT_FGA,DEFICIT_FG3M,DEFICIT_FG3A,DEFICIT_FTM,DEFICIT_FTA,DEFICIT_OREB,DEFICIT_DREB,DEFICIT_REB,DEFICIT_AST,DEFICIT_STL,DEFICIT_BLK,DEFICIT_TO,DEFICIT_PF,DEFICIT_FG2M,DEFICIT_FG2A
0,Jazz,11,25,0.44,6,9,0.667,9,42,51,20,14,5,16,18,103,32,63,0.507936507937,1,0.605633802817,0.517647058824,0.647058823529,0.490196078431,0.461538461538,0.391304347826,0.473684210526,0.56,0.542553191489,0.588235294118,0.608695652174,0.833333333333,0.432432432432,0.529411764706,0.592592592593,0.529411764706
1,Suns,6,26,0.231,7,14,0.5,10,33,43,14,9,1,21,16,69,22,56,0.392857142857,0,0.394366197183,0.482352941176,0.352941176471,0.509803921569,0.538461538462,0.608695652174,0.526315789474,0.44,0.457446808511,0.411764705882,0.391304347826,0.166666666667,0.567567567568,0.470588235294,0.407407407407,0.470588235294
