,TEAM_NAME,FG3M,FG3A,FG3_PCT,FTM,FTA,FT_PCT,OREB,DREB,REB,AST,STL,BLK,TO,PF,PTS,FG2M,FG2A,FG2_PCT,OUTCOME,DEFICIT_FGM,DEFICIT_FGA,DEFICIT_FG3M,DEFICIT_FG3A,DEFICIT_FTM,DEFICIT_FTA,DEFICIT_OREB,DEFICIT_DREB,DEFICIT_REB,DEFICIT_AST,DEFICIT_STL,DEFICIT_BLK,DEFICIT_TO,DEFICIT_PF,DEFICIT_FG2M,DEFICIT_FG2A
0,Bucks,5,19,0.263,17,25,0.68,9,35,44,21,7,17,12,15,96,32,56,0.571428571429,1,0.521126760563,0.449101796407,0.625,0.59375,0.53125,0.595238095238,0.333333333333,0.546875,0.483516483516,0.567567567568,0.466666666667,0.85,0.444444444444,0.441176470588,0.507936507937,0.414814814815
1,Grizzlies,3,13,0.231,15,17,0.882,18,29,47,16,8,3,15,19,86,31,79,0.392405063291,0,0.478873239437,0.550898203593,0.375,0.40625,0.46875,0.404761904762,0.666666666667,0.453125,0.516483516484,0.432432432432,0.533333333333,0.15,0.555555555556,0.558823529412,0.492063492063,0.585185185185
