,TEAM_NAME,FG3M,FG3A,FG3_PCT,FTM,FTA,FT_PCT,OREB,DREB,REB,AST,STL,BLK,TO,PF,PTS,FG2M,FG2A,FG2_PCT,OUTCOME,DEFICIT_FGM,DEFICIT_FGA,DEFICIT_FG3M,DEFICIT_FG3A,DEFICIT_FTM,DEFICIT_FTA,DEFICIT_OREB,DEFICIT_DREB,DEFICIT_REB,DEFICIT_AST,DEFICIT_STL,DEFICIT_BLK,DEFICIT_TO,DEFICIT_PF,DEFICIT_FG2M,DEFICIT_FG2A
0,Spurs,8,16,0.5,20,22,0.909,4,33,37,35,8,11,7,24,118,37,70,0.528571428571,1,0.535714285714,0.491428571429,0.444444444444,0.421052631579,0.47619047619,0.423076923077,0.222222222222,0.485294117647,0.43023255814,0.603448275862,0.615384615385,0.647058823529,0.35,0.521739130435,0.560606060606,0.510948905109
1,Trail Blazers,10,22,0.455,22,30,0.733,14,35,49,23,5,6,13,22,110,29,67,0.432835820896,0,0.464285714286,0.508571428571,0.555555555556,0.578947368421,0.52380952381,0.576923076923,0.777777777778,0.514705882353,0.56976744186,0.396551724138,0.384615384615,0.352941176471,0.65,0.478260869565,0.439393939394,0.489051094891
