,TEAM_NAME,FG3M,FG3A,FG3_PCT,FTM,FTA,FT_PCT,OREB,DREB,REB,AST,STL,BLK,TO,PF,PTS,FG2M,FG2A,FG2_PCT,OUTCOME,DEFICIT_FGM,DEFICIT_FGA,DEFICIT_FG3M,DEFICIT_FG3A,DEFICIT_FTM,DEFICIT_FTA,DEFICIT_OREB,DEFICIT_DREB,DEFICIT_REB,DEFICIT_AST,DEFICIT_STL,DEFICIT_BLK,DEFICIT_TO,DEFICIT_PF,DEFICIT_FG2M,DEFICIT_FG2A
0,Nuggets,6,22,0.273,14,17,0.824,9,30,39,22,6,4,14,22,98,33,65,0.507692307692,0,0.493670886076,0.520958083832,0.333333333333,0.458333333333,0.368421052632,0.377777777778,0.5625,0.47619047619,0.493670886076,0.407407407407,0.545454545455,0.333333333333,0.538461538462,0.578947368421,0.540983606557,0.546218487395
1,Hawks,12,26,0.462,24,28,0.857,7,33,40,32,5,8,12,16,116,28,54,0.518518518519,1,0.506329113924,0.479041916168,0.666666666667,0.541666666667,0.631578947368,0.622222222222,0.4375,0.52380952381,0.506329113924,0.592592592593,0.454545454545,0.666666666667,0.461538461538,0.421052631579,0.459016393443,0.453781512605
