,TEAM_NAME,FG3M,FG3A,FG3_PCT,FTM,FTA,FT_PCT,OREB,DREB,REB,AST,STL,BLK,TO,PF,PTS,FG2M,FG2A,FG2_PCT,OUTCOME,DEFICIT_FGM,DEFICIT_FGA,DEFICIT_FG3M,DEFICIT_FG3A,DEFICIT_FTM,DEFICIT_FTA,DEFICIT_OREB,DEFICIT_DREB,DEFICIT_REB,DEFICIT_AST,DEFICIT_STL,DEFICIT_BLK,DEFICIT_TO,DEFICIT_PF,DEFICIT_FG2M,DEFICIT_FG2A
0,Raptors,9,39,0.231,20,28,0.714,9,37,46,18,7,10,8,22,99,26,58,0.448275862069,0,0.486111111111,0.532967032967,0.473684210526,0.573529411765,0.444444444444,0.474576271186,0.6,0.451219512195,0.474226804124,0.439024390244,0.583333333333,0.526315789474,0.380952380952,0.488888888889,0.490566037736,0.508771929825
1,Hornets,10,29,0.345,25,31,0.806,6,45,51,23,5,9,13,23,109,27,56,0.482142857143,1,0.513888888889,0.467032967033,0.526315789474,0.426470588235,0.555555555556,0.525423728814,0.4,0.548780487805,0.525773195876,0.560975609756,0.416666666667,0.473684210526,0.619047619048,0.511111111111,0.509433962264,0.491228070175
