,TEAM_NAME,FG3M,FG3A,FG3_PCT,FTM,FTA,FT_PCT,OREB,DREB,REB,AST,STL,BLK,TO,PF,PTS,FG2M,FG2A,FG2_PCT,OUTCOME,DEFICIT_FGM,DEFICIT_FGA,DEFICIT_FG3M,DEFICIT_FG3A,DEFICIT_FTM,DEFICIT_FTA,DEFICIT_OREB,DEFICIT_DREB,DEFICIT_REB,DEFICIT_AST,DEFICIT_STL,DEFICIT_BLK,DEFICIT_TO,DEFICIT_PF,DEFICIT_FG2M,DEFICIT_FG2A
0,Thunder,5,13,0.385,16,23,0.696,10,34,44,28,10,5,23,17,107,38,66,0.575757575758,1,0.544303797468,0.481707317073,0.357142857143,0.361111111111,0.571428571429,0.621621621622,0.47619047619,0.576271186441,0.55,0.622222222222,0.454545454545,0.714285714286,0.522727272727,0.515151515152,0.584615384615,0.515625
1,Mavericks,9,23,0.391,12,14,0.857,11,25,36,17,12,2,21,16,93,27,62,0.435483870968,0,0.455696202532,0.518292682927,0.642857142857,0.638888888889,0.428571428571,0.378378378378,0.52380952381,0.423728813559,0.45,0.377777777778,0.545454545455,0.285714285714,0.477272727273,0.484848484848,0.415384615385,0.484375
