,TEAM_NAME,FG3M,FG3A,FG3_PCT,FTM,FTA,FT_PCT,OREB,DREB,REB,AST,STL,BLK,TO,PF,PTS,FG2M,FG2A,FG2_PCT,OUTCOME,DEFICIT_FGM,DEFICIT_FGA,DEFICIT_FG3M,DEFICIT_FG3A,DEFICIT_FTM,DEFICIT_FTA,DEFICIT_OREB,DEFICIT_DREB,DEFICIT_REB,DEFICIT_AST,DEFICIT_STL,DEFICIT_BLK,DEFICIT_TO,DEFICIT_PF,DEFICIT_FG2M,DEFICIT_FG2A
0,Pacers,7,18,0.389,18,21,0.857,17,35,52,21,9,7,14,24,97,29,68,0.426470588235,1,0.58064516129,0.540880503145,0.583333333333,0.545454545455,0.439024390244,0.4375,0.607142857143,0.546875,0.565217391304,0.583333333333,0.692307692308,0.583333333333,0.451612903226,0.545454545455,0.58,0.539682539683
1,Bulls,5,15,0.333,23,27,0.852,11,29,40,15,4,5,17,20,80,21,58,0.362068965517,0,0.41935483871,0.459119496855,0.416666666667,0.454545454545,0.560975609756,0.5625,0.392857142857,0.453125,0.434782608696,0.416666666667,0.307692307692,0.416666666667,0.548387096774,0.454545454545,0.42,0.460317460317
