,TEAM_NAME,FG3M,FG3A,FG3_PCT,FTM,FTA,FT_PCT,OREB,DREB,REB,AST,STL,BLK,TO,PF,PTS,FG2M,FG2A,FG2_PCT,OUTCOME,DEFICIT_FGM,DEFICIT_FGA,DEFICIT_FG3M,DEFICIT_FG3A,DEFICIT_FTM,DEFICIT_FTA,DEFICIT_OREB,DEFICIT_DREB,DEFICIT_REB,DEFICIT_AST,DEFICIT_STL,DEFICIT_BLK,DEFICIT_TO,DEFICIT_PF,DEFICIT_FG2M,DEFICIT_FG2A
0,Spurs,6,16,0.375,11,15,0.733,6,33,39,25,5,7,14,17,99,35,69,0.5072463768115942,1,0.4939759036144578,0.5,0.46153846153846156,0.45714285714285713,0.6875,0.625,0.5454545454545454,0.4647887323943662,0.47560975609756095,0.6410256410256411,0.4166666666666667,0.5833333333333334,0.4375,0.5,0.5,0.5111111111111111
1,Suns,7,19,0.368,5,9,0.556,5,38,43,14,7,5,18,17,96,35,66,0.5303030303030303,0,0.5060240963855421,0.5,0.5384615384615384,0.5428571428571428,0.3125,0.375,0.45454545454545453,0.5352112676056338,0.524390243902439,0.358974358974359,0.5833333333333334,0.4166666666666667,0.5625,0.5,0.5,0.4888888888888889
