,TEAM_NAME,FG3M,FG3A,FG3_PCT,FTM,FTA,FT_PCT,OREB,DREB,REB,AST,STL,BLK,TO,PF,PTS,FG2M,FG2A,FG2_PCT,OUTCOME,DEFICIT_FGM,DEFICIT_FGA,DEFICIT_FG3M,DEFICIT_FG3A,DEFICIT_FTM,DEFICIT_FTA,DEFICIT_OREB,DEFICIT_DREB,DEFICIT_REB,DEFICIT_AST,DEFICIT_STL,DEFICIT_BLK,DEFICIT_TO,DEFICIT_PF,DEFICIT_FG2M,DEFICIT_FG2A
0,Spurs,6,16,0.375,11,15,0.733,6,33,39,25,5,7,14,17,99,35,69,0.507246376812,1,0.493975903614,0.5,0.461538461538,0.457142857143,0.6875,0.625,0.545454545455,0.464788732394,0.475609756098,0.641025641026,0.416666666667,0.583333333333,0.4375,0.5,0.5,0.511111111111
1,Suns,7,19,0.368,5,9,0.556,5,38,43,14,7,5,18,17,96,35,66,0.530303030303,0,0.506024096386,0.5,0.538461538462,0.542857142857,0.3125,0.375,0.454545454545,0.535211267606,0.524390243902,0.358974358974,0.583333333333,0.416666666667,0.5625,0.5,0.5,0.488888888889
