,TEAM_NAME,FG3M,FG3A,FG3_PCT,FTM,FTA,FT_PCT,OREB,DREB,REB,AST,STL,BLK,TO,PF,PTS,FG2M,FG2A,FG2_PCT,OUTCOME,DEFICIT_FGM,DEFICIT_FGA,DEFICIT_FG3M,DEFICIT_FG3A,DEFICIT_FTM,DEFICIT_FTA,DEFICIT_OREB,DEFICIT_DREB,DEFICIT_REB,DEFICIT_AST,DEFICIT_STL,DEFICIT_BLK,DEFICIT_TO,DEFICIT_PF,DEFICIT_FG2M,DEFICIT_FG2A
0,Bucks,13,23,0.565,24,26,0.923,9,32,41,25,3,4,14,18,109,23,49,0.46938775510204084,1,0.4864864864864865,0.4585987261146497,0.52,0.45098039215686275,0.6,0.5416666666666666,0.42857142857142855,0.5423728813559322,0.5125,0.5555555555555556,0.23076923076923078,0.6666666666666666,0.6086956521739131,0.46153846153846156,0.46938775510204084,0.46226415094339623
1,Cavaliers,12,28,0.429,16,22,0.727,12,27,39,20,10,2,9,21,104,26,57,0.45614035087719296,0,0.5135135135135135,0.5414012738853503,0.48,0.5490196078431373,0.4,0.4583333333333333,0.5714285714285714,0.4576271186440678,0.4875,0.4444444444444444,0.7692307692307693,0.3333333333333333,0.391304347826087,0.5384615384615384,0.5306122448979592,0.5377358490566038
