,TEAM_NAME,FG3M,FG3A,FG3_PCT,FTM,FTA,FT_PCT,OREB,DREB,REB,AST,STL,BLK,TO,PF,PTS,FG2M,FG2A,FG2_PCT,OUTCOME,DEFICIT_FGM,DEFICIT_FGA,DEFICIT_FG3M,DEFICIT_FG3A,DEFICIT_FTM,DEFICIT_FTA,DEFICIT_OREB,DEFICIT_DREB,DEFICIT_REB,DEFICIT_AST,DEFICIT_STL,DEFICIT_BLK,DEFICIT_TO,DEFICIT_PF,DEFICIT_FG2M,DEFICIT_FG2A
0,Wizards,18,33,0.545,12,16,0.75,10,30,40,32,10,5,11,20,116,25,65,0.38461538461538464,1,0.524390243902439,0.5414364640883977,0.75,0.6470588235294118,0.4,0.38095238095238093,0.47619047619047616,0.43478260869565216,0.4444444444444444,0.5517241379310345,0.6666666666666666,0.625,0.3548387096774194,0.5714285714285714,0.43103448275862066,0.5
1,76ers,6,18,0.333,18,26,0.692,11,39,50,26,5,3,20,15,102,33,65,0.5076923076923077,0,0.47560975609756095,0.4585635359116022,0.25,0.35294117647058826,0.6,0.6190476190476191,0.5238095238095238,0.5652173913043478,0.5555555555555556,0.4482758620689655,0.3333333333333333,0.375,0.6451612903225806,0.42857142857142855,0.5689655172413793,0.5
