,TEAM_NAME,FG3M,FG3A,FG3_PCT,FTM,FTA,FT_PCT,OREB,DREB,REB,AST,STL,BLK,TO,PF,PTS,FG2M,FG2A,FG2_PCT,OUTCOME,DEFICIT_FGM,DEFICIT_FGA,DEFICIT_FG3M,DEFICIT_FG3A,DEFICIT_FTM,DEFICIT_FTA,DEFICIT_OREB,DEFICIT_DREB,DEFICIT_REB,DEFICIT_AST,DEFICIT_STL,DEFICIT_BLK,DEFICIT_TO,DEFICIT_PF,DEFICIT_FG2M,DEFICIT_FG2A
0,Trail Blazers,4,24,0.167,17,22,0.773,12,28,40,18,4,2,12,12,81,26,63,0.412698412698,0,0.41095890411,0.511764705882,0.4,0.648648648649,0.739130434783,0.6875,0.571428571429,0.430769230769,0.46511627907,0.428571428571,0.307692307692,0.5,0.48,0.375,0.412698412698,0.473684210526
1,Grizzlies,6,13,0.462,6,10,0.6,9,37,46,24,9,2,13,20,98,37,70,0.528571428571,1,0.58904109589,0.488235294118,0.6,0.351351351351,0.260869565217,0.3125,0.428571428571,0.569230769231,0.53488372093,0.571428571429,0.692307692308,0.5,0.52,0.625,0.587301587302,0.526315789474
