,TEAM_NAME,FG3M,FG3A,FG3_PCT,FTM,FTA,FT_PCT,OREB,DREB,REB,AST,STL,BLK,TO,PF,PTS,FG2M,FG2A,FG2_PCT,OUTCOME,DEFICIT_FGM,DEFICIT_FGA,DEFICIT_FG3M,DEFICIT_FG3A,DEFICIT_FTM,DEFICIT_FTA,DEFICIT_OREB,DEFICIT_DREB,DEFICIT_REB,DEFICIT_AST,DEFICIT_STL,DEFICIT_BLK,DEFICIT_TO,DEFICIT_PF,DEFICIT_FG2M,DEFICIT_FG2A
0,76ers,8,28,0.286,19,30,0.633,19,25,44,25,13,2,17,24,91,24,56,0.42857142857142855,0,0.47761194029850745,0.5419354838709678,0.47058823529411764,0.5490196078431373,0.4418604651162791,0.4918032786885246,0.76,0.423728813559322,0.5238095238095238,0.4807692307692308,0.65,0.2,0.5151515151515151,0.5,0.48,0.5384615384615384
1,Thunder,9,23,0.391,24,31,0.774,6,34,40,27,7,8,16,24,103,26,48,0.5416666666666666,1,0.5223880597014925,0.45806451612903226,0.5294117647058824,0.45098039215686275,0.5581395348837209,0.5081967213114754,0.24,0.576271186440678,0.47619047619047616,0.5192307692307693,0.35,0.8,0.48484848484848486,0.5,0.52,0.46153846153846156
