,TEAM_NAME,FG3M,FG3A,FG3_PCT,FTM,FTA,FT_PCT,OREB,DREB,REB,AST,STL,BLK,TO,PF,PTS,FG2M,FG2A,FG2_PCT,OUTCOME,DEFICIT_FGM,DEFICIT_FGA,DEFICIT_FG3M,DEFICIT_FG3A,DEFICIT_FTM,DEFICIT_FTA,DEFICIT_OREB,DEFICIT_DREB,DEFICIT_REB,DEFICIT_AST,DEFICIT_STL,DEFICIT_BLK,DEFICIT_TO,DEFICIT_PF,DEFICIT_FG2M,DEFICIT_FG2A
0,Raptors,8,24,0.333,13,20,0.65,14,26,40,25,4,4,11,17,91,27,62,0.435483870968,0,0.460526315789,0.505882352941,0.470588235294,0.545454545455,0.481481481481,0.487804878049,0.48275862069,0.440677966102,0.454545454545,0.471698113208,0.363636363636,0.666666666667,0.458333333333,0.447368421053,0.457627118644,0.492063492063
1,Cavaliers,9,20,0.45,14,21,0.667,15,33,48,28,7,2,13,21,105,32,64,0.5,1,0.539473684211,0.494117647059,0.529411764706,0.454545454545,0.518518518519,0.512195121951,0.51724137931,0.559322033898,0.545454545455,0.528301886792,0.636363636364,0.333333333333,0.541666666667,0.552631578947,0.542372881356,0.507936507937
