,TEAM_NAME,FG3M,FG3A,FG3_PCT,FTM,FTA,FT_PCT,OREB,DREB,REB,AST,STL,BLK,TO,PF,PTS,FG2M,FG2A,FG2_PCT,OUTCOME,DEFICIT_FGM,DEFICIT_FGA,DEFICIT_FG3M,DEFICIT_FG3A,DEFICIT_FTM,DEFICIT_FTA,DEFICIT_OREB,DEFICIT_DREB,DEFICIT_REB,DEFICIT_AST,DEFICIT_STL,DEFICIT_BLK,DEFICIT_TO,DEFICIT_PF,DEFICIT_FG2M,DEFICIT_FG2A
0,Nets,3,18,0.167,12,19,0.632,9,42,51,16,4,2,17,21,75,27,62,0.43548387096774194,0,0.46153846153846156,0.4968944099378882,0.1875,0.34615384615384615,0.4444444444444444,0.4418604651162791,0.6,0.5121951219512195,0.5257731958762887,0.42105263157894735,0.25,0.3333333333333333,0.6296296296296297,0.4883720930232558,0.5510204081632653,0.5688073394495413
1,Hawks,13,34,0.382,15,24,0.625,6,40,46,22,12,4,10,22,98,22,47,0.46808510638297873,1,0.5384615384615384,0.5031055900621118,0.8125,0.6538461538461539,0.5555555555555556,0.5581395348837209,0.4,0.4878048780487805,0.4742268041237113,0.5789473684210527,0.75,0.6666666666666666,0.37037037037037035,0.5116279069767442,0.4489795918367347,0.43119266055045874
