,TEAM_NAME,FG3M,FG3A,FG3_PCT,FTM,FTA,FT_PCT,OREB,DREB,REB,AST,STL,BLK,TO,PF,PTS,FG2M,FG2A,FG2_PCT,OUTCOME,DEFICIT_FGM,DEFICIT_FGA,DEFICIT_FG3M,DEFICIT_FG3A,DEFICIT_FTM,DEFICIT_FTA,DEFICIT_OREB,DEFICIT_DREB,DEFICIT_REB,DEFICIT_AST,DEFICIT_STL,DEFICIT_BLK,DEFICIT_TO,DEFICIT_PF,DEFICIT_FG2M,DEFICIT_FG2A
0,Knicks,10,22,0.455,18,22,0.818,4,30,34,23,5,4,6,21,102,27,57,0.473684210526,0,0.46835443038,0.473053892216,0.714285714286,0.55,0.545454545455,0.55,0.285714285714,0.491803278689,0.453333333333,0.547619047619,0.714285714286,0.363636363636,0.461538461538,0.512195121951,0.415384615385,0.448818897638
1,Hornets,4,18,0.222,15,18,0.833,10,31,41,19,2,7,7,20,103,38,70,0.542857142857,1,0.53164556962,0.526946107784,0.285714285714,0.45,0.454545454545,0.45,0.714285714286,0.508196721311,0.546666666667,0.452380952381,0.285714285714,0.636363636364,0.538461538462,0.487804878049,0.584615384615,0.551181102362
