,TEAM_NAME,FG3M,FG3A,FG3_PCT,FTM,FTA,FT_PCT,OREB,DREB,REB,AST,STL,BLK,TO,PF,PTS,FG2M,FG2A,FG2_PCT,OUTCOME,DEFICIT_FGM,DEFICIT_FGA,DEFICIT_FG3M,DEFICIT_FG3A,DEFICIT_FTM,DEFICIT_FTA,DEFICIT_OREB,DEFICIT_DREB,DEFICIT_REB,DEFICIT_AST,DEFICIT_STL,DEFICIT_BLK,DEFICIT_TO,DEFICIT_PF,DEFICIT_FG2M,DEFICIT_FG2A
0,Bucks,9,16,0.563,22,26,0.846,12,33,45,21,11,3,24,26,109,30,53,0.5660377358490566,1,0.5652173913043478,0.5036496350364964,0.5625,0.47058823529411764,0.55,0.49056603773584906,0.8,0.66,0.6923076923076923,0.5,0.4074074074074074,0.5,0.5714285714285714,0.5416666666666666,0.5660377358490566,0.5145631067961165
1,Heat,7,18,0.389,18,27,0.667,3,17,20,21,16,3,18,22,85,23,50,0.46,0,0.43478260869565216,0.49635036496350365,0.4375,0.5294117647058824,0.45,0.5094339622641509,0.2,0.34,0.3076923076923077,0.5,0.5925925925925926,0.5,0.42857142857142855,0.4583333333333333,0.4339622641509434,0.4854368932038835
