,TEAM_NAME,FG3M,FG3A,FG3_PCT,FTM,FTA,FT_PCT,OREB,DREB,REB,AST,STL,BLK,TO,PF,PTS,FG2M,FG2A,FG2_PCT,OUTCOME,DEFICIT_FGM,DEFICIT_FGA,DEFICIT_FG3M,DEFICIT_FG3A,DEFICIT_FTM,DEFICIT_FTA,DEFICIT_OREB,DEFICIT_DREB,DEFICIT_REB,DEFICIT_AST,DEFICIT_STL,DEFICIT_BLK,DEFICIT_TO,DEFICIT_PF,DEFICIT_FG2M,DEFICIT_FG2A
0,Jazz,8,16,0.5,13,21,0.619,13,28,41,23,4,6,11,21,93,28,63,0.4444444444444444,0,0.4931506849315068,0.5163398692810458,0.5333333333333333,0.48484848484848486,0.43333333333333335,0.5121951219512195,0.5909090909090909,0.49122807017543857,0.5189873417721519,0.6052631578947368,0.4,0.6666666666666666,0.5789473684210527,0.5121951219512195,0.4827586206896552,0.525
1,Magic,7,17,0.412,17,20,0.85,9,29,38,15,6,3,8,20,98,30,57,0.5263157894736842,1,0.5068493150684932,0.48366013071895425,0.4666666666666667,0.5151515151515151,0.5666666666666667,0.4878048780487805,0.4090909090909091,0.5087719298245614,0.4810126582278481,0.39473684210526316,0.6,0.3333333333333333,0.42105263157894735,0.4878048780487805,0.5172413793103449,0.475
