,TEAM_NAME,FG3M,FG3A,FG3_PCT,FTM,FTA,FT_PCT,OREB,DREB,REB,AST,STL,BLK,TO,PF,PTS,FG2M,FG2A,FG2_PCT,OUTCOME,DEFICIT_FGM,DEFICIT_FGA,DEFICIT_FG3M,DEFICIT_FG3A,DEFICIT_FTM,DEFICIT_FTA,DEFICIT_OREB,DEFICIT_DREB,DEFICIT_REB,DEFICIT_AST,DEFICIT_STL,DEFICIT_BLK,DEFICIT_TO,DEFICIT_PF,DEFICIT_FG2M,DEFICIT_FG2A
0,Bucks,7,18,0.389,11,17,0.647,18,30,48,24,7,5,11,19,90,29,73,0.397260273973,0,0.48,0.538461538462,0.411764705882,0.418604651163,0.478260869565,0.53125,0.75,0.441176470588,0.521739130435,0.406779661017,0.583333333333,0.3125,0.379310344828,0.513513513514,0.5,0.579365079365
1,Bulls,10,25,0.4,12,15,0.8,6,38,44,35,5,11,18,18,100,29,53,0.547169811321,1,0.52,0.461538461538,0.588235294118,0.581395348837,0.521739130435,0.46875,0.25,0.558823529412,0.478260869565,0.593220338983,0.416666666667,0.6875,0.620689655172,0.486486486486,0.5,0.420634920635
