,TEAM_NAME,FG3M,FG3A,FG3_PCT,FTM,FTA,FT_PCT,OREB,DREB,REB,AST,STL,BLK,TO,PF,PTS,FG2M,FG2A,FG2_PCT,OUTCOME,DEFICIT_FGM,DEFICIT_FGA,DEFICIT_FG3M,DEFICIT_FG3A,DEFICIT_FTM,DEFICIT_FTA,DEFICIT_OREB,DEFICIT_DREB,DEFICIT_REB,DEFICIT_AST,DEFICIT_STL,DEFICIT_BLK,DEFICIT_TO,DEFICIT_PF,DEFICIT_FG2M,DEFICIT_FG2A
0,Grizzlies,6,20,0.3,18,22,0.818,9,26,35,23,16,8,16,26,106,35,66,0.530303030303,1,0.532467532468,0.518072289157,0.461538461538,0.408163265306,0.428571428571,0.43137254902,0.409090909091,0.41935483871,0.416666666667,0.5,0.64,0.533333333333,0.390243902439,0.541666666667,0.546875,0.564102564103
1,Cavaliers,7,29,0.241,24,29,0.828,13,36,49,23,9,7,25,22,103,29,51,0.56862745098,0,0.467532467532,0.481927710843,0.538461538462,0.591836734694,0.571428571429,0.56862745098,0.590909090909,0.58064516129,0.583333333333,0.5,0.36,0.466666666667,0.609756097561,0.458333333333,0.453125,0.435897435897
