,TEAM_NAME,FG3M,FG3A,FG3_PCT,FTM,FTA,FT_PCT,OREB,DREB,REB,AST,STL,BLK,TO,PF,PTS,FG2M,FG2A,FG2_PCT,OUTCOME,DEFICIT_FGM,DEFICIT_FGA,DEFICIT_FG3M,DEFICIT_FG3A,DEFICIT_FTM,DEFICIT_FTA,DEFICIT_OREB,DEFICIT_DREB,DEFICIT_REB,DEFICIT_AST,DEFICIT_STL,DEFICIT_BLK,DEFICIT_TO,DEFICIT_PF,DEFICIT_FG2M,DEFICIT_FG2A
0,Kings,7,25,0.28,23,27,0.852,6,38,44,27,12,1,22,25,112,34,58,0.586206896552,0,0.476744186047,0.468926553672,0.5,0.5,0.560975609756,0.509433962264,0.375,0.535211267606,0.505747126437,0.54,0.413793103448,0.142857142857,0.564102564103,0.54347826087,0.472222222222,0.456692913386
1,Pelicans,7,25,0.28,18,26,0.692,10,33,43,23,17,6,17,21,115,38,69,0.550724637681,1,0.523255813953,0.531073446328,0.5,0.5,0.439024390244,0.490566037736,0.625,0.464788732394,0.494252873563,0.46,0.586206896552,0.857142857143,0.435897435897,0.45652173913,0.527777777778,0.543307086614
