,TEAM_NAME,FG3M,FG3A,FG3_PCT,FTM,FTA,FT_PCT,OREB,DREB,REB,AST,STL,BLK,TO,PF,PTS,FG2M,FG2A,FG2_PCT,OUTCOME,DEFICIT_FGM,DEFICIT_FGA,DEFICIT_FG3M,DEFICIT_FG3A,DEFICIT_FTM,DEFICIT_FTA,DEFICIT_OREB,DEFICIT_DREB,DEFICIT_REB,DEFICIT_AST,DEFICIT_STL,DEFICIT_BLK,DEFICIT_TO,DEFICIT_PF,DEFICIT_FG2M,DEFICIT_FG2A
0,Spurs,4,28,0.143,19,22,0.864,18,34,52,15,5,6,8,19,91,30,68,0.441176470588,0,0.515151515152,0.551724137931,0.363636363636,0.636363636364,0.404255319149,0.423076923077,0.692307692308,0.459459459459,0.52,0.441176470588,0.5,0.461538461538,0.470588235294,0.513513513514,0.545454545455,0.523076923077
1,Pacers,7,16,0.438,28,30,0.933,8,40,48,19,5,7,9,18,99,25,62,0.403225806452,1,0.484848484848,0.448275862069,0.636363636364,0.363636363636,0.595744680851,0.576923076923,0.307692307692,0.540540540541,0.48,0.558823529412,0.5,0.538461538462,0.529411764706,0.486486486486,0.454545454545,0.476923076923
