,TEAM_NAME,FG3M,FG3A,FG3_PCT,FTM,FTA,FT_PCT,OREB,DREB,REB,AST,STL,BLK,TO,PF,PTS,FG2M,FG2A,FG2_PCT,OUTCOME,DEFICIT_FGM,DEFICIT_FGA,DEFICIT_FG3M,DEFICIT_FG3A,DEFICIT_FTM,DEFICIT_FTA,DEFICIT_OREB,DEFICIT_DREB,DEFICIT_REB,DEFICIT_AST,DEFICIT_STL,DEFICIT_BLK,DEFICIT_TO,DEFICIT_PF,DEFICIT_FG2M,DEFICIT_FG2A
0,Bucks,5,16,0.313,19,25,0.76,10,28,38,16,4,3,21,35,88,27,60,0.45,0,0.457142857143,0.5,0.294117647059,0.347826086957,0.395833333333,0.367647058824,0.5,0.466666666667,0.475,0.390243902439,0.333333333333,0.3,0.7,0.625,0.509433962264,0.566037735849
1,Pistons,12,30,0.4,29,43,0.674,10,32,42,25,8,7,9,21,117,26,46,0.565217391304,1,0.542857142857,0.5,0.705882352941,0.652173913043,0.604166666667,0.632352941176,0.5,0.533333333333,0.525,0.609756097561,0.666666666667,0.7,0.3,0.375,0.490566037736,0.433962264151
