,TEAM_NAME,FG3M,FG3A,FG3_PCT,FTM,FTA,FT_PCT,OREB,DREB,REB,AST,STL,BLK,TO,PF,PTS,FG2M,FG2A,FG2_PCT,OUTCOME,DEFICIT_FGM,DEFICIT_FGA,DEFICIT_FG3M,DEFICIT_FG3A,DEFICIT_FTM,DEFICIT_FTA,DEFICIT_OREB,DEFICIT_DREB,DEFICIT_REB,DEFICIT_AST,DEFICIT_STL,DEFICIT_BLK,DEFICIT_TO,DEFICIT_PF,DEFICIT_FG2M,DEFICIT_FG2A
0,Kings,7,22,0.318,25,35,0.714,9,32,41,20,10,5,13,16,94,24,54,0.4444444444444444,1,0.47692307692307695,0.4810126582278481,0.3684210526315789,0.39285714285714285,0.7142857142857143,0.6730769230769231,0.42857142857142855,0.45714285714285713,0.45054945054945056,0.5128205128205128,0.7692307692307693,0.5555555555555556,0.38235294117647056,0.34782608695652173,0.5217391304347826,0.5294117647058824
1,Trail Blazers,12,34,0.353,10,17,0.588,12,38,50,19,3,4,21,30,90,22,48,0.4583333333333333,0,0.5230769230769231,0.5189873417721519,0.631578947368421,0.6071428571428571,0.2857142857142857,0.3269230769230769,0.5714285714285714,0.5428571428571428,0.5494505494505495,0.48717948717948717,0.23076923076923078,0.4444444444444444,0.6176470588235294,0.6521739130434783,0.4782608695652174,0.47058823529411764
