,TEAM_NAME,FG3M,FG3A,FG3_PCT,FTM,FTA,FT_PCT,OREB,DREB,REB,AST,STL,BLK,TO,PF,PTS,FG2M,FG2A,FG2_PCT,OUTCOME,DEFICIT_FGM,DEFICIT_FGA,DEFICIT_FG3M,DEFICIT_FG3A,DEFICIT_FTM,DEFICIT_FTA,DEFICIT_OREB,DEFICIT_DREB,DEFICIT_REB,DEFICIT_AST,DEFICIT_STL,DEFICIT_BLK,DEFICIT_TO,DEFICIT_PF,DEFICIT_FG2M,DEFICIT_FG2A
0,Jazz,14,35,0.4,16,18,0.889,15,25,40,22,6,0,16,21,102,22,48,0.458333333333,0,0.433734939759,0.494047619048,0.636363636364,0.625,0.470588235294,0.439024390244,0.535714285714,0.446428571429,0.47619047619,0.468085106383,0.428571428571,0.0,0.64,0.583333333333,0.360655737705,0.428571428571
1,Mavericks,8,21,0.381,18,23,0.783,13,31,44,25,8,5,9,15,120,39,64,0.609375,1,0.566265060241,0.505952380952,0.363636363636,0.375,0.529411764706,0.560975609756,0.464285714286,0.553571428571,0.52380952381,0.531914893617,0.571428571429,1.0,0.36,0.416666666667,0.639344262295,0.571428571429
