,TEAM_NAME,FG3M,FG3A,FG3_PCT,FTM,FTA,FT_PCT,OREB,DREB,REB,AST,STL,BLK,TO,PF,PTS,FG2M,FG2A,FG2_PCT,OUTCOME,DEFICIT_FGM,DEFICIT_FGA,DEFICIT_FG3M,DEFICIT_FG3A,DEFICIT_FTM,DEFICIT_FTA,DEFICIT_OREB,DEFICIT_DREB,DEFICIT_REB,DEFICIT_AST,DEFICIT_STL,DEFICIT_BLK,DEFICIT_TO,DEFICIT_PF,DEFICIT_FG2M,DEFICIT_FG2A
0,Knicks,6,12,0.5,15,18,0.833,9,26,35,30,9,1,15,26,95,31,57,0.543859649122807,1,0.5362318840579711,0.49640287769784175,0.4,0.3333333333333333,0.46875,0.47368421052631576,0.45,0.5416666666666666,0.5147058823529411,0.5769230769230769,0.6428571428571429,0.3333333333333333,0.4411764705882353,0.6341463414634146,0.5740740740740741,0.5533980582524272
1,Cavaliers,9,24,0.375,17,20,0.85,11,22,33,22,5,2,19,15,90,23,46,0.5,0,0.463768115942029,0.5035971223021583,0.6,0.6666666666666666,0.53125,0.5263157894736842,0.55,0.4583333333333333,0.4852941176470588,0.4230769230769231,0.35714285714285715,0.6666666666666666,0.5588235294117647,0.36585365853658536,0.42592592592592593,0.44660194174757284
