,TEAM_NAME,FG3M,FG3A,FG3_PCT,FTM,FTA,FT_PCT,OREB,DREB,REB,AST,STL,BLK,TO,PF,PTS,FG2M,FG2A,FG2_PCT,OUTCOME,DEFICIT_FGM,DEFICIT_FGA,DEFICIT_FG3M,DEFICIT_FG3A,DEFICIT_FTM,DEFICIT_FTA,DEFICIT_OREB,DEFICIT_DREB,DEFICIT_REB,DEFICIT_AST,DEFICIT_STL,DEFICIT_BLK,DEFICIT_TO,DEFICIT_PF,DEFICIT_FG2M,DEFICIT_FG2A
0,Suns,8,17,0.471,16,20,0.8,11,35,46,18,6,4,12,21,102,31,74,0.418918918919,1,0.506493506494,0.511235955056,0.888888888889,0.53125,0.484848484848,0.454545454545,0.44,0.514705882353,0.494623655914,0.545454545455,0.75,0.4,0.444444444444,0.477272727273,0.455882352941,0.506849315068
1,Pacers,1,15,0.067,17,24,0.708,14,33,47,15,2,6,15,23,94,37,72,0.513888888889,0,0.493506493506,0.488764044944,0.111111111111,0.46875,0.515151515152,0.545454545455,0.56,0.485294117647,0.505376344086,0.454545454545,0.25,0.6,0.555555555556,0.522727272727,0.544117647059,0.493150684932
