,TEAM_NAME,FG3M,FG3A,FG3_PCT,FTM,FTA,FT_PCT,OREB,DREB,REB,AST,STL,BLK,TO,PF,PTS,FG2M,FG2A,FG2_PCT,OUTCOME,DEFICIT_FGM,DEFICIT_FGA,DEFICIT_FG3M,DEFICIT_FG3A,DEFICIT_FTM,DEFICIT_FTA,DEFICIT_OREB,DEFICIT_DREB,DEFICIT_REB,DEFICIT_AST,DEFICIT_STL,DEFICIT_BLK,DEFICIT_TO,DEFICIT_PF,DEFICIT_FG2M,DEFICIT_FG2A
0,Trail Blazers,4,18,0.222,30,34,0.882,16,24,40,29,7,6,9,21,110,34,70,0.485714285714,1,0.493506493506,0.526946107784,0.285714285714,0.439024390244,0.63829787234,0.62962962963,0.695652173913,0.461538461538,0.533333333333,0.517857142857,0.583333333333,0.5,0.321428571429,0.411764705882,0.539682539683,0.555555555556
1,Nuggets,10,23,0.435,17,20,0.85,7,28,35,27,5,6,19,30,105,29,56,0.517857142857,0,0.506493506494,0.473053892216,0.714285714286,0.560975609756,0.36170212766,0.37037037037,0.304347826087,0.538461538462,0.466666666667,0.482142857143,0.416666666667,0.5,0.678571428571,0.588235294118,0.460317460317,0.444444444444
