,TEAM_NAME,FG3M,FG3A,FG3_PCT,FTM,FTA,FT_PCT,OREB,DREB,REB,AST,STL,BLK,TO,PF,PTS,FG2M,FG2A,FG2_PCT,OUTCOME,DEFICIT_FGM,DEFICIT_FGA,DEFICIT_FG3M,DEFICIT_FG3A,DEFICIT_FTM,DEFICIT_FTA,DEFICIT_OREB,DEFICIT_DREB,DEFICIT_REB,DEFICIT_AST,DEFICIT_STL,DEFICIT_BLK,DEFICIT_TO,DEFICIT_PF,DEFICIT_FG2M,DEFICIT_FG2A
0,76ers,15,34,0.441,7,10,0.7,13,37,50,29,5,5,16,24,108,28,58,0.48275862069,0,0.530864197531,0.5,0.555555555556,0.459459459459,0.225806451613,0.263157894737,0.481481481481,0.536231884058,0.520833333333,0.604166666667,0.5,0.625,0.64,0.631578947368,0.518518518519,0.527272727273
1,Cavaliers,12,40,0.3,24,28,0.857,14,32,46,19,5,3,9,14,112,26,52,0.5,1,0.469135802469,0.5,0.444444444444,0.540540540541,0.774193548387,0.736842105263,0.518518518519,0.463768115942,0.479166666667,0.395833333333,0.5,0.375,0.36,0.368421052632,0.481481481481,0.472727272727
