,TEAM_NAME,FG3M,FG3A,FG3_PCT,FTM,FTA,FT_PCT,OREB,DREB,REB,AST,STL,BLK,TO,PF,PTS,FG2M,FG2A,FG2_PCT,OUTCOME,DEFICIT_FGM,DEFICIT_FGA,DEFICIT_FG3M,DEFICIT_FG3A,DEFICIT_FTM,DEFICIT_FTA,DEFICIT_OREB,DEFICIT_DREB,DEFICIT_REB,DEFICIT_AST,DEFICIT_STL,DEFICIT_BLK,DEFICIT_TO,DEFICIT_PF,DEFICIT_FG2M,DEFICIT_FG2A
0,Pelicans,5,20,0.25,16,18,0.889,10,32,42,17,8,3,13,19,81,25,57,0.438596491228,0,0.483870967742,0.5,0.333333333333,0.425531914894,0.484848484848,0.473684210526,0.47619047619,0.477611940299,0.477272727273,0.472222222222,0.533333333333,0.5,0.52,0.513513513514,0.531914893617,0.532710280374
1,Mavericks,10,27,0.37,17,20,0.85,11,35,46,19,7,3,12,18,91,22,50,0.44,1,0.516129032258,0.5,0.666666666667,0.574468085106,0.515151515152,0.526315789474,0.52380952381,0.522388059701,0.522727272727,0.527777777778,0.466666666667,0.5,0.48,0.486486486486,0.468085106383,0.467289719626
