,TEAM_NAME,FG3M,FG3A,FG3_PCT,FTM,FTA,FT_PCT,OREB,DREB,REB,AST,STL,BLK,TO,PF,PTS,FG2M,FG2A,FG2_PCT,OUTCOME,DEFICIT_FGM,DEFICIT_FGA,DEFICIT_FG3M,DEFICIT_FG3A,DEFICIT_FTM,DEFICIT_FTA,DEFICIT_OREB,DEFICIT_DREB,DEFICIT_REB,DEFICIT_AST,DEFICIT_STL,DEFICIT_BLK,DEFICIT_TO,DEFICIT_PF,DEFICIT_FG2M,DEFICIT_FG2A
0,Knicks,6,17,0.353,14,18,0.778,4,28,32,21,4,8,9,23,98,33,64,0.515625,0,0.506493506494,0.519230769231,0.5,0.548387096774,0.35,0.352941176471,0.444444444444,0.466666666667,0.463768115942,0.5,0.5,0.8,0.642857142857,0.53488372093,0.507692307692,0.512
1,Bobcats,6,14,0.429,26,33,0.788,5,32,37,21,4,2,5,20,108,32,61,0.524590163934,1,0.493506493506,0.480769230769,0.5,0.451612903226,0.65,0.647058823529,0.555555555556,0.533333333333,0.536231884058,0.5,0.5,0.2,0.357142857143,0.46511627907,0.492307692308,0.488
