,TEAM_NAME,FG3M,FG3A,FG3_PCT,FTM,FTA,FT_PCT,OREB,DREB,REB,AST,STL,BLK,TO,PF,PTS,FG2M,FG2A,FG2_PCT,OUTCOME,DEFICIT_FGM,DEFICIT_FGA,DEFICIT_FG3M,DEFICIT_FG3A,DEFICIT_FTM,DEFICIT_FTA,DEFICIT_OREB,DEFICIT_DREB,DEFICIT_REB,DEFICIT_AST,DEFICIT_STL,DEFICIT_BLK,DEFICIT_TO,DEFICIT_PF,DEFICIT_FG2M,DEFICIT_FG2A
0,Thunder,5,21,0.238,16,20,0.8,12,33,45,12,5,5,19,27,87,28,60,0.466666666667,0,0.507692307692,0.503105590062,0.555555555556,0.6,0.421052631579,0.425531914894,0.521739130435,0.507692307692,0.511363636364,0.387096774194,0.384615384615,0.625,0.59375,0.5625,0.5,0.47619047619
1,Grizzlies,4,14,0.286,22,27,0.815,11,32,43,19,8,3,13,21,90,28,66,0.424242424242,1,0.492307692308,0.496894409938,0.444444444444,0.4,0.578947368421,0.574468085106,0.478260869565,0.492307692308,0.488636363636,0.612903225806,0.615384615385,0.375,0.40625,0.4375,0.5,0.52380952381
