,TEAM_NAME,FG3M,FG3A,FG3_PCT,FTM,FTA,FT_PCT,OREB,DREB,REB,AST,STL,BLK,TO,PF,PTS,FG2M,FG2A,FG2_PCT,OUTCOME,DEFICIT_FGM,DEFICIT_FGA,DEFICIT_FG3M,DEFICIT_FG3A,DEFICIT_FTM,DEFICIT_FTA,DEFICIT_OREB,DEFICIT_DREB,DEFICIT_REB,DEFICIT_AST,DEFICIT_STL,DEFICIT_BLK,DEFICIT_TO,DEFICIT_PF,DEFICIT_FG2M,DEFICIT_FG2A
0,Knicks,7,24,0.292,9,14,0.643,9,27,36,23,9,2,12,31,92,31,63,0.492063492063,0,0.567164179104,0.557692307692,0.636363636364,0.545454545455,0.209302325581,0.245614035088,0.5,0.435483870968,0.45,0.560975609756,0.6,0.666666666667,0.428571428571,0.645833333333,0.553571428571,0.5625
1,Celtics,4,20,0.2,34,43,0.791,9,35,44,18,6,1,16,17,96,25,49,0.510204081633,1,0.432835820896,0.442307692308,0.363636363636,0.454545454545,0.790697674419,0.754385964912,0.5,0.564516129032,0.55,0.439024390244,0.4,0.333333333333,0.571428571429,0.354166666667,0.446428571429,0.4375
