,TEAM_NAME,FG3M,FG3A,FG3_PCT,FTM,FTA,FT_PCT,OREB,DREB,REB,AST,STL,BLK,TO,PF,PTS,FG2M,FG2A,FG2_PCT,OUTCOME,DEFICIT_FGM,DEFICIT_FGA,DEFICIT_FG3M,DEFICIT_FG3A,DEFICIT_FTM,DEFICIT_FTA,DEFICIT_OREB,DEFICIT_DREB,DEFICIT_REB,DEFICIT_AST,DEFICIT_STL,DEFICIT_BLK,DEFICIT_TO,DEFICIT_PF,DEFICIT_FG2M,DEFICIT_FG2A
0,Kings,7,15,0.467,11,18,0.611,10,27,37,14,5,4,11,14,88,28,64,0.4375,0,0.448717948718,0.484662576687,0.4375,0.428571428571,0.611111111111,0.6,0.454545454545,0.435483870968,0.440476190476,0.358974358974,0.5,0.307692307692,0.478260869565,0.466666666667,0.451612903226,0.5
1,Pelicans,9,20,0.45,7,12,0.583,12,35,47,25,5,9,12,16,102,34,64,0.53125,1,0.551282051282,0.515337423313,0.5625,0.571428571429,0.388888888889,0.4,0.545454545455,0.564516129032,0.559523809524,0.641025641026,0.5,0.692307692308,0.521739130435,0.533333333333,0.548387096774,0.5
