,TEAM_NAME,FG3M,FG3A,FG3_PCT,FTM,FTA,FT_PCT,OREB,DREB,REB,AST,STL,BLK,TO,PF,PTS,FG2M,FG2A,FG2_PCT,OUTCOME,DEFICIT_FGM,DEFICIT_FGA,DEFICIT_FG3M,DEFICIT_FG3A,DEFICIT_FTM,DEFICIT_FTA,DEFICIT_OREB,DEFICIT_DREB,DEFICIT_REB,DEFICIT_AST,DEFICIT_STL,DEFICIT_BLK,DEFICIT_TO,DEFICIT_PF,DEFICIT_FG2M,DEFICIT_FG2A
0,Cavaliers,8,30,0.267,16,20,0.8,6,34,40,17,10,4,16,19,98,29,51,0.56862745098,0,0.480519480519,0.48502994012,0.470588235294,0.566037735849,0.484848484848,0.512820512821,0.375,0.485714285714,0.46511627907,0.447368421053,0.625,0.8,0.516129032258,0.513513513514,0.483333333333,0.447368421053
1,Nets,9,23,0.391,17,19,0.895,10,36,46,21,6,1,15,18,106,31,63,0.492063492063,1,0.519480519481,0.51497005988,0.529411764706,0.433962264151,0.515151515152,0.487179487179,0.625,0.514285714286,0.53488372093,0.552631578947,0.375,0.2,0.483870967742,0.486486486486,0.516666666667,0.552631578947
