,TEAM_NAME,FG3M,FG3A,FG3_PCT,FTM,FTA,FT_PCT,OREB,DREB,REB,AST,STL,BLK,TO,PF,PTS,FG2M,FG2A,FG2_PCT,OUTCOME,DEFICIT_FGM,DEFICIT_FGA,DEFICIT_FG3M,DEFICIT_FG3A,DEFICIT_FTM,DEFICIT_FTA,DEFICIT_OREB,DEFICIT_DREB,DEFICIT_REB,DEFICIT_AST,DEFICIT_STL,DEFICIT_BLK,DEFICIT_TO,DEFICIT_PF,DEFICIT_FG2M,DEFICIT_FG2A
0,Grizzlies,5,13,0.385,11,15,0.733,8,32,40,19,9,2,19,18,84,29,63,0.460317460317,0,0.465753424658,0.457831325301,0.238095238095,0.295454545455,0.458333333333,0.46875,0.363636363636,0.524590163934,0.481927710843,0.404255319149,0.375,0.285714285714,0.575757575758,0.514285714286,0.557692307692,0.516393442623
1,Warriors,16,31,0.516,13,17,0.765,14,29,43,28,15,5,14,17,107,23,59,0.389830508475,1,0.534246575342,0.542168674699,0.761904761905,0.704545454545,0.541666666667,0.53125,0.636363636364,0.475409836066,0.518072289157,0.595744680851,0.625,0.714285714286,0.424242424242,0.485714285714,0.442307692308,0.483606557377
