,TEAM_NAME,FG3M,FG3A,FG3_PCT,FTM,FTA,FT_PCT,OREB,DREB,REB,AST,STL,BLK,TO,PF,PTS,FG2M,FG2A,FG2_PCT,OUTCOME,DEFICIT_FGM,DEFICIT_FGA,DEFICIT_FG3M,DEFICIT_FG3A,DEFICIT_FTM,DEFICIT_FTA,DEFICIT_OREB,DEFICIT_DREB,DEFICIT_REB,DEFICIT_AST,DEFICIT_STL,DEFICIT_BLK,DEFICIT_TO,DEFICIT_PF,DEFICIT_FG2M,DEFICIT_FG2A
0,Bucks,4,17,0.235,11,15,0.733,11,30,41,29,10,3,13,23,111,44,78,0.5641025641025641,0,0.5393258426966292,0.5397727272727273,0.21052631578947367,0.3469387755102041,0.3548387096774194,0.3409090909090909,0.5238095238095238,0.4838709677419355,0.4939759036144578,0.47540983606557374,0.47619047619047616,0.375,0.43333333333333335,0.575,0.6285714285714286,0.6141732283464567
1,Rockets,15,32,0.469,20,29,0.69,10,32,42,32,11,5,17,17,117,26,49,0.5306122448979592,1,0.4606741573033708,0.4602272727272727,0.7894736842105263,0.6530612244897959,0.6451612903225806,0.6590909090909091,0.47619047619047616,0.5161290322580645,0.5060240963855421,0.5245901639344263,0.5238095238095238,0.625,0.5666666666666667,0.425,0.37142857142857144,0.3858267716535433
