,TEAM_NAME,FG3M,FG3A,FG3_PCT,FTM,FTA,FT_PCT,OREB,DREB,REB,AST,STL,BLK,TO,PF,PTS,FG2M,FG2A,FG2_PCT,OUTCOME,DEFICIT_FGM,DEFICIT_FGA,DEFICIT_FG3M,DEFICIT_FG3A,DEFICIT_FTM,DEFICIT_FTA,DEFICIT_OREB,DEFICIT_DREB,DEFICIT_REB,DEFICIT_AST,DEFICIT_STL,DEFICIT_BLK,DEFICIT_TO,DEFICIT_PF,DEFICIT_FG2M,DEFICIT_FG2A
0,Magic,5,15,0.333,12,14,0.857,10,38,48,26,9,6,18,13,103,38,68,0.5588235294117647,1,0.524390243902439,0.46111111111111114,0.3125,0.36585365853658536,0.6,0.5185185185185185,0.4,0.5757575757575758,0.5274725274725275,0.49056603773584906,0.42857142857142855,0.42857142857142855,0.5625,0.5,0.5757575757575758,0.4892086330935252
1,Lakers,11,26,0.423,8,13,0.615,15,28,43,27,12,8,14,13,97,28,71,0.39436619718309857,0,0.47560975609756095,0.5388888888888889,0.6875,0.6341463414634146,0.4,0.48148148148148145,0.6,0.42424242424242425,0.4725274725274725,0.5094339622641509,0.5714285714285714,0.5714285714285714,0.4375,0.5,0.42424242424242425,0.5107913669064749
