,TEAM_NAME,FG3M,FG3A,FG3_PCT,FTM,FTA,FT_PCT,OREB,DREB,REB,AST,STL,BLK,TO,PF,PTS,FG2M,FG2A,FG2_PCT,OUTCOME,DEFICIT_FGM,DEFICIT_FGA,DEFICIT_FG3M,DEFICIT_FG3A,DEFICIT_FTM,DEFICIT_FTA,DEFICIT_OREB,DEFICIT_DREB,DEFICIT_REB,DEFICIT_AST,DEFICIT_STL,DEFICIT_BLK,DEFICIT_TO,DEFICIT_PF,DEFICIT_FG2M,DEFICIT_FG2A
0,Pistons,4,24,0.167,20,26,0.769,11,40,51,23,4,4,16,16,98,33,58,0.5689655172413793,1,0.5285714285714286,0.49101796407185627,0.4444444444444444,0.5217391304347826,0.5405405405405406,0.5416666666666666,0.5,0.5555555555555556,0.5425531914893617,0.5111111111111111,0.36363636363636365,0.4444444444444444,0.5517241379310345,0.4,0.5409836065573771,0.4793388429752066
1,Nuggets,5,22,0.227,17,22,0.773,11,32,43,22,7,5,13,24,88,28,63,0.4444444444444444,0,0.4714285714285714,0.5089820359281437,0.5555555555555556,0.4782608695652174,0.4594594594594595,0.4583333333333333,0.5,0.4444444444444444,0.4574468085106383,0.4888888888888889,0.6363636363636364,0.5555555555555556,0.4482758620689655,0.6,0.45901639344262296,0.5206611570247934
