,TEAM_NAME,FG3M,FG3A,FG3_PCT,FTM,FTA,FT_PCT,OREB,DREB,REB,AST,STL,BLK,TO,PF,PTS,FG2M,FG2A,FG2_PCT,OUTCOME,DEFICIT_FGM,DEFICIT_FGA,DEFICIT_FG3M,DEFICIT_FG3A,DEFICIT_FTM,DEFICIT_FTA,DEFICIT_OREB,DEFICIT_DREB,DEFICIT_REB,DEFICIT_AST,DEFICIT_STL,DEFICIT_BLK,DEFICIT_TO,DEFICIT_PF,DEFICIT_FG2M,DEFICIT_FG2A
0,76ers,11,25,0.44,15,31,0.484,11,33,44,22,6,3,17,19,96,24,54,0.444444444444,0,0.472972972973,0.478787878788,0.52380952381,0.480769230769,0.441176470588,0.553571428571,0.5,0.44,0.453608247423,0.448979591837,0.428571428571,0.428571428571,0.62962962963,0.441860465116,0.452830188679,0.477876106195
1,Celtics,10,27,0.37,19,25,0.76,11,42,53,27,8,4,10,24,107,29,59,0.491525423729,1,0.527027027027,0.521212121212,0.47619047619,0.519230769231,0.558823529412,0.446428571429,0.5,0.56,0.546391752577,0.551020408163,0.571428571429,0.571428571429,0.37037037037,0.558139534884,0.547169811321,0.522123893805
