,TEAM_NAME,FG3M,FG3A,FG3_PCT,FTM,FTA,FT_PCT,OREB,DREB,REB,AST,STL,BLK,TO,PF,PTS,FG2M,FG2A,FG2_PCT,OUTCOME,DEFICIT_FGM,DEFICIT_FGA,DEFICIT_FG3M,DEFICIT_FG3A,DEFICIT_FTM,DEFICIT_FTA,DEFICIT_OREB,DEFICIT_DREB,DEFICIT_REB,DEFICIT_AST,DEFICIT_STL,DEFICIT_BLK,DEFICIT_TO,DEFICIT_PF,DEFICIT_FG2M,DEFICIT_FG2A
0,Warriors,12,33,0.364,10,15,0.667,19,32,51,31,7,7,14,24,116,35,70,0.5,0,0.5529411764705883,0.5722222222222222,0.4444444444444444,0.55,0.23255813953488372,0.28846153846153844,0.8260869565217391,0.48484848484848486,0.5730337078651685,0.5254237288135594,0.35,0.6363636363636364,0.5185185185185185,0.5581395348837209,0.603448275862069,0.5833333333333334
1,Hawks,15,27,0.556,33,37,0.892,4,34,38,28,13,4,13,19,124,23,50,0.46,1,0.4470588235294118,0.42777777777777776,0.5555555555555556,0.45,0.7674418604651163,0.7115384615384616,0.17391304347826086,0.5151515151515151,0.42696629213483145,0.4745762711864407,0.65,0.36363636363636365,0.48148148148148145,0.4418604651162791,0.39655172413793105,0.4166666666666667
