,TEAM_NAME,FG3M,FG3A,FG3_PCT,FTM,FTA,FT_PCT,OREB,DREB,REB,AST,STL,BLK,TO,PF,PTS,FG2M,FG2A,FG2_PCT,OUTCOME,DEFICIT_FGM,DEFICIT_FGA,DEFICIT_FG3M,DEFICIT_FG3A,DEFICIT_FTM,DEFICIT_FTA,DEFICIT_OREB,DEFICIT_DREB,DEFICIT_REB,DEFICIT_AST,DEFICIT_STL,DEFICIT_BLK,DEFICIT_TO,DEFICIT_PF,DEFICIT_FG2M,DEFICIT_FG2A
0,Thunder,8,24,0.333,25,28,0.893,10,30,40,19,11,8,13,23,113,32,65,0.49230769230769234,0,0.5,0.5174418604651163,0.42105263157894735,0.5454545454545454,0.5,0.4827586206896552,0.47619047619047616,0.46153846153846156,0.46511627906976744,0.4222222222222222,0.6875,0.6153846153846154,0.43333333333333335,0.5111111111111111,0.5245901639344263,0.5078125
1,Pelicans,11,20,0.55,25,30,0.833,11,35,46,26,5,5,17,22,116,29,63,0.4603174603174603,1,0.5,0.48255813953488375,0.5789473684210527,0.45454545454545453,0.5,0.5172413793103449,0.5238095238095238,0.5384615384615384,0.5348837209302325,0.5777777777777777,0.3125,0.38461538461538464,0.5666666666666667,0.4888888888888889,0.47540983606557374,0.4921875
