,TEAM_NAME,FG3M,FG3A,FG3_PCT,FTM,FTA,FT_PCT,OREB,DREB,REB,AST,STL,BLK,TO,PF,PTS,FG2M,FG2A,FG2_PCT,OUTCOME,DEFICIT_FGM,DEFICIT_FGA,DEFICIT_FG3M,DEFICIT_FG3A,DEFICIT_FTM,DEFICIT_FTA,DEFICIT_OREB,DEFICIT_DREB,DEFICIT_REB,DEFICIT_AST,DEFICIT_STL,DEFICIT_BLK,DEFICIT_TO,DEFICIT_PF,DEFICIT_FG2M,DEFICIT_FG2A
0,Raptors,10,22,0.455,22,27,0.815,17,33,50,17,9,7,17,21,114,31,65,0.476923076923,1,0.506172839506,0.505813953488,0.526315789474,0.448979591837,0.564102564103,0.574468085106,0.739130434783,0.55,0.602409638554,0.447368421053,0.5625,0.7,0.548387096774,0.512195121951,0.5,0.528455284553
1,Celtics,9,27,0.333,17,20,0.85,6,27,33,21,7,3,14,20,106,31,58,0.534482758621,0,0.493827160494,0.494186046512,0.473684210526,0.551020408163,0.435897435897,0.425531914894,0.260869565217,0.45,0.397590361446,0.552631578947,0.4375,0.3,0.451612903226,0.487804878049,0.5,0.471544715447
