,TEAM_NAME,FG3M,FG3A,FG3_PCT,FTM,FTA,FT_PCT,OREB,DREB,REB,AST,STL,BLK,TO,PF,PTS,FG2M,FG2A,FG2_PCT,OUTCOME,DEFICIT_FGM,DEFICIT_FGA,DEFICIT_FG3M,DEFICIT_FG3A,DEFICIT_FTM,DEFICIT_FTA,DEFICIT_OREB,DEFICIT_DREB,DEFICIT_REB,DEFICIT_AST,DEFICIT_STL,DEFICIT_BLK,DEFICIT_TO,DEFICIT_PF,DEFICIT_FG2M,DEFICIT_FG2A
0,Nets,10,29,0.345,17,23,0.739,14,34,48,22,5,4,17,24,97,25,58,0.431034482759,0,0.443037974684,0.486033519553,0.588235294118,0.557692307692,0.435897435897,0.377049180328,0.48275862069,0.472222222222,0.475247524752,0.468085106383,0.3125,0.25,0.586206896552,0.585365853659,0.403225806452,0.456692913386
1,Hawks,7,23,0.304,22,38,0.579,15,38,53,25,11,12,12,17,117,37,69,0.536231884058,1,0.556962025316,0.513966480447,0.411764705882,0.442307692308,0.564102564103,0.622950819672,0.51724137931,0.527777777778,0.524752475248,0.531914893617,0.6875,0.75,0.413793103448,0.414634146341,0.596774193548,0.543307086614
