,TEAM_NAME,FG3M,FG3A,FG3_PCT,FTM,FTA,FT_PCT,OREB,DREB,REB,AST,STL,BLK,TO,PF,PTS,FG2M,FG2A,FG2_PCT,OUTCOME,DEFICIT_FGM,DEFICIT_FGA,DEFICIT_FG3M,DEFICIT_FG3A,DEFICIT_FTM,DEFICIT_FTA,DEFICIT_OREB,DEFICIT_DREB,DEFICIT_REB,DEFICIT_AST,DEFICIT_STL,DEFICIT_BLK,DEFICIT_TO,DEFICIT_PF,DEFICIT_FG2M,DEFICIT_FG2A
0,Jazz,13,34,0.382,11,19,0.579,11,35,46,22,8,4,18,21,100,25,45,0.555555555556,1,0.550724637681,0.481707317073,0.590909090909,0.523076923077,0.34375,0.431818181818,0.458333333333,0.546875,0.522727272727,0.594594594595,0.571428571429,0.666666666667,0.529411764706,0.525,0.531914893617,0.454545454545
1,Cavaliers,9,31,0.29,21,25,0.84,13,29,42,15,6,2,16,19,92,22,54,0.407407407407,0,0.449275362319,0.518292682927,0.409090909091,0.476923076923,0.65625,0.568181818182,0.541666666667,0.453125,0.477272727273,0.405405405405,0.428571428571,0.333333333333,0.470588235294,0.475,0.468085106383,0.545454545455
