,TEAM_NAME,FG3M,FG3A,FG3_PCT,FTM,FTA,FT_PCT,OREB,DREB,REB,AST,STL,BLK,TO,PF,PTS,FG2M,FG2A,FG2_PCT,OUTCOME,DEFICIT_FGM,DEFICIT_FGA,DEFICIT_FG3M,DEFICIT_FG3A,DEFICIT_FTM,DEFICIT_FTA,DEFICIT_OREB,DEFICIT_DREB,DEFICIT_REB,DEFICIT_AST,DEFICIT_STL,DEFICIT_BLK,DEFICIT_TO,DEFICIT_PF,DEFICIT_FG2M,DEFICIT_FG2A
0,Wizards,11,22,0.5,13,14,0.929,8,36,44,28,12,7,19,21,118,36,61,0.590163934426,1,0.594936708861,0.528662420382,0.52380952381,0.468085106383,0.382352941176,0.358974358974,0.571428571429,0.58064516129,0.578947368421,0.608695652174,0.571428571429,1.0,0.475,0.567567567568,0.620689655172,0.554545454545
1,Nets,10,25,0.4,21,25,0.84,6,26,32,18,9,0,21,16,95,22,49,0.448979591837,0,0.405063291139,0.471337579618,0.47619047619,0.531914893617,0.617647058824,0.641025641026,0.428571428571,0.41935483871,0.421052631579,0.391304347826,0.428571428571,0.0,0.525,0.432432432432,0.379310344828,0.445454545455
