,TEAM_NAME,FG3M,FG3A,FG3_PCT,FTM,FTA,FT_PCT,OREB,DREB,REB,AST,STL,BLK,TO,PF,PTS,FG2M,FG2A,FG2_PCT,OUTCOME,DEFICIT_FGM,DEFICIT_FGA,DEFICIT_FG3M,DEFICIT_FG3A,DEFICIT_FTM,DEFICIT_FTA,DEFICIT_OREB,DEFICIT_DREB,DEFICIT_REB,DEFICIT_AST,DEFICIT_STL,DEFICIT_BLK,DEFICIT_TO,DEFICIT_PF,DEFICIT_FG2M,DEFICIT_FG2A
0,Pistons,9,31,0.29,19,21,0.905,14,29,43,22,9,7,18,24,98,26,53,0.490566037736,0,0.472972972973,0.488372093023,0.529411764706,0.543859649123,0.5,0.45652173913,0.538461538462,0.475409836066,0.494252873563,0.43137254902,0.473684210526,0.777777777778,0.545454545455,0.533333333333,0.456140350877,0.460869565217
1,Hawks,8,26,0.308,19,25,0.76,12,32,44,29,10,2,15,21,105,31,62,0.5,1,0.527027027027,0.511627906977,0.470588235294,0.456140350877,0.5,0.54347826087,0.461538461538,0.524590163934,0.505747126437,0.56862745098,0.526315789474,0.222222222222,0.454545454545,0.466666666667,0.543859649123,0.539130434783
