,TEAM_NAME,FG3M,FG3A,FG3_PCT,FTM,FTA,FT_PCT,OREB,DREB,REB,AST,STL,BLK,TO,PF,PTS,FG2M,FG2A,FG2_PCT,OUTCOME,DEFICIT_FGM,DEFICIT_FGA,DEFICIT_FG3M,DEFICIT_FG3A,DEFICIT_FTM,DEFICIT_FTA,DEFICIT_OREB,DEFICIT_DREB,DEFICIT_REB,DEFICIT_AST,DEFICIT_STL,DEFICIT_BLK,DEFICIT_TO,DEFICIT_PF,DEFICIT_FG2M,DEFICIT_FG2A
0,Pacers,7,19,0.368,26,30,0.867,8,34,42,26,7,6,11,22,111,32,62,0.516129032258,1,0.527027027027,0.490909090909,0.538461538462,0.452380952381,0.509803921569,0.491803278689,0.347826086957,0.515151515152,0.47191011236,0.604651162791,0.466666666667,0.545454545455,0.458333333333,0.488888888889,0.524590163934,0.50406504065
1,Bulls,6,23,0.261,25,31,0.806,15,32,47,17,8,5,13,23,101,29,61,0.475409836066,0,0.472972972973,0.509090909091,0.461538461538,0.547619047619,0.490196078431,0.508196721311,0.652173913043,0.484848484848,0.52808988764,0.395348837209,0.533333333333,0.454545454545,0.541666666667,0.511111111111,0.475409836066,0.49593495935
