,TEAM_NAME,FG3M,FG3A,FG3_PCT,FTM,FTA,FT_PCT,OREB,DREB,REB,AST,STL,BLK,TO,PF,PTS,FG2M,FG2A,FG2_PCT,OUTCOME,DEFICIT_FGM,DEFICIT_FGA,DEFICIT_FG3M,DEFICIT_FG3A,DEFICIT_FTM,DEFICIT_FTA,DEFICIT_OREB,DEFICIT_DREB,DEFICIT_REB,DEFICIT_AST,DEFICIT_STL,DEFICIT_BLK,DEFICIT_TO,DEFICIT_PF,DEFICIT_FG2M,DEFICIT_FG2A
0,Pelicans,6,15,0.4,32,37,0.865,16,29,45,20,7,6,18,23,100,25,60,0.4166666666666667,0,0.45588235294117646,0.4601226993865031,0.42857142857142855,0.38461538461538464,0.5517241379310345,0.5441176470588235,0.48484848484848486,0.5178571428571429,0.5056179775280899,0.45454545454545453,0.4666666666666667,0.5454545454545454,0.6206896551724138,0.5,0.46296296296296297,0.4838709677419355
1,Celtics,8,24,0.333,26,31,0.839,17,27,44,24,8,5,11,23,108,29,64,0.453125,1,0.5441176470588235,0.5398773006134969,0.5714285714285714,0.6153846153846154,0.4482758620689655,0.45588235294117646,0.5151515151515151,0.48214285714285715,0.4943820224719101,0.5454545454545454,0.5333333333333333,0.45454545454545453,0.3793103448275862,0.5,0.5370370370370371,0.5161290322580645
