,TEAM_NAME,FG3M,FG3A,FG3_PCT,FTM,FTA,FT_PCT,OREB,DREB,REB,AST,STL,BLK,TO,PF,PTS,FG2M,FG2A,FG2_PCT,OUTCOME,DEFICIT_FGM,DEFICIT_FGA,DEFICIT_FG3M,DEFICIT_FG3A,DEFICIT_FTM,DEFICIT_FTA,DEFICIT_OREB,DEFICIT_DREB,DEFICIT_REB,DEFICIT_AST,DEFICIT_STL,DEFICIT_BLK,DEFICIT_TO,DEFICIT_PF,DEFICIT_FG2M,DEFICIT_FG2A
0,Rockets,16,40,0.4,15,20,0.75,12,30,42,22,9,2,14,18,113,25,46,0.54347826087,1,0.5125,0.505882352941,0.761904761905,0.655737704918,0.483870967742,0.526315789474,0.521739130435,0.5,0.506024096386,0.55,0.5625,0.333333333333,0.466666666667,0.5,0.423728813559,0.422018348624
1,Nets,5,21,0.238,16,18,0.889,11,30,41,18,7,4,16,18,99,34,63,0.539682539683,0,0.4875,0.494117647059,0.238095238095,0.344262295082,0.516129032258,0.473684210526,0.478260869565,0.5,0.493975903614,0.45,0.4375,0.666666666667,0.533333333333,0.5,0.576271186441,0.577981651376
