,TEAM_NAME,FG3M,FG3A,FG3_PCT,FTM,FTA,FT_PCT,OREB,DREB,REB,AST,STL,BLK,TO,PF,PTS,FG2M,FG2A,FG2_PCT,OUTCOME,DEFICIT_FGM,DEFICIT_FGA,DEFICIT_FG3M,DEFICIT_FG3A,DEFICIT_FTM,DEFICIT_FTA,DEFICIT_OREB,DEFICIT_DREB,DEFICIT_REB,DEFICIT_AST,DEFICIT_STL,DEFICIT_BLK,DEFICIT_TO,DEFICIT_PF,DEFICIT_FG2M,DEFICIT_FG2A
0,Raptors,7,27,0.259,10,14,0.714,10,32,42,29,4,7,18,20,111,40,60,0.6666666666666666,0,0.5340909090909091,0.47540983606557374,0.5,0.5625,0.2857142857142857,0.3111111111111111,0.37037037037037035,0.5245901639344263,0.4772727272727273,0.5471698113207547,0.2857142857142857,0.6363636363636364,0.6923076923076923,0.5714285714285714,0.5405405405405406,0.4444444444444444
1,Pistons,7,21,0.333,25,31,0.806,17,29,46,24,10,4,8,15,114,34,75,0.4533333333333333,1,0.4659090909090909,0.5245901639344263,0.5,0.4375,0.7142857142857143,0.6888888888888889,0.6296296296296297,0.47540983606557374,0.5227272727272727,0.4528301886792453,0.7142857142857143,0.36363636363636365,0.3076923076923077,0.42857142857142855,0.4594594594594595,0.5555555555555556
