,TEAM_NAME,FG3M,FG3A,FG3_PCT,FTM,FTA,FT_PCT,OREB,DREB,REB,AST,STL,BLK,TO,PF,PTS,FG2M,FG2A,FG2_PCT,OUTCOME,DEFICIT_FGM,DEFICIT_FGA,DEFICIT_FG3M,DEFICIT_FG3A,DEFICIT_FTM,DEFICIT_FTA,DEFICIT_OREB,DEFICIT_DREB,DEFICIT_REB,DEFICIT_AST,DEFICIT_STL,DEFICIT_BLK,DEFICIT_TO,DEFICIT_PF,DEFICIT_FG2M,DEFICIT_FG2A
0,Rockets,16,40,0.4,15,20,0.75,12,30,42,22,9,2,14,18,113,25,46,0.5434782608695652,1,0.5125,0.5058823529411764,0.7619047619047619,0.6557377049180327,0.4838709677419355,0.5263157894736842,0.5217391304347826,0.5,0.5060240963855421,0.55,0.5625,0.3333333333333333,0.4666666666666667,0.5,0.423728813559322,0.42201834862385323
1,Nets,5,21,0.238,16,18,0.889,11,30,41,18,7,4,16,18,99,34,63,0.5396825396825397,0,0.4875,0.49411764705882355,0.23809523809523808,0.3442622950819672,0.5161290322580645,0.47368421052631576,0.4782608695652174,0.5,0.4939759036144578,0.45,0.4375,0.6666666666666666,0.5333333333333333,0.5,0.576271186440678,0.5779816513761468
