,TEAM_NAME,FG3M,FG3A,FG3_PCT,FTM,FTA,FT_PCT,OREB,DREB,REB,AST,STL,BLK,TO,PF,PTS,FG2M,FG2A,FG2_PCT,OUTCOME,DEFICIT_FGM,DEFICIT_FGA,DEFICIT_FG3M,DEFICIT_FG3A,DEFICIT_FTM,DEFICIT_FTA,DEFICIT_OREB,DEFICIT_DREB,DEFICIT_REB,DEFICIT_AST,DEFICIT_STL,DEFICIT_BLK,DEFICIT_TO,DEFICIT_PF,DEFICIT_FG2M,DEFICIT_FG2A
0,Suns,11,26,0.423,17,24,0.708,9,25,34,16,14,2,16,18,112,31,60,0.516666666667,0,0.506024096386,0.524390243902,0.6875,0.619047619048,0.377777777778,0.428571428571,0.473684210526,0.431034482759,0.441558441558,0.390243902439,0.583333333333,0.4,0.421052631579,0.486486486486,0.462686567164,0.491803278689
1,Rockets,5,16,0.313,28,32,0.875,10,33,43,25,10,3,22,19,115,36,62,0.58064516129,1,0.493975903614,0.475609756098,0.3125,0.380952380952,0.622222222222,0.571428571429,0.526315789474,0.568965517241,0.558441558442,0.609756097561,0.416666666667,0.6,0.578947368421,0.513513513514,0.537313432836,0.508196721311
