,TEAM_NAME,FG3M,FG3A,FG3_PCT,FTM,FTA,FT_PCT,OREB,DREB,REB,AST,STL,BLK,TO,PF,PTS,FG2M,FG2A,FG2_PCT,OUTCOME,DEFICIT_FGM,DEFICIT_FGA,DEFICIT_FG3M,DEFICIT_FG3A,DEFICIT_FTM,DEFICIT_FTA,DEFICIT_OREB,DEFICIT_DREB,DEFICIT_REB,DEFICIT_AST,DEFICIT_STL,DEFICIT_BLK,DEFICIT_TO,DEFICIT_PF,DEFICIT_FG2M,DEFICIT_FG2A
0,Kings,5,13,0.385,30,36,0.833,10,35,45,18,12,10,21,21,109,32,65,0.492307692308,1,0.528571428571,0.469879518072,0.25,0.288888888889,0.681818181818,0.631578947368,0.5,0.538461538462,0.529411764706,0.439024390244,0.521739130435,0.588235294118,0.525,0.428571428571,0.64,0.537190082645
1,Nuggets,15,32,0.469,14,21,0.667,10,30,40,23,11,7,19,28,95,18,56,0.321428571429,0,0.471428571429,0.530120481928,0.75,0.711111111111,0.318181818182,0.368421052632,0.5,0.461538461538,0.470588235294,0.560975609756,0.478260869565,0.411764705882,0.475,0.571428571429,0.36,0.462809917355
