,TEAM_NAME,FG3M,FG3A,FG3_PCT,FTM,FTA,FT_PCT,OREB,DREB,REB,AST,STL,BLK,TO,PF,PTS,FG2M,FG2A,FG2_PCT,OUTCOME,DEFICIT_FGM,DEFICIT_FGA,DEFICIT_FG3M,DEFICIT_FG3A,DEFICIT_FTM,DEFICIT_FTA,DEFICIT_OREB,DEFICIT_DREB,DEFICIT_REB,DEFICIT_AST,DEFICIT_STL,DEFICIT_BLK,DEFICIT_TO,DEFICIT_PF,DEFICIT_FG2M,DEFICIT_FG2A
0,Pacers,6,18,0.333,10,12,0.833,12,32,44,22,8,4,12,20,96,34,71,0.4788732394366197,0,0.5555555555555556,0.5114942528735632,0.3157894736842105,0.3673469387755102,0.3225806451612903,0.3333333333333333,0.4444444444444444,0.48484848484848486,0.4731182795698925,0.5641025641025641,0.5714285714285714,0.4444444444444444,0.4444444444444444,0.5405405405405406,0.6415094339622641,0.568
1,Pistons,13,31,0.419,21,24,0.875,15,34,49,17,6,5,15,17,98,19,54,0.35185185185185186,1,0.4444444444444444,0.4885057471264368,0.6842105263157895,0.6326530612244898,0.6774193548387096,0.6666666666666666,0.5555555555555556,0.5151515151515151,0.5268817204301075,0.4358974358974359,0.42857142857142855,0.5555555555555556,0.5555555555555556,0.4594594594594595,0.3584905660377358,0.432
