,TEAM_NAME,FG3M,FG3A,FG3_PCT,FTM,FTA,FT_PCT,OREB,DREB,REB,AST,STL,BLK,TO,PF,PTS,FG2M,FG2A,FG2_PCT,OUTCOME,DEFICIT_FGM,DEFICIT_FGA,DEFICIT_FG3M,DEFICIT_FG3A,DEFICIT_FTM,DEFICIT_FTA,DEFICIT_OREB,DEFICIT_DREB,DEFICIT_REB,DEFICIT_AST,DEFICIT_STL,DEFICIT_BLK,DEFICIT_TO,DEFICIT_PF,DEFICIT_FG2M,DEFICIT_FG2A
0,Magic,9,24,0.375,15,20,0.75,5,34,39,22,5,4,15,22,96,27,55,0.4909090909090909,0,0.47368421052631576,0.4759036144578313,0.75,0.631578947368421,0.39473684210526316,0.40816326530612246,0.35714285714285715,0.4722222222222222,0.45348837209302323,0.4489795918367347,0.38461538461538464,0.4444444444444444,0.5769230769230769,0.5365853658536586,0.421875,0.4296875
1,Grizzlies,3,14,0.214,23,29,0.793,9,38,47,27,8,5,11,19,106,37,73,0.5068493150684932,1,0.5263157894736842,0.5240963855421686,0.25,0.3684210526315789,0.6052631578947368,0.5918367346938775,0.6428571428571429,0.5277777777777778,0.5465116279069767,0.5510204081632653,0.6153846153846154,0.5555555555555556,0.4230769230769231,0.4634146341463415,0.578125,0.5703125
