,TEAM_NAME,FG3M,FG3A,FG3_PCT,FTM,FTA,FT_PCT,OREB,DREB,REB,AST,STL,BLK,TO,PF,PTS,FG2M,FG2A,FG2_PCT,OUTCOME,DEFICIT_FGM,DEFICIT_FGA,DEFICIT_FG3M,DEFICIT_FG3A,DEFICIT_FTM,DEFICIT_FTA,DEFICIT_OREB,DEFICIT_DREB,DEFICIT_REB,DEFICIT_AST,DEFICIT_STL,DEFICIT_BLK,DEFICIT_TO,DEFICIT_PF,DEFICIT_FG2M,DEFICIT_FG2A
0,Spurs,11,29,0.379,15,17,0.882,15,34,49,34,12,4,12,18,110,31,65,0.476923076923,1,0.53164556962,0.559523809524,0.647058823529,0.604166666667,0.483870967742,0.459459459459,0.882352941176,0.53125,0.604938271605,0.62962962963,0.666666666667,0.4,0.428571428571,0.545454545455,0.5,0.541666666667
1,Trail Blazers,6,19,0.316,16,20,0.8,2,30,32,20,6,6,16,15,96,31,55,0.563636363636,0,0.46835443038,0.440476190476,0.352941176471,0.395833333333,0.516129032258,0.540540540541,0.117647058824,0.46875,0.395061728395,0.37037037037,0.333333333333,0.6,0.571428571429,0.454545454545,0.5,0.458333333333
