,TEAM_NAME,FG3M,FG3A,FG3_PCT,FTM,FTA,FT_PCT,OREB,DREB,REB,AST,STL,BLK,TO,PF,PTS,FG2M,FG2A,FG2_PCT,OUTCOME,DEFICIT_FGM,DEFICIT_FGA,DEFICIT_FG3M,DEFICIT_FG3A,DEFICIT_FTM,DEFICIT_FTA,DEFICIT_OREB,DEFICIT_DREB,DEFICIT_REB,DEFICIT_AST,DEFICIT_STL,DEFICIT_BLK,DEFICIT_TO,DEFICIT_PF,DEFICIT_FG2M,DEFICIT_FG2A
0,Wizards,4,17,0.235,14,16,0.875,8,29,37,23,6,5,19,26,80,27,56,0.482142857143,0,0.455882352941,0.474025974026,0.5,0.586206896552,0.368421052632,0.340425531915,0.5,0.483333333333,0.486842105263,0.560975609756,0.333333333333,0.555555555556,0.655172413793,0.577777777778,0.45,0.448
1,Nets,4,12,0.333,24,31,0.774,8,31,39,18,12,4,10,19,102,33,69,0.478260869565,1,0.544117647059,0.525974025974,0.5,0.413793103448,0.631578947368,0.659574468085,0.5,0.516666666667,0.513157894737,0.439024390244,0.666666666667,0.444444444444,0.344827586207,0.422222222222,0.55,0.552
