,TEAM_NAME,FG3M,FG3A,FG3_PCT,FTM,FTA,FT_PCT,OREB,DREB,REB,AST,STL,BLK,TO,PF,PTS,FG2M,FG2A,FG2_PCT,OUTCOME,DEFICIT_FGM,DEFICIT_FGA,DEFICIT_FG3M,DEFICIT_FG3A,DEFICIT_FTM,DEFICIT_FTA,DEFICIT_OREB,DEFICIT_DREB,DEFICIT_REB,DEFICIT_AST,DEFICIT_STL,DEFICIT_BLK,DEFICIT_TO,DEFICIT_PF,DEFICIT_FG2M,DEFICIT_FG2A
0,Thunder,10,22,0.455,15,19,0.789,16,38,54,27,8,2,14,21,127,41,75,0.5466666666666666,1,0.5483870967741935,0.5132275132275133,0.5263157894736842,0.4782608695652174,0.40540540540540543,0.40425531914893614,0.5517241379310345,0.5588235294117647,0.5567010309278351,0.5294117647058824,0.4444444444444444,0.5,0.5,0.6,0.5540540540540541,0.5244755244755245
1,Warriors,9,24,0.375,22,28,0.786,13,30,43,24,10,2,14,14,115,33,68,0.4852941176470588,0,0.45161290322580644,0.48677248677248675,0.47368421052631576,0.5217391304347826,0.5945945945945946,0.5957446808510638,0.4482758620689655,0.4411764705882353,0.44329896907216493,0.47058823529411764,0.5555555555555556,0.5,0.5,0.4,0.44594594594594594,0.4755244755244755
