,TEAM_NAME,FG3M,FG3A,FG3_PCT,FTM,FTA,FT_PCT,OREB,DREB,REB,AST,STL,BLK,TO,PF,PTS,FG2M,FG2A,FG2_PCT,OUTCOME,DEFICIT_FGM,DEFICIT_FGA,DEFICIT_FG3M,DEFICIT_FG3A,DEFICIT_FTM,DEFICIT_FTA,DEFICIT_OREB,DEFICIT_DREB,DEFICIT_REB,DEFICIT_AST,DEFICIT_STL,DEFICIT_BLK,DEFICIT_TO,DEFICIT_PF,DEFICIT_FG2M,DEFICIT_FG2A
0,Nuggets,9,25,0.36,12,25,0.48,13,39,52,23,6,3,15,27,89,25,58,0.43103448275862066,0,0.5074626865671642,0.5123456790123457,0.5294117647058824,0.5,0.34285714285714286,0.46296296296296297,0.5652173913043478,0.48148148148148145,0.5,0.5111111111111111,0.46153846153846156,0.6,0.5172413793103449,0.54,0.5,0.5178571428571429
1,Mavericks,8,25,0.32,23,29,0.793,10,42,52,22,7,2,14,23,97,25,54,0.46296296296296297,1,0.4925373134328358,0.4876543209876543,0.47058823529411764,0.5,0.6571428571428571,0.5370370370370371,0.43478260869565216,0.5185185185185185,0.5,0.4888888888888889,0.5384615384615384,0.4,0.4827586206896552,0.46,0.5,0.48214285714285715
