,TEAM_NAME,FG3M,FG3A,FG3_PCT,FTM,FTA,FT_PCT,OREB,DREB,REB,AST,STL,BLK,TO,PF,PTS,FG2M,FG2A,FG2_PCT,OUTCOME,DEFICIT_FGM,DEFICIT_FGA,DEFICIT_FG3M,DEFICIT_FG3A,DEFICIT_FTM,DEFICIT_FTA,DEFICIT_OREB,DEFICIT_DREB,DEFICIT_REB,DEFICIT_AST,DEFICIT_STL,DEFICIT_BLK,DEFICIT_TO,DEFICIT_PF,DEFICIT_FG2M,DEFICIT_FG2A
0,76ers,7,22,0.318,17,27,0.63,9,30,39,22,12,10,8,20,96,29,58,0.5,1,0.553846153846,0.516129032258,0.636363636364,0.564102564103,0.472222222222,0.482142857143,0.375,0.428571428571,0.414893617021,0.564102564103,0.705882352941,0.625,0.307692307692,0.512820512821,0.537037037037,0.5
1,Pelicans,4,17,0.235,19,29,0.655,15,40,55,17,5,6,18,19,81,25,58,0.431034482759,0,0.446153846154,0.483870967742,0.363636363636,0.435897435897,0.527777777778,0.517857142857,0.625,0.571428571429,0.585106382979,0.435897435897,0.294117647059,0.375,0.692307692308,0.487179487179,0.462962962963,0.5
