,TEAM_NAME,FG3M,FG3A,FG3_PCT,FTM,FTA,FT_PCT,OREB,DREB,REB,AST,STL,BLK,TO,PF,PTS,FG2M,FG2A,FG2_PCT,OUTCOME,DEFICIT_FGM,DEFICIT_FGA,DEFICIT_FG3M,DEFICIT_FG3A,DEFICIT_FTM,DEFICIT_FTA,DEFICIT_OREB,DEFICIT_DREB,DEFICIT_REB,DEFICIT_AST,DEFICIT_STL,DEFICIT_BLK,DEFICIT_TO,DEFICIT_PF,DEFICIT_FG2M,DEFICIT_FG2A
0,Spurs,11,29,0.379,15,17,0.882,15,34,49,34,12,4,12,18,110,31,65,0.47692307692307695,1,0.5316455696202531,0.5595238095238095,0.6470588235294118,0.6041666666666666,0.4838709677419355,0.4594594594594595,0.8823529411764706,0.53125,0.6049382716049383,0.6296296296296297,0.6666666666666666,0.4,0.42857142857142855,0.5454545454545454,0.5,0.5416666666666666
1,Trail Blazers,6,19,0.316,16,20,0.8,2,30,32,20,6,6,16,15,96,31,55,0.5636363636363636,0,0.46835443037974683,0.44047619047619047,0.35294117647058826,0.3958333333333333,0.5161290322580645,0.5405405405405406,0.11764705882352941,0.46875,0.3950617283950617,0.37037037037037035,0.3333333333333333,0.6,0.5714285714285714,0.45454545454545453,0.5,0.4583333333333333
