,TEAM_NAME,FG3M,FG3A,FG3_PCT,FTM,FTA,FT_PCT,OREB,DREB,REB,AST,STL,BLK,TO,PF,PTS,FG2M,FG2A,FG2_PCT,OUTCOME,DEFICIT_FGM,DEFICIT_FGA,DEFICIT_FG3M,DEFICIT_FG3A,DEFICIT_FTM,DEFICIT_FTA,DEFICIT_OREB,DEFICIT_DREB,DEFICIT_REB,DEFICIT_AST,DEFICIT_STL,DEFICIT_BLK,DEFICIT_TO,DEFICIT_PF,DEFICIT_FG2M,DEFICIT_FG2A
0,Spurs,6,18,0.333,14,17,0.824,10,26,36,26,14,4,14,20,108,38,63,0.603174603175,0,0.511627906977,0.496932515337,0.4,0.439024390244,0.466666666667,0.472222222222,0.5,0.509803921569,0.507042253521,0.509803921569,0.777777777778,0.4,0.466666666667,0.512820512821,0.535211267606,0.516393442623
1,Mavericks,9,23,0.391,16,19,0.842,10,25,35,25,4,6,16,19,109,33,59,0.559322033898,1,0.488372093023,0.503067484663,0.6,0.560975609756,0.533333333333,0.527777777778,0.5,0.490196078431,0.492957746479,0.490196078431,0.222222222222,0.6,0.533333333333,0.487179487179,0.464788732394,0.483606557377
