,TEAM_NAME,FG3M,FG3A,FG3_PCT,FTM,FTA,FT_PCT,OREB,DREB,REB,AST,STL,BLK,TO,PF,PTS,FG2M,FG2A,FG2_PCT,OUTCOME,DEFICIT_FGM,DEFICIT_FGA,DEFICIT_FG3M,DEFICIT_FG3A,DEFICIT_FTM,DEFICIT_FTA,DEFICIT_OREB,DEFICIT_DREB,DEFICIT_REB,DEFICIT_AST,DEFICIT_STL,DEFICIT_BLK,DEFICIT_TO,DEFICIT_PF,DEFICIT_FG2M,DEFICIT_FG2A
0,Pacers,9,23,0.391,8,14,0.571,8,35,43,22,7,11,10,19,91,28,54,0.518518518519,1,0.55223880597,0.478260869565,0.45,0.425925925926,0.32,0.451612903226,0.470588235294,0.522388059701,0.511904761905,0.5,0.466666666667,0.733333333333,0.454545454545,0.513513513514,0.595744680851,0.504672897196
1,Hawks,11,31,0.355,17,17,1.0,9,32,41,22,8,4,12,18,88,19,53,0.358490566038,0,0.44776119403,0.521739130435,0.55,0.574074074074,0.68,0.548387096774,0.529411764706,0.477611940299,0.488095238095,0.5,0.533333333333,0.266666666667,0.545454545455,0.486486486486,0.404255319149,0.495327102804
