,TEAM_NAME,FG3M,FG3A,FG3_PCT,FTM,FTA,FT_PCT,OREB,DREB,REB,AST,STL,BLK,TO,PF,PTS,FG2M,FG2A,FG2_PCT,OUTCOME,DEFICIT_FGM,DEFICIT_FGA,DEFICIT_FG3M,DEFICIT_FG3A,DEFICIT_FTM,DEFICIT_FTA,DEFICIT_OREB,DEFICIT_DREB,DEFICIT_REB,DEFICIT_AST,DEFICIT_STL,DEFICIT_BLK,DEFICIT_TO,DEFICIT_PF,DEFICIT_FG2M,DEFICIT_FG2A
0,Celtics,15,43,0.349,27,34,0.794,10,28,38,28,9,4,12,29,116,22,47,0.468085106383,0,0.456790123457,0.502793296089,0.576923076923,0.651515151515,0.529411764706,0.5,0.434782608696,0.417910447761,0.422222222222,0.518518518519,0.5625,0.5,0.413793103448,0.491525423729,0.4,0.41592920354
1,Hawks,11,23,0.478,24,34,0.706,13,39,52,26,7,4,17,30,123,33,66,0.5,1,0.543209876543,0.497206703911,0.423076923077,0.348484848485,0.470588235294,0.5,0.565217391304,0.582089552239,0.577777777778,0.481481481481,0.4375,0.5,0.586206896552,0.508474576271,0.6,0.58407079646
