,TEAM_NAME,FG3M,FG3A,FG3_PCT,FTM,FTA,FT_PCT,OREB,DREB,REB,AST,STL,BLK,TO,PF,PTS,FG2M,FG2A,FG2_PCT,OUTCOME,DEFICIT_FGM,DEFICIT_FGA,DEFICIT_FG3M,DEFICIT_FG3A,DEFICIT_FTM,DEFICIT_FTA,DEFICIT_OREB,DEFICIT_DREB,DEFICIT_REB,DEFICIT_AST,DEFICIT_STL,DEFICIT_BLK,DEFICIT_TO,DEFICIT_PF,DEFICIT_FG2M,DEFICIT_FG2A
0,Bucks,11,24,0.458,12,14,0.857,6,26,32,21,8,4,21,22,89,22,47,0.468085106383,0,0.464788732394,0.470198675497,0.578947368421,0.489795918367,0.375,0.35,0.333333333333,0.448275862069,0.421052631579,0.512195121951,0.347826086957,0.571428571429,0.567567567568,0.647058823529,0.423076923077,0.460784313725
1,Pacers,8,25,0.32,20,26,0.769,12,32,44,20,15,3,16,12,104,30,55,0.545454545455,1,0.535211267606,0.529801324503,0.421052631579,0.510204081633,0.625,0.65,0.666666666667,0.551724137931,0.578947368421,0.487804878049,0.652173913043,0.428571428571,0.432432432432,0.352941176471,0.576923076923,0.539215686275
