,TEAM_NAME,FG3M,FG3A,FG3_PCT,FTM,FTA,FT_PCT,OREB,DREB,REB,AST,STL,BLK,TO,PF,PTS,FG2M,FG2A,FG2_PCT,OUTCOME,DEFICIT_FGM,DEFICIT_FGA,DEFICIT_FG3M,DEFICIT_FG3A,DEFICIT_FTM,DEFICIT_FTA,DEFICIT_OREB,DEFICIT_DREB,DEFICIT_REB,DEFICIT_AST,DEFICIT_STL,DEFICIT_BLK,DEFICIT_TO,DEFICIT_PF,DEFICIT_FG2M,DEFICIT_FG2A
0,Thunder,9,32,0.281,18,22,0.818,11,32,43,21,6,4,16,22,89,22,45,0.488888888889,0,0.469696969697,0.49358974359,0.5,0.524590163934,0.45,0.423076923077,0.52380952381,0.524590163934,0.524390243902,0.525,0.428571428571,0.444444444444,0.615384615385,0.55,0.458333333333,0.473684210526
1,Pelicans,9,29,0.31,22,30,0.733,10,29,39,19,8,5,10,18,101,26,50,0.52,1,0.530303030303,0.50641025641,0.5,0.475409836066,0.55,0.576923076923,0.47619047619,0.475409836066,0.475609756098,0.475,0.571428571429,0.555555555556,0.384615384615,0.45,0.541666666667,0.526315789474
