,TEAM_NAME,FG3M,FG3A,FG3_PCT,FTM,FTA,FT_PCT,OREB,DREB,REB,AST,STL,BLK,TO,PF,PTS,FG2M,FG2A,FG2_PCT,OUTCOME,DEFICIT_FGM,DEFICIT_FGA,DEFICIT_FG3M,DEFICIT_FG3A,DEFICIT_FTM,DEFICIT_FTA,DEFICIT_OREB,DEFICIT_DREB,DEFICIT_REB,DEFICIT_AST,DEFICIT_STL,DEFICIT_BLK,DEFICIT_TO,DEFICIT_PF,DEFICIT_FG2M,DEFICIT_FG2A
0,Suns,5,26,0.192,10,14,0.714,8,22,30,15,12,6,12,20,91,33,54,0.611111111111,0,0.487179487179,0.509554140127,0.454545454545,0.634146341463,0.47619047619,0.48275862069,0.444444444444,0.407407407407,0.416666666667,0.428571428571,0.705882352941,0.857142857143,0.413793103448,0.526315789474,0.492537313433,0.465517241379
1,Grizzlies,6,15,0.4,11,15,0.733,10,32,42,20,5,1,17,18,97,34,62,0.548387096774,1,0.512820512821,0.490445859873,0.545454545455,0.365853658537,0.52380952381,0.51724137931,0.555555555556,0.592592592593,0.583333333333,0.571428571429,0.294117647059,0.142857142857,0.586206896552,0.473684210526,0.507462686567,0.534482758621
