,TEAM_NAME,FG3M,FG3A,FG3_PCT,FTM,FTA,FT_PCT,OREB,DREB,REB,AST,STL,BLK,TO,PF,PTS,FG2M,FG2A,FG2_PCT,OUTCOME,DEFICIT_FGM,DEFICIT_FGA,DEFICIT_FG3M,DEFICIT_FG3A,DEFICIT_FTM,DEFICIT_FTA,DEFICIT_OREB,DEFICIT_DREB,DEFICIT_REB,DEFICIT_AST,DEFICIT_STL,DEFICIT_BLK,DEFICIT_TO,DEFICIT_PF,DEFICIT_FG2M,DEFICIT_FG2A
0,Hornets,11,25,0.44,27,36,0.75,9,40,49,27,5,8,15,16,116,28,55,0.509090909090909,1,0.46987951807228917,0.4678362573099415,0.6875,0.625,0.6,0.6206896551724138,0.6428571428571429,0.5555555555555556,0.5697674418604651,0.5192307692307693,0.5,0.6666666666666666,0.625,0.41025641025641024,0.417910447761194,0.4198473282442748
1,Nets,5,15,0.333,18,22,0.818,5,32,37,25,5,4,9,23,111,39,76,0.5131578947368421,0,0.5301204819277109,0.5321637426900585,0.3125,0.375,0.4,0.3793103448275862,0.35714285714285715,0.4444444444444444,0.43023255813953487,0.4807692307692308,0.5,0.3333333333333333,0.375,0.5897435897435898,0.582089552238806,0.5801526717557252
