,TEAM_NAME,FG3M,FG3A,FG3_PCT,FTM,FTA,FT_PCT,OREB,DREB,REB,AST,STL,BLK,TO,PF,PTS,FG2M,FG2A,FG2_PCT,OUTCOME,DEFICIT_FGM,DEFICIT_FGA,DEFICIT_FG3M,DEFICIT_FG3A,DEFICIT_FTM,DEFICIT_FTA,DEFICIT_OREB,DEFICIT_DREB,DEFICIT_REB,DEFICIT_AST,DEFICIT_STL,DEFICIT_BLK,DEFICIT_TO,DEFICIT_PF,DEFICIT_FG2M,DEFICIT_FG2A
0,Thunder,7,17,0.412,27,40,0.675,16,34,50,19,6,4,14,16,110,31,68,0.45588235294117646,1,0.4691358024691358,0.4722222222222222,0.4666666666666667,0.3469387755102041,0.75,0.8163265306122449,0.6153846153846154,0.53125,0.5555555555555556,0.475,0.42857142857142855,0.5,0.56,0.3902439024390244,0.4696969696969697,0.5190839694656488
1,Pelicans,8,32,0.25,9,9,1.0,10,30,40,21,8,4,11,25,103,35,63,0.5555555555555556,0,0.5308641975308642,0.5277777777777778,0.5333333333333333,0.6530612244897959,0.25,0.1836734693877551,0.38461538461538464,0.46875,0.4444444444444444,0.525,0.5714285714285714,0.5,0.44,0.6097560975609756,0.5303030303030303,0.48091603053435117
