,TEAM_NAME,FG3M,FG3A,FG3_PCT,FTM,FTA,FT_PCT,OREB,DREB,REB,AST,STL,BLK,TO,PF,PTS,FG2M,FG2A,FG2_PCT,OUTCOME,DEFICIT_FGM,DEFICIT_FGA,DEFICIT_FG3M,DEFICIT_FG3A,DEFICIT_FTM,DEFICIT_FTA,DEFICIT_OREB,DEFICIT_DREB,DEFICIT_REB,DEFICIT_AST,DEFICIT_STL,DEFICIT_BLK,DEFICIT_TO,DEFICIT_PF,DEFICIT_FG2M,DEFICIT_FG2A
0,Trail Blazers,9,30,0.3,24,29,0.828,10,38,48,18,11,7,19,27,103,26,58,0.448275862069,0,0.522388059701,0.488888888889,0.391304347826,0.405405405405,0.444444444444,0.453125,0.434782608696,0.5,0.484848484848,0.45,0.5,0.538461538462,0.527777777778,0.574468085106,0.590909090909,0.547169811321
1,Rockets,14,44,0.318,30,35,0.857,13,38,51,22,11,6,17,20,108,18,48,0.375,1,0.477611940299,0.511111111111,0.608695652174,0.594594594595,0.555555555556,0.546875,0.565217391304,0.5,0.515151515152,0.55,0.5,0.461538461538,0.472222222222,0.425531914894,0.409090909091,0.452830188679
