,TEAM_NAME,FG3M,FG3A,FG3_PCT,FTM,FTA,FT_PCT,OREB,DREB,REB,AST,STL,BLK,TO,PF,PTS,FG2M,FG2A,FG2_PCT,OUTCOME,DEFICIT_FGM,DEFICIT_FGA,DEFICIT_FG3M,DEFICIT_FG3A,DEFICIT_FTM,DEFICIT_FTA,DEFICIT_OREB,DEFICIT_DREB,DEFICIT_REB,DEFICIT_AST,DEFICIT_STL,DEFICIT_BLK,DEFICIT_TO,DEFICIT_PF,DEFICIT_FG2M,DEFICIT_FG2A
0,Mavericks,7,20,0.35,25,35,0.714,7,32,39,22,7,7,17,22,106,30,52,0.576923076923,1,0.493333333333,0.439024390244,0.466666666667,0.434782608696,0.581395348837,0.593220338983,0.333333333333,0.524590163934,0.475609756098,0.5,0.368421052632,0.875,0.548387096774,0.44,0.5,0.440677966102
1,Celtics,8,26,0.308,18,24,0.75,14,29,43,22,12,1,14,28,102,30,66,0.454545454545,0,0.506666666667,0.560975609756,0.533333333333,0.565217391304,0.418604651163,0.406779661017,0.666666666667,0.475409836066,0.524390243902,0.5,0.631578947368,0.125,0.451612903226,0.56,0.5,0.559322033898
