,TEAM_NAME,FG3M,FG3A,FG3_PCT,FTM,FTA,FT_PCT,OREB,DREB,REB,AST,STL,BLK,TO,PF,PTS,FG2M,FG2A,FG2_PCT,OUTCOME,DEFICIT_FGM,DEFICIT_FGA,DEFICIT_FG3M,DEFICIT_FG3A,DEFICIT_FTM,DEFICIT_FTA,DEFICIT_OREB,DEFICIT_DREB,DEFICIT_REB,DEFICIT_AST,DEFICIT_STL,DEFICIT_BLK,DEFICIT_TO,DEFICIT_PF,DEFICIT_FG2M,DEFICIT_FG2A
0,Mavericks,7,20,0.35,25,35,0.714,7,32,39,22,7,7,17,22,106,30,52,0.5769230769230769,1,0.49333333333333335,0.43902439024390244,0.4666666666666667,0.43478260869565216,0.5813953488372093,0.5932203389830508,0.3333333333333333,0.5245901639344263,0.47560975609756095,0.5,0.3684210526315789,0.875,0.5483870967741935,0.44,0.5,0.4406779661016949
1,Celtics,8,26,0.308,18,24,0.75,14,29,43,22,12,1,14,28,102,30,66,0.45454545454545453,0,0.5066666666666667,0.5609756097560976,0.5333333333333333,0.5652173913043478,0.4186046511627907,0.4067796610169492,0.6666666666666666,0.47540983606557374,0.524390243902439,0.5,0.631578947368421,0.125,0.45161290322580644,0.56,0.5,0.559322033898305
