,TEAM_NAME,FG3M,FG3A,FG3_PCT,FTM,FTA,FT_PCT,OREB,DREB,REB,AST,STL,BLK,TO,PF,PTS,FG2M,FG2A,FG2_PCT,OUTCOME,DEFICIT_FGM,DEFICIT_FGA,DEFICIT_FG3M,DEFICIT_FG3A,DEFICIT_FTM,DEFICIT_FTA,DEFICIT_OREB,DEFICIT_DREB,DEFICIT_REB,DEFICIT_AST,DEFICIT_STL,DEFICIT_BLK,DEFICIT_TO,DEFICIT_PF,DEFICIT_FG2M,DEFICIT_FG2A
0,Trail Blazers,9,30,0.3,24,29,0.828,10,38,48,18,11,7,19,27,103,26,58,0.4482758620689655,0,0.5223880597014925,0.4888888888888889,0.391304347826087,0.40540540540540543,0.4444444444444444,0.453125,0.43478260869565216,0.5,0.48484848484848486,0.45,0.5,0.5384615384615384,0.5277777777777778,0.574468085106383,0.5909090909090909,0.5471698113207547
1,Rockets,14,44,0.318,30,35,0.857,13,38,51,22,11,6,17,20,108,18,48,0.375,1,0.47761194029850745,0.5111111111111111,0.6086956521739131,0.5945945945945946,0.5555555555555556,0.546875,0.5652173913043478,0.5,0.5151515151515151,0.55,0.5,0.46153846153846156,0.4722222222222222,0.425531914893617,0.4090909090909091,0.4528301886792453
