,TEAM_NAME,FG3M,FG3A,FG3_PCT,FTM,FTA,FT_PCT,OREB,DREB,REB,AST,STL,BLK,TO,PF,PTS,FG2M,FG2A,FG2_PCT,OUTCOME,DEFICIT_FGM,DEFICIT_FGA,DEFICIT_FG3M,DEFICIT_FG3A,DEFICIT_FTM,DEFICIT_FTA,DEFICIT_OREB,DEFICIT_DREB,DEFICIT_REB,DEFICIT_AST,DEFICIT_STL,DEFICIT_BLK,DEFICIT_TO,DEFICIT_PF,DEFICIT_FG2M,DEFICIT_FG2A
0,Raptors,9,25,0.36,17,18,0.944,9,46,55,19,7,6,12,16,100,28,53,0.528301886792,1,0.544117647059,0.478527607362,0.5625,0.5,0.653846153846,0.58064516129,0.5625,0.630136986301,0.61797752809,0.475,0.636363636364,0.5,0.631578947368,0.457142857143,0.538461538462,0.469026548673
1,Mavericks,7,25,0.28,9,13,0.692,7,27,34,21,4,6,7,19,78,24,60,0.4,0,0.455882352941,0.521472392638,0.4375,0.5,0.346153846154,0.41935483871,0.4375,0.369863013699,0.38202247191,0.525,0.363636363636,0.5,0.368421052632,0.542857142857,0.461538461538,0.530973451327
