,TEAM_NAME,FG3M,FG3A,FG3_PCT,FTM,FTA,FT_PCT,OREB,DREB,REB,AST,STL,BLK,TO,PF,PTS,FG2M,FG2A,FG2_PCT,OUTCOME,DEFICIT_FGM,DEFICIT_FGA,DEFICIT_FG3M,DEFICIT_FG3A,DEFICIT_FTM,DEFICIT_FTA,DEFICIT_OREB,DEFICIT_DREB,DEFICIT_REB,DEFICIT_AST,DEFICIT_STL,DEFICIT_BLK,DEFICIT_TO,DEFICIT_PF,DEFICIT_FG2M,DEFICIT_FG2A
0,Bulls,14,40,0.35,19,22,0.864,12,38,50,29,6,5,10,20,115,27,52,0.519230769231,1,0.488095238095,0.497297297297,0.666666666667,0.579710144928,0.542857142857,0.536585365854,0.521739130435,0.535211267606,0.531914893617,0.537037037037,0.6,0.625,0.625,0.526315789474,0.428571428571,0.448275862069
1,Hornets,7,29,0.241,16,19,0.842,11,33,44,25,4,3,6,18,109,36,64,0.5625,0,0.511904761905,0.502702702703,0.333333333333,0.420289855072,0.457142857143,0.463414634146,0.478260869565,0.464788732394,0.468085106383,0.462962962963,0.4,0.375,0.375,0.473684210526,0.571428571429,0.551724137931
