,TEAM_NAME,FG3M,FG3A,FG3_PCT,FTM,FTA,FT_PCT,OREB,DREB,REB,AST,STL,BLK,TO,PF,PTS,FG2M,FG2A,FG2_PCT,OUTCOME,DEFICIT_FGM,DEFICIT_FGA,DEFICIT_FG3M,DEFICIT_FG3A,DEFICIT_FTM,DEFICIT_FTA,DEFICIT_OREB,DEFICIT_DREB,DEFICIT_REB,DEFICIT_AST,DEFICIT_STL,DEFICIT_BLK,DEFICIT_TO,DEFICIT_PF,DEFICIT_FG2M,DEFICIT_FG2A
0,Spurs,16,34,0.471,13,17,0.765,7,37,44,31,6,9,21,22,107,23,47,0.489361702128,1,0.513157894737,0.5,0.727272727273,0.607142857143,0.40625,0.36170212766,0.538461538462,0.55223880597,0.55,0.534482758621,0.315789473684,0.75,0.567567567568,0.52380952381,0.425925925926,0.443396226415
1,Hawks,6,22,0.273,19,30,0.633,6,30,36,27,13,3,16,20,99,31,59,0.525423728814,0,0.486842105263,0.5,0.272727272727,0.392857142857,0.59375,0.63829787234,0.461538461538,0.44776119403,0.45,0.465517241379,0.684210526316,0.25,0.432432432432,0.47619047619,0.574074074074,0.556603773585
