,TEAM_NAME,FG3M,FG3A,FG3_PCT,FTM,FTA,FT_PCT,OREB,DREB,REB,AST,STL,BLK,TO,PF,PTS,FG2M,FG2A,FG2_PCT,OUTCOME,DEFICIT_FGM,DEFICIT_FGA,DEFICIT_FG3M,DEFICIT_FG3A,DEFICIT_FTM,DEFICIT_FTA,DEFICIT_OREB,DEFICIT_DREB,DEFICIT_REB,DEFICIT_AST,DEFICIT_STL,DEFICIT_BLK,DEFICIT_TO,DEFICIT_PF,DEFICIT_FG2M,DEFICIT_FG2A
0,Suns,10,28,0.357,15,22,0.682,4,35,39,20,9,3,16,13,91,23,47,0.489361702128,0,0.445945945946,0.471698113208,0.714285714286,0.682926829268,0.652173913043,0.647058823529,0.4,0.492957746479,0.481481481481,0.46511627907,0.473684210526,0.428571428571,0.516129032258,0.40625,0.383333333333,0.398305084746
1,Nets,4,13,0.308,8,12,0.667,6,36,42,23,10,4,15,19,94,37,71,0.521126760563,1,0.554054054054,0.528301886792,0.285714285714,0.317073170732,0.347826086957,0.352941176471,0.6,0.507042253521,0.518518518519,0.53488372093,0.526315789474,0.571428571429,0.483870967742,0.59375,0.616666666667,0.601694915254
