,TEAM_NAME,FG3M,FG3A,FG3_PCT,FTM,FTA,FT_PCT,OREB,DREB,REB,AST,STL,BLK,TO,PF,PTS,FG2M,FG2A,FG2_PCT,OUTCOME,DEFICIT_FGM,DEFICIT_FGA,DEFICIT_FG3M,DEFICIT_FG3A,DEFICIT_FTM,DEFICIT_FTA,DEFICIT_OREB,DEFICIT_DREB,DEFICIT_REB,DEFICIT_AST,DEFICIT_STL,DEFICIT_BLK,DEFICIT_TO,DEFICIT_PF,DEFICIT_FG2M,DEFICIT_FG2A
0,Pelicans,9,27,0.333,25,33,0.758,9,28,37,25,3,11,8,21,104,26,54,0.481481481481,0,0.448717948718,0.473684210526,0.818181818182,0.72972972973,0.5,0.559322033898,0.409090909091,0.4375,0.43023255814,0.54347826087,0.5,0.733333333333,0.571428571429,0.477272727273,0.388059701493,0.402985074627
1,Grizzlies,2,10,0.2,25,26,0.962,13,36,49,21,3,4,6,23,113,41,80,0.5125,1,0.551282051282,0.526315789474,0.181818181818,0.27027027027,0.5,0.440677966102,0.590909090909,0.5625,0.56976744186,0.45652173913,0.5,0.266666666667,0.428571428571,0.522727272727,0.611940298507,0.597014925373
