,TEAM_NAME,FG3M,FG3A,FG3_PCT,FTM,FTA,FT_PCT,OREB,DREB,REB,AST,STL,BLK,TO,PF,PTS,FG2M,FG2A,FG2_PCT,OUTCOME,DEFICIT_FGM,DEFICIT_FGA,DEFICIT_FG3M,DEFICIT_FG3A,DEFICIT_FTM,DEFICIT_FTA,DEFICIT_OREB,DEFICIT_DREB,DEFICIT_REB,DEFICIT_AST,DEFICIT_STL,DEFICIT_BLK,DEFICIT_TO,DEFICIT_PF,DEFICIT_FG2M,DEFICIT_FG2A
0,Wizards,7,28,0.25,12,16,0.75,2,37,39,23,7,5,12,23,97,32,55,0.581818181818,1,0.582089552239,0.5,0.4375,0.48275862069,0.375,0.410256410256,0.166666666667,0.5,0.453488372093,0.605263157895,0.466666666667,0.625,0.4,0.560975609756,0.627450980392,0.509259259259
1,Cavaliers,9,30,0.3,20,23,0.87,10,37,47,15,8,3,18,18,85,19,53,0.358490566038,0,0.417910447761,0.5,0.5625,0.51724137931,0.625,0.589743589744,0.833333333333,0.5,0.546511627907,0.394736842105,0.533333333333,0.375,0.6,0.439024390244,0.372549019608,0.490740740741
