,TEAM_NAME,FG3M,FG3A,FG3_PCT,FTM,FTA,FT_PCT,OREB,DREB,REB,AST,STL,BLK,TO,PF,PTS,FG2M,FG2A,FG2_PCT,OUTCOME,DEFICIT_FGM,DEFICIT_FGA,DEFICIT_FG3M,DEFICIT_FG3A,DEFICIT_FTM,DEFICIT_FTA,DEFICIT_OREB,DEFICIT_DREB,DEFICIT_REB,DEFICIT_AST,DEFICIT_STL,DEFICIT_BLK,DEFICIT_TO,DEFICIT_PF,DEFICIT_FG2M,DEFICIT_FG2A
0,Nuggets,12,37,0.324,19,22,0.864,17,28,45,23,8,4,12,22,109,27,60,0.45,0,0.458823529412,0.53591160221,0.444444444444,0.55223880597,0.513513513514,0.5,0.68,0.430769230769,0.5,0.433962264151,0.470588235294,0.571428571429,0.444444444444,0.578947368421,0.465517241379,0.526315789474
1,Cavaliers,15,30,0.5,18,22,0.818,8,37,45,30,9,3,15,16,125,31,54,0.574074074074,1,0.541176470588,0.46408839779,0.555555555556,0.44776119403,0.486486486486,0.5,0.32,0.569230769231,0.5,0.566037735849,0.529411764706,0.428571428571,0.555555555556,0.421052631579,0.534482758621,0.473684210526
