,TEAM_NAME,FG3M,FG3A,FG3_PCT,FTM,FTA,FT_PCT,OREB,DREB,REB,AST,STL,BLK,TO,PF,PTS,FG2M,FG2A,FG2_PCT,OUTCOME,DEFICIT_FGM,DEFICIT_FGA,DEFICIT_FG3M,DEFICIT_FG3A,DEFICIT_FTM,DEFICIT_FTA,DEFICIT_OREB,DEFICIT_DREB,DEFICIT_REB,DEFICIT_AST,DEFICIT_STL,DEFICIT_BLK,DEFICIT_TO,DEFICIT_PF,DEFICIT_FG2M,DEFICIT_FG2A
0,76ers,9,25,0.36,30,38,0.789,11,27,38,27,15,8,10,21,117,30,61,0.491803278689,1,0.5,0.502923976608,0.5625,0.510204081633,0.555555555556,0.575757575758,0.5,0.415384615385,0.436781609195,0.642857142857,0.789473684211,0.666666666667,0.344827586207,0.4375,0.483870967742,0.5
1,Heat,7,24,0.292,24,28,0.857,11,38,49,15,4,4,19,27,109,32,61,0.524590163934,0,0.5,0.497076023392,0.4375,0.489795918367,0.444444444444,0.424242424242,0.5,0.584615384615,0.563218390805,0.357142857143,0.210526315789,0.333333333333,0.655172413793,0.5625,0.516129032258,0.5
