,TEAM_NAME,FG3M,FG3A,FG3_PCT,FTM,FTA,FT_PCT,OREB,DREB,REB,AST,STL,BLK,TO,PF,PTS,FG2M,FG2A,FG2_PCT,OUTCOME,DEFICIT_FGM,DEFICIT_FGA,DEFICIT_FG3M,DEFICIT_FG3A,DEFICIT_FTM,DEFICIT_FTA,DEFICIT_OREB,DEFICIT_DREB,DEFICIT_REB,DEFICIT_AST,DEFICIT_STL,DEFICIT_BLK,DEFICIT_TO,DEFICIT_PF,DEFICIT_FG2M,DEFICIT_FG2A
0,Wizards,14,29,0.483,7,12,0.583,10,40,50,33,7,8,17,23,119,35,56,0.625,1,0.628205128205,0.508982035928,0.777777777778,0.591836734694,0.259259259259,0.324324324324,0.454545454545,0.625,0.581395348837,0.80487804878,0.4375,0.666666666667,0.548387096774,0.605263157895,0.583333333333,0.474576271186
1,Raptors,4,20,0.2,20,25,0.8,12,24,36,8,9,4,14,15,82,25,62,0.403225806452,0,0.371794871795,0.491017964072,0.222222222222,0.408163265306,0.740740740741,0.675675675676,0.545454545455,0.375,0.418604651163,0.19512195122,0.5625,0.333333333333,0.451612903226,0.394736842105,0.416666666667,0.525423728814
