,TEAM_NAME,FG3M,FG3A,FG3_PCT,FTM,FTA,FT_PCT,OREB,DREB,REB,AST,STL,BLK,TO,PF,PTS,FG2M,FG2A,FG2_PCT,OUTCOME,DEFICIT_FGM,DEFICIT_FGA,DEFICIT_FG3M,DEFICIT_FG3A,DEFICIT_FTM,DEFICIT_FTA,DEFICIT_OREB,DEFICIT_DREB,DEFICIT_REB,DEFICIT_AST,DEFICIT_STL,DEFICIT_BLK,DEFICIT_TO,DEFICIT_PF,DEFICIT_FG2M,DEFICIT_FG2A
0,Spurs,8,18,0.444,16,17,0.941,5,43,48,31,7,9,13,15,114,37,71,0.521126760563,1,0.542168674699,0.489010989011,0.5,0.339622641509,0.516129032258,0.435897435897,0.277777777778,0.565789473684,0.510638297872,0.607843137255,0.466666666667,0.692307692308,0.52,0.46875,0.55223880597,0.550387596899
1,Rockets,8,35,0.229,15,22,0.682,13,33,46,20,8,4,12,17,99,30,58,0.51724137931,0,0.457831325301,0.510989010989,0.5,0.660377358491,0.483870967742,0.564102564103,0.722222222222,0.434210526316,0.489361702128,0.392156862745,0.533333333333,0.307692307692,0.48,0.53125,0.44776119403,0.449612403101
