,TEAM_NAME,FG3M,FG3A,FG3_PCT,FTM,FTA,FT_PCT,OREB,DREB,REB,AST,STL,BLK,TO,PF,PTS,FG2M,FG2A,FG2_PCT,OUTCOME,DEFICIT_FGM,DEFICIT_FGA,DEFICIT_FG3M,DEFICIT_FG3A,DEFICIT_FTM,DEFICIT_FTA,DEFICIT_OREB,DEFICIT_DREB,DEFICIT_REB,DEFICIT_AST,DEFICIT_STL,DEFICIT_BLK,DEFICIT_TO,DEFICIT_PF,DEFICIT_FG2M,DEFICIT_FG2A
0,Spurs,8,28,0.286,14,18,0.778,9,34,43,16,12,5,16,20,94,28,57,0.491228070175,0,0.461538461538,0.494186046512,0.533333333333,0.56,0.583333333333,0.58064516129,0.473684210526,0.465753424658,0.467391304348,0.432432432432,0.666666666667,0.714285714286,0.5,0.512820512821,0.444444444444,0.467213114754
1,Mavericks,7,22,0.318,10,13,0.769,10,39,49,21,6,2,16,19,101,35,65,0.538461538462,1,0.538461538462,0.505813953488,0.466666666667,0.44,0.416666666667,0.41935483871,0.526315789474,0.534246575342,0.532608695652,0.567567567568,0.333333333333,0.285714285714,0.5,0.487179487179,0.555555555556,0.532786885246
