,TEAM_NAME,FG3M,FG3A,FG3_PCT,FTM,FTA,FT_PCT,OREB,DREB,REB,AST,STL,BLK,TO,PF,PTS,FG2M,FG2A,FG2_PCT,OUTCOME,DEFICIT_FGM,DEFICIT_FGA,DEFICIT_FG3M,DEFICIT_FG3A,DEFICIT_FTM,DEFICIT_FTA,DEFICIT_OREB,DEFICIT_DREB,DEFICIT_REB,DEFICIT_AST,DEFICIT_STL,DEFICIT_BLK,DEFICIT_TO,DEFICIT_PF,DEFICIT_FG2M,DEFICIT_FG2A
0,Trail Blazers,15,34,0.441,15,19,0.789,12,23,35,23,9,2,10,14,108,24,58,0.413793103448,0,0.438202247191,0.525714285714,0.555555555556,0.566666666667,0.6,0.633333333333,0.666666666667,0.365079365079,0.432098765432,0.383333333333,0.692307692308,0.285714285714,0.434782608696,0.4375,0.387096774194,0.504347826087
1,Warriors,12,26,0.462,10,11,0.909,6,40,46,37,4,5,13,18,122,38,57,0.666666666667,1,0.561797752809,0.474285714286,0.444444444444,0.433333333333,0.4,0.366666666667,0.333333333333,0.634920634921,0.567901234568,0.616666666667,0.307692307692,0.714285714286,0.565217391304,0.5625,0.612903225806,0.495652173913
