,TEAM_NAME,FG3M,FG3A,FG3_PCT,FTM,FTA,FT_PCT,OREB,DREB,REB,AST,STL,BLK,TO,PF,PTS,FG2M,FG2A,FG2_PCT,OUTCOME,DEFICIT_FGM,DEFICIT_FGA,DEFICIT_FG3M,DEFICIT_FG3A,DEFICIT_FTM,DEFICIT_FTA,DEFICIT_OREB,DEFICIT_DREB,DEFICIT_REB,DEFICIT_AST,DEFICIT_STL,DEFICIT_BLK,DEFICIT_TO,DEFICIT_PF,DEFICIT_FG2M,DEFICIT_FG2A
0,Heat,12,28,0.429,17,27,0.63,13,21,34,16,7,2,15,21,91,19,46,0.413043478261,0,0.469696969697,0.521126760563,0.413793103448,0.430769230769,0.447368421053,0.5,0.590909090909,0.42,0.472222222222,0.421052631579,0.466666666667,0.285714285714,0.483870967742,0.446808510638,0.513513513514,0.597402597403
1,Rockets,17,37,0.459,21,27,0.778,9,29,38,22,8,5,16,26,108,18,31,0.58064516129,1,0.530303030303,0.478873239437,0.586206896552,0.569230769231,0.552631578947,0.5,0.409090909091,0.58,0.527777777778,0.578947368421,0.533333333333,0.714285714286,0.516129032258,0.553191489362,0.486486486486,0.402597402597
