,TEAM_NAME,FG3M,FG3A,FG3_PCT,FTM,FTA,FT_PCT,OREB,DREB,REB,AST,STL,BLK,TO,PF,PTS,FG2M,FG2A,FG2_PCT,OUTCOME,DEFICIT_FGM,DEFICIT_FGA,DEFICIT_FG3M,DEFICIT_FG3A,DEFICIT_FTM,DEFICIT_FTA,DEFICIT_OREB,DEFICIT_DREB,DEFICIT_REB,DEFICIT_AST,DEFICIT_STL,DEFICIT_BLK,DEFICIT_TO,DEFICIT_PF,DEFICIT_FG2M,DEFICIT_FG2A
0,Wizards,8,18,0.444,12,19,0.632,10,31,41,26,8,4,12,25,98,31,62,0.5,1,0.565217391304,0.496894409938,0.5,0.545454545455,0.444444444444,0.5,0.4,0.525423728814,0.488095238095,0.619047619048,0.615384615385,0.5,0.4,0.520833333333,0.584905660377,0.484375
1,Knicks,8,15,0.533,15,19,0.789,15,28,43,16,5,4,18,23,83,22,66,0.333333333333,0,0.434782608696,0.503105590062,0.5,0.454545454545,0.555555555556,0.5,0.6,0.474576271186,0.511904761905,0.380952380952,0.384615384615,0.5,0.6,0.479166666667,0.415094339623,0.515625
