,TEAM_NAME,FG3M,FG3A,FG3_PCT,FTM,FTA,FT_PCT,OREB,DREB,REB,AST,STL,BLK,TO,PF,PTS,FG2M,FG2A,FG2_PCT,OUTCOME,DEFICIT_FGM,DEFICIT_FGA,DEFICIT_FG3M,DEFICIT_FG3A,DEFICIT_FTM,DEFICIT_FTA,DEFICIT_OREB,DEFICIT_DREB,DEFICIT_REB,DEFICIT_AST,DEFICIT_STL,DEFICIT_BLK,DEFICIT_TO,DEFICIT_PF,DEFICIT_FG2M,DEFICIT_FG2A
0,Trail Blazers,8,25,0.32,19,25,0.76,9,39,48,21,7,4,11,20,101,29,50,0.58,1,0.5441176470588235,0.46875,0.47058823529411764,0.5434782608695652,0.6333333333333333,0.6410256410256411,0.4090909090909091,0.582089552238806,0.5393258426966292,0.5384615384615384,0.5833333333333334,0.5714285714285714,0.44,0.5128205128205128,0.5686274509803921,0.43859649122807015
1,Cavaliers,9,21,0.429,11,14,0.786,13,28,41,18,5,3,14,19,82,22,64,0.34375,0,0.45588235294117646,0.53125,0.5294117647058824,0.45652173913043476,0.36666666666666664,0.358974358974359,0.5909090909090909,0.417910447761194,0.4606741573033708,0.46153846153846156,0.4166666666666667,0.42857142857142855,0.56,0.48717948717948717,0.43137254901960786,0.5614035087719298
