,TEAM_NAME,FG3M,FG3A,FG3_PCT,FTM,FTA,FT_PCT,OREB,DREB,REB,AST,STL,BLK,TO,PF,PTS,FG2M,FG2A,FG2_PCT,OUTCOME,DEFICIT_FGM,DEFICIT_FGA,DEFICIT_FG3M,DEFICIT_FG3A,DEFICIT_FTM,DEFICIT_FTA,DEFICIT_OREB,DEFICIT_DREB,DEFICIT_REB,DEFICIT_AST,DEFICIT_STL,DEFICIT_BLK,DEFICIT_TO,DEFICIT_PF,DEFICIT_FG2M,DEFICIT_FG2A
0,Heat,12,28,0.429,17,27,0.63,13,21,34,16,7,2,15,21,91,19,46,0.41304347826086957,0,0.4696969696969697,0.5211267605633803,0.41379310344827586,0.4307692307692308,0.4473684210526316,0.5,0.5909090909090909,0.42,0.4722222222222222,0.42105263157894735,0.4666666666666667,0.2857142857142857,0.4838709677419355,0.44680851063829785,0.5135135135135135,0.5974025974025974
1,Rockets,17,37,0.459,21,27,0.778,9,29,38,22,8,5,16,26,108,18,31,0.5806451612903226,1,0.5303030303030303,0.4788732394366197,0.5862068965517241,0.5692307692307692,0.5526315789473685,0.5,0.4090909090909091,0.58,0.5277777777777778,0.5789473684210527,0.5333333333333333,0.7142857142857143,0.5161290322580645,0.5531914893617021,0.4864864864864865,0.4025974025974026
