,TEAM_NAME,FG3M,FG3A,FG3_PCT,FTM,FTA,FT_PCT,OREB,DREB,REB,AST,STL,BLK,TO,PF,PTS,FG2M,FG2A,FG2_PCT,OUTCOME,DEFICIT_FGM,DEFICIT_FGA,DEFICIT_FG3M,DEFICIT_FG3A,DEFICIT_FTM,DEFICIT_FTA,DEFICIT_OREB,DEFICIT_DREB,DEFICIT_REB,DEFICIT_AST,DEFICIT_STL,DEFICIT_BLK,DEFICIT_TO,DEFICIT_PF,DEFICIT_FG2M,DEFICIT_FG2A
0,Suns,6,18,0.333,24,31,0.774,13,39,52,28,6,7,13,29,112,35,73,0.4794520547945205,1,0.5394736842105263,0.5083798882681564,0.5,0.5294117647058824,0.4444444444444444,0.4305555555555556,0.41935483870967744,0.5571428571428572,0.5148514851485149,0.6363636363636364,0.46153846153846156,0.4666666666666667,0.52,0.5370370370370371,0.546875,0.503448275862069
1,Lakers,6,16,0.375,30,41,0.732,18,31,49,16,7,8,12,25,106,29,72,0.4027777777777778,0,0.4605263157894737,0.49162011173184356,0.5,0.47058823529411764,0.5555555555555556,0.5694444444444444,0.5806451612903226,0.44285714285714284,0.48514851485148514,0.36363636363636365,0.5384615384615384,0.5333333333333333,0.48,0.46296296296296297,0.453125,0.496551724137931
