,TEAM_NAME,FG3M,FG3A,FG3_PCT,FTM,FTA,FT_PCT,OREB,DREB,REB,AST,STL,BLK,TO,PF,PTS,FG2M,FG2A,FG2_PCT,OUTCOME,DEFICIT_FGM,DEFICIT_FGA,DEFICIT_FG3M,DEFICIT_FG3A,DEFICIT_FTM,DEFICIT_FTA,DEFICIT_OREB,DEFICIT_DREB,DEFICIT_REB,DEFICIT_AST,DEFICIT_STL,DEFICIT_BLK,DEFICIT_TO,DEFICIT_PF,DEFICIT_FG2M,DEFICIT_FG2A
0,Raptors,8,31,0.258,28,33,0.848,12,27,39,23,6,3,10,24,100,24,50,0.48,1,0.484848484848,0.554794520548,0.571428571429,0.596153846154,0.666666666667,0.568965517241,0.666666666667,0.435483870968,0.4875,0.5,0.6,0.5,0.344827586207,0.470588235294,0.461538461538,0.531914893617
1,Thunder,6,21,0.286,14,25,0.56,6,35,41,23,4,3,19,27,88,28,44,0.636363636364,0,0.515151515152,0.445205479452,0.428571428571,0.403846153846,0.333333333333,0.431034482759,0.333333333333,0.564516129032,0.5125,0.5,0.4,0.5,0.655172413793,0.529411764706,0.538461538462,0.468085106383
