,TEAM_NAME,FG3M,FG3A,FG3_PCT,FTM,FTA,FT_PCT,OREB,DREB,REB,AST,STL,BLK,TO,PF,PTS,FG2M,FG2A,FG2_PCT,OUTCOME,DEFICIT_FGM,DEFICIT_FGA,DEFICIT_FG3M,DEFICIT_FG3A,DEFICIT_FTM,DEFICIT_FTA,DEFICIT_OREB,DEFICIT_DREB,DEFICIT_REB,DEFICIT_AST,DEFICIT_STL,DEFICIT_BLK,DEFICIT_TO,DEFICIT_PF,DEFICIT_FG2M,DEFICIT_FG2A
0,Pelicans,5,18,0.278,19,19,1.0,11,36,47,26,5,6,12,19,100,33,63,0.52380952381,1,0.506666666667,0.503105590062,0.454545454545,0.461538461538,0.633333333333,0.59375,0.647058823529,0.5625,0.58024691358,0.530612244898,0.454545454545,0.857142857143,0.5,0.558823529412,0.515625,0.516393442623
1,Hornets,6,21,0.286,11,13,0.846,6,28,34,23,6,1,12,15,91,31,59,0.525423728814,0,0.493333333333,0.496894409938,0.545454545455,0.538461538462,0.366666666667,0.40625,0.352941176471,0.4375,0.41975308642,0.469387755102,0.545454545455,0.142857142857,0.5,0.441176470588,0.484375,0.483606557377
