,TEAM_NAME,FG3M,FG3A,FG3_PCT,FTM,FTA,FT_PCT,OREB,DREB,REB,AST,STL,BLK,TO,PF,PTS,FG2M,FG2A,FG2_PCT,OUTCOME,DEFICIT_FGM,DEFICIT_FGA,DEFICIT_FG3M,DEFICIT_FG3A,DEFICIT_FTM,DEFICIT_FTA,DEFICIT_OREB,DEFICIT_DREB,DEFICIT_REB,DEFICIT_AST,DEFICIT_STL,DEFICIT_BLK,DEFICIT_TO,DEFICIT_PF,DEFICIT_FG2M,DEFICIT_FG2A
0,Trail Blazers,8,25,0.32,19,25,0.76,9,39,48,21,7,4,11,20,101,29,50,0.58,1,0.544117647059,0.46875,0.470588235294,0.54347826087,0.633333333333,0.641025641026,0.409090909091,0.582089552239,0.539325842697,0.538461538462,0.583333333333,0.571428571429,0.44,0.512820512821,0.56862745098,0.438596491228
1,Cavaliers,9,21,0.429,11,14,0.786,13,28,41,18,5,3,14,19,82,22,64,0.34375,0,0.455882352941,0.53125,0.529411764706,0.45652173913,0.366666666667,0.358974358974,0.590909090909,0.417910447761,0.460674157303,0.461538461538,0.416666666667,0.428571428571,0.56,0.487179487179,0.43137254902,0.561403508772
