,TEAM_NAME,FG3M,FG3A,FG3_PCT,FTM,FTA,FT_PCT,OREB,DREB,REB,AST,STL,BLK,TO,PF,PTS,FG2M,FG2A,FG2_PCT,OUTCOME,DEFICIT_FGM,DEFICIT_FGA,DEFICIT_FG3M,DEFICIT_FG3A,DEFICIT_FTM,DEFICIT_FTA,DEFICIT_OREB,DEFICIT_DREB,DEFICIT_REB,DEFICIT_AST,DEFICIT_STL,DEFICIT_BLK,DEFICIT_TO,DEFICIT_PF,DEFICIT_FG2M,DEFICIT_FG2A
0,Pacers,16,31,0.516,17,22,0.773,9,29,38,25,9,1,14,24,123,29,49,0.591836734694,1,0.5625,0.519480519481,0.666666666667,0.516666666667,0.354166666667,0.392857142857,0.5625,0.527272727273,0.535211267606,0.625,0.5625,0.25,0.583333333333,0.558139534884,0.517857142857,0.521276595745
1,Cavaliers,8,29,0.276,31,34,0.912,7,26,33,15,7,3,10,19,109,27,45,0.6,0,0.4375,0.480519480519,0.333333333333,0.483333333333,0.645833333333,0.607142857143,0.4375,0.472727272727,0.464788732394,0.375,0.4375,0.75,0.416666666667,0.441860465116,0.482142857143,0.478723404255
