,TEAM_NAME,FG3M,FG3A,FG3_PCT,FTM,FTA,FT_PCT,OREB,DREB,REB,AST,STL,BLK,TO,PF,PTS,FG2M,FG2A,FG2_PCT,OUTCOME,DEFICIT_FGM,DEFICIT_FGA,DEFICIT_FG3M,DEFICIT_FG3A,DEFICIT_FTM,DEFICIT_FTA,DEFICIT_OREB,DEFICIT_DREB,DEFICIT_REB,DEFICIT_AST,DEFICIT_STL,DEFICIT_BLK,DEFICIT_TO,DEFICIT_PF,DEFICIT_FG2M,DEFICIT_FG2A
0,Cavaliers,10,28,0.357,11,14,0.786,3,25,28,16,9,5,7,19,97,28,55,0.509090909091,0,0.493506493506,0.512345679012,0.526315789474,0.509090909091,0.366666666667,0.378378378378,0.214285714286,0.396825396825,0.363636363636,0.380952380952,0.692307692308,0.625,0.333333333333,0.575757575758,0.48275862069,0.514018691589
1,Hornets,9,27,0.333,19,23,0.826,11,38,49,26,4,3,14,14,106,30,52,0.576923076923,1,0.506493506494,0.487654320988,0.473684210526,0.490909090909,0.633333333333,0.621621621622,0.785714285714,0.603174603175,0.636363636364,0.619047619048,0.307692307692,0.375,0.666666666667,0.424242424242,0.51724137931,0.485981308411
