,TEAM_NAME,FG3M,FG3A,FG3_PCT,FTM,FTA,FT_PCT,OREB,DREB,REB,AST,STL,BLK,TO,PF,PTS,FG2M,FG2A,FG2_PCT,OUTCOME,DEFICIT_FGM,DEFICIT_FGA,DEFICIT_FG3M,DEFICIT_FG3A,DEFICIT_FTM,DEFICIT_FTA,DEFICIT_OREB,DEFICIT_DREB,DEFICIT_REB,DEFICIT_AST,DEFICIT_STL,DEFICIT_BLK,DEFICIT_TO,DEFICIT_PF,DEFICIT_FG2M,DEFICIT_FG2A
0,Pistons,11,34,0.324,20,28,0.714,9,39,48,18,3,5,16,18,95,21,51,0.411764705882,0,0.432432432432,0.469613259669,0.611111111111,0.618181818182,0.645161290323,0.682926829268,0.6,0.475609756098,0.494845360825,0.391304347826,0.272727272727,0.416666666667,0.615384615385,0.428571428571,0.375,0.404761904762
1,Celtics,7,21,0.333,11,13,0.846,6,43,49,28,8,7,10,24,102,35,75,0.466666666667,1,0.567567567568,0.530386740331,0.388888888889,0.381818181818,0.354838709677,0.317073170732,0.4,0.524390243902,0.505154639175,0.608695652174,0.727272727273,0.583333333333,0.384615384615,0.571428571429,0.625,0.595238095238
