,TEAM_NAME,FG3M,FG3A,FG3_PCT,FTM,FTA,FT_PCT,OREB,DREB,REB,AST,STL,BLK,TO,PF,PTS,FG2M,FG2A,FG2_PCT,OUTCOME,DEFICIT_FGM,DEFICIT_FGA,DEFICIT_FG3M,DEFICIT_FG3A,DEFICIT_FTM,DEFICIT_FTA,DEFICIT_OREB,DEFICIT_DREB,DEFICIT_REB,DEFICIT_AST,DEFICIT_STL,DEFICIT_BLK,DEFICIT_TO,DEFICIT_PF,DEFICIT_FG2M,DEFICIT_FG2A
0,Heat,2,15,0.133,17,23,0.739,11,43,54,18,3,11,7,20,93,35,73,0.479452054795,1,0.521126760563,0.502857142857,0.2,0.428571428571,0.548387096774,0.547619047619,0.578947368421,0.530864197531,0.54,0.5,0.428571428571,0.6875,0.636363636364,0.555555555556,0.573770491803,0.521428571429
1,Mavericks,8,20,0.4,14,19,0.737,8,38,46,18,4,5,4,16,90,26,67,0.388059701493,0,0.478873239437,0.497142857143,0.8,0.571428571429,0.451612903226,0.452380952381,0.421052631579,0.469135802469,0.46,0.5,0.571428571429,0.3125,0.363636363636,0.444444444444,0.426229508197,0.478571428571
