,TEAM_NAME,FG3M,FG3A,FG3_PCT,FTM,FTA,FT_PCT,OREB,DREB,REB,AST,STL,BLK,TO,PF,PTS,FG2M,FG2A,FG2_PCT,OUTCOME,DEFICIT_FGM,DEFICIT_FGA,DEFICIT_FG3M,DEFICIT_FG3A,DEFICIT_FTM,DEFICIT_FTA,DEFICIT_OREB,DEFICIT_DREB,DEFICIT_REB,DEFICIT_AST,DEFICIT_STL,DEFICIT_BLK,DEFICIT_TO,DEFICIT_PF,DEFICIT_FG2M,DEFICIT_FG2A
0,Suns,9,23,0.391,18,22,0.818,13,36,49,21,7,7,18,23,99,27,54,0.5,1,0.5,0.458333333333,0.6,0.5,0.6,0.578947368421,0.464285714286,0.5625,0.532608695652,0.538461538462,0.466666666667,0.636363636364,0.6,0.5,0.473684210526,0.44262295082
1,Heat,6,23,0.261,12,16,0.75,15,28,43,18,8,4,12,23,90,30,68,0.441176470588,0,0.5,0.541666666667,0.4,0.5,0.4,0.421052631579,0.535714285714,0.4375,0.467391304348,0.461538461538,0.533333333333,0.363636363636,0.4,0.5,0.526315789474,0.55737704918
