,TEAM_NAME,FG3M,FG3A,FG3_PCT,FTM,FTA,FT_PCT,OREB,DREB,REB,AST,STL,BLK,TO,PF,PTS,FG2M,FG2A,FG2_PCT,OUTCOME,DEFICIT_FGM,DEFICIT_FGA,DEFICIT_FG3M,DEFICIT_FG3A,DEFICIT_FTM,DEFICIT_FTA,DEFICIT_OREB,DEFICIT_DREB,DEFICIT_REB,DEFICIT_AST,DEFICIT_STL,DEFICIT_BLK,DEFICIT_TO,DEFICIT_PF,DEFICIT_FG2M,DEFICIT_FG2A
0,76ers,7,32,0.219,20,25,0.8,12,36,48,19,10,7,16,21,93,26,53,0.490566037736,1,0.5,0.508982035928,0.5,0.571428571429,0.526315789474,0.555555555556,0.571428571429,0.486486486486,0.505263157895,0.487179487179,0.588235294118,0.538461538462,0.484848484848,0.466666666667,0.5,0.477477477477
1,Timberwolves,7,24,0.292,18,20,0.9,9,38,47,20,7,6,17,24,91,26,58,0.448275862069,0,0.5,0.491017964072,0.5,0.428571428571,0.473684210526,0.444444444444,0.428571428571,0.513513513514,0.494736842105,0.512820512821,0.411764705882,0.461538461538,0.515151515152,0.533333333333,0.5,0.522522522523
