,TEAM_NAME,FG3M,FG3A,FG3_PCT,FTM,FTA,FT_PCT,OREB,DREB,REB,AST,STL,BLK,TO,PF,PTS,FG2M,FG2A,FG2_PCT,OUTCOME,DEFICIT_FGM,DEFICIT_FGA,DEFICIT_FG3M,DEFICIT_FG3A,DEFICIT_FTM,DEFICIT_FTA,DEFICIT_OREB,DEFICIT_DREB,DEFICIT_REB,DEFICIT_AST,DEFICIT_STL,DEFICIT_BLK,DEFICIT_TO,DEFICIT_PF,DEFICIT_FG2M,DEFICIT_FG2A
0,Raptors,4,18,0.222,16,22,0.727,14,29,43,8,8,4,12,17,82,27,65,0.415384615385,0,0.418918918919,0.515527950311,0.235294117647,0.428571428571,0.592592592593,0.594594594595,0.7,0.439393939394,0.5,0.2,0.533333333333,0.210526315789,0.444444444444,0.485714285714,0.473684210526,0.546218487395
1,Spurs,13,24,0.542,11,15,0.733,6,37,43,32,7,15,15,18,110,30,54,0.555555555556,1,0.581081081081,0.484472049689,0.764705882353,0.571428571429,0.407407407407,0.405405405405,0.3,0.560606060606,0.5,0.8,0.466666666667,0.789473684211,0.555555555556,0.514285714286,0.526315789474,0.453781512605
