,TEAM_NAME,FG3M,FG3A,FG3_PCT,FTM,FTA,FT_PCT,OREB,DREB,REB,AST,STL,BLK,TO,PF,PTS,FG2M,FG2A,FG2_PCT,OUTCOME,DEFICIT_FGM,DEFICIT_FGA,DEFICIT_FG3M,DEFICIT_FG3A,DEFICIT_FTM,DEFICIT_FTA,DEFICIT_OREB,DEFICIT_DREB,DEFICIT_REB,DEFICIT_AST,DEFICIT_STL,DEFICIT_BLK,DEFICIT_TO,DEFICIT_PF,DEFICIT_FG2M,DEFICIT_FG2A
0,Kings,11,29,0.379,17,18,0.944,5,28,33,26,7,2,8,13,120,35,59,0.593220338983,1,0.528735632184,0.517647058824,0.379310344828,0.432835820896,0.566666666667,0.58064516129,0.555555555556,0.5,0.507692307692,0.472727272727,0.538461538462,0.333333333333,0.363636363636,0.41935483871,0.603448275862,0.572815533981
1,Nuggets,18,38,0.474,13,13,1.0,4,28,32,29,6,4,14,18,113,23,44,0.522727272727,0,0.471264367816,0.482352941176,0.620689655172,0.567164179104,0.433333333333,0.41935483871,0.444444444444,0.5,0.492307692308,0.527272727273,0.461538461538,0.666666666667,0.636363636364,0.58064516129,0.396551724138,0.427184466019
