,TEAM_NAME,FG3M,FG3A,FG3_PCT,FTM,FTA,FT_PCT,OREB,DREB,REB,AST,STL,BLK,TO,PF,PTS,FG2M,FG2A,FG2_PCT,OUTCOME,DEFICIT_FGM,DEFICIT_FGA,DEFICIT_FG3M,DEFICIT_FG3A,DEFICIT_FTM,DEFICIT_FTA,DEFICIT_OREB,DEFICIT_DREB,DEFICIT_REB,DEFICIT_AST,DEFICIT_STL,DEFICIT_BLK,DEFICIT_TO,DEFICIT_PF,DEFICIT_FG2M,DEFICIT_FG2A
0,Jazz,6,18,0.333,21,29,0.724,6,34,40,16,8,5,11,21,87,24,52,0.461538461538,1,0.491803278689,0.469798657718,0.545454545455,0.58064516129,0.583333333333,0.630434782609,0.428571428571,0.53125,0.512820512821,0.484848484848,0.615384615385,0.5,0.478260869565,0.488372093023,0.48,0.440677966102
1,Knicks,5,13,0.385,15,17,0.882,8,30,38,17,5,5,12,22,82,26,66,0.393939393939,0,0.508196721311,0.530201342282,0.454545454545,0.41935483871,0.416666666667,0.369565217391,0.571428571429,0.46875,0.487179487179,0.515151515152,0.384615384615,0.5,0.521739130435,0.511627906977,0.52,0.559322033898
