,TEAM_NAME,FG3M,FG3A,FG3_PCT,FTM,FTA,FT_PCT,OREB,DREB,REB,AST,STL,BLK,TO,PF,PTS,FG2M,FG2A,FG2_PCT,OUTCOME,DEFICIT_FGM,DEFICIT_FGA,DEFICIT_FG3M,DEFICIT_FG3A,DEFICIT_FTM,DEFICIT_FTA,DEFICIT_OREB,DEFICIT_DREB,DEFICIT_REB,DEFICIT_AST,DEFICIT_STL,DEFICIT_BLK,DEFICIT_TO,DEFICIT_PF,DEFICIT_FG2M,DEFICIT_FG2A
0,Mavericks,9,27,0.333,19,21,0.905,6,30,36,20,7,4,13,17,94,24,51,0.470588235294,1,0.492537313433,0.456140350877,0.5,0.551020408163,0.612903225806,0.6,0.222222222222,0.454545454545,0.387096774194,0.5,0.466666666667,0.8,0.448275862069,0.472222222222,0.489795918367,0.418032786885
1,Celtics,9,22,0.409,12,14,0.857,21,36,57,20,8,1,16,19,89,25,71,0.352112676056,0,0.507462686567,0.543859649123,0.5,0.448979591837,0.387096774194,0.4,0.777777777778,0.545454545455,0.612903225806,0.5,0.533333333333,0.2,0.551724137931,0.527777777778,0.510204081633,0.581967213115
