,TEAM_NAME,FG3M,FG3A,FG3_PCT,FTM,FTA,FT_PCT,OREB,DREB,REB,AST,STL,BLK,TO,PF,PTS,FG2M,FG2A,FG2_PCT,OUTCOME,DEFICIT_FGM,DEFICIT_FGA,DEFICIT_FG3M,DEFICIT_FG3A,DEFICIT_FTM,DEFICIT_FTA,DEFICIT_OREB,DEFICIT_DREB,DEFICIT_REB,DEFICIT_AST,DEFICIT_STL,DEFICIT_BLK,DEFICIT_TO,DEFICIT_PF,DEFICIT_FG2M,DEFICIT_FG2A
0,Jazz,4,18,0.222,14,18,0.778,9,25,34,21,9,4,19,25,86,30,65,0.461538461538,0,0.425,0.512345679012,0.235294117647,0.418604651163,0.424242424242,0.409090909091,0.529411764706,0.396825396825,0.425,0.403846153846,0.5625,0.25,0.5,0.531914893617,0.47619047619,0.546218487395
1,Rockets,13,25,0.52,19,26,0.731,8,38,46,31,7,12,19,22,124,33,54,0.611111111111,1,0.575,0.487654320988,0.764705882353,0.581395348837,0.575757575758,0.590909090909,0.470588235294,0.603174603175,0.575,0.596153846154,0.4375,0.75,0.5,0.468085106383,0.52380952381,0.453781512605
