,TEAM_NAME,FG3M,FG3A,FG3_PCT,FTM,FTA,FT_PCT,OREB,DREB,REB,AST,STL,BLK,TO,PF,PTS,FG2M,FG2A,FG2_PCT,OUTCOME,DEFICIT_FGM,DEFICIT_FGA,DEFICIT_FG3M,DEFICIT_FG3A,DEFICIT_FTM,DEFICIT_FTA,DEFICIT_OREB,DEFICIT_DREB,DEFICIT_REB,DEFICIT_AST,DEFICIT_STL,DEFICIT_BLK,DEFICIT_TO,DEFICIT_PF,DEFICIT_FG2M,DEFICIT_FG2A
0,Bobcats,9,25,0.36,14,16,0.875,10,32,42,22,4,7,6,15,83,21,60,0.35,0,0.434782608696,0.5,0.409090909091,0.423728813559,0.7,0.695652173913,0.5,0.438356164384,0.451612903226,0.448979591837,0.571428571429,0.4375,0.315789473684,0.428571428571,0.446808510638,0.540540540541
1,Hawks,13,34,0.382,6,7,0.857,10,41,51,27,3,9,13,20,97,26,51,0.509803921569,1,0.565217391304,0.5,0.590909090909,0.576271186441,0.3,0.304347826087,0.5,0.561643835616,0.548387096774,0.551020408163,0.428571428571,0.5625,0.684210526316,0.571428571429,0.553191489362,0.459459459459
