,TEAM_NAME,FG3M,FG3A,FG3_PCT,FTM,FTA,FT_PCT,OREB,DREB,REB,AST,STL,BLK,TO,PF,PTS,FG2M,FG2A,FG2_PCT,OUTCOME,DEFICIT_FGM,DEFICIT_FGA,DEFICIT_FG3M,DEFICIT_FG3A,DEFICIT_FTM,DEFICIT_FTA,DEFICIT_OREB,DEFICIT_DREB,DEFICIT_REB,DEFICIT_AST,DEFICIT_STL,DEFICIT_BLK,DEFICIT_TO,DEFICIT_PF,DEFICIT_FG2M,DEFICIT_FG2A
0,Trail Blazers,10,32,0.313,15,21,0.714,5,40,45,23,10,8,15,30,115,35,66,0.530303030303,1,0.542168674699,0.494949494949,0.625,0.581818181818,0.326086956522,0.35,0.238095238095,0.470588235294,0.424528301887,0.547619047619,0.5,0.615384615385,0.46875,0.588235294118,0.522388059701,0.461538461538
1,Nuggets,6,23,0.261,31,39,0.795,16,45,61,19,10,5,17,21,113,32,77,0.415584415584,0,0.457831325301,0.505050505051,0.375,0.418181818182,0.673913043478,0.65,0.761904761905,0.529411764706,0.575471698113,0.452380952381,0.5,0.384615384615,0.53125,0.411764705882,0.477611940299,0.538461538462
