,TEAM_NAME,FG3M,FG3A,FG3_PCT,FTM,FTA,FT_PCT,OREB,DREB,REB,AST,STL,BLK,TO,PF,PTS,FG2M,FG2A,FG2_PCT,OUTCOME,DEFICIT_FGM,DEFICIT_FGA,DEFICIT_FG3M,DEFICIT_FG3A,DEFICIT_FTM,DEFICIT_FTA,DEFICIT_OREB,DEFICIT_DREB,DEFICIT_REB,DEFICIT_AST,DEFICIT_STL,DEFICIT_BLK,DEFICIT_TO,DEFICIT_PF,DEFICIT_FG2M,DEFICIT_FG2A
0,Kings,9,26,0.346,19,25,0.76,11,20,31,24,6,5,13,24,106,30,59,0.508474576271,1,0.513157894737,0.548387096774,0.5625,0.541666666667,0.463414634146,0.446428571429,0.611111111111,0.408163265306,0.462686567164,0.558139534884,0.5,0.5,0.541666666667,0.489795918367,0.5,0.551401869159
1,Timberwolves,7,22,0.318,22,31,0.71,7,29,36,19,6,5,11,25,103,30,48,0.625,0,0.486842105263,0.451612903226,0.4375,0.458333333333,0.536585365854,0.553571428571,0.388888888889,0.591836734694,0.537313432836,0.441860465116,0.5,0.5,0.458333333333,0.510204081633,0.5,0.448598130841
