,TEAM_NAME,FG3M,FG3A,FG3_PCT,FTM,FTA,FT_PCT,OREB,DREB,REB,AST,STL,BLK,TO,PF,PTS,FG2M,FG2A,FG2_PCT,OUTCOME,DEFICIT_FGM,DEFICIT_FGA,DEFICIT_FG3M,DEFICIT_FG3A,DEFICIT_FTM,DEFICIT_FTA,DEFICIT_OREB,DEFICIT_DREB,DEFICIT_REB,DEFICIT_AST,DEFICIT_STL,DEFICIT_BLK,DEFICIT_TO,DEFICIT_PF,DEFICIT_FG2M,DEFICIT_FG2A
0,Magic,8,28,0.286,15,26,0.577,13,37,50,21,6,5,20,23,99,30,56,0.535714285714,0,0.513513513514,0.488372093023,0.421052631579,0.430769230769,0.405405405405,0.464285714286,0.5,0.578125,0.555555555556,0.552631578947,0.428571428571,0.454545454545,0.689655172414,0.46,0.545454545455,0.523364485981
1,Cavaliers,11,37,0.297,22,30,0.733,13,27,40,17,8,6,9,27,105,25,51,0.490196078431,1,0.486486486486,0.511627906977,0.578947368421,0.569230769231,0.594594594595,0.535714285714,0.5,0.421875,0.444444444444,0.447368421053,0.571428571429,0.545454545455,0.310344827586,0.54,0.454545454545,0.476635514019
