,TEAM_NAME,FG3M,FG3A,FG3_PCT,FTM,FTA,FT_PCT,OREB,DREB,REB,AST,STL,BLK,TO,PF,PTS,FG2M,FG2A,FG2_PCT,OUTCOME,DEFICIT_FGM,DEFICIT_FGA,DEFICIT_FG3M,DEFICIT_FG3A,DEFICIT_FTM,DEFICIT_FTA,DEFICIT_OREB,DEFICIT_DREB,DEFICIT_REB,DEFICIT_AST,DEFICIT_STL,DEFICIT_BLK,DEFICIT_TO,DEFICIT_PF,DEFICIT_FG2M,DEFICIT_FG2A
0,Knicks,6,21,0.286,25,39,0.641,6,35,41,24,4,4,12,25,111,34,55,0.618181818182,1,0.519480519481,0.469135802469,0.4,0.45652173913,0.54347826087,0.6,0.352941176471,0.546875,0.506172839506,0.558139534884,0.571428571429,0.666666666667,0.5,0.454545454545,0.548387096774,0.474137931034
1,Grizzlies,9,25,0.36,21,26,0.808,11,29,40,19,3,2,12,30,104,28,61,0.459016393443,0,0.480519480519,0.530864197531,0.6,0.54347826087,0.45652173913,0.4,0.647058823529,0.453125,0.493827160494,0.441860465116,0.428571428571,0.333333333333,0.5,0.545454545455,0.451612903226,0.525862068966
