,TEAM_NAME,FG3M,FG3A,FG3_PCT,FTM,FTA,FT_PCT,OREB,DREB,REB,AST,STL,BLK,TO,PF,PTS,FG2M,FG2A,FG2_PCT,OUTCOME,DEFICIT_FGM,DEFICIT_FGA,DEFICIT_FG3M,DEFICIT_FG3A,DEFICIT_FTM,DEFICIT_FTA,DEFICIT_OREB,DEFICIT_DREB,DEFICIT_REB,DEFICIT_AST,DEFICIT_STL,DEFICIT_BLK,DEFICIT_TO,DEFICIT_PF,DEFICIT_FG2M,DEFICIT_FG2A
0,Bucks,8,22,0.364,20,24,0.833,8,36,44,25,14,5,14,23,110,33,66,0.5,1,0.525641025641,0.511627906977,0.421052631579,0.392857142857,0.46511627907,0.461538461538,0.421052631579,0.514285714286,0.494382022472,0.520833333333,0.538461538462,0.454545454545,0.4375,0.511111111111,0.559322033898,0.568965517241
1,Nets,11,34,0.324,23,28,0.821,11,34,45,23,12,6,18,22,108,26,50,0.52,0,0.474358974359,0.488372093023,0.578947368421,0.607142857143,0.53488372093,0.538461538462,0.578947368421,0.485714285714,0.505617977528,0.479166666667,0.461538461538,0.545454545455,0.5625,0.488888888889,0.440677966102,0.431034482759
