,TEAM_NAME,FG3M,FG3A,FG3_PCT,FTM,FTA,FT_PCT,OREB,DREB,REB,AST,STL,BLK,TO,PF,PTS,FG2M,FG2A,FG2_PCT,OUTCOME,DEFICIT_FGM,DEFICIT_FGA,DEFICIT_FG3M,DEFICIT_FG3A,DEFICIT_FTM,DEFICIT_FTA,DEFICIT_OREB,DEFICIT_DREB,DEFICIT_REB,DEFICIT_AST,DEFICIT_STL,DEFICIT_BLK,DEFICIT_TO,DEFICIT_PF,DEFICIT_FG2M,DEFICIT_FG2A
0,Trail Blazers,13,26,0.5,18,24,0.75,13,30,43,13,4,6,11,20,115,29,57,0.508771929825,1,0.506024096386,0.485380116959,0.590909090909,0.464285714286,0.58064516129,0.545454545455,0.5,0.535714285714,0.524390243902,0.41935483871,0.333333333333,0.428571428571,0.55,0.47619047619,0.475409836066,0.495652173913
1,Heat,9,30,0.3,13,20,0.65,13,26,39,18,8,8,9,22,104,32,58,0.551724137931,0,0.493975903614,0.514619883041,0.409090909091,0.535714285714,0.41935483871,0.454545454545,0.5,0.464285714286,0.475609756098,0.58064516129,0.666666666667,0.571428571429,0.45,0.52380952381,0.524590163934,0.504347826087
