,TEAM_NAME,FG3M,FG3A,FG3_PCT,FTM,FTA,FT_PCT,OREB,DREB,REB,AST,STL,BLK,TO,PF,PTS,FG2M,FG2A,FG2_PCT,OUTCOME,DEFICIT_FGM,DEFICIT_FGA,DEFICIT_FG3M,DEFICIT_FG3A,DEFICIT_FTM,DEFICIT_FTA,DEFICIT_OREB,DEFICIT_DREB,DEFICIT_REB,DEFICIT_AST,DEFICIT_STL,DEFICIT_BLK,DEFICIT_TO,DEFICIT_PF,DEFICIT_FG2M,DEFICIT_FG2A
0,Timberwolves,4,21,0.19,16,18,0.889,6,35,41,20,8,4,16,18,78,25,50,0.5,0,0.475409836066,0.461038961039,0.222222222222,0.344262295082,0.615384615385,0.514285714286,0.285714285714,0.546875,0.482352941176,0.512820512821,0.571428571429,0.5,0.615384615385,0.514285714286,0.581395348837,0.537634408602
1,Mavericks,14,40,0.35,10,17,0.588,15,29,44,19,6,4,10,17,88,18,43,0.418604651163,1,0.524590163934,0.538961038961,0.777777777778,0.655737704918,0.384615384615,0.485714285714,0.714285714286,0.453125,0.517647058824,0.487179487179,0.428571428571,0.5,0.384615384615,0.485714285714,0.418604651163,0.462365591398
