,TEAM_NAME,FG3M,FG3A,FG3_PCT,FTM,FTA,FT_PCT,OREB,DREB,REB,AST,STL,BLK,TO,PF,PTS,FG2M,FG2A,FG2_PCT,OUTCOME,DEFICIT_FGM,DEFICIT_FGA,DEFICIT_FG3M,DEFICIT_FG3A,DEFICIT_FTM,DEFICIT_FTA,DEFICIT_OREB,DEFICIT_DREB,DEFICIT_REB,DEFICIT_AST,DEFICIT_STL,DEFICIT_BLK,DEFICIT_TO,DEFICIT_PF,DEFICIT_FG2M,DEFICIT_FG2A
0,Knicks,7,25,0.28,14,20,0.7,18,33,51,20,7,9,10,18,87,26,71,0.366197183099,0,0.492537313433,0.542372881356,0.5,0.531914893617,0.451612903226,0.5,0.72,0.417721518987,0.490384615385,0.540540540541,0.583333333333,0.75,0.384615384615,0.5,0.490566037736,0.546153846154
1,Pacers,7,22,0.318,17,20,0.85,7,46,53,17,5,3,16,18,92,27,59,0.457627118644,1,0.507462686567,0.457627118644,0.5,0.468085106383,0.548387096774,0.5,0.28,0.582278481013,0.509615384615,0.459459459459,0.416666666667,0.25,0.615384615385,0.5,0.509433962264,0.453846153846
