,TEAM_NAME,FG3M,FG3A,FG3_PCT,FTM,FTA,FT_PCT,OREB,DREB,REB,AST,STL,BLK,TO,PF,PTS,FG2M,FG2A,FG2_PCT,OUTCOME,DEFICIT_FGM,DEFICIT_FGA,DEFICIT_FG3M,DEFICIT_FG3A,DEFICIT_FTM,DEFICIT_FTA,DEFICIT_OREB,DEFICIT_DREB,DEFICIT_REB,DEFICIT_AST,DEFICIT_STL,DEFICIT_BLK,DEFICIT_TO,DEFICIT_PF,DEFICIT_FG2M,DEFICIT_FG2A
0,Pelicans,8,22,0.364,14,23,0.609,5,27,32,31,11,7,12,21,106,34,54,0.62962962963,1,0.56,0.472049689441,0.5,0.488888888889,0.518518518519,0.522727272727,0.192307692308,0.482142857143,0.390243902439,0.607843137255,0.6875,0.7,0.375,0.477272727273,0.576271186441,0.465517241379
1,Nets,8,23,0.348,13,21,0.619,21,29,50,20,5,3,20,23,87,25,62,0.403225806452,0,0.44,0.527950310559,0.5,0.511111111111,0.481481481481,0.477272727273,0.807692307692,0.517857142857,0.609756097561,0.392156862745,0.3125,0.3,0.625,0.522727272727,0.423728813559,0.534482758621
