,TEAM_NAME,FG3M,FG3A,FG3_PCT,FTM,FTA,FT_PCT,OREB,DREB,REB,AST,STL,BLK,TO,PF,PTS,FG2M,FG2A,FG2_PCT,OUTCOME,DEFICIT_FGM,DEFICIT_FGA,DEFICIT_FG3M,DEFICIT_FG3A,DEFICIT_FTM,DEFICIT_FTA,DEFICIT_OREB,DEFICIT_DREB,DEFICIT_REB,DEFICIT_AST,DEFICIT_STL,DEFICIT_BLK,DEFICIT_TO,DEFICIT_PF,DEFICIT_FG2M,DEFICIT_FG2A
0,Bucks,9,13,0.692,14,17,0.824,12,33,45,30,12,4,12,23,109,34,70,0.485714285714,1,0.581081081081,0.477011494253,0.6,0.317073170732,0.411764705882,0.414634146341,0.352941176471,0.559322033898,0.483870967742,0.612244897959,0.631578947368,0.571428571429,0.413793103448,0.560975609756,0.576271186441,0.526315789474
1,Pistons,6,28,0.214,20,24,0.833,22,26,48,19,7,3,17,18,88,25,63,0.396825396825,0,0.418918918919,0.522988505747,0.4,0.682926829268,0.588235294118,0.585365853659,0.647058823529,0.440677966102,0.516129032258,0.387755102041,0.368421052632,0.428571428571,0.586206896552,0.439024390244,0.423728813559,0.473684210526
