,TEAM_NAME,FG3M,FG3A,FG3_PCT,FTM,FTA,FT_PCT,OREB,DREB,REB,AST,STL,BLK,TO,PF,PTS,FG2M,FG2A,FG2_PCT,OUTCOME,DEFICIT_FGM,DEFICIT_FGA,DEFICIT_FG3M,DEFICIT_FG3A,DEFICIT_FTM,DEFICIT_FTA,DEFICIT_OREB,DEFICIT_DREB,DEFICIT_REB,DEFICIT_AST,DEFICIT_STL,DEFICIT_BLK,DEFICIT_TO,DEFICIT_PF,DEFICIT_FG2M,DEFICIT_FG2A
0,Kings,8,31,0.258,10,16,0.625,8,38,46,34,10,8,20,30,122,44,73,0.602739726027,0,0.514851485149,0.514851485149,0.470588235294,0.516666666667,0.333333333333,0.380952380952,0.5,0.487179487179,0.489361702128,0.586206896552,0.5,0.533333333333,0.512820512821,0.612244897959,0.52380952381,0.514084507042
1,Hornets,9,29,0.31,20,26,0.769,8,40,48,24,10,7,19,19,127,40,69,0.579710144928,1,0.485148514851,0.485148514851,0.529411764706,0.483333333333,0.666666666667,0.619047619048,0.5,0.512820512821,0.510638297872,0.413793103448,0.5,0.466666666667,0.487179487179,0.387755102041,0.47619047619,0.485915492958
