,TEAM_NAME,FG3M,FG3A,FG3_PCT,FTM,FTA,FT_PCT,OREB,DREB,REB,AST,STL,BLK,TO,PF,PTS,FG2M,FG2A,FG2_PCT,OUTCOME,DEFICIT_FGM,DEFICIT_FGA,DEFICIT_FG3M,DEFICIT_FG3A,DEFICIT_FTM,DEFICIT_FTA,DEFICIT_OREB,DEFICIT_DREB,DEFICIT_REB,DEFICIT_AST,DEFICIT_STL,DEFICIT_BLK,DEFICIT_TO,DEFICIT_PF,DEFICIT_FG2M,DEFICIT_FG2A
0,Knicks,4,24,0.167,18,21,0.857,15,34,49,12,7,4,11,23,78,24,63,0.380952380952,0,0.474576271186,0.517857142857,0.444444444444,0.558139534884,0.391304347826,0.368421052632,0.483870967742,0.459459459459,0.466666666667,0.4,0.466666666667,0.363636363636,0.55,0.547619047619,0.48,0.504
1,Heat,5,19,0.263,28,36,0.778,16,40,56,18,8,7,9,19,95,26,62,0.41935483871,1,0.525423728814,0.482142857143,0.555555555556,0.441860465116,0.608695652174,0.631578947368,0.516129032258,0.540540540541,0.533333333333,0.6,0.533333333333,0.636363636364,0.45,0.452380952381,0.52,0.496
