,TEAM_NAME,FG3M,FG3A,FG3_PCT,FTM,FTA,FT_PCT,OREB,DREB,REB,AST,STL,BLK,TO,PF,PTS,FG2M,FG2A,FG2_PCT,OUTCOME,DEFICIT_FGM,DEFICIT_FGA,DEFICIT_FG3M,DEFICIT_FG3A,DEFICIT_FTM,DEFICIT_FTA,DEFICIT_OREB,DEFICIT_DREB,DEFICIT_REB,DEFICIT_AST,DEFICIT_STL,DEFICIT_BLK,DEFICIT_TO,DEFICIT_PF,DEFICIT_FG2M,DEFICIT_FG2A
0,Spurs,9,20,0.45,5,10,0.5,11,27,38,21,18,3,20,20,98,33,62,0.532258064516129,1,0.5526315789473685,0.5290322580645161,0.5625,0.5128205128205128,0.35714285714285715,0.5,0.55,0.4909090909090909,0.5066666666666667,0.4772727272727273,0.5806451612903226,0.5,0.4166666666666667,0.5405405405405406,0.55,0.5344827586206896
1,Suns,7,19,0.368,9,10,0.9,9,28,37,23,13,3,28,17,84,27,54,0.5,0,0.4473684210526316,0.47096774193548385,0.4375,0.48717948717948717,0.6428571428571429,0.5,0.45,0.509090909090909,0.49333333333333335,0.5227272727272727,0.41935483870967744,0.5,0.5833333333333334,0.4594594594594595,0.45,0.46551724137931033
