,TEAM_NAME,FG3M,FG3A,FG3_PCT,FTM,FTA,FT_PCT,OREB,DREB,REB,AST,STL,BLK,TO,PF,PTS,FG2M,FG2A,FG2_PCT,OUTCOME,DEFICIT_FGM,DEFICIT_FGA,DEFICIT_FG3M,DEFICIT_FG3A,DEFICIT_FTM,DEFICIT_FTA,DEFICIT_OREB,DEFICIT_DREB,DEFICIT_REB,DEFICIT_AST,DEFICIT_STL,DEFICIT_BLK,DEFICIT_TO,DEFICIT_PF,DEFICIT_FG2M,DEFICIT_FG2A
0,Jazz,5,19,0.263,28,40,0.7,13,28,41,15,11,3,21,18,89,23,54,0.425925925926,0,0.4,0.486666666667,0.3125,0.413043478261,0.636363636364,0.689655172414,0.684210526316,0.48275862069,0.532467532468,0.405405405405,0.478260869565,0.230769230769,0.567567567568,0.367346938776,0.425925925926,0.519230769231
1,Thunder,11,27,0.407,16,18,0.889,6,30,36,22,12,10,16,31,111,31,50,0.62,1,0.6,0.513333333333,0.6875,0.586956521739,0.363636363636,0.310344827586,0.315789473684,0.51724137931,0.467532467532,0.594594594595,0.521739130435,0.769230769231,0.432432432432,0.632653061224,0.574074074074,0.480769230769
