,TEAM_NAME,FG3M,FG3A,FG3_PCT,FTM,FTA,FT_PCT,OREB,DREB,REB,AST,STL,BLK,TO,PF,PTS,FG2M,FG2A,FG2_PCT,OUTCOME,DEFICIT_FGM,DEFICIT_FGA,DEFICIT_FG3M,DEFICIT_FG3A,DEFICIT_FTM,DEFICIT_FTA,DEFICIT_OREB,DEFICIT_DREB,DEFICIT_REB,DEFICIT_AST,DEFICIT_STL,DEFICIT_BLK,DEFICIT_TO,DEFICIT_PF,DEFICIT_FG2M,DEFICIT_FG2A
0,Spurs,11,21,0.524,14,18,0.778,8,38,46,22,8,6,15,20,95,24,59,0.406779661017,1,0.5,0.473372781065,0.578947368421,0.45652173913,0.56,0.5,0.4,0.5,0.479166666667,0.458333333333,0.470588235294,0.75,0.5,0.5,0.470588235294,0.479674796748
1,Grizzlies,8,25,0.32,11,18,0.611,12,38,50,26,9,2,15,20,89,27,64,0.421875,0,0.5,0.526627218935,0.421052631579,0.54347826087,0.44,0.5,0.6,0.5,0.520833333333,0.541666666667,0.529411764706,0.25,0.5,0.5,0.529411764706,0.520325203252
