,TEAM_NAME,FG3M,FG3A,FG3_PCT,FTM,FTA,FT_PCT,OREB,DREB,REB,AST,STL,BLK,TO,PF,PTS,FG2M,FG2A,FG2_PCT,OUTCOME,DEFICIT_FGM,DEFICIT_FGA,DEFICIT_FG3M,DEFICIT_FG3A,DEFICIT_FTM,DEFICIT_FTA,DEFICIT_OREB,DEFICIT_DREB,DEFICIT_REB,DEFICIT_AST,DEFICIT_STL,DEFICIT_BLK,DEFICIT_TO,DEFICIT_PF,DEFICIT_FG2M,DEFICIT_FG2A
0,Kings,12,22,0.545,14,17,0.824,11,40,51,17,11,2,18,10,98,24,59,0.406779661017,1,0.529411764706,0.503105590062,0.5,0.338461538462,0.56,0.548387096774,0.578947368421,0.56338028169,0.566666666667,0.447368421053,0.55,0.181818181818,0.529411764706,0.434782608696,0.545454545455,0.614583333333
1,Mavericks,12,43,0.279,11,14,0.786,8,31,39,21,9,9,16,13,87,20,37,0.540540540541,0,0.470588235294,0.496894409938,0.5,0.661538461538,0.44,0.451612903226,0.421052631579,0.43661971831,0.433333333333,0.552631578947,0.45,0.818181818182,0.470588235294,0.565217391304,0.454545454545,0.385416666667
