,TEAM_NAME,FG3M,FG3A,FG3_PCT,FTM,FTA,FT_PCT,OREB,DREB,REB,AST,STL,BLK,TO,PF,PTS,FG2M,FG2A,FG2_PCT,OUTCOME,DEFICIT_FGM,DEFICIT_FGA,DEFICIT_FG3M,DEFICIT_FG3A,DEFICIT_FTM,DEFICIT_FTA,DEFICIT_OREB,DEFICIT_DREB,DEFICIT_REB,DEFICIT_AST,DEFICIT_STL,DEFICIT_BLK,DEFICIT_TO,DEFICIT_PF,DEFICIT_FG2M,DEFICIT_FG2A
0,Pelicans,14,32,0.438,15,17,0.882,10,25,35,30,5,8,7,16,131,37,68,0.544117647059,0,0.490384615385,0.502512562814,0.518518518519,0.516129032258,0.5,0.447368421053,0.4,0.416666666667,0.411764705882,0.491803278689,0.625,0.8,0.411764705882,0.444444444444,0.480519480519,0.496350364964
1,Nuggets,13,30,0.433,15,21,0.714,15,35,50,31,3,2,10,20,134,40,69,0.579710144928,1,0.509615384615,0.497487437186,0.481481481481,0.483870967742,0.5,0.552631578947,0.6,0.583333333333,0.588235294118,0.508196721311,0.375,0.2,0.588235294118,0.555555555556,0.519480519481,0.503649635036
