,TEAM_NAME,FG3M,FG3A,FG3_PCT,FTM,FTA,FT_PCT,OREB,DREB,REB,AST,STL,BLK,TO,PF,PTS,FG2M,FG2A,FG2_PCT,OUTCOME,DEFICIT_FGM,DEFICIT_FGA,DEFICIT_FG3M,DEFICIT_FG3A,DEFICIT_FTM,DEFICIT_FTA,DEFICIT_OREB,DEFICIT_DREB,DEFICIT_REB,DEFICIT_AST,DEFICIT_STL,DEFICIT_BLK,DEFICIT_TO,DEFICIT_PF,DEFICIT_FG2M,DEFICIT_FG2A
0,Raptors,8,20,0.4,16,22,0.727,13,40,53,28,4,6,15,22,104,32,64,0.5,1,0.512820512821,0.485549132948,0.571428571429,0.5,0.551724137931,0.578947368421,0.565217391304,0.555555555556,0.557894736842,0.549019607843,0.333333333333,0.75,0.6,0.55,0.5,0.481203007519
1,76ers,6,20,0.3,13,16,0.813,10,32,42,23,8,2,10,18,95,32,69,0.463768115942,0,0.487179487179,0.514450867052,0.428571428571,0.5,0.448275862069,0.421052631579,0.434782608696,0.444444444444,0.442105263158,0.450980392157,0.666666666667,0.25,0.4,0.45,0.5,0.518796992481
