,TEAM_NAME,FG3M,FG3A,FG3_PCT,FTM,FTA,FT_PCT,OREB,DREB,REB,AST,STL,BLK,TO,PF,PTS,FG2M,FG2A,FG2_PCT,OUTCOME,DEFICIT_FGM,DEFICIT_FGA,DEFICIT_FG3M,DEFICIT_FG3A,DEFICIT_FTM,DEFICIT_FTA,DEFICIT_OREB,DEFICIT_DREB,DEFICIT_REB,DEFICIT_AST,DEFICIT_STL,DEFICIT_BLK,DEFICIT_TO,DEFICIT_PF,DEFICIT_FG2M,DEFICIT_FG2A
0,Bucks,7,24,0.292,11,14,0.786,8,26,34,20,6,9,15,20,78,23,50,0.46,0,0.44776119403,0.456790123457,0.636363636364,0.631578947368,0.423076923077,0.378378378378,0.275862068966,0.456140350877,0.395348837209,0.416666666667,0.4,0.642857142857,0.555555555556,0.526315789474,0.410714285714,0.403225806452
1,Cavaliers,4,14,0.286,15,23,0.652,21,31,52,28,9,5,12,18,93,33,74,0.445945945946,1,0.55223880597,0.543209876543,0.363636363636,0.368421052632,0.576923076923,0.621621621622,0.724137931034,0.543859649123,0.604651162791,0.583333333333,0.6,0.357142857143,0.444444444444,0.473684210526,0.589285714286,0.596774193548
