,TEAM_NAME,FG3M,FG3A,FG3_PCT,FTM,FTA,FT_PCT,OREB,DREB,REB,AST,STL,BLK,TO,PF,PTS,FG2M,FG2A,FG2_PCT,OUTCOME,DEFICIT_FGM,DEFICIT_FGA,DEFICIT_FG3M,DEFICIT_FG3A,DEFICIT_FTM,DEFICIT_FTA,DEFICIT_OREB,DEFICIT_DREB,DEFICIT_REB,DEFICIT_AST,DEFICIT_STL,DEFICIT_BLK,DEFICIT_TO,DEFICIT_PF,DEFICIT_FG2M,DEFICIT_FG2A
0,Grizzlies,4,7,0.571,12,16,0.75,11,31,42,21,5,3,15,16,88,32,71,0.450704225352,1,0.529411764706,0.496815286624,0.222222222222,0.170731707317,0.571428571429,0.533333333333,0.611111111111,0.563636363636,0.575342465753,0.5,0.416666666667,0.428571428571,0.535714285714,0.457142857143,0.64,0.612068965517
1,Rockets,14,34,0.412,9,14,0.643,7,24,31,21,7,4,13,19,87,18,45,0.4,0,0.470588235294,0.503184713376,0.777777777778,0.829268292683,0.428571428571,0.466666666667,0.388888888889,0.436363636364,0.424657534247,0.5,0.583333333333,0.571428571429,0.464285714286,0.542857142857,0.36,0.387931034483
