,TEAM_NAME,FG3M,FG3A,FG3_PCT,FTM,FTA,FT_PCT,OREB,DREB,REB,AST,STL,BLK,TO,PF,PTS,FG2M,FG2A,FG2_PCT,OUTCOME,DEFICIT_FGM,DEFICIT_FGA,DEFICIT_FG3M,DEFICIT_FG3A,DEFICIT_FTM,DEFICIT_FTA,DEFICIT_OREB,DEFICIT_DREB,DEFICIT_REB,DEFICIT_AST,DEFICIT_STL,DEFICIT_BLK,DEFICIT_TO,DEFICIT_PF,DEFICIT_FG2M,DEFICIT_FG2A
0,Pacers,9,25,0.36,8,10,0.8,9,31,40,26,5,5,16,21,85,25,56,0.446428571429,0,0.515151515152,0.493902439024,0.6,0.5,0.285714285714,0.263157894737,0.36,0.492063492063,0.454545454545,0.604651162791,0.333333333333,0.625,0.551724137931,0.583333333333,0.490196078431,0.491228070175
1,Bulls,6,25,0.24,20,28,0.714,16,32,48,17,10,3,13,15,90,26,58,0.448275862069,1,0.484848484848,0.506097560976,0.4,0.5,0.714285714286,0.736842105263,0.64,0.507936507937,0.545454545455,0.395348837209,0.666666666667,0.375,0.448275862069,0.416666666667,0.509803921569,0.508771929825
