,TEAM_NAME,FG3M,FG3A,FG3_PCT,FTM,FTA,FT_PCT,OREB,DREB,REB,AST,STL,BLK,TO,PF,PTS,FG2M,FG2A,FG2_PCT,OUTCOME,DEFICIT_FGM,DEFICIT_FGA,DEFICIT_FG3M,DEFICIT_FG3A,DEFICIT_FTM,DEFICIT_FTA,DEFICIT_OREB,DEFICIT_DREB,DEFICIT_REB,DEFICIT_AST,DEFICIT_STL,DEFICIT_BLK,DEFICIT_TO,DEFICIT_PF,DEFICIT_FG2M,DEFICIT_FG2A
0,Hornets,8,26,0.308,22,25,0.88,12,32,44,23,11,3,11,24,118,36,68,0.529411764706,0,0.52380952381,0.556213017751,0.347826086957,0.456140350877,0.468085106383,0.446428571429,0.75,0.477611940299,0.530120481928,0.469387755102,0.733333333333,0.272727272727,0.423076923077,0.533333333333,0.590163934426,0.607142857143
1,Nets,15,31,0.484,25,31,0.806,4,35,39,26,4,8,15,21,120,25,44,0.568181818182,1,0.47619047619,0.443786982249,0.652173913043,0.543859649123,0.531914893617,0.553571428571,0.25,0.522388059701,0.469879518072,0.530612244898,0.266666666667,0.727272727273,0.576923076923,0.466666666667,0.409836065574,0.392857142857
