,TEAM_NAME,FG3M,FG3A,FG3_PCT,FTM,FTA,FT_PCT,OREB,DREB,REB,AST,STL,BLK,TO,PF,PTS,FG2M,FG2A,FG2_PCT,OUTCOME,DEFICIT_FGM,DEFICIT_FGA,DEFICIT_FG3M,DEFICIT_FG3A,DEFICIT_FTM,DEFICIT_FTA,DEFICIT_OREB,DEFICIT_DREB,DEFICIT_REB,DEFICIT_AST,DEFICIT_STL,DEFICIT_BLK,DEFICIT_TO,DEFICIT_PF,DEFICIT_FG2M,DEFICIT_FG2A
0,Cavaliers,9,25,0.36,21,24,0.875,3,35,38,26,6,5,12,22,112,32,49,0.65306122449,1,0.518987341772,0.451219512195,0.473684210526,0.396825396825,0.525,0.5,0.176470588235,0.555555555556,0.475,0.590909090909,0.5,0.555555555556,0.571428571429,0.564102564103,0.533333333333,0.485148514851
1,Hornets,10,38,0.263,19,24,0.792,14,28,42,18,6,4,9,17,105,28,52,0.538461538462,0,0.481012658228,0.548780487805,0.526315789474,0.603174603175,0.475,0.5,0.823529411765,0.444444444444,0.525,0.409090909091,0.5,0.444444444444,0.428571428571,0.435897435897,0.466666666667,0.514851485149
