,TEAM_NAME,FG3M,FG3A,FG3_PCT,FTM,FTA,FT_PCT,OREB,DREB,REB,AST,STL,BLK,TO,PF,PTS,FG2M,FG2A,FG2_PCT,OUTCOME,DEFICIT_FGM,DEFICIT_FGA,DEFICIT_FG3M,DEFICIT_FG3A,DEFICIT_FTM,DEFICIT_FTA,DEFICIT_OREB,DEFICIT_DREB,DEFICIT_REB,DEFICIT_AST,DEFICIT_STL,DEFICIT_BLK,DEFICIT_TO,DEFICIT_PF,DEFICIT_FG2M,DEFICIT_FG2A
0,Bucks,8,27,0.296,14,16,0.875,9,26,35,27,10,6,8,23,100,31,61,0.508196721311,1,0.534246575342,0.514619883041,0.5,0.551020408163,0.4,0.4,0.409090909091,0.41935483871,0.416666666667,0.574468085106,0.666666666667,0.666666666667,0.32,0.547619047619,0.543859649123,0.5
1,Hawks,8,22,0.364,21,24,0.875,13,36,49,20,5,3,17,19,97,26,61,0.426229508197,0,0.465753424658,0.485380116959,0.5,0.448979591837,0.6,0.6,0.590909090909,0.58064516129,0.583333333333,0.425531914894,0.333333333333,0.333333333333,0.68,0.452380952381,0.456140350877,0.5
