,TEAM_NAME,FG3M,FG3A,FG3_PCT,FTM,FTA,FT_PCT,OREB,DREB,REB,AST,STL,BLK,TO,PF,PTS,FG2M,FG2A,FG2_PCT,OUTCOME,DEFICIT_FGM,DEFICIT_FGA,DEFICIT_FG3M,DEFICIT_FG3A,DEFICIT_FTM,DEFICIT_FTA,DEFICIT_OREB,DEFICIT_DREB,DEFICIT_REB,DEFICIT_AST,DEFICIT_STL,DEFICIT_BLK,DEFICIT_TO,DEFICIT_PF,DEFICIT_FG2M,DEFICIT_FG2A
0,Timberwolves,8,14,0.571,23,31,0.742,8,30,38,23,11,3,15,21,113,33,65,0.507692307692,1,0.5125,0.461988304094,0.380952380952,0.28,0.522727272727,0.574074074074,0.32,0.47619047619,0.431818181818,0.5,0.6875,0.375,0.454545454545,0.488372093023,0.559322033898,0.537190082645
1,Bulls,13,36,0.361,21,23,0.913,17,33,50,23,5,5,18,22,112,26,56,0.464285714286,0,0.4875,0.538011695906,0.619047619048,0.72,0.477272727273,0.425925925926,0.68,0.52380952381,0.568181818182,0.5,0.3125,0.625,0.545454545455,0.511627906977,0.440677966102,0.462809917355
