,TEAM_NAME,FG3M,FG3A,FG3_PCT,FTM,FTA,FT_PCT,OREB,DREB,REB,AST,STL,BLK,TO,PF,PTS,FG2M,FG2A,FG2_PCT,OUTCOME,DEFICIT_FGM,DEFICIT_FGA,DEFICIT_FG3M,DEFICIT_FG3A,DEFICIT_FTM,DEFICIT_FTA,DEFICIT_OREB,DEFICIT_DREB,DEFICIT_REB,DEFICIT_AST,DEFICIT_STL,DEFICIT_BLK,DEFICIT_TO,DEFICIT_PF,DEFICIT_FG2M,DEFICIT_FG2A
0,Warriors,12,28,0.429,19,29,0.655,8,29,37,35,4,4,12,22,119,32,58,0.551724137931,1,0.511627906977,0.505882352941,0.705882352941,0.636363636364,0.452380952381,0.5,0.421052631579,0.453125,0.44578313253,0.625,0.5,0.666666666667,0.5,0.448979591837,0.463768115942,0.460317460317
1,Nuggets,5,16,0.313,23,29,0.793,11,35,46,21,4,2,12,27,112,37,68,0.544117647059,0,0.488372093023,0.494117647059,0.294117647059,0.363636363636,0.547619047619,0.5,0.578947368421,0.546875,0.55421686747,0.375,0.5,0.333333333333,0.5,0.551020408163,0.536231884058,0.539682539683
