,TEAM_NAME,FG3M,FG3A,FG3_PCT,FTM,FTA,FT_PCT,OREB,DREB,REB,AST,STL,BLK,TO,PF,PTS,FG2M,FG2A,FG2_PCT,OUTCOME,DEFICIT_FGM,DEFICIT_FGA,DEFICIT_FG3M,DEFICIT_FG3A,DEFICIT_FTM,DEFICIT_FTA,DEFICIT_OREB,DEFICIT_DREB,DEFICIT_REB,DEFICIT_AST,DEFICIT_STL,DEFICIT_BLK,DEFICIT_TO,DEFICIT_PF,DEFICIT_FG2M,DEFICIT_FG2A
0,Timberwolves,8,14,0.571,23,31,0.742,8,30,38,23,11,3,15,21,113,33,65,0.5076923076923077,1,0.5125,0.4619883040935672,0.38095238095238093,0.28,0.5227272727272727,0.5740740740740741,0.32,0.47619047619047616,0.4318181818181818,0.5,0.6875,0.375,0.45454545454545453,0.4883720930232558,0.559322033898305,0.5371900826446281
1,Bulls,13,36,0.361,21,23,0.913,17,33,50,23,5,5,18,22,112,26,56,0.4642857142857143,0,0.4875,0.5380116959064327,0.6190476190476191,0.72,0.4772727272727273,0.42592592592592593,0.68,0.5238095238095238,0.5681818181818182,0.5,0.3125,0.625,0.5454545454545454,0.5116279069767442,0.4406779661016949,0.4628099173553719
