,TEAM_NAME,FG3M,FG3A,FG3_PCT,FTM,FTA,FT_PCT,OREB,DREB,REB,AST,STL,BLK,TO,PF,PTS,FG2M,FG2A,FG2_PCT,OUTCOME,DEFICIT_FGM,DEFICIT_FGA,DEFICIT_FG3M,DEFICIT_FG3A,DEFICIT_FTM,DEFICIT_FTA,DEFICIT_OREB,DEFICIT_DREB,DEFICIT_REB,DEFICIT_AST,DEFICIT_STL,DEFICIT_BLK,DEFICIT_TO,DEFICIT_PF,DEFICIT_FG2M,DEFICIT_FG2A
0,Suns,5,14,0.357,11,16,0.688,12,30,42,26,12,5,20,22,96,35,69,0.507246376812,0,0.506329113924,0.522012578616,0.454545454545,0.411764705882,0.407407407407,0.470588235294,0.666666666667,0.526315789474,0.56,0.5,0.545454545455,0.454545454545,0.512820512821,0.511627906977,0.514705882353,0.552
1,Bucks,6,20,0.3,16,18,0.889,6,27,33,26,10,6,19,21,100,33,56,0.589285714286,1,0.493670886076,0.477987421384,0.545454545455,0.588235294118,0.592592592593,0.529411764706,0.333333333333,0.473684210526,0.44,0.5,0.454545454545,0.545454545455,0.487179487179,0.488372093023,0.485294117647,0.448
