,TEAM_NAME,FG3M,FG3A,FG3_PCT,FTM,FTA,FT_PCT,OREB,DREB,REB,AST,STL,BLK,TO,PF,PTS,FG2M,FG2A,FG2_PCT,OUTCOME,DEFICIT_FGM,DEFICIT_FGA,DEFICIT_FG3M,DEFICIT_FG3A,DEFICIT_FTM,DEFICIT_FTA,DEFICIT_OREB,DEFICIT_DREB,DEFICIT_REB,DEFICIT_AST,DEFICIT_STL,DEFICIT_BLK,DEFICIT_TO,DEFICIT_PF,DEFICIT_FG2M,DEFICIT_FG2A
0,Bucks,5,19,0.263,18,27,0.667,8,29,37,17,6,3,15,18,83,25,53,0.471698113208,0,0.44776119403,0.48,0.384615384615,0.575757575758,0.5625,0.627906976744,0.5,0.508771929825,0.506849315068,0.425,0.375,0.5,0.51724137931,0.461538461538,0.462962962963,0.452991452991
1,Grizzlies,8,14,0.571,14,16,0.875,8,28,36,23,10,3,14,21,96,29,64,0.453125,1,0.55223880597,0.52,0.615384615385,0.424242424242,0.4375,0.372093023256,0.5,0.491228070175,0.493150684932,0.575,0.625,0.5,0.48275862069,0.538461538462,0.537037037037,0.547008547009
