,TEAM_NAME,FG3M,FG3A,FG3_PCT,FTM,FTA,FT_PCT,OREB,DREB,REB,AST,STL,BLK,TO,PF,PTS,FG2M,FG2A,FG2_PCT,OUTCOME,DEFICIT_FGM,DEFICIT_FGA,DEFICIT_FG3M,DEFICIT_FG3A,DEFICIT_FTM,DEFICIT_FTA,DEFICIT_OREB,DEFICIT_DREB,DEFICIT_REB,DEFICIT_AST,DEFICIT_STL,DEFICIT_BLK,DEFICIT_TO,DEFICIT_PF,DEFICIT_FG2M,DEFICIT_FG2A
0,Pacers,9,24,0.375,12,15,0.8,9,33,42,16,4,3,14,23,89,25,61,0.409836065574,0,0.492753623188,0.505952380952,0.529411764706,0.461538461538,0.444444444444,0.416666666667,0.5,0.464788732394,0.47191011236,0.363636363636,0.363636363636,0.428571428571,0.56,0.560975609756,0.480769230769,0.525862068966
1,Celtics,8,28,0.286,15,21,0.714,9,38,47,28,7,4,11,18,93,27,55,0.490909090909,1,0.507246376812,0.494047619048,0.470588235294,0.538461538462,0.555555555556,0.583333333333,0.5,0.535211267606,0.52808988764,0.636363636364,0.636363636364,0.571428571429,0.44,0.439024390244,0.519230769231,0.474137931034
