,TEAM_NAME,FG3M,FG3A,FG3_PCT,FTM,FTA,FT_PCT,OREB,DREB,REB,AST,STL,BLK,TO,PF,PTS,FG2M,FG2A,FG2_PCT,OUTCOME,DEFICIT_FGM,DEFICIT_FGA,DEFICIT_FG3M,DEFICIT_FG3A,DEFICIT_FTM,DEFICIT_FTA,DEFICIT_OREB,DEFICIT_DREB,DEFICIT_REB,DEFICIT_AST,DEFICIT_STL,DEFICIT_BLK,DEFICIT_TO,DEFICIT_PF,DEFICIT_FG2M,DEFICIT_FG2A
0,Rockets,9,21,0.429,31,44,0.705,12,35,47,27,6,9,16,23,122,32,60,0.533333333333,1,0.476744186047,0.45,0.529411764706,0.466666666667,0.704545454545,0.709677419355,0.4,0.583333333333,0.522222222222,0.551020408163,0.428571428571,0.5625,0.551724137931,0.410714285714,0.463768115942,0.444444444444
1,Nuggets,8,24,0.333,13,18,0.722,18,25,43,22,8,7,13,33,111,37,75,0.493333333333,0,0.523255813953,0.55,0.470588235294,0.533333333333,0.295454545455,0.290322580645,0.6,0.416666666667,0.477777777778,0.448979591837,0.571428571429,0.4375,0.448275862069,0.589285714286,0.536231884058,0.555555555556
