,TEAM_NAME,FG3M,FG3A,FG3_PCT,FTM,FTA,FT_PCT,OREB,DREB,REB,AST,STL,BLK,TO,PF,PTS,FG2M,FG2A,FG2_PCT,OUTCOME,DEFICIT_FGM,DEFICIT_FGA,DEFICIT_FG3M,DEFICIT_FG3A,DEFICIT_FTM,DEFICIT_FTA,DEFICIT_OREB,DEFICIT_DREB,DEFICIT_REB,DEFICIT_AST,DEFICIT_STL,DEFICIT_BLK,DEFICIT_TO,DEFICIT_PF,DEFICIT_FG2M,DEFICIT_FG2A
0,Pacers,4,16,0.25,22,28,0.786,12,25,37,16,5,8,9,19,94,30,69,0.434782608696,0,0.459459459459,0.518292682927,0.266666666667,0.457142857143,0.536585365854,0.538461538462,0.571428571429,0.431034482759,0.46835443038,0.390243902439,0.454545454545,0.571428571429,0.409090909091,0.441860465116,0.508474576271,0.53488372093
1,Bulls,11,19,0.579,19,24,0.792,9,33,42,25,6,6,13,24,110,29,60,0.483333333333,1,0.540540540541,0.481707317073,0.733333333333,0.542857142857,0.463414634146,0.461538461538,0.428571428571,0.568965517241,0.53164556962,0.609756097561,0.545454545455,0.428571428571,0.590909090909,0.558139534884,0.491525423729,0.46511627907
