,TEAM_NAME,FG3M,FG3A,FG3_PCT,FTM,FTA,FT_PCT,OREB,DREB,REB,AST,STL,BLK,TO,PF,PTS,FG2M,FG2A,FG2_PCT,OUTCOME,DEFICIT_FGM,DEFICIT_FGA,DEFICIT_FG3M,DEFICIT_FG3A,DEFICIT_FTM,DEFICIT_FTA,DEFICIT_OREB,DEFICIT_DREB,DEFICIT_REB,DEFICIT_AST,DEFICIT_STL,DEFICIT_BLK,DEFICIT_TO,DEFICIT_PF,DEFICIT_FG2M,DEFICIT_FG2A
0,Wizards,6,25,0.24,16,22,0.727,13,34,47,22,11,3,18,17,96,31,68,0.455882352941,0,0.506849315068,0.534482758621,0.375,0.54347826087,0.432432432432,0.5,0.65,0.465753424658,0.505376344086,0.55,0.478260869565,0.333333333333,0.473684210526,0.472222222222,0.543859649123,0.53125
1,Cavaliers,10,21,0.476,21,22,0.955,7,39,46,18,12,6,20,19,103,26,60,0.433333333333,1,0.493150684932,0.465517241379,0.625,0.45652173913,0.567567567568,0.5,0.35,0.534246575342,0.494623655914,0.45,0.521739130435,0.666666666667,0.526315789474,0.527777777778,0.456140350877,0.46875
