,TEAM_NAME,FG3M,FG3A,FG3_PCT,FTM,FTA,FT_PCT,OREB,DREB,REB,AST,STL,BLK,TO,PF,PTS,FG2M,FG2A,FG2_PCT,OUTCOME,DEFICIT_FGM,DEFICIT_FGA,DEFICIT_FG3M,DEFICIT_FG3A,DEFICIT_FTM,DEFICIT_FTA,DEFICIT_OREB,DEFICIT_DREB,DEFICIT_REB,DEFICIT_AST,DEFICIT_STL,DEFICIT_BLK,DEFICIT_TO,DEFICIT_PF,DEFICIT_FG2M,DEFICIT_FG2A
0,Timberwolves,7,23,0.304,19,22,0.864,16,34,50,19,13,3,13,17,106,33,71,0.464788732394,1,0.540540540541,0.522222222222,0.583333333333,0.560975609756,0.558823529412,0.55,0.516129032258,0.492753623188,0.5,0.575757575758,0.684210526316,0.272727272727,0.382352941176,0.447368421053,0.532258064516,0.510791366906
1,Celtics,5,18,0.278,15,18,0.833,15,35,50,14,6,8,21,21,88,29,68,0.426470588235,0,0.459459459459,0.477777777778,0.416666666667,0.439024390244,0.441176470588,0.45,0.483870967742,0.507246376812,0.5,0.424242424242,0.315789473684,0.727272727273,0.617647058824,0.552631578947,0.467741935484,0.489208633094
