,TEAM_NAME,FG3M,FG3A,FG3_PCT,FTM,FTA,FT_PCT,OREB,DREB,REB,AST,STL,BLK,TO,PF,PTS,FG2M,FG2A,FG2_PCT,OUTCOME,DEFICIT_FGM,DEFICIT_FGA,DEFICIT_FG3M,DEFICIT_FG3A,DEFICIT_FTM,DEFICIT_FTA,DEFICIT_OREB,DEFICIT_DREB,DEFICIT_REB,DEFICIT_AST,DEFICIT_STL,DEFICIT_BLK,DEFICIT_TO,DEFICIT_PF,DEFICIT_FG2M,DEFICIT_FG2A
0,Magic,7,27,0.259,15,21,0.714,16,33,49,15,7,4,19,21,92,28,67,0.417910447761,0,0.411764705882,0.519337016575,0.411764705882,0.509433962264,0.555555555556,0.477272727273,0.695652173913,0.452054794521,0.510416666667,0.294117647059,0.333333333333,0.307692307692,0.612903225806,0.538461538462,0.411764705882,0.5234375
1,Warriors,10,26,0.385,12,23,0.522,7,40,47,36,14,9,12,18,122,40,61,0.655737704918,1,0.588235294118,0.480662983425,0.588235294118,0.490566037736,0.444444444444,0.522727272727,0.304347826087,0.547945205479,0.489583333333,0.705882352941,0.666666666667,0.692307692308,0.387096774194,0.461538461538,0.588235294118,0.4765625
