,TEAM_NAME,FG3M,FG3A,FG3_PCT,FTM,FTA,FT_PCT,OREB,DREB,REB,AST,STL,BLK,TO,PF,PTS,FG2M,FG2A,FG2_PCT,OUTCOME,DEFICIT_FGM,DEFICIT_FGA,DEFICIT_FG3M,DEFICIT_FG3A,DEFICIT_FTM,DEFICIT_FTA,DEFICIT_OREB,DEFICIT_DREB,DEFICIT_REB,DEFICIT_AST,DEFICIT_STL,DEFICIT_BLK,DEFICIT_TO,DEFICIT_PF,DEFICIT_FG2M,DEFICIT_FG2A
0,Cavaliers,7,15,0.467,16,19,0.842,10,31,41,20,5,7,10,18,97,30,63,0.47619047619,1,0.486842105263,0.4875,0.538461538462,0.5,0.64,0.558823529412,0.526315789474,0.534482758621,0.532467532468,0.392156862745,0.5,0.636363636364,0.526315789474,0.45,0.47619047619,0.484615384615
1,Bulls,6,15,0.4,9,15,0.6,9,27,36,31,5,4,9,22,93,33,67,0.492537313433,0,0.513157894737,0.5125,0.461538461538,0.5,0.36,0.441176470588,0.473684210526,0.465517241379,0.467532467532,0.607843137255,0.5,0.363636363636,0.473684210526,0.55,0.52380952381,0.515384615385
