,TEAM_NAME,FG3M,FG3A,FG3_PCT,FTM,FTA,FT_PCT,OREB,DREB,REB,AST,STL,BLK,TO,PF,PTS,FG2M,FG2A,FG2_PCT,OUTCOME,DEFICIT_FGM,DEFICIT_FGA,DEFICIT_FG3M,DEFICIT_FG3A,DEFICIT_FTM,DEFICIT_FTA,DEFICIT_OREB,DEFICIT_DREB,DEFICIT_REB,DEFICIT_AST,DEFICIT_STL,DEFICIT_BLK,DEFICIT_TO,DEFICIT_PF,DEFICIT_FG2M,DEFICIT_FG2A
0,Bucks,8,17,0.471,12,20,0.6,11,38,49,28,4,8,13,16,92,28,61,0.459016393443,1,0.507042253521,0.481481481481,0.666666666667,0.472222222222,0.521739130435,0.571428571429,0.52380952381,0.550724637681,0.544444444444,0.622222222222,0.363636363636,0.8,0.565217391304,0.432432432432,0.474576271186,0.484126984127
1,Celtics,4,19,0.211,11,15,0.733,10,31,41,17,7,2,10,21,85,31,65,0.476923076923,0,0.492957746479,0.518518518519,0.333333333333,0.527777777778,0.478260869565,0.428571428571,0.47619047619,0.449275362319,0.455555555556,0.377777777778,0.636363636364,0.2,0.434782608696,0.567567567568,0.525423728814,0.515873015873
