,TEAM_NAME,FG3M,FG3A,FG3_PCT,FTM,FTA,FT_PCT,OREB,DREB,REB,AST,STL,BLK,TO,PF,PTS,FG2M,FG2A,FG2_PCT,OUTCOME,DEFICIT_FGM,DEFICIT_FGA,DEFICIT_FG3M,DEFICIT_FG3A,DEFICIT_FTM,DEFICIT_FTA,DEFICIT_OREB,DEFICIT_DREB,DEFICIT_REB,DEFICIT_AST,DEFICIT_STL,DEFICIT_BLK,DEFICIT_TO,DEFICIT_PF,DEFICIT_FG2M,DEFICIT_FG2A
0,Wizards,12,24,0.5,20,30,0.667,6,32,38,24,12,5,16,20,108,26,54,0.481481481481,1,0.513513513514,0.490566037736,0.631578947368,0.585365853659,0.47619047619,0.535714285714,0.4,0.507936507937,0.487179487179,0.558139534884,0.631578947368,0.454545454545,0.5,0.526315789474,0.472727272727,0.457627118644
1,Hawks,7,17,0.412,22,26,0.846,9,31,40,19,7,6,16,18,101,29,64,0.453125,0,0.486486486486,0.509433962264,0.368421052632,0.414634146341,0.52380952381,0.464285714286,0.6,0.492063492063,0.512820512821,0.441860465116,0.368421052632,0.545454545455,0.5,0.473684210526,0.527272727273,0.542372881356
