,TEAM_NAME,FG3M,FG3A,FG3_PCT,FTM,FTA,FT_PCT,OREB,DREB,REB,AST,STL,BLK,TO,PF,PTS,FG2M,FG2A,FG2_PCT,OUTCOME,DEFICIT_FGM,DEFICIT_FGA,DEFICIT_FG3M,DEFICIT_FG3A,DEFICIT_FTM,DEFICIT_FTA,DEFICIT_OREB,DEFICIT_DREB,DEFICIT_REB,DEFICIT_AST,DEFICIT_STL,DEFICIT_BLK,DEFICIT_TO,DEFICIT_PF,DEFICIT_FG2M,DEFICIT_FG2A
0,Timberwolves,11,26,0.423,21,30,0.7,14,30,44,24,5,4,14,9,112,29,53,0.547169811321,1,0.470588235294,0.461988304094,0.611111111111,0.52,0.7,0.731707317073,0.518518518519,0.555555555556,0.543209876543,0.452830188679,0.357142857143,0.5,0.56,0.257142857143,0.432835820896,0.438016528926
1,Mavericks,7,24,0.292,9,11,0.818,13,24,37,29,9,4,11,26,106,38,68,0.558823529412,0,0.529411764706,0.538011695906,0.388888888889,0.48,0.3,0.268292682927,0.481481481481,0.444444444444,0.456790123457,0.547169811321,0.642857142857,0.5,0.44,0.742857142857,0.567164179104,0.561983471074
