,TEAM_NAME,FG3M,FG3A,FG3_PCT,FTM,FTA,FT_PCT,OREB,DREB,REB,AST,STL,BLK,TO,PF,PTS,FG2M,FG2A,FG2_PCT,OUTCOME,DEFICIT_FGM,DEFICIT_FGA,DEFICIT_FG3M,DEFICIT_FG3A,DEFICIT_FTM,DEFICIT_FTA,DEFICIT_OREB,DEFICIT_DREB,DEFICIT_REB,DEFICIT_AST,DEFICIT_STL,DEFICIT_BLK,DEFICIT_TO,DEFICIT_PF,DEFICIT_FG2M,DEFICIT_FG2A
0,Jazz,9,18,0.5,25,29,0.862,12,27,39,21,6,1,12,23,112,30,58,0.51724137931,1,0.513157894737,0.493506493506,0.428571428571,0.4,0.581395348837,0.537037037037,0.5,0.54,0.527027027027,0.552631578947,0.428571428571,0.25,0.48,0.450980392157,0.545454545455,0.532110091743
1,Suns,12,27,0.444,18,25,0.72,12,23,35,17,8,3,13,28,104,25,51,0.490196078431,0,0.486842105263,0.506493506494,0.571428571429,0.6,0.418604651163,0.462962962963,0.5,0.46,0.472972972973,0.447368421053,0.571428571429,0.75,0.52,0.549019607843,0.454545454545,0.467889908257
