,TEAM_NAME,FG3M,FG3A,FG3_PCT,FTM,FTA,FT_PCT,OREB,DREB,REB,AST,STL,BLK,TO,PF,PTS,FG2M,FG2A,FG2_PCT,OUTCOME,DEFICIT_FGM,DEFICIT_FGA,DEFICIT_FG3M,DEFICIT_FG3A,DEFICIT_FTM,DEFICIT_FTA,DEFICIT_OREB,DEFICIT_DREB,DEFICIT_REB,DEFICIT_AST,DEFICIT_STL,DEFICIT_BLK,DEFICIT_TO,DEFICIT_PF,DEFICIT_FG2M,DEFICIT_FG2A
0,76ers,6,25,0.24,13,22,0.591,7,32,39,21,10,10,18,18,79,24,47,0.510638297872,0,0.441176470588,0.441717791411,0.375,0.454545454545,0.590909090909,0.628571428571,0.304347826087,0.470588235294,0.428571428571,0.446808510638,0.4,0.909090909091,0.5625,0.529411764706,0.461538461538,0.435185185185
1,Hawks,10,30,0.333,9,13,0.692,16,36,52,26,15,1,14,16,95,28,61,0.459016393443,1,0.558823529412,0.558282208589,0.625,0.545454545455,0.409090909091,0.371428571429,0.695652173913,0.529411764706,0.571428571429,0.553191489362,0.6,0.0909090909091,0.4375,0.470588235294,0.538461538462,0.564814814815
