,TEAM_NAME,FG3M,FG3A,FG3_PCT,FTM,FTA,FT_PCT,OREB,DREB,REB,AST,STL,BLK,TO,PF,PTS,FG2M,FG2A,FG2_PCT,OUTCOME,DEFICIT_FGM,DEFICIT_FGA,DEFICIT_FG3M,DEFICIT_FG3A,DEFICIT_FTM,DEFICIT_FTA,DEFICIT_OREB,DEFICIT_DREB,DEFICIT_REB,DEFICIT_AST,DEFICIT_STL,DEFICIT_BLK,DEFICIT_TO,DEFICIT_PF,DEFICIT_FG2M,DEFICIT_FG2A
0,Hornets,3,14,0.214,23,29,0.793,7,37,44,18,5,3,10,14,96,32,70,0.457142857143,1,0.479452054795,0.491228070175,0.375,0.378378378378,0.793103448276,0.74358974359,0.538461538462,0.486842105263,0.494382022472,0.409090909091,0.625,0.75,0.416666666667,0.341463414634,0.492307692308,0.522388059701
1,Celtics,5,23,0.217,6,10,0.6,6,39,45,26,3,1,14,27,87,33,64,0.515625,0,0.520547945205,0.508771929825,0.625,0.621621621622,0.206896551724,0.25641025641,0.461538461538,0.513157894737,0.505617977528,0.590909090909,0.375,0.25,0.583333333333,0.658536585366,0.507692307692,0.477611940299
