,TEAM_NAME,FG3M,FG3A,FG3_PCT,FTM,FTA,FT_PCT,OREB,DREB,REB,AST,STL,BLK,TO,PF,PTS,FG2M,FG2A,FG2_PCT,OUTCOME,DEFICIT_FGM,DEFICIT_FGA,DEFICIT_FG3M,DEFICIT_FG3A,DEFICIT_FTM,DEFICIT_FTA,DEFICIT_OREB,DEFICIT_DREB,DEFICIT_REB,DEFICIT_AST,DEFICIT_STL,DEFICIT_BLK,DEFICIT_TO,DEFICIT_PF,DEFICIT_FG2M,DEFICIT_FG2A
0,Heat,7,22,0.318,15,21,0.714,16,26,42,18,1,6,10,20,82,23,60,0.383333333333,0,0.441176470588,0.491017964072,0.466666666667,0.488888888889,0.454545454545,0.4375,0.484848484848,0.440677966102,0.45652173913,0.461538461538,0.125,0.6,0.5,0.526315789474,0.433962264151,0.491803278689
1,Nuggets,8,23,0.348,18,27,0.667,17,33,50,21,7,4,10,18,102,30,62,0.483870967742,1,0.558823529412,0.508982035928,0.533333333333,0.511111111111,0.545454545455,0.5625,0.515151515152,0.559322033898,0.54347826087,0.538461538462,0.875,0.4,0.5,0.473684210526,0.566037735849,0.508196721311
