,TEAM_NAME,FG3M,FG3A,FG3_PCT,FTM,FTA,FT_PCT,OREB,DREB,REB,AST,STL,BLK,TO,PF,PTS,FG2M,FG2A,FG2_PCT,OUTCOME,DEFICIT_FGM,DEFICIT_FGA,DEFICIT_FG3M,DEFICIT_FG3A,DEFICIT_FTM,DEFICIT_FTA,DEFICIT_OREB,DEFICIT_DREB,DEFICIT_REB,DEFICIT_AST,DEFICIT_STL,DEFICIT_BLK,DEFICIT_TO,DEFICIT_PF,DEFICIT_FG2M,DEFICIT_FG2A
0,Pelicans,7,18,0.389,20,24,0.833,16,29,45,16,5,3,11,20,107,33,70,0.4714285714285714,0,0.47619047619047616,0.5146198830409356,0.4375,0.46153846153846156,0.5714285714285714,0.5853658536585366,0.7619047619047619,0.5471698113207547,0.6081081081081081,0.48484848484848486,0.5,0.375,0.5789473684210527,0.5263157894736842,0.4852941176470588,0.5303030303030303
1,Mavericks,9,21,0.429,15,17,0.882,5,24,29,17,5,5,8,18,112,35,62,0.5645161290322581,1,0.5238095238095238,0.4853801169590643,0.5625,0.5384615384615384,0.42857142857142855,0.4146341463414634,0.23809523809523808,0.4528301886792453,0.3918918918918919,0.5151515151515151,0.5,0.625,0.42105263157894735,0.47368421052631576,0.5147058823529411,0.4696969696969697
