,TEAM_NAME,FG3M,FG3A,FG3_PCT,FTM,FTA,FT_PCT,OREB,DREB,REB,AST,STL,BLK,TO,PF,PTS,FG2M,FG2A,FG2_PCT,OUTCOME,DEFICIT_FGM,DEFICIT_FGA,DEFICIT_FG3M,DEFICIT_FG3A,DEFICIT_FTM,DEFICIT_FTA,DEFICIT_OREB,DEFICIT_DREB,DEFICIT_REB,DEFICIT_AST,DEFICIT_STL,DEFICIT_BLK,DEFICIT_TO,DEFICIT_PF,DEFICIT_FG2M,DEFICIT_FG2A
0,Bulls,8,22,0.364,23,32,0.719,15,42,57,21,6,11,15,18,105,29,57,0.508771929825,1,0.560606060606,0.473053892216,0.727272727273,0.611111111111,0.547619047619,0.571428571429,0.5,0.591549295775,0.564356435644,0.567567567568,0.4,0.6875,0.576923076923,0.418604651163,0.527272727273,0.435114503817
1,Nets,3,14,0.214,19,24,0.792,15,29,44,16,9,5,11,25,80,26,74,0.351351351351,0,0.439393939394,0.526946107784,0.272727272727,0.388888888889,0.452380952381,0.428571428571,0.5,0.408450704225,0.435643564356,0.432432432432,0.6,0.3125,0.423076923077,0.581395348837,0.472727272727,0.564885496183
