,TEAM_NAME,FG3M,FG3A,FG3_PCT,FTM,FTA,FT_PCT,OREB,DREB,REB,AST,STL,BLK,TO,PF,PTS,FG2M,FG2A,FG2_PCT,OUTCOME,DEFICIT_FGM,DEFICIT_FGA,DEFICIT_FG3M,DEFICIT_FG3A,DEFICIT_FTM,DEFICIT_FTA,DEFICIT_OREB,DEFICIT_DREB,DEFICIT_REB,DEFICIT_AST,DEFICIT_STL,DEFICIT_BLK,DEFICIT_TO,DEFICIT_PF,DEFICIT_FG2M,DEFICIT_FG2A
0,Trail Blazers,10,35,0.286,10,12,0.833,11,27,38,20,7,10,20,25,82,21,45,0.4666666666666667,0,0.49206349206349204,0.4968944099378882,0.9090909090909091,0.7446808510638298,0.2857142857142857,0.26666666666666666,0.3548387096774194,0.42857142857142855,0.40425531914893614,0.47619047619047616,0.35,0.7692307692307693,0.5263157894736842,0.5681818181818182,0.40384615384615385,0.39473684210526316
1,Timberwolves,1,12,0.083,25,33,0.758,20,36,56,22,13,3,18,19,90,31,69,0.4492753623188406,1,0.5079365079365079,0.5031055900621118,0.09090909090909091,0.2553191489361702,0.7142857142857143,0.7333333333333333,0.6451612903225806,0.5714285714285714,0.5957446808510638,0.5238095238095238,0.65,0.23076923076923078,0.47368421052631576,0.4318181818181818,0.5961538461538461,0.6052631578947368
