,TEAM_NAME,FG3M,FG3A,FG3_PCT,FTM,FTA,FT_PCT,OREB,DREB,REB,AST,STL,BLK,TO,PF,PTS,FG2M,FG2A,FG2_PCT,OUTCOME,DEFICIT_FGM,DEFICIT_FGA,DEFICIT_FG3M,DEFICIT_FG3A,DEFICIT_FTM,DEFICIT_FTA,DEFICIT_OREB,DEFICIT_DREB,DEFICIT_REB,DEFICIT_AST,DEFICIT_STL,DEFICIT_BLK,DEFICIT_TO,DEFICIT_PF,DEFICIT_FG2M,DEFICIT_FG2A
0,Wizards,5,12,0.417,4,9,0.444,8,33,41,26,5,5,9,13,91,36,69,0.5217391304347826,1,0.5189873417721519,0.4909090909090909,0.4166666666666667,0.4444444444444444,0.4,0.5,0.5,0.515625,0.5125,0.6666666666666666,0.4166666666666667,0.4166666666666667,0.5294117647058824,0.52,0.5373134328358209,0.5
1,Magic,7,15,0.467,6,9,0.667,8,31,39,13,7,7,8,12,89,31,69,0.4492753623188406,0,0.4810126582278481,0.509090909090909,0.5833333333333334,0.5555555555555556,0.6,0.5,0.5,0.484375,0.4875,0.3333333333333333,0.5833333333333334,0.5833333333333334,0.47058823529411764,0.48,0.4626865671641791,0.5
