,TEAM_NAME,FG3M,FG3A,FG3_PCT,FTM,FTA,FT_PCT,OREB,DREB,REB,AST,STL,BLK,TO,PF,PTS,FG2M,FG2A,FG2_PCT,OUTCOME,DEFICIT_FGM,DEFICIT_FGA,DEFICIT_FG3M,DEFICIT_FG3A,DEFICIT_FTM,DEFICIT_FTA,DEFICIT_OREB,DEFICIT_DREB,DEFICIT_REB,DEFICIT_AST,DEFICIT_STL,DEFICIT_BLK,DEFICIT_TO,DEFICIT_PF,DEFICIT_FG2M,DEFICIT_FG2A
0,Bucks,8,20,0.4,14,19,0.737,6,34,40,21,6,6,12,20,96,29,55,0.527272727273,1,0.506849315068,0.465838509317,0.533333333333,0.408163265306,0.5,0.487179487179,0.352941176471,0.507462686567,0.47619047619,0.512195121951,0.461538461538,0.857142857143,0.521739130435,0.512820512821,0.5,0.491071428571
1,Celtics,7,29,0.241,14,20,0.7,11,33,44,20,7,1,11,19,93,29,57,0.508771929825,0,0.493150684932,0.534161490683,0.466666666667,0.591836734694,0.5,0.512820512821,0.647058823529,0.492537313433,0.52380952381,0.487804878049,0.538461538462,0.142857142857,0.478260869565,0.487179487179,0.5,0.508928571429
