,TEAM_NAME,FG3M,FG3A,FG3_PCT,FTM,FTA,FT_PCT,OREB,DREB,REB,AST,STL,BLK,TO,PF,PTS,FG2M,FG2A,FG2_PCT,OUTCOME,DEFICIT_FGM,DEFICIT_FGA,DEFICIT_FG3M,DEFICIT_FG3A,DEFICIT_FTM,DEFICIT_FTA,DEFICIT_OREB,DEFICIT_DREB,DEFICIT_REB,DEFICIT_AST,DEFICIT_STL,DEFICIT_BLK,DEFICIT_TO,DEFICIT_PF,DEFICIT_FG2M,DEFICIT_FG2A
0,Knicks,8,18,0.444,14,17,0.824,15,29,44,23,7,1,13,20,92,27,69,0.391304347826,0,0.486111111111,0.517857142857,0.4,0.418604651163,0.411764705882,0.414634146341,0.555555555556,0.446153846154,0.478260869565,0.522727272727,0.466666666667,0.166666666667,0.481481481481,0.512820512821,0.519230769231,0.552
1,Warriors,12,25,0.48,20,24,0.833,12,36,48,21,8,5,14,19,106,25,56,0.446428571429,1,0.513888888889,0.482142857143,0.6,0.581395348837,0.588235294118,0.585365853659,0.444444444444,0.553846153846,0.521739130435,0.477272727273,0.533333333333,0.833333333333,0.518518518519,0.487179487179,0.480769230769,0.448
