,TEAM_NAME,FG3M,FG3A,FG3_PCT,FTM,FTA,FT_PCT,OREB,DREB,REB,AST,STL,BLK,TO,PF,PTS,FG2M,FG2A,FG2_PCT,OUTCOME,DEFICIT_FGM,DEFICIT_FGA,DEFICIT_FG3M,DEFICIT_FG3A,DEFICIT_FTM,DEFICIT_FTA,DEFICIT_OREB,DEFICIT_DREB,DEFICIT_REB,DEFICIT_AST,DEFICIT_STL,DEFICIT_BLK,DEFICIT_TO,DEFICIT_PF,DEFICIT_FG2M,DEFICIT_FG2A
0,76ers,9,23,0.391,22,30,0.733,5,42,47,19,6,5,15,22,89,20,51,0.392156862745,1,0.5,0.46835443038,0.6,0.5,0.564102564103,0.6,0.5,0.525,0.522222222222,0.441860465116,0.4,0.5,0.555555555556,0.52380952381,0.46511627907,0.455357142857
1,Hornets,6,23,0.261,17,20,0.85,5,38,43,24,9,5,12,20,81,23,61,0.377049180328,0,0.5,0.53164556962,0.4,0.5,0.435897435897,0.4,0.5,0.475,0.477777777778,0.558139534884,0.6,0.5,0.444444444444,0.47619047619,0.53488372093,0.544642857143
