,TEAM_NAME,FG3M,FG3A,FG3_PCT,FTM,FTA,FT_PCT,OREB,DREB,REB,AST,STL,BLK,TO,PF,PTS,FG2M,FG2A,FG2_PCT,OUTCOME,DEFICIT_FGM,DEFICIT_FGA,DEFICIT_FG3M,DEFICIT_FG3A,DEFICIT_FTM,DEFICIT_FTA,DEFICIT_OREB,DEFICIT_DREB,DEFICIT_REB,DEFICIT_AST,DEFICIT_STL,DEFICIT_BLK,DEFICIT_TO,DEFICIT_PF,DEFICIT_FG2M,DEFICIT_FG2A
0,Bucks,8,20,0.4,14,19,0.737,6,34,40,21,6,6,12,20,96,29,55,0.5272727272727272,1,0.5068493150684932,0.4658385093167702,0.5333333333333333,0.40816326530612246,0.5,0.48717948717948717,0.35294117647058826,0.5074626865671642,0.47619047619047616,0.5121951219512195,0.46153846153846156,0.8571428571428571,0.5217391304347826,0.5128205128205128,0.5,0.49107142857142855
1,Celtics,7,29,0.241,14,20,0.7,11,33,44,20,7,1,11,19,93,29,57,0.5087719298245614,0,0.4931506849315068,0.5341614906832298,0.4666666666666667,0.5918367346938775,0.5,0.5128205128205128,0.6470588235294118,0.4925373134328358,0.5238095238095238,0.4878048780487805,0.5384615384615384,0.14285714285714285,0.4782608695652174,0.48717948717948717,0.5,0.5089285714285714
