,TEAM_NAME,FG3M,FG3A,FG3_PCT,FTM,FTA,FT_PCT,OREB,DREB,REB,AST,STL,BLK,TO,PF,PTS,FG2M,FG2A,FG2_PCT,OUTCOME,DEFICIT_FGM,DEFICIT_FGA,DEFICIT_FG3M,DEFICIT_FG3A,DEFICIT_FTM,DEFICIT_FTA,DEFICIT_OREB,DEFICIT_DREB,DEFICIT_REB,DEFICIT_AST,DEFICIT_STL,DEFICIT_BLK,DEFICIT_TO,DEFICIT_PF,DEFICIT_FG2M,DEFICIT_FG2A
0,Trail Blazers,10,32,0.313,17,24,0.708,17,41,58,24,11,4,22,21,101,27,57,0.47368421052631576,0,0.4625,0.4587628865979381,0.4166666666666667,0.47058823529411764,0.6071428571428571,0.6,0.4594594594594595,0.5394736842105263,0.5132743362831859,0.5333333333333333,0.5,0.36363636363636365,0.5945945945945946,0.5121951219512195,0.48214285714285715,0.4523809523809524
1,Mavericks,14,36,0.389,11,16,0.688,20,35,55,21,11,7,15,20,111,29,69,0.42028985507246375,1,0.5375,0.5412371134020618,0.5833333333333334,0.5294117647058824,0.39285714285714285,0.4,0.5405405405405406,0.4605263157894737,0.48672566371681414,0.4666666666666667,0.5,0.6363636363636364,0.40540540540540543,0.4878048780487805,0.5178571428571429,0.5476190476190477
