,TEAM_NAME,FG3M,FG3A,FG3_PCT,FTM,FTA,FT_PCT,OREB,DREB,REB,AST,STL,BLK,TO,PF,PTS,FG2M,FG2A,FG2_PCT,OUTCOME,DEFICIT_FGM,DEFICIT_FGA,DEFICIT_FG3M,DEFICIT_FG3A,DEFICIT_FTM,DEFICIT_FTA,DEFICIT_OREB,DEFICIT_DREB,DEFICIT_REB,DEFICIT_AST,DEFICIT_STL,DEFICIT_BLK,DEFICIT_TO,DEFICIT_PF,DEFICIT_FG2M,DEFICIT_FG2A
0,Raptors,9,29,0.31,16,25,0.64,15,25,40,14,9,5,16,23,83,20,50,0.4,0,0.453125,0.509677419355,0.529411764706,0.56862745098,0.410256410256,0.490196078431,0.555555555556,0.438596491228,0.47619047619,0.4,0.428571428571,0.416666666667,0.533333333333,0.479166666667,0.425531914894,0.480769230769
1,Pacers,8,22,0.364,23,26,0.885,12,32,44,21,12,7,14,25,101,27,54,0.5,1,0.546875,0.490322580645,0.470588235294,0.43137254902,0.589743589744,0.509803921569,0.444444444444,0.561403508772,0.52380952381,0.6,0.571428571429,0.583333333333,0.466666666667,0.520833333333,0.574468085106,0.519230769231
