,TEAM_NAME,FG3M,FG3A,FG3_PCT,FTM,FTA,FT_PCT,OREB,DREB,REB,AST,STL,BLK,TO,PF,PTS,FG2M,FG2A,FG2_PCT,OUTCOME,DEFICIT_FGM,DEFICIT_FGA,DEFICIT_FG3M,DEFICIT_FG3A,DEFICIT_FTM,DEFICIT_FTA,DEFICIT_OREB,DEFICIT_DREB,DEFICIT_REB,DEFICIT_AST,DEFICIT_STL,DEFICIT_BLK,DEFICIT_TO,DEFICIT_PF,DEFICIT_FG2M,DEFICIT_FG2A
0,Jazz,10,33,0.303,16,18,0.889,14,33,47,18,8,6,12,22,104,29,49,0.591836734694,1,0.582089552239,0.518987341772,0.625,0.673469387755,0.421052631579,0.4,0.583333333333,0.578947368421,0.58024691358,0.461538461538,0.615384615385,0.6,0.5,0.564102564103,0.56862745098,0.449541284404
1,Timberwolves,6,16,0.375,22,27,0.815,10,24,34,21,5,4,12,17,84,22,60,0.366666666667,0,0.417910447761,0.481012658228,0.375,0.326530612245,0.578947368421,0.6,0.416666666667,0.421052631579,0.41975308642,0.538461538462,0.384615384615,0.4,0.5,0.435897435897,0.43137254902,0.550458715596
