,TEAM_NAME,FG3M,FG3A,FG3_PCT,FTM,FTA,FT_PCT,OREB,DREB,REB,AST,STL,BLK,TO,PF,PTS,FG2M,FG2A,FG2_PCT,OUTCOME,DEFICIT_FGM,DEFICIT_FGA,DEFICIT_FG3M,DEFICIT_FG3A,DEFICIT_FTM,DEFICIT_FTA,DEFICIT_OREB,DEFICIT_DREB,DEFICIT_REB,DEFICIT_AST,DEFICIT_STL,DEFICIT_BLK,DEFICIT_TO,DEFICIT_PF,DEFICIT_FG2M,DEFICIT_FG2A
0,Raptors,7,27,0.259,18,22,0.818,13,33,46,14,7,3,15,19,75,18,51,0.352941176471,0,0.431034482759,0.493670886076,0.5,0.627906976744,0.666666666667,0.564102564103,0.65,0.471428571429,0.511111111111,0.368421052632,0.466666666667,0.333333333333,0.555555555556,0.513513513514,0.409090909091,0.44347826087
1,Bucks,7,16,0.438,9,17,0.529,7,37,44,24,8,6,12,18,82,26,64,0.40625,1,0.568965517241,0.506329113924,0.5,0.372093023256,0.333333333333,0.435897435897,0.35,0.528571428571,0.488888888889,0.631578947368,0.533333333333,0.666666666667,0.444444444444,0.486486486486,0.590909090909,0.55652173913
