,TEAM_NAME,FG3M,FG3A,FG3_PCT,FTM,FTA,FT_PCT,OREB,DREB,REB,AST,STL,BLK,TO,PF,PTS,FG2M,FG2A,FG2_PCT,OUTCOME,DEFICIT_FGM,DEFICIT_FGA,DEFICIT_FG3M,DEFICIT_FG3A,DEFICIT_FTM,DEFICIT_FTA,DEFICIT_OREB,DEFICIT_DREB,DEFICIT_REB,DEFICIT_AST,DEFICIT_STL,DEFICIT_BLK,DEFICIT_TO,DEFICIT_PF,DEFICIT_FG2M,DEFICIT_FG2A
0,Magic,6,23,0.261,15,18,0.833,14,30,44,23,5,1,13,21,97,32,67,0.47761194029850745,0,0.5066666666666667,0.5454545454545454,0.42857142857142855,0.5348837209302325,0.40540540540540543,0.4090909090909091,0.6363636363636364,0.4838709677419355,0.5238095238095238,0.4791666666666667,0.3333333333333333,0.16666666666666666,0.5,0.5121951219512195,0.5245901639344263,0.5491803278688525
1,Thunder,8,20,0.4,22,26,0.846,8,32,40,25,10,5,13,20,104,29,55,0.5272727272727272,1,0.49333333333333335,0.45454545454545453,0.5714285714285714,0.46511627906976744,0.5945945945945946,0.5909090909090909,0.36363636363636365,0.5161290322580645,0.47619047619047616,0.5208333333333334,0.6666666666666666,0.8333333333333334,0.5,0.4878048780487805,0.47540983606557374,0.45081967213114754
