,TEAM_NAME,FG3M,FG3A,FG3_PCT,FTM,FTA,FT_PCT,OREB,DREB,REB,AST,STL,BLK,TO,PF,PTS,FG2M,FG2A,FG2_PCT,OUTCOME,DEFICIT_FGM,DEFICIT_FGA,DEFICIT_FG3M,DEFICIT_FG3A,DEFICIT_FTM,DEFICIT_FTA,DEFICIT_OREB,DEFICIT_DREB,DEFICIT_REB,DEFICIT_AST,DEFICIT_STL,DEFICIT_BLK,DEFICIT_TO,DEFICIT_PF,DEFICIT_FG2M,DEFICIT_FG2A
0,Timberwolves,3,13,0.231,23,26,0.885,16,31,47,18,10,2,15,22,94,31,69,0.4492753623188406,0,0.4657534246575342,0.4939759036144578,0.23076923076923078,0.29545454545454547,0.6571428571428571,0.5909090909090909,0.5714285714285714,0.5,0.5222222222222223,0.4,0.47619047619047616,0.16666666666666666,0.5,0.55,0.5166666666666667,0.5655737704918032
1,Mavericks,10,31,0.323,12,18,0.667,12,31,43,27,11,10,15,18,100,29,53,0.5471698113207547,1,0.5342465753424658,0.5060240963855421,0.7692307692307693,0.7045454545454546,0.34285714285714286,0.4090909090909091,0.42857142857142855,0.5,0.4777777777777778,0.6,0.5238095238095238,0.8333333333333334,0.5,0.45,0.48333333333333334,0.4344262295081967
