,TEAM_NAME,FG3M,FG3A,FG3_PCT,FTM,FTA,FT_PCT,OREB,DREB,REB,AST,STL,BLK,TO,PF,PTS,FG2M,FG2A,FG2_PCT,OUTCOME,DEFICIT_FGM,DEFICIT_FGA,DEFICIT_FG3M,DEFICIT_FG3A,DEFICIT_FTM,DEFICIT_FTA,DEFICIT_OREB,DEFICIT_DREB,DEFICIT_REB,DEFICIT_AST,DEFICIT_STL,DEFICIT_BLK,DEFICIT_TO,DEFICIT_PF,DEFICIT_FG2M,DEFICIT_FG2A
0,76ers,4,19,0.211,21,27,0.778,8,30,38,21,9,6,10,18,93,30,67,0.44776119403,0,0.435897435897,0.491428571429,0.235294117647,0.404255319149,0.677419354839,0.6,0.363636363636,0.405405405405,0.395833333333,0.42,0.642857142857,0.4,0.357142857143,0.4,0.491803278689,0.5234375
1,Cavaliers,13,28,0.464,10,18,0.556,14,44,58,29,5,9,18,27,111,31,61,0.508196721311,1,0.564102564103,0.508571428571,0.764705882353,0.595744680851,0.322580645161,0.4,0.636363636364,0.594594594595,0.604166666667,0.58,0.357142857143,0.6,0.642857142857,0.6,0.508196721311,0.4765625
