,TEAM_NAME,FG3M,FG3A,FG3_PCT,FTM,FTA,FT_PCT,OREB,DREB,REB,AST,STL,BLK,TO,PF,PTS,FG2M,FG2A,FG2_PCT,OUTCOME,DEFICIT_FGM,DEFICIT_FGA,DEFICIT_FG3M,DEFICIT_FG3A,DEFICIT_FTM,DEFICIT_FTA,DEFICIT_OREB,DEFICIT_DREB,DEFICIT_REB,DEFICIT_AST,DEFICIT_STL,DEFICIT_BLK,DEFICIT_TO,DEFICIT_PF,DEFICIT_FG2M,DEFICIT_FG2A
0,Wizards,7,29,0.241,17,20,0.85,6,36,42,16,6,4,15,28,98,30,60,0.5,0,0.456790123457,0.5,0.4375,0.537037037037,0.472222222222,0.384615384615,0.352941176471,0.48,0.45652173913,0.380952380952,0.5,0.444444444444,0.576923076923,0.622222222222,0.461538461538,0.483870967742
1,Hawks,9,25,0.36,19,32,0.594,11,39,50,26,6,5,11,17,116,35,64,0.546875,1,0.543209876543,0.5,0.5625,0.462962962963,0.527777777778,0.615384615385,0.647058823529,0.52,0.54347826087,0.619047619048,0.5,0.555555555556,0.423076923077,0.377777777778,0.538461538462,0.516129032258
