,TEAM_NAME,FG3M,FG3A,FG3_PCT,FTM,FTA,FT_PCT,OREB,DREB,REB,AST,STL,BLK,TO,PF,PTS,FG2M,FG2A,FG2_PCT,OUTCOME,DEFICIT_FGM,DEFICIT_FGA,DEFICIT_FG3M,DEFICIT_FG3A,DEFICIT_FTM,DEFICIT_FTA,DEFICIT_OREB,DEFICIT_DREB,DEFICIT_REB,DEFICIT_AST,DEFICIT_STL,DEFICIT_BLK,DEFICIT_TO,DEFICIT_PF,DEFICIT_FG2M,DEFICIT_FG2A
0,Kings,2,15,0.133,18,28,0.643,11,35,46,12,9,5,16,17,84,30,72,0.4166666666666667,0,0.42105263157894735,0.48066298342541436,0.2857142857142857,0.4166666666666667,0.5806451612903226,0.6511627906976745,0.55,0.4666666666666667,0.4842105263157895,0.2727272727272727,0.5,0.4166666666666667,0.5925925925925926,0.425,0.43478260869565216,0.496551724137931
1,Celtics,5,21,0.238,13,15,0.867,9,40,49,32,9,7,11,23,106,39,73,0.5342465753424658,1,0.5789473684210527,0.5193370165745856,0.7142857142857143,0.5833333333333334,0.41935483870967744,0.3488372093023256,0.45,0.5333333333333333,0.5157894736842106,0.7272727272727273,0.5,0.5833333333333334,0.4074074074074074,0.575,0.5652173913043478,0.503448275862069
