,TEAM_NAME,FG3M,FG3A,FG3_PCT,FTM,FTA,FT_PCT,OREB,DREB,REB,AST,STL,BLK,TO,PF,PTS,FG2M,FG2A,FG2_PCT,OUTCOME,DEFICIT_FGM,DEFICIT_FGA,DEFICIT_FG3M,DEFICIT_FG3A,DEFICIT_FTM,DEFICIT_FTA,DEFICIT_OREB,DEFICIT_DREB,DEFICIT_REB,DEFICIT_AST,DEFICIT_STL,DEFICIT_BLK,DEFICIT_TO,DEFICIT_PF,DEFICIT_FG2M,DEFICIT_FG2A
0,Rockets,17,43,0.395,9,14,0.643,10,31,41,22,10,7,14,25,102,21,45,0.466666666667,1,0.567164179104,0.536585365854,0.85,0.704918032787,0.290322580645,0.35,0.588235294118,0.476923076923,0.5,0.594594594595,0.625,0.4375,0.466666666667,0.595238095238,0.446808510638,0.436893203883
1,Hornets,3,18,0.167,22,26,0.846,7,34,41,15,6,9,16,17,83,26,58,0.448275862069,0,0.432835820896,0.463414634146,0.15,0.295081967213,0.709677419355,0.65,0.411764705882,0.523076923077,0.5,0.405405405405,0.375,0.5625,0.533333333333,0.404761904762,0.553191489362,0.563106796117
