,TEAM_NAME,FG3M,FG3A,FG3_PCT,FTM,FTA,FT_PCT,OREB,DREB,REB,AST,STL,BLK,TO,PF,PTS,FG2M,FG2A,FG2_PCT,OUTCOME,DEFICIT_FGM,DEFICIT_FGA,DEFICIT_FG3M,DEFICIT_FG3A,DEFICIT_FTM,DEFICIT_FTA,DEFICIT_OREB,DEFICIT_DREB,DEFICIT_REB,DEFICIT_AST,DEFICIT_STL,DEFICIT_BLK,DEFICIT_TO,DEFICIT_PF,DEFICIT_FG2M,DEFICIT_FG2A
0,Rockets,17,43,0.395,9,14,0.643,10,31,41,22,10,7,14,25,102,21,45,0.4666666666666667,1,0.5671641791044776,0.5365853658536586,0.85,0.7049180327868853,0.2903225806451613,0.35,0.5882352941176471,0.47692307692307695,0.5,0.5945945945945946,0.625,0.4375,0.4666666666666667,0.5952380952380952,0.44680851063829785,0.4368932038834951
1,Hornets,3,18,0.167,22,26,0.846,7,34,41,15,6,9,16,17,83,26,58,0.4482758620689655,0,0.43283582089552236,0.4634146341463415,0.15,0.29508196721311475,0.7096774193548387,0.65,0.4117647058823529,0.5230769230769231,0.5,0.40540540540540543,0.375,0.5625,0.5333333333333333,0.40476190476190477,0.5531914893617021,0.5631067961165048
