,TEAM_NAME,FG3M,FG3A,FG3_PCT,FTM,FTA,FT_PCT,OREB,DREB,REB,AST,STL,BLK,TO,PF,PTS,FG2M,FG2A,FG2_PCT,OUTCOME,DEFICIT_FGM,DEFICIT_FGA,DEFICIT_FG3M,DEFICIT_FG3A,DEFICIT_FTM,DEFICIT_FTA,DEFICIT_OREB,DEFICIT_DREB,DEFICIT_REB,DEFICIT_AST,DEFICIT_STL,DEFICIT_BLK,DEFICIT_TO,DEFICIT_PF,DEFICIT_FG2M,DEFICIT_FG2A
0,Spurs,6,24,0.25,11,18,0.611,8,40,48,24,5,7,14,19,95,33,65,0.507692307692,1,0.534246575342,0.5,0.428571428571,0.461538461538,0.392857142857,0.473684210526,0.421052631579,0.493827160494,0.48,0.615384615385,0.384615384615,0.875,0.518518518519,0.487179487179,0.559322033898,0.515873015873
1,Pelicans,8,28,0.286,17,20,0.85,11,41,52,15,8,1,13,20,93,26,61,0.426229508197,0,0.465753424658,0.5,0.571428571429,0.538461538462,0.607142857143,0.526315789474,0.578947368421,0.506172839506,0.52,0.384615384615,0.615384615385,0.125,0.481481481481,0.512820512821,0.440677966102,0.484126984127
