,TEAM_NAME,FG3M,FG3A,FG3_PCT,FTM,FTA,FT_PCT,OREB,DREB,REB,AST,STL,BLK,TO,PF,PTS,FG2M,FG2A,FG2_PCT,OUTCOME,DEFICIT_FGM,DEFICIT_FGA,DEFICIT_FG3M,DEFICIT_FG3A,DEFICIT_FTM,DEFICIT_FTA,DEFICIT_OREB,DEFICIT_DREB,DEFICIT_REB,DEFICIT_AST,DEFICIT_STL,DEFICIT_BLK,DEFICIT_TO,DEFICIT_PF,DEFICIT_FG2M,DEFICIT_FG2A
0,Suns,13,27,0.481,29,35,0.829,7,32,39,17,7,3,13,35,134,33,63,0.52380952381,0,0.528735632184,0.47619047619,0.541666666667,0.435483870968,0.397260273973,0.416666666667,0.269230769231,0.507936507937,0.438202247191,0.435897435897,0.538461538462,0.428571428571,0.52,0.564516129032,0.52380952381,0.496062992126
1,Thunder,11,35,0.314,44,49,0.898,19,31,50,22,6,4,12,27,137,30,64,0.46875,1,0.471264367816,0.52380952381,0.458333333333,0.564516129032,0.602739726027,0.583333333333,0.730769230769,0.492063492063,0.561797752809,0.564102564103,0.461538461538,0.571428571429,0.48,0.435483870968,0.47619047619,0.503937007874
