,TEAM_NAME,FG3M,FG3A,FG3_PCT,FTM,FTA,FT_PCT,OREB,DREB,REB,AST,STL,BLK,TO,PF,PTS,FG2M,FG2A,FG2_PCT,OUTCOME,DEFICIT_FGM,DEFICIT_FGA,DEFICIT_FG3M,DEFICIT_FG3A,DEFICIT_FTM,DEFICIT_FTA,DEFICIT_OREB,DEFICIT_DREB,DEFICIT_REB,DEFICIT_AST,DEFICIT_STL,DEFICIT_BLK,DEFICIT_TO,DEFICIT_PF,DEFICIT_FG2M,DEFICIT_FG2A
0,Suns,13,27,0.481,29,35,0.829,7,32,39,17,7,3,13,35,134,33,63,0.5238095238095238,0,0.5287356321839081,0.47619047619047616,0.5416666666666666,0.43548387096774194,0.3972602739726027,0.4166666666666667,0.2692307692307692,0.5079365079365079,0.43820224719101125,0.4358974358974359,0.5384615384615384,0.42857142857142855,0.52,0.5645161290322581,0.5238095238095238,0.49606299212598426
1,Thunder,11,35,0.314,44,49,0.898,19,31,50,22,6,4,12,27,137,30,64,0.46875,1,0.47126436781609193,0.5238095238095238,0.4583333333333333,0.5645161290322581,0.6027397260273972,0.5833333333333334,0.7307692307692307,0.49206349206349204,0.5617977528089888,0.5641025641025641,0.46153846153846156,0.5714285714285714,0.48,0.43548387096774194,0.47619047619047616,0.5039370078740157
