,TEAM_NAME,FG3M,FG3A,FG3_PCT,FTM,FTA,FT_PCT,OREB,DREB,REB,AST,STL,BLK,TO,PF,PTS,FG2M,FG2A,FG2_PCT,OUTCOME,DEFICIT_FGM,DEFICIT_FGA,DEFICIT_FG3M,DEFICIT_FG3A,DEFICIT_FTM,DEFICIT_FTA,DEFICIT_OREB,DEFICIT_DREB,DEFICIT_REB,DEFICIT_AST,DEFICIT_STL,DEFICIT_BLK,DEFICIT_TO,DEFICIT_PF,DEFICIT_FG2M,DEFICIT_FG2A
0,Knicks,4,17,0.235,10,15,0.667,7,33,40,24,6,2,7,19,78,28,67,0.417910447761194,0,0.47058823529411764,0.5060240963855421,0.21052631578947367,0.3333333333333333,0.45454545454545453,0.42857142857142855,0.5833333333333334,0.4230769230769231,0.4444444444444444,0.46153846153846156,0.5,0.4,0.4117647058823529,0.59375,0.5714285714285714,0.5826086956521739
1,Clippers,15,34,0.441,12,20,0.6,5,45,50,28,6,3,10,13,99,21,48,0.4375,1,0.5294117647058824,0.4939759036144578,0.7894736842105263,0.6666666666666666,0.5454545454545454,0.5714285714285714,0.4166666666666667,0.5769230769230769,0.5555555555555556,0.5384615384615384,0.5,0.6,0.5882352941176471,0.40625,0.42857142857142855,0.41739130434782606
