,TEAM_NAME,FG3M,FG3A,FG3_PCT,FTM,FTA,FT_PCT,OREB,DREB,REB,AST,STL,BLK,TO,PF,PTS,FG2M,FG2A,FG2_PCT,OUTCOME,DEFICIT_FGM,DEFICIT_FGA,DEFICIT_FG3M,DEFICIT_FG3A,DEFICIT_FTM,DEFICIT_FTA,DEFICIT_OREB,DEFICIT_DREB,DEFICIT_REB,DEFICIT_AST,DEFICIT_STL,DEFICIT_BLK,DEFICIT_TO,DEFICIT_PF,DEFICIT_FG2M,DEFICIT_FG2A
0,Thunder,11,25,0.44,16,24,0.667,8,35,43,17,5,4,15,15,109,30,61,0.4918032786885246,0,0.4606741573033708,0.4777777777777778,0.4782608695652174,0.44642857142857145,0.7272727272727273,0.7058823529411765,0.4444444444444444,0.546875,0.524390243902439,0.3469387755102041,0.35714285714285715,0.36363636363636365,0.625,0.5,0.45454545454545453,0.49193548387096775
1,Warriors,12,31,0.387,6,10,0.6,10,29,39,32,9,7,9,15,114,36,63,0.5714285714285714,1,0.5393258426966292,0.5222222222222223,0.5217391304347826,0.5535714285714286,0.2727272727272727,0.29411764705882354,0.5555555555555556,0.453125,0.47560975609756095,0.6530612244897959,0.6428571428571429,0.6363636363636364,0.375,0.5,0.5454545454545454,0.5080645161290323
