,TEAM_NAME,FG3M,FG3A,FG3_PCT,FTM,FTA,FT_PCT,OREB,DREB,REB,AST,STL,BLK,TO,PF,PTS,FG2M,FG2A,FG2_PCT,OUTCOME,DEFICIT_FGM,DEFICIT_FGA,DEFICIT_FG3M,DEFICIT_FG3A,DEFICIT_FTM,DEFICIT_FTA,DEFICIT_OREB,DEFICIT_DREB,DEFICIT_REB,DEFICIT_AST,DEFICIT_STL,DEFICIT_BLK,DEFICIT_TO,DEFICIT_PF,DEFICIT_FG2M,DEFICIT_FG2A
0,Pelicans,5,18,0.278,18,22,0.818,12,33,45,21,4,8,12,17,99,33,64,0.515625,1,0.5352112676056338,0.4880952380952381,0.45454545454545453,0.4186046511627907,0.5,0.4888888888888889,0.5,0.515625,0.5113636363636364,0.525,0.3333333333333333,0.6666666666666666,0.5217391304347826,0.4857142857142857,0.55,0.512
1,Rockets,6,25,0.24,18,23,0.783,12,31,43,19,8,4,11,18,90,27,61,0.4426229508196721,0,0.4647887323943662,0.5119047619047619,0.5454545454545454,0.5813953488372093,0.5,0.5111111111111111,0.5,0.484375,0.48863636363636365,0.475,0.6666666666666666,0.3333333333333333,0.4782608695652174,0.5142857142857142,0.45,0.488
