,TEAM_NAME,FG3M,FG3A,FG3_PCT,FTM,FTA,FT_PCT,OREB,DREB,REB,AST,STL,BLK,TO,PF,PTS,FG2M,FG2A,FG2_PCT,OUTCOME,DEFICIT_FGM,DEFICIT_FGA,DEFICIT_FG3M,DEFICIT_FG3A,DEFICIT_FTM,DEFICIT_FTA,DEFICIT_OREB,DEFICIT_DREB,DEFICIT_REB,DEFICIT_AST,DEFICIT_STL,DEFICIT_BLK,DEFICIT_TO,DEFICIT_PF,DEFICIT_FG2M,DEFICIT_FG2A
0,Knicks,6,9,0.667,15,19,0.789,14,27,41,19,7,6,16,24,97,32,73,0.4383561643835616,0,0.5277777777777778,0.5222929936305732,0.3333333333333333,0.28125,0.39473684210526316,0.3877551020408163,0.56,0.5625,0.5616438356164384,0.4523809523809524,0.4375,0.42857142857142855,0.5925925925925926,0.5853658536585366,0.5925925925925926,0.584
1,Bulls,12,23,0.522,23,30,0.767,11,21,32,23,9,8,11,17,103,22,52,0.4230769230769231,1,0.4722222222222222,0.47770700636942676,0.6666666666666666,0.71875,0.6052631578947368,0.6122448979591837,0.44,0.4375,0.4383561643835616,0.5476190476190477,0.5625,0.5714285714285714,0.4074074074074074,0.4146341463414634,0.4074074074074074,0.416
