,TEAM_NAME,FG3M,FG3A,FG3_PCT,FTM,FTA,FT_PCT,OREB,DREB,REB,AST,STL,BLK,TO,PF,PTS,FG2M,FG2A,FG2_PCT,OUTCOME,DEFICIT_FGM,DEFICIT_FGA,DEFICIT_FG3M,DEFICIT_FG3A,DEFICIT_FTM,DEFICIT_FTA,DEFICIT_OREB,DEFICIT_DREB,DEFICIT_REB,DEFICIT_AST,DEFICIT_STL,DEFICIT_BLK,DEFICIT_TO,DEFICIT_PF,DEFICIT_FG2M,DEFICIT_FG2A
0,Kings,6,14,0.429,25,33,0.758,4,31,35,24,5,0,21,23,107,32,53,0.6037735849056604,0,0.5066666666666667,0.47183098591549294,0.3157894736842105,0.3783783783783784,0.5434782608695652,0.55,0.4444444444444444,0.5849056603773585,0.5645161290322581,0.5,0.4166666666666667,0.0,0.5675675675675675,0.46938775510204084,0.5714285714285714,0.5047619047619047
1,Bucks,13,23,0.565,21,27,0.778,5,22,27,24,7,2,16,26,108,24,52,0.46153846153846156,1,0.49333333333333335,0.528169014084507,0.6842105263157895,0.6216216216216216,0.45652173913043476,0.45,0.5555555555555556,0.41509433962264153,0.43548387096774194,0.5,0.5833333333333334,1.0,0.43243243243243246,0.5306122448979592,0.42857142857142855,0.49523809523809526
