,TEAM_NAME,FG3M,FG3A,FG3_PCT,FTM,FTA,FT_PCT,OREB,DREB,REB,AST,STL,BLK,TO,PF,PTS,FG2M,FG2A,FG2_PCT,OUTCOME,DEFICIT_FGM,DEFICIT_FGA,DEFICIT_FG3M,DEFICIT_FG3A,DEFICIT_FTM,DEFICIT_FTA,DEFICIT_OREB,DEFICIT_DREB,DEFICIT_REB,DEFICIT_AST,DEFICIT_STL,DEFICIT_BLK,DEFICIT_TO,DEFICIT_PF,DEFICIT_FG2M,DEFICIT_FG2A
0,Spurs,6,18,0.333,12,17,0.706,9,39,48,27,6,8,17,10,102,36,60,0.6,1,0.5,0.448275862069,0.352941176471,0.367346938776,0.705882352941,0.772727272727,0.473684210526,0.573529411765,0.551724137931,0.551020408163,0.375,0.8,0.62962962963,0.344827586207,0.537313432836,0.48
1,Hawks,11,31,0.355,5,5,1.0,10,29,39,22,10,2,10,19,100,31,65,0.476923076923,0,0.5,0.551724137931,0.647058823529,0.632653061224,0.294117647059,0.227272727273,0.526315789474,0.426470588235,0.448275862069,0.448979591837,0.625,0.2,0.37037037037,0.655172413793,0.462686567164,0.52
