,TEAM_NAME,FG3M,FG3A,FG3_PCT,FTM,FTA,FT_PCT,OREB,DREB,REB,AST,STL,BLK,TO,PF,PTS,FG2M,FG2A,FG2_PCT,OUTCOME,DEFICIT_FGM,DEFICIT_FGA,DEFICIT_FG3M,DEFICIT_FG3A,DEFICIT_FTM,DEFICIT_FTA,DEFICIT_OREB,DEFICIT_DREB,DEFICIT_REB,DEFICIT_AST,DEFICIT_STL,DEFICIT_BLK,DEFICIT_TO,DEFICIT_PF,DEFICIT_FG2M,DEFICIT_FG2A
0,Kings,7,23,0.304,27,37,0.73,16,35,51,14,4,7,22,27,104,28,60,0.466666666667,0,0.454545454545,0.479768786127,0.583333333333,0.547619047619,0.529411764706,0.544117647059,0.551724137931,0.507246376812,0.520408163265,0.378378378378,0.25,0.388888888889,0.647058823529,0.465517241379,0.430769230769,0.458015267176
1,76ers,5,19,0.263,24,31,0.774,13,34,47,23,12,11,12,31,113,37,71,0.521126760563,1,0.545454545455,0.520231213873,0.416666666667,0.452380952381,0.470588235294,0.455882352941,0.448275862069,0.492753623188,0.479591836735,0.621621621622,0.75,0.611111111111,0.352941176471,0.534482758621,0.569230769231,0.541984732824
