,TEAM_NAME,FG3M,FG3A,FG3_PCT,FTM,FTA,FT_PCT,OREB,DREB,REB,AST,STL,BLK,TO,PF,PTS,FG2M,FG2A,FG2_PCT,OUTCOME,DEFICIT_FGM,DEFICIT_FGA,DEFICIT_FG3M,DEFICIT_FG3A,DEFICIT_FTM,DEFICIT_FTA,DEFICIT_OREB,DEFICIT_DREB,DEFICIT_REB,DEFICIT_AST,DEFICIT_STL,DEFICIT_BLK,DEFICIT_TO,DEFICIT_PF,DEFICIT_FG2M,DEFICIT_FG2A
0,Trail Blazers,21,33,0.636,5,7,0.714,12,40,52,34,8,2,15,25,134,33,60,0.55,1,0.613636363636,0.540697674419,0.75,0.673469387755,0.147058823529,0.162790697674,0.666666666667,0.625,0.634146341463,0.69387755102,0.444444444444,0.5,0.625,0.714285714286,0.55,0.487804878049
1,Bobcats,7,16,0.438,29,36,0.806,6,24,30,15,10,2,9,10,104,27,63,0.428571428571,0,0.386363636364,0.459302325581,0.25,0.326530612245,0.852941176471,0.837209302326,0.333333333333,0.375,0.365853658537,0.30612244898,0.555555555556,0.5,0.375,0.285714285714,0.45,0.512195121951
