,TEAM_NAME,FG3M,FG3A,FG3_PCT,FTM,FTA,FT_PCT,OREB,DREB,REB,AST,STL,BLK,TO,PF,PTS,FG2M,FG2A,FG2_PCT,OUTCOME,DEFICIT_FGM,DEFICIT_FGA,DEFICIT_FG3M,DEFICIT_FG3A,DEFICIT_FTM,DEFICIT_FTA,DEFICIT_OREB,DEFICIT_DREB,DEFICIT_REB,DEFICIT_AST,DEFICIT_STL,DEFICIT_BLK,DEFICIT_TO,DEFICIT_PF,DEFICIT_FG2M,DEFICIT_FG2A
0,Spurs,14,32,0.438,13,19,0.684,9,25,34,29,5,4,12,16,101,23,45,0.511111111111,0,0.486842105263,0.503267973856,0.608695652174,0.65306122449,0.41935483871,0.487179487179,0.5,0.446428571429,0.459459459459,0.604166666667,0.416666666667,0.444444444444,0.48,0.410256410256,0.433962264151,0.432692307692
1,Knicks,9,17,0.529,18,20,0.9,9,31,40,19,7,5,13,23,105,30,59,0.508474576271,1,0.513157894737,0.496732026144,0.391304347826,0.34693877551,0.58064516129,0.512820512821,0.5,0.553571428571,0.540540540541,0.395833333333,0.583333333333,0.555555555556,0.52,0.589743589744,0.566037735849,0.567307692308
