,TEAM_NAME,FG3M,FG3A,FG3_PCT,FTM,FTA,FT_PCT,OREB,DREB,REB,AST,STL,BLK,TO,PF,PTS,FG2M,FG2A,FG2_PCT,OUTCOME,DEFICIT_FGM,DEFICIT_FGA,DEFICIT_FG3M,DEFICIT_FG3A,DEFICIT_FTM,DEFICIT_FTA,DEFICIT_OREB,DEFICIT_DREB,DEFICIT_REB,DEFICIT_AST,DEFICIT_STL,DEFICIT_BLK,DEFICIT_TO,DEFICIT_PF,DEFICIT_FG2M,DEFICIT_FG2A
0,Rockets,17,43,0.395,21,36,0.583,11,28,39,23,10,5,14,25,122,25,48,0.520833333333,1,0.5,0.53216374269,0.708333333333,0.68253968254,0.4375,0.5,0.647058823529,0.444444444444,0.4875,0.522727272727,0.526315789474,0.555555555556,0.424242424242,0.480769230769,0.416666666667,0.444444444444
1,Nets,7,20,0.35,27,36,0.75,6,35,41,21,9,4,19,27,118,35,60,0.583333333333,0,0.5,0.46783625731,0.291666666667,0.31746031746,0.5625,0.5,0.352941176471,0.555555555556,0.5125,0.477272727273,0.473684210526,0.444444444444,0.575757575758,0.519230769231,0.583333333333,0.555555555556
