,TEAM_NAME,FG3M,FG3A,FG3_PCT,FTM,FTA,FT_PCT,OREB,DREB,REB,AST,STL,BLK,TO,PF,PTS,FG2M,FG2A,FG2_PCT,OUTCOME,DEFICIT_FGM,DEFICIT_FGA,DEFICIT_FG3M,DEFICIT_FG3A,DEFICIT_FTM,DEFICIT_FTA,DEFICIT_OREB,DEFICIT_DREB,DEFICIT_REB,DEFICIT_AST,DEFICIT_STL,DEFICIT_BLK,DEFICIT_TO,DEFICIT_PF,DEFICIT_FG2M,DEFICIT_FG2A
0,Nuggets,7,25,0.28,15,18,0.833,20,23,43,19,6,3,16,15,92,28,58,0.48275862069,0,0.4375,0.51875,0.368421052632,0.490196078431,0.6,0.6,0.714285714286,0.469387755102,0.558441558442,0.463414634146,0.4,0.3,0.64,0.5,0.459016393443,0.532110091743
1,Mavericks,12,26,0.462,10,12,0.833,8,26,34,22,9,7,9,15,112,33,51,0.647058823529,1,0.5625,0.48125,0.631578947368,0.509803921569,0.4,0.4,0.285714285714,0.530612244898,0.441558441558,0.536585365854,0.6,0.7,0.36,0.5,0.540983606557,0.467889908257
