,TEAM_NAME,FG3M,FG3A,FG3_PCT,FTM,FTA,FT_PCT,OREB,DREB,REB,AST,STL,BLK,TO,PF,PTS,FG2M,FG2A,FG2_PCT,OUTCOME,DEFICIT_FGM,DEFICIT_FGA,DEFICIT_FG3M,DEFICIT_FG3A,DEFICIT_FTM,DEFICIT_FTA,DEFICIT_OREB,DEFICIT_DREB,DEFICIT_REB,DEFICIT_AST,DEFICIT_STL,DEFICIT_BLK,DEFICIT_TO,DEFICIT_PF,DEFICIT_FG2M,DEFICIT_FG2A
0,Wizards,5,23,0.217,18,22,0.818,10,27,37,17,8,1,14,22,101,34,61,0.55737704918,0,0.464285714286,0.488372093023,0.357142857143,0.469387755102,0.58064516129,0.536585365854,0.47619047619,0.428571428571,0.440476190476,0.404761904762,0.571428571429,0.25,0.56,0.55,0.485714285714,0.49593495935
1,Heat,9,26,0.346,13,19,0.684,11,36,47,25,6,3,11,18,112,36,62,0.58064516129,1,0.535714285714,0.511627906977,0.642857142857,0.530612244898,0.41935483871,0.463414634146,0.52380952381,0.571428571429,0.559523809524,0.595238095238,0.428571428571,0.75,0.44,0.45,0.514285714286,0.50406504065
