,TEAM_NAME,FG3M,FG3A,FG3_PCT,FTM,FTA,FT_PCT,OREB,DREB,REB,AST,STL,BLK,TO,PF,PTS,FG2M,FG2A,FG2_PCT,OUTCOME,DEFICIT_FGM,DEFICIT_FGA,DEFICIT_FG3M,DEFICIT_FG3A,DEFICIT_FTM,DEFICIT_FTA,DEFICIT_OREB,DEFICIT_DREB,DEFICIT_REB,DEFICIT_AST,DEFICIT_STL,DEFICIT_BLK,DEFICIT_TO,DEFICIT_PF,DEFICIT_FG2M,DEFICIT_FG2A
0,Knicks,16,27,0.593,9,11,0.818,7,23,30,24,11,7,12,29,113,28,50,0.56,1,0.602739726027,0.513333333333,0.8,0.627906976744,0.3,0.261904761905,0.318181818182,0.53488372093,0.461538461538,0.685714285714,0.785714285714,0.7,0.428571428571,0.537037037037,0.528301886792,0.467289719626
1,Nets,4,16,0.25,21,31,0.677,15,20,35,11,3,3,16,25,83,25,57,0.438596491228,0,0.397260273973,0.486666666667,0.2,0.372093023256,0.7,0.738095238095,0.681818181818,0.46511627907,0.538461538462,0.314285714286,0.214285714286,0.3,0.571428571429,0.462962962963,0.471698113208,0.532710280374
