,TEAM_NAME,FG3M,FG3A,FG3_PCT,FTM,FTA,FT_PCT,OREB,DREB,REB,AST,STL,BLK,TO,PF,PTS,FG2M,FG2A,FG2_PCT,OUTCOME,DEFICIT_FGM,DEFICIT_FGA,DEFICIT_FG3M,DEFICIT_FG3A,DEFICIT_FTM,DEFICIT_FTA,DEFICIT_OREB,DEFICIT_DREB,DEFICIT_REB,DEFICIT_AST,DEFICIT_STL,DEFICIT_BLK,DEFICIT_TO,DEFICIT_PF,DEFICIT_FG2M,DEFICIT_FG2A
0,Heat,6,22,0.273,17,24,0.708,6,21,27,16,9,5,9,25,87,26,55,0.472727272727,0,0.463768115942,0.509933774834,0.375,0.536585365854,0.425,0.428571428571,0.315789473684,0.368421052632,0.355263157895,0.4,0.75,0.714285714286,0.375,0.555555555556,0.490566037736,0.5
1,Bulls,10,19,0.526,23,32,0.719,13,36,49,24,3,2,15,20,107,27,55,0.490909090909,1,0.536231884058,0.490066225166,0.625,0.463414634146,0.575,0.571428571429,0.684210526316,0.631578947368,0.644736842105,0.6,0.25,0.285714285714,0.625,0.444444444444,0.509433962264,0.5
