,TEAM_NAME,FG3M,FG3A,FG3_PCT,FTM,FTA,FT_PCT,OREB,DREB,REB,AST,STL,BLK,TO,PF,PTS,FG2M,FG2A,FG2_PCT,OUTCOME,DEFICIT_FGM,DEFICIT_FGA,DEFICIT_FG3M,DEFICIT_FG3A,DEFICIT_FTM,DEFICIT_FTA,DEFICIT_OREB,DEFICIT_DREB,DEFICIT_REB,DEFICIT_AST,DEFICIT_STL,DEFICIT_BLK,DEFICIT_TO,DEFICIT_PF,DEFICIT_FG2M,DEFICIT_FG2A
0,Heat,10,18,0.556,14,20,0.7,9,34,43,30,14,6,8,13,118,37,73,0.506849315068,1,0.552941176471,0.529069767442,0.555555555556,0.461538461538,0.538461538462,0.571428571429,0.5625,0.515151515152,0.524390243902,0.526315789474,0.666666666667,0.5,0.307692307692,0.481481481481,0.55223880597,0.548872180451
1,Bulls,8,21,0.381,12,15,0.8,7,32,39,27,7,6,18,14,96,30,60,0.5,0,0.447058823529,0.470930232558,0.444444444444,0.538461538462,0.461538461538,0.428571428571,0.4375,0.484848484848,0.475609756098,0.473684210526,0.333333333333,0.5,0.692307692308,0.518518518519,0.44776119403,0.451127819549
