,TEAM_NAME,FG3M,FG3A,FG3_PCT,FTM,FTA,FT_PCT,OREB,DREB,REB,AST,STL,BLK,TO,PF,PTS,FG2M,FG2A,FG2_PCT,OUTCOME,DEFICIT_FGM,DEFICIT_FGA,DEFICIT_FG3M,DEFICIT_FG3A,DEFICIT_FTM,DEFICIT_FTA,DEFICIT_OREB,DEFICIT_DREB,DEFICIT_REB,DEFICIT_AST,DEFICIT_STL,DEFICIT_BLK,DEFICIT_TO,DEFICIT_PF,DEFICIT_FG2M,DEFICIT_FG2A
0,Pistons,9,30,0.3,22,27,0.815,3,30,33,19,7,4,12,21,103,27,46,0.586956521739,0,0.461538461538,0.477987421384,0.473684210526,0.545454545455,0.478260869565,0.482142857143,0.25,0.51724137931,0.471428571429,0.404255319149,0.4375,0.444444444444,0.545454545455,0.525,0.457627118644,0.442307692308
1,Hornets,10,25,0.4,24,29,0.828,9,28,37,28,9,5,10,19,118,32,58,0.551724137931,1,0.538461538462,0.522012578616,0.526315789474,0.454545454545,0.521739130435,0.517857142857,0.75,0.48275862069,0.528571428571,0.595744680851,0.5625,0.555555555556,0.454545454545,0.475,0.542372881356,0.557692307692
