,TEAM_NAME,FG3M,FG3A,FG3_PCT,FTM,FTA,FT_PCT,OREB,DREB,REB,AST,STL,BLK,TO,PF,PTS,FG2M,FG2A,FG2_PCT,OUTCOME,DEFICIT_FGM,DEFICIT_FGA,DEFICIT_FG3M,DEFICIT_FG3A,DEFICIT_FTM,DEFICIT_FTA,DEFICIT_OREB,DEFICIT_DREB,DEFICIT_REB,DEFICIT_AST,DEFICIT_STL,DEFICIT_BLK,DEFICIT_TO,DEFICIT_PF,DEFICIT_FG2M,DEFICIT_FG2A
0,Pistons,10,24,0.417,14,21,0.667,7,35,42,22,3,4,9,18,98,27,52,0.519230769231,0,0.506849315068,0.469135802469,0.434782608696,0.4,0.48275862069,0.552631578947,0.411764705882,0.530303030303,0.506024096386,0.578947368421,0.333333333333,0.8,0.642857142857,0.45,0.54,0.509803921569
1,Cavaliers,13,36,0.361,15,17,0.882,10,31,41,16,6,1,5,22,100,23,50,0.46,1,0.493150684932,0.530864197531,0.565217391304,0.6,0.51724137931,0.447368421053,0.588235294118,0.469696969697,0.493975903614,0.421052631579,0.666666666667,0.2,0.357142857143,0.55,0.46,0.490196078431
