,TEAM_NAME,FG3M,FG3A,FG3_PCT,FTM,FTA,FT_PCT,OREB,DREB,REB,AST,STL,BLK,TO,PF,PTS,FG2M,FG2A,FG2_PCT,OUTCOME,DEFICIT_FGM,DEFICIT_FGA,DEFICIT_FG3M,DEFICIT_FG3A,DEFICIT_FTM,DEFICIT_FTA,DEFICIT_OREB,DEFICIT_DREB,DEFICIT_REB,DEFICIT_AST,DEFICIT_STL,DEFICIT_BLK,DEFICIT_TO,DEFICIT_PF,DEFICIT_FG2M,DEFICIT_FG2A
0,Rockets,5,27,0.185,23,38,0.605,9,35,44,18,11,3,18,20,94,28,51,0.549019607843,0,0.417721518987,0.467065868263,0.192307692308,0.402985074627,0.741935483871,0.703703703704,0.5625,0.492957746479,0.505747126437,0.321428571429,0.52380952381,0.6,0.529411764706,0.434782608696,0.528301886792,0.51
1,Warriors,21,40,0.525,8,16,0.5,7,36,43,38,10,2,16,26,121,25,49,0.510204081633,1,0.582278481013,0.532934131737,0.807692307692,0.597014925373,0.258064516129,0.296296296296,0.4375,0.507042253521,0.494252873563,0.678571428571,0.47619047619,0.4,0.470588235294,0.565217391304,0.471698113208,0.49
