,TEAM_NAME,FG3M,FG3A,FG3_PCT,FTM,FTA,FT_PCT,OREB,DREB,REB,AST,STL,BLK,TO,PF,PTS,FG2M,FG2A,FG2_PCT,OUTCOME,DEFICIT_FGM,DEFICIT_FGA,DEFICIT_FG3M,DEFICIT_FG3A,DEFICIT_FTM,DEFICIT_FTA,DEFICIT_OREB,DEFICIT_DREB,DEFICIT_REB,DEFICIT_AST,DEFICIT_STL,DEFICIT_BLK,DEFICIT_TO,DEFICIT_PF,DEFICIT_FG2M,DEFICIT_FG2A
0,Spurs,10,22,0.455,26,31,0.839,13,28,41,21,8,6,10,21,116,30,59,0.508474576271,1,0.533333333333,0.509433962264,0.666666666667,0.628571428571,0.565217391304,0.534482758621,0.481481481481,0.549019607843,0.525641025641,0.538461538462,0.571428571429,0.545454545455,0.37037037037,0.42,0.5,0.475806451613
1,Grizzlies,5,13,0.385,20,27,0.741,14,23,37,18,6,5,17,29,95,30,65,0.461538461538,0,0.466666666667,0.490566037736,0.333333333333,0.371428571429,0.434782608696,0.465517241379,0.518518518519,0.450980392157,0.474358974359,0.461538461538,0.428571428571,0.454545454545,0.62962962963,0.58,0.5,0.524193548387
