,TEAM_NAME,FG3M,FG3A,FG3_PCT,FTM,FTA,FT_PCT,OREB,DREB,REB,AST,STL,BLK,TO,PF,PTS,FG2M,FG2A,FG2_PCT,OUTCOME,DEFICIT_FGM,DEFICIT_FGA,DEFICIT_FG3M,DEFICIT_FG3A,DEFICIT_FTM,DEFICIT_FTA,DEFICIT_OREB,DEFICIT_DREB,DEFICIT_REB,DEFICIT_AST,DEFICIT_STL,DEFICIT_BLK,DEFICIT_TO,DEFICIT_PF,DEFICIT_FG2M,DEFICIT_FG2A
0,Wizards,3,10,0.3,16,24,0.667,6,30,36,21,8,5,20,20,103,39,62,0.629032258065,0,0.494117647059,0.48322147651,0.230769230769,0.285714285714,0.484848484848,0.489795918367,0.6,0.526315789474,0.537313432836,0.5,0.333333333333,0.714285714286,0.606060606061,0.454545454545,0.541666666667,0.543859649123
1,Raptors,10,25,0.4,17,25,0.68,4,27,31,21,16,2,13,24,113,33,52,0.634615384615,1,0.505882352941,0.51677852349,0.769230769231,0.714285714286,0.515151515152,0.510204081633,0.4,0.473684210526,0.462686567164,0.5,0.666666666667,0.285714285714,0.393939393939,0.545454545455,0.458333333333,0.456140350877
