,TEAM_NAME,FG3M,FG3A,FG3_PCT,FTM,FTA,FT_PCT,OREB,DREB,REB,AST,STL,BLK,TO,PF,PTS,FG2M,FG2A,FG2_PCT,OUTCOME,DEFICIT_FGM,DEFICIT_FGA,DEFICIT_FG3M,DEFICIT_FG3A,DEFICIT_FTM,DEFICIT_FTA,DEFICIT_OREB,DEFICIT_DREB,DEFICIT_REB,DEFICIT_AST,DEFICIT_STL,DEFICIT_BLK,DEFICIT_TO,DEFICIT_PF,DEFICIT_FG2M,DEFICIT_FG2A
0,Bulls,7,20,0.35,23,31,0.742,15,34,49,21,7,7,19,19,100,28,61,0.459016393443,0,0.460526315789,0.482142857143,0.333333333333,0.384615384615,0.676470588235,0.645833333333,0.6,0.539682539683,0.556818181818,0.428571428571,0.411764705882,0.636363636364,0.612903225806,0.441860465116,0.509090909091,0.525862068966
1,Celtics,14,32,0.438,11,17,0.647,10,29,39,28,10,4,12,24,107,27,55,0.490909090909,1,0.539473684211,0.517857142857,0.666666666667,0.615384615385,0.323529411765,0.354166666667,0.4,0.460317460317,0.443181818182,0.571428571429,0.588235294118,0.363636363636,0.387096774194,0.558139534884,0.490909090909,0.474137931034
