,TEAM_NAME,FG3M,FG3A,FG3_PCT,FTM,FTA,FT_PCT,OREB,DREB,REB,AST,STL,BLK,TO,PF,PTS,FG2M,FG2A,FG2_PCT,OUTCOME,DEFICIT_FGM,DEFICIT_FGA,DEFICIT_FG3M,DEFICIT_FG3A,DEFICIT_FTM,DEFICIT_FTA,DEFICIT_OREB,DEFICIT_DREB,DEFICIT_REB,DEFICIT_AST,DEFICIT_STL,DEFICIT_BLK,DEFICIT_TO,DEFICIT_PF,DEFICIT_FG2M,DEFICIT_FG2A
0,Jazz,12,25,0.48,15,26,0.577,7,34,41,18,6,3,12,21,97,23,52,0.442307692308,1,0.514705882353,0.5,0.631578947368,0.490196078431,0.652173913043,0.722222222222,0.538461538462,0.53125,0.532467532468,0.5,0.6,0.428571428571,0.5,0.512195121951,0.469387755102,0.504854368932
1,Mavericks,7,26,0.269,8,10,0.8,6,30,36,18,4,4,12,20,81,26,51,0.509803921569,0,0.485294117647,0.5,0.368421052632,0.509803921569,0.347826086957,0.277777777778,0.461538461538,0.46875,0.467532467532,0.5,0.4,0.571428571429,0.5,0.487804878049,0.530612244898,0.495145631068
