,TEAM_NAME,FG3M,FG3A,FG3_PCT,FTM,FTA,FT_PCT,OREB,DREB,REB,AST,STL,BLK,TO,PF,PTS,FG2M,FG2A,FG2_PCT,OUTCOME,DEFICIT_FGM,DEFICIT_FGA,DEFICIT_FG3M,DEFICIT_FG3A,DEFICIT_FTM,DEFICIT_FTA,DEFICIT_OREB,DEFICIT_DREB,DEFICIT_REB,DEFICIT_AST,DEFICIT_STL,DEFICIT_BLK,DEFICIT_TO,DEFICIT_PF,DEFICIT_FG2M,DEFICIT_FG2A
0,Knicks,8,20,0.4,17,25,0.68,7,27,34,18,10,6,16,22,99,29,65,0.446153846154,0,0.46835443038,0.488505747126,0.347826086957,0.333333333333,0.472222222222,0.480769230769,0.269230769231,0.435483870968,0.386363636364,0.418604651163,0.454545454545,0.428571428571,0.457142857143,0.511627906977,0.517857142857,0.570175438596
1,Rockets,15,40,0.375,19,27,0.704,19,35,54,25,12,8,19,21,118,27,49,0.551020408163,1,0.53164556962,0.511494252874,0.652173913043,0.666666666667,0.527777777778,0.519230769231,0.730769230769,0.564516129032,0.613636363636,0.581395348837,0.545454545455,0.571428571429,0.542857142857,0.488372093023,0.482142857143,0.429824561404
