,TEAM_NAME,FG3M,FG3A,FG3_PCT,FTM,FTA,FT_PCT,OREB,DREB,REB,AST,STL,BLK,TO,PF,PTS,FG2M,FG2A,FG2_PCT,OUTCOME,DEFICIT_FGM,DEFICIT_FGA,DEFICIT_FG3M,DEFICIT_FG3A,DEFICIT_FTM,DEFICIT_FTA,DEFICIT_OREB,DEFICIT_DREB,DEFICIT_REB,DEFICIT_AST,DEFICIT_STL,DEFICIT_BLK,DEFICIT_TO,DEFICIT_PF,DEFICIT_FG2M,DEFICIT_FG2A
0,Nuggets,11,23,0.478,24,31,0.774,9,38,47,21,7,6,17,23,123,33,61,0.540983606557,1,0.517647058824,0.48275862069,0.578947368421,0.479166666667,0.585365853659,0.596153846154,0.45,0.575757575758,0.546511627907,0.403846153846,0.7,0.6,0.607142857143,0.489361702128,0.5,0.484126984127
1,Celtics,8,25,0.32,17,21,0.81,11,28,39,31,3,4,11,24,107,33,65,0.507692307692,0,0.482352941176,0.51724137931,0.421052631579,0.520833333333,0.414634146341,0.403846153846,0.55,0.424242424242,0.453488372093,0.596153846154,0.3,0.4,0.392857142857,0.510638297872,0.5,0.515873015873
