,TEAM_NAME,FG3M,FG3A,FG3_PCT,FTM,FTA,FT_PCT,OREB,DREB,REB,AST,STL,BLK,TO,PF,PTS,FG2M,FG2A,FG2_PCT,OUTCOME,DEFICIT_FGM,DEFICIT_FGA,DEFICIT_FG3M,DEFICIT_FG3A,DEFICIT_FTM,DEFICIT_FTA,DEFICIT_OREB,DEFICIT_DREB,DEFICIT_REB,DEFICIT_AST,DEFICIT_STL,DEFICIT_BLK,DEFICIT_TO,DEFICIT_PF,DEFICIT_FG2M,DEFICIT_FG2A
0,Trail Blazers,14,33,0.424,22,27,0.815,5,32,37,19,7,5,15,25,100,18,38,0.473684210526,1,0.507936507937,0.467105263158,0.7,0.559322033898,0.458333333333,0.457627118644,0.294117647059,0.5,0.456790123457,0.558823529412,0.4375,0.5,0.535714285714,0.555555555556,0.418604651163,0.408602150538
1,Grizzlies,6,26,0.231,26,32,0.813,12,32,44,15,9,5,13,20,94,25,55,0.454545454545,0,0.492063492063,0.532894736842,0.3,0.440677966102,0.541666666667,0.542372881356,0.705882352941,0.5,0.543209876543,0.441176470588,0.5625,0.5,0.464285714286,0.444444444444,0.581395348837,0.591397849462
