,TEAM_NAME,FG3M,FG3A,FG3_PCT,FTM,FTA,FT_PCT,OREB,DREB,REB,AST,STL,BLK,TO,PF,PTS,FG2M,FG2A,FG2_PCT,OUTCOME,DEFICIT_FGM,DEFICIT_FGA,DEFICIT_FG3M,DEFICIT_FG3A,DEFICIT_FTM,DEFICIT_FTA,DEFICIT_OREB,DEFICIT_DREB,DEFICIT_REB,DEFICIT_AST,DEFICIT_STL,DEFICIT_BLK,DEFICIT_TO,DEFICIT_PF,DEFICIT_FG2M,DEFICIT_FG2A
0,Raptors,6,22,0.273,23,30,0.767,9,31,40,11,6,4,15,21,77,18,49,0.367346938776,0,0.380952380952,0.489655172414,0.333333333333,0.488888888889,0.621621621622,0.612244897959,0.75,0.484375,0.526315789474,0.275,0.5,0.5,0.535714285714,0.45652173913,0.4,0.49
1,Bucks,12,23,0.522,14,19,0.737,3,33,36,29,6,4,13,25,104,27,51,0.529411764706,1,0.619047619048,0.510344827586,0.666666666667,0.511111111111,0.378378378378,0.387755102041,0.25,0.515625,0.473684210526,0.725,0.5,0.5,0.464285714286,0.54347826087,0.6,0.51
