,TEAM_NAME,FG3M,FG3A,FG3_PCT,FTM,FTA,FT_PCT,OREB,DREB,REB,AST,STL,BLK,TO,PF,PTS,FG2M,FG2A,FG2_PCT,OUTCOME,DEFICIT_FGM,DEFICIT_FGA,DEFICIT_FG3M,DEFICIT_FG3A,DEFICIT_FTM,DEFICIT_FTA,DEFICIT_OREB,DEFICIT_DREB,DEFICIT_REB,DEFICIT_AST,DEFICIT_STL,DEFICIT_BLK,DEFICIT_TO,DEFICIT_PF,DEFICIT_FG2M,DEFICIT_FG2A
0,Pacers,16,41,0.39,22,26,0.846,17,35,52,25,4,5,9,23,114,22,54,0.407407407407,0,0.493506493506,0.521978021978,0.432432432432,0.482352941176,0.52380952381,0.464285714286,0.68,0.522388059701,0.565217391304,0.520833333333,0.4,0.416666666667,0.529411764706,0.5,0.55,0.556701030928
1,Cavaliers,21,44,0.477,20,30,0.667,8,32,40,23,6,7,8,23,119,18,43,0.418604651163,1,0.506493506494,0.478021978022,0.567567567568,0.517647058824,0.47619047619,0.535714285714,0.32,0.477611940299,0.434782608696,0.479166666667,0.6,0.583333333333,0.470588235294,0.5,0.45,0.443298969072
