,TEAM_NAME,FG3M,FG3A,FG3_PCT,FTM,FTA,FT_PCT,OREB,DREB,REB,AST,STL,BLK,TO,PF,PTS,FG2M,FG2A,FG2_PCT,OUTCOME,DEFICIT_FGM,DEFICIT_FGA,DEFICIT_FG3M,DEFICIT_FG3A,DEFICIT_FTM,DEFICIT_FTA,DEFICIT_OREB,DEFICIT_DREB,DEFICIT_REB,DEFICIT_AST,DEFICIT_STL,DEFICIT_BLK,DEFICIT_TO,DEFICIT_PF,DEFICIT_FG2M,DEFICIT_FG2A
0,Pacers,5,13,0.385,19,23,0.826,4,34,38,19,5,4,9,19,102,34,64,0.53125,1,0.506493506494,0.463855421687,0.416666666667,0.382352941176,0.575757575758,0.575,0.25,0.539682539683,0.481012658228,0.431818181818,0.714285714286,0.444444444444,0.529411764706,0.475,0.523076923077,0.484848484848
1,Celtics,7,21,0.333,14,17,0.824,12,29,41,25,2,5,8,21,97,31,68,0.455882352941,0,0.493506493506,0.536144578313,0.583333333333,0.617647058824,0.424242424242,0.425,0.75,0.460317460317,0.518987341772,0.568181818182,0.285714285714,0.555555555556,0.470588235294,0.525,0.476923076923,0.515151515152
