,TEAM_NAME,FG3M,FG3A,FG3_PCT,FTM,FTA,FT_PCT,OREB,DREB,REB,AST,STL,BLK,TO,PF,PTS,FG2M,FG2A,FG2_PCT,OUTCOME,DEFICIT_FGM,DEFICIT_FGA,DEFICIT_FG3M,DEFICIT_FG3A,DEFICIT_FTM,DEFICIT_FTA,DEFICIT_OREB,DEFICIT_DREB,DEFICIT_REB,DEFICIT_AST,DEFICIT_STL,DEFICIT_BLK,DEFICIT_TO,DEFICIT_PF,DEFICIT_FG2M,DEFICIT_FG2A
0,Magic,4,18,0.222,22,29,0.759,15,24,39,18,9,1,12,19,98,32,65,0.492307692308,0,0.455696202532,0.528662420382,0.4,0.529411764706,0.52380952381,0.547169811321,0.625,0.444444444444,0.5,0.473684210526,0.529411764706,0.142857142857,0.413793103448,0.487179487179,0.463768115942,0.528455284553
1,Heat,6,16,0.375,20,24,0.833,9,30,39,20,8,6,17,20,112,37,58,0.637931034483,1,0.544303797468,0.471337579618,0.6,0.470588235294,0.47619047619,0.452830188679,0.375,0.555555555556,0.5,0.526315789474,0.470588235294,0.857142857143,0.586206896552,0.512820512821,0.536231884058,0.471544715447
