,TEAM_NAME,FG3M,FG3A,FG3_PCT,FTM,FTA,FT_PCT,OREB,DREB,REB,AST,STL,BLK,TO,PF,PTS,FG2M,FG2A,FG2_PCT,OUTCOME,DEFICIT_FGM,DEFICIT_FGA,DEFICIT_FG3M,DEFICIT_FG3A,DEFICIT_FTM,DEFICIT_FTA,DEFICIT_OREB,DEFICIT_DREB,DEFICIT_REB,DEFICIT_AST,DEFICIT_STL,DEFICIT_BLK,DEFICIT_TO,DEFICIT_PF,DEFICIT_FG2M,DEFICIT_FG2A
0,Kings,7,22,0.318,16,21,0.762,11,36,47,22,4,7,19,28,97,30,60,0.5,0,0.5,0.503067484663,0.583333333333,0.511627906977,0.355555555556,0.35593220339,0.5,0.553846153846,0.540229885057,0.488888888889,0.363636363636,0.636363636364,0.655172413793,0.549019607843,0.483870967742,0.5
1,Timberwolves,5,21,0.238,29,38,0.763,11,29,40,23,7,4,10,23,108,32,60,0.533333333333,1,0.5,0.496932515337,0.416666666667,0.488372093023,0.644444444444,0.64406779661,0.5,0.446153846154,0.459770114943,0.511111111111,0.636363636364,0.363636363636,0.344827586207,0.450980392157,0.516129032258,0.5
