,TEAM_NAME,FG3M,FG3A,FG3_PCT,FTM,FTA,FT_PCT,OREB,DREB,REB,AST,STL,BLK,TO,PF,PTS,FG2M,FG2A,FG2_PCT,OUTCOME,DEFICIT_FGM,DEFICIT_FGA,DEFICIT_FG3M,DEFICIT_FG3A,DEFICIT_FTM,DEFICIT_FTA,DEFICIT_OREB,DEFICIT_DREB,DEFICIT_REB,DEFICIT_AST,DEFICIT_STL,DEFICIT_BLK,DEFICIT_TO,DEFICIT_PF,DEFICIT_FG2M,DEFICIT_FG2A
0,Raptors,5,17,0.294,23,26,0.885,10,37,47,18,8,6,16,26,102,32,65,0.49230769230769234,1,0.5285714285714286,0.4880952380952381,0.4166666666666667,0.425,0.5609756097560976,0.5098039215686274,0.4166666666666667,0.5522388059701493,0.5164835164835165,0.47368421052631576,0.6153846153846154,0.6666666666666666,0.5161290322580645,0.5098039215686274,0.5517241379310345,0.5078125
1,Mavericks,7,23,0.304,18,25,0.72,14,30,44,20,5,3,15,25,91,26,63,0.4126984126984127,0,0.4714285714285714,0.5119047619047619,0.5833333333333334,0.575,0.43902439024390244,0.49019607843137253,0.5833333333333334,0.44776119402985076,0.4835164835164835,0.5263157894736842,0.38461538461538464,0.3333333333333333,0.4838709677419355,0.49019607843137253,0.4482758620689655,0.4921875
