,TEAM_NAME,FG3M,FG3A,FG3_PCT,FTM,FTA,FT_PCT,OREB,DREB,REB,AST,STL,BLK,TO,PF,PTS,FG2M,FG2A,FG2_PCT,OUTCOME,DEFICIT_FGM,DEFICIT_FGA,DEFICIT_FG3M,DEFICIT_FG3A,DEFICIT_FTM,DEFICIT_FTA,DEFICIT_OREB,DEFICIT_DREB,DEFICIT_REB,DEFICIT_AST,DEFICIT_STL,DEFICIT_BLK,DEFICIT_TO,DEFICIT_PF,DEFICIT_FG2M,DEFICIT_FG2A
0,Magic,7,18,0.389,12,12,1.0,10,45,55,24,5,3,18,18,103,35,72,0.486111111111,1,0.567567567568,0.5,0.368421052632,0.333333333333,0.4,0.324324324324,0.5,0.555555555556,0.544554455446,0.510638297872,0.294117647059,0.25,0.5625,0.5625,0.636363636364,0.571428571429
1,Pelicans,12,36,0.333,18,25,0.72,10,36,46,23,12,9,14,14,94,20,54,0.37037037037,0,0.432432432432,0.5,0.631578947368,0.666666666667,0.6,0.675675675676,0.5,0.444444444444,0.455445544554,0.489361702128,0.705882352941,0.75,0.4375,0.4375,0.363636363636,0.428571428571
