,TEAM_NAME,FG3M,FG3A,FG3_PCT,FTM,FTA,FT_PCT,OREB,DREB,REB,AST,STL,BLK,TO,PF,PTS,FG2M,FG2A,FG2_PCT,OUTCOME,DEFICIT_FGM,DEFICIT_FGA,DEFICIT_FG3M,DEFICIT_FG3A,DEFICIT_FTM,DEFICIT_FTA,DEFICIT_OREB,DEFICIT_DREB,DEFICIT_REB,DEFICIT_AST,DEFICIT_STL,DEFICIT_BLK,DEFICIT_TO,DEFICIT_PF,DEFICIT_FG2M,DEFICIT_FG2A
0,Heat,5,28,0.179,11,16,0.688,13,36,49,13,10,9,18,21,92,33,58,0.568965517241,0,0.506666666667,0.488636363636,0.416666666667,0.571428571429,0.392857142857,0.421052631579,0.448275862069,0.507042253521,0.49,0.342105263158,0.5,0.9,0.545454545455,0.6,0.52380952381,0.456692913386
1,Hawks,7,21,0.333,17,22,0.773,16,35,51,25,10,1,15,14,98,30,69,0.434782608696,1,0.493333333333,0.511363636364,0.583333333333,0.428571428571,0.607142857143,0.578947368421,0.551724137931,0.492957746479,0.51,0.657894736842,0.5,0.1,0.454545454545,0.4,0.47619047619,0.543307086614
