,TEAM_NAME,FG3M,FG3A,FG3_PCT,FTM,FTA,FT_PCT,OREB,DREB,REB,AST,STL,BLK,TO,PF,PTS,FG2M,FG2A,FG2_PCT,OUTCOME,DEFICIT_FGM,DEFICIT_FGA,DEFICIT_FG3M,DEFICIT_FG3A,DEFICIT_FTM,DEFICIT_FTA,DEFICIT_OREB,DEFICIT_DREB,DEFICIT_REB,DEFICIT_AST,DEFICIT_STL,DEFICIT_BLK,DEFICIT_TO,DEFICIT_PF,DEFICIT_FG2M,DEFICIT_FG2A
0,Kings,7,20,0.35,24,40,0.6,8,27,35,17,8,1,13,21,89,22,54,0.407407407407,0,0.420289855072,0.471337579618,0.7,0.5,0.545454545455,0.615384615385,0.4,0.415384615385,0.411764705882,0.425,0.615384615385,0.125,0.448275862069,0.403846153846,0.372881355932,0.461538461538
1,Grizzlies,3,20,0.15,20,25,0.8,12,38,50,23,5,7,16,31,103,37,63,0.587301587302,1,0.579710144928,0.528662420382,0.3,0.5,0.454545454545,0.384615384615,0.6,0.584615384615,0.588235294118,0.575,0.384615384615,0.875,0.551724137931,0.596153846154,0.627118644068,0.538461538462
