,TEAM_NAME,FG3M,FG3A,FG3_PCT,FTM,FTA,FT_PCT,OREB,DREB,REB,AST,STL,BLK,TO,PF,PTS,FG2M,FG2A,FG2_PCT,OUTCOME,DEFICIT_FGM,DEFICIT_FGA,DEFICIT_FG3M,DEFICIT_FG3A,DEFICIT_FTM,DEFICIT_FTA,DEFICIT_OREB,DEFICIT_DREB,DEFICIT_REB,DEFICIT_AST,DEFICIT_STL,DEFICIT_BLK,DEFICIT_TO,DEFICIT_PF,DEFICIT_FG2M,DEFICIT_FG2A
0,Magic,9,21,0.429,14,20,0.7,7,36,43,24,12,3,16,18,105,32,55,0.581818181818,1,0.569444444444,0.487179487179,0.5625,0.525,0.518518518519,0.555555555556,0.4375,0.545454545455,0.524390243902,0.510638297872,0.705882352941,1.0,0.484848484848,0.486486486486,0.571428571429,0.474137931034
1,Nets,7,19,0.368,13,16,0.813,9,30,39,23,5,0,17,19,82,24,61,0.393442622951,0,0.430555555556,0.512820512821,0.4375,0.475,0.481481481481,0.444444444444,0.5625,0.454545454545,0.475609756098,0.489361702128,0.294117647059,0.0,0.515151515152,0.513513513514,0.428571428571,0.525862068966
