,TEAM_NAME,FG3M,FG3A,FG3_PCT,FTM,FTA,FT_PCT,OREB,DREB,REB,AST,STL,BLK,TO,PF,PTS,FG2M,FG2A,FG2_PCT,OUTCOME,DEFICIT_FGM,DEFICIT_FGA,DEFICIT_FG3M,DEFICIT_FG3A,DEFICIT_FTM,DEFICIT_FTA,DEFICIT_OREB,DEFICIT_DREB,DEFICIT_REB,DEFICIT_AST,DEFICIT_STL,DEFICIT_BLK,DEFICIT_TO,DEFICIT_PF,DEFICIT_FG2M,DEFICIT_FG2A
0,Rockets,18,40,0.45,8,11,0.727,5,21,26,26,14,1,11,22,108,23,47,0.489361702128,0,0.493975903614,0.514792899408,0.692307692308,0.615384615385,0.266666666667,0.305555555556,0.25,0.362068965517,0.333333333333,0.5,0.636363636364,0.166666666667,0.379310344828,0.594594594595,0.40350877193,0.451923076923
1,Nuggets,8,25,0.32,22,25,0.88,15,37,52,26,8,5,18,15,114,34,57,0.59649122807,1,0.506024096386,0.485207100592,0.307692307692,0.384615384615,0.733333333333,0.694444444444,0.75,0.637931034483,0.666666666667,0.5,0.363636363636,0.833333333333,0.620689655172,0.405405405405,0.59649122807,0.548076923077
