,TEAM_NAME,FG3M,FG3A,FG3_PCT,FTM,FTA,FT_PCT,OREB,DREB,REB,AST,STL,BLK,TO,PF,PTS,FG2M,FG2A,FG2_PCT,OUTCOME,DEFICIT_FGM,DEFICIT_FGA,DEFICIT_FG3M,DEFICIT_FG3A,DEFICIT_FTM,DEFICIT_FTA,DEFICIT_OREB,DEFICIT_DREB,DEFICIT_REB,DEFICIT_AST,DEFICIT_STL,DEFICIT_BLK,DEFICIT_TO,DEFICIT_PF,DEFICIT_FG2M,DEFICIT_FG2A
0,Jazz,10,24,0.417,18,26,0.692,12,43,55,22,8,4,13,17,98,25,57,0.43859649122807015,1,0.5384615384615384,0.4909090909090909,0.5555555555555556,0.5106382978723404,0.5806451612903226,0.5777777777777777,0.5,0.5733333333333334,0.5555555555555556,0.5641025641025641,0.5,0.4,0.5,0.4358974358974359,0.5319148936170213,0.4830508474576271
1,Thunder,8,23,0.348,13,19,0.684,12,32,44,17,8,6,13,22,81,22,61,0.36065573770491804,0,0.46153846153846156,0.509090909090909,0.4444444444444444,0.48936170212765956,0.41935483870967744,0.4222222222222222,0.5,0.4266666666666667,0.4444444444444444,0.4358974358974359,0.5,0.6,0.5,0.5641025641025641,0.46808510638297873,0.5169491525423728
