,TEAM_NAME,FG3M,FG3A,FG3_PCT,FTM,FTA,FT_PCT,OREB,DREB,REB,AST,STL,BLK,TO,PF,PTS,FG2M,FG2A,FG2_PCT,OUTCOME,DEFICIT_FGM,DEFICIT_FGA,DEFICIT_FG3M,DEFICIT_FG3A,DEFICIT_FTM,DEFICIT_FTA,DEFICIT_OREB,DEFICIT_DREB,DEFICIT_REB,DEFICIT_AST,DEFICIT_STL,DEFICIT_BLK,DEFICIT_TO,DEFICIT_PF,DEFICIT_FG2M,DEFICIT_FG2A
0,Knicks,11,25,0.44,14,19,0.737,11,17,28,30,9,3,12,22,113,33,55,0.6,0,0.5057471264367817,0.5063291139240507,0.55,0.5952380952380952,0.3888888888888889,0.41304347826086957,0.39285714285714285,0.38636363636363635,0.3888888888888889,0.5,0.6428571428571429,1.0,0.42857142857142855,0.4782608695652174,0.4925373134328358,0.47413793103448276
1,Bucks,9,17,0.529,22,27,0.815,17,27,44,30,5,0,16,24,117,34,61,0.5573770491803278,1,0.4942528735632184,0.4936708860759494,0.45,0.40476190476190477,0.6111111111111112,0.5869565217391305,0.6071428571428571,0.6136363636363636,0.6111111111111112,0.5,0.35714285714285715,0.0,0.5714285714285714,0.5217391304347826,0.5074626865671642,0.5258620689655172
