,TEAM_NAME,FG3M,FG3A,FG3_PCT,FTM,FTA,FT_PCT,OREB,DREB,REB,AST,STL,BLK,TO,PF,PTS,FG2M,FG2A,FG2_PCT,OUTCOME,DEFICIT_FGM,DEFICIT_FGA,DEFICIT_FG3M,DEFICIT_FG3A,DEFICIT_FTM,DEFICIT_FTA,DEFICIT_OREB,DEFICIT_DREB,DEFICIT_REB,DEFICIT_AST,DEFICIT_STL,DEFICIT_BLK,DEFICIT_TO,DEFICIT_PF,DEFICIT_FG2M,DEFICIT_FG2A
0,Knicks,11,25,0.44,14,19,0.737,11,17,28,30,9,3,12,22,113,33,55,0.6,0,0.505747126437,0.506329113924,0.55,0.595238095238,0.388888888889,0.413043478261,0.392857142857,0.386363636364,0.388888888889,0.5,0.642857142857,1.0,0.428571428571,0.478260869565,0.492537313433,0.474137931034
1,Bucks,9,17,0.529,22,27,0.815,17,27,44,30,5,0,16,24,117,34,61,0.55737704918,1,0.494252873563,0.493670886076,0.45,0.404761904762,0.611111111111,0.586956521739,0.607142857143,0.613636363636,0.611111111111,0.5,0.357142857143,0.0,0.571428571429,0.521739130435,0.507462686567,0.525862068966
