,TEAM_NAME,FG3M,FG3A,FG3_PCT,FTM,FTA,FT_PCT,OREB,DREB,REB,AST,STL,BLK,TO,PF,PTS,FG2M,FG2A,FG2_PCT,OUTCOME,DEFICIT_FGM,DEFICIT_FGA,DEFICIT_FG3M,DEFICIT_FG3A,DEFICIT_FTM,DEFICIT_FTA,DEFICIT_OREB,DEFICIT_DREB,DEFICIT_REB,DEFICIT_AST,DEFICIT_STL,DEFICIT_BLK,DEFICIT_TO,DEFICIT_PF,DEFICIT_FG2M,DEFICIT_FG2A
0,Suns,7,27,0.259,18,26,0.692,20,35,55,26,13,2,16,22,111,36,76,0.473684210526,0,0.488636363636,0.536458333333,0.35,0.473684210526,0.514285714286,0.52,0.740740740741,0.522388059701,0.585106382979,0.509803921569,0.5,0.181818181818,0.516129032258,0.536585365854,0.529411764706,0.562962962963
1,Warriors,13,30,0.433,17,24,0.708,7,32,39,25,13,9,15,19,120,32,59,0.542372881356,1,0.511363636364,0.463541666667,0.65,0.526315789474,0.485714285714,0.48,0.259259259259,0.477611940299,0.414893617021,0.490196078431,0.5,0.818181818182,0.483870967742,0.463414634146,0.470588235294,0.437037037037
