,TEAM_NAME,FG3M,FG3A,FG3_PCT,FTM,FTA,FT_PCT,OREB,DREB,REB,AST,STL,BLK,TO,PF,PTS,FG2M,FG2A,FG2_PCT,OUTCOME,DEFICIT_FGM,DEFICIT_FGA,DEFICIT_FG3M,DEFICIT_FG3A,DEFICIT_FTM,DEFICIT_FTA,DEFICIT_OREB,DEFICIT_DREB,DEFICIT_REB,DEFICIT_AST,DEFICIT_STL,DEFICIT_BLK,DEFICIT_TO,DEFICIT_PF,DEFICIT_FG2M,DEFICIT_FG2A
0,Trail Blazers,10,28,0.357,19,21,0.905,11,33,44,15,6,4,12,22,99,25,59,0.423728813559,0,0.466666666667,0.47027027027,0.714285714286,0.608695652174,0.475,0.428571428571,0.392857142857,0.458333333333,0.44,0.454545454545,0.4,0.444444444444,0.5,0.564102564103,0.409836065574,0.424460431655
1,Thunder,4,18,0.222,21,28,0.75,17,39,56,18,9,5,12,17,105,36,80,0.45,1,0.533333333333,0.52972972973,0.285714285714,0.391304347826,0.525,0.571428571429,0.607142857143,0.541666666667,0.56,0.545454545455,0.6,0.555555555556,0.5,0.435897435897,0.590163934426,0.575539568345
