,TEAM_NAME,FG3M,FG3A,FG3_PCT,FTM,FTA,FT_PCT,OREB,DREB,REB,AST,STL,BLK,TO,PF,PTS,FG2M,FG2A,FG2_PCT,OUTCOME,DEFICIT_FGM,DEFICIT_FGA,DEFICIT_FG3M,DEFICIT_FG3A,DEFICIT_FTM,DEFICIT_FTA,DEFICIT_OREB,DEFICIT_DREB,DEFICIT_REB,DEFICIT_AST,DEFICIT_STL,DEFICIT_BLK,DEFICIT_TO,DEFICIT_PF,DEFICIT_FG2M,DEFICIT_FG2A
0,Kings,9,26,0.346,16,21,0.762,9,31,40,20,7,5,9,23,99,28,58,0.48275862069,0,0.521126760563,0.502994011976,0.6,0.604651162791,0.363636363636,0.388888888889,0.391304347826,0.476923076923,0.454545454545,0.47619047619,0.5,0.416666666667,0.45,0.560975609756,0.5,0.467741935484
1,Bulls,6,17,0.353,28,33,0.848,14,34,48,22,7,7,11,18,102,28,66,0.424242424242,1,0.478873239437,0.497005988024,0.4,0.395348837209,0.636363636364,0.611111111111,0.608695652174,0.523076923077,0.545454545455,0.52380952381,0.5,0.583333333333,0.55,0.439024390244,0.5,0.532258064516
