,TEAM_NAME,FG3M,FG3A,FG3_PCT,FTM,FTA,FT_PCT,OREB,DREB,REB,AST,STL,BLK,TO,PF,PTS,FG2M,FG2A,FG2_PCT,OUTCOME,DEFICIT_FGM,DEFICIT_FGA,DEFICIT_FG3M,DEFICIT_FG3A,DEFICIT_FTM,DEFICIT_FTA,DEFICIT_OREB,DEFICIT_DREB,DEFICIT_REB,DEFICIT_AST,DEFICIT_STL,DEFICIT_BLK,DEFICIT_TO,DEFICIT_PF,DEFICIT_FG2M,DEFICIT_FG2A
0,Jazz,6,24,0.25,25,32,0.781,10,32,42,24,11,3,14,15,109,33,60,0.55,1,0.5,0.521739130435,0.375,0.545454545455,0.675675675676,0.65306122449,0.714285714286,0.5,0.538461538462,0.585365853659,0.52380952381,0.5,0.466666666667,0.394736842105,0.532258064516,0.512820512821
1,Pacers,10,20,0.5,12,17,0.706,4,32,36,17,10,3,16,23,100,29,57,0.508771929825,0,0.5,0.478260869565,0.625,0.454545454545,0.324324324324,0.34693877551,0.285714285714,0.5,0.461538461538,0.414634146341,0.47619047619,0.5,0.533333333333,0.605263157895,0.467741935484,0.487179487179
