,TEAM_NAME,FG3M,FG3A,FG3_PCT,FTM,FTA,FT_PCT,OREB,DREB,REB,AST,STL,BLK,TO,PF,PTS,FG2M,FG2A,FG2_PCT,OUTCOME,DEFICIT_FGM,DEFICIT_FGA,DEFICIT_FG3M,DEFICIT_FG3A,DEFICIT_FTM,DEFICIT_FTA,DEFICIT_OREB,DEFICIT_DREB,DEFICIT_REB,DEFICIT_AST,DEFICIT_STL,DEFICIT_BLK,DEFICIT_TO,DEFICIT_PF,DEFICIT_FG2M,DEFICIT_FG2A
0,Pelicans,9,22,0.409,17,20,0.85,8,23,31,22,3,5,6,12,104,30,54,0.555555555556,1,0.493670886076,0.487179487179,0.6,0.594594594595,0.586206896552,0.540540540541,0.4,0.433962264151,0.424657534247,0.478260869565,0.5,0.714285714286,0.352941176471,0.413793103448,0.46875,0.453781512605
1,Grizzlies,6,15,0.4,12,17,0.706,12,30,42,24,3,2,11,17,98,34,65,0.523076923077,0,0.506329113924,0.512820512821,0.4,0.405405405405,0.413793103448,0.459459459459,0.6,0.566037735849,0.575342465753,0.521739130435,0.5,0.285714285714,0.647058823529,0.586206896552,0.53125,0.546218487395
