,TEAM_NAME,FG3M,FG3A,FG3_PCT,FTM,FTA,FT_PCT,OREB,DREB,REB,AST,STL,BLK,TO,PF,PTS,FG2M,FG2A,FG2_PCT,OUTCOME,DEFICIT_FGM,DEFICIT_FGA,DEFICIT_FG3M,DEFICIT_FG3A,DEFICIT_FTM,DEFICIT_FTA,DEFICIT_OREB,DEFICIT_DREB,DEFICIT_REB,DEFICIT_AST,DEFICIT_STL,DEFICIT_BLK,DEFICIT_TO,DEFICIT_PF,DEFICIT_FG2M,DEFICIT_FG2A
0,Raptors,10,25,0.4,20,24,0.833,10,37,47,24,8,5,15,19,108,29,57,0.508771929825,1,0.513157894737,0.493975903614,0.526315789474,0.520833333333,0.540540540541,0.533333333333,0.454545454545,0.55223880597,0.52808988764,0.558139534884,0.533333333333,0.5,0.46875,0.513513513514,0.508771929825,0.483050847458
1,76ers,9,23,0.391,17,21,0.81,12,30,42,19,7,5,17,18,100,28,61,0.459016393443,0,0.486842105263,0.506024096386,0.473684210526,0.479166666667,0.459459459459,0.466666666667,0.545454545455,0.44776119403,0.47191011236,0.441860465116,0.466666666667,0.5,0.53125,0.486486486486,0.491228070175,0.516949152542
