,TEAM_NAME,FG3M,FG3A,FG3_PCT,FTM,FTA,FT_PCT,OREB,DREB,REB,AST,STL,BLK,TO,PF,PTS,FG2M,FG2A,FG2_PCT,OUTCOME,DEFICIT_FGM,DEFICIT_FGA,DEFICIT_FG3M,DEFICIT_FG3A,DEFICIT_FTM,DEFICIT_FTA,DEFICIT_OREB,DEFICIT_DREB,DEFICIT_REB,DEFICIT_AST,DEFICIT_STL,DEFICIT_BLK,DEFICIT_TO,DEFICIT_PF,DEFICIT_FG2M,DEFICIT_FG2A
0,Rockets,12,29,0.414,26,35,0.743,7,25,32,20,10,3,15,23,116,27,50,0.54,1,0.475609756098,0.467455621302,0.666666666667,0.56862745098,0.565217391304,0.593220338983,0.269230769231,0.403225806452,0.363636363636,0.47619047619,0.625,0.333333333333,0.454545454545,0.433962264151,0.421875,0.423728813559
1,Warriors,6,22,0.273,20,24,0.833,19,37,56,22,6,6,18,30,112,37,68,0.544117647059,0,0.524390243902,0.532544378698,0.333333333333,0.43137254902,0.434782608696,0.406779661017,0.730769230769,0.596774193548,0.636363636364,0.52380952381,0.375,0.666666666667,0.545454545455,0.566037735849,0.578125,0.576271186441
