,TEAM_NAME,FG3M,FG3A,FG3_PCT,FTM,FTA,FT_PCT,OREB,DREB,REB,AST,STL,BLK,TO,PF,PTS,FG2M,FG2A,FG2_PCT,OUTCOME,DEFICIT_FGM,DEFICIT_FGA,DEFICIT_FG3M,DEFICIT_FG3A,DEFICIT_FTM,DEFICIT_FTA,DEFICIT_OREB,DEFICIT_DREB,DEFICIT_REB,DEFICIT_AST,DEFICIT_STL,DEFICIT_BLK,DEFICIT_TO,DEFICIT_PF,DEFICIT_FG2M,DEFICIT_FG2A
0,Jazz,8,21,0.381,19,20,0.95,11,33,44,24,6,6,10,21,103,30,63,0.47619047619,1,0.513513513514,0.497041420118,0.533333333333,0.5,0.575757575758,0.454545454545,0.478260869565,0.492537313433,0.488888888889,0.521739130435,0.461538461538,0.352941176471,0.555555555556,0.477272727273,0.508474576271,0.496062992126
1,Nuggets,7,21,0.333,14,24,0.583,12,34,46,22,7,11,8,23,93,29,64,0.453125,0,0.486486486486,0.502958579882,0.466666666667,0.5,0.424242424242,0.545454545455,0.521739130435,0.507462686567,0.511111111111,0.478260869565,0.538461538462,0.647058823529,0.444444444444,0.522727272727,0.491525423729,0.503937007874
