,TEAM_NAME,FG3M,FG3A,FG3_PCT,FTM,FTA,FT_PCT,OREB,DREB,REB,AST,STL,BLK,TO,PF,PTS,FG2M,FG2A,FG2_PCT,OUTCOME,DEFICIT_FGM,DEFICIT_FGA,DEFICIT_FG3M,DEFICIT_FG3A,DEFICIT_FTM,DEFICIT_FTA,DEFICIT_OREB,DEFICIT_DREB,DEFICIT_REB,DEFICIT_AST,DEFICIT_STL,DEFICIT_BLK,DEFICIT_TO,DEFICIT_PF,DEFICIT_FG2M,DEFICIT_FG2A
0,Spurs,9,23,0.391,31,32,0.969,5,34,39,14,4,4,14,13,96,19,38,0.5,1,0.474576271186,0.426573426573,0.5625,0.46,0.704545454545,0.68085106383,0.357142857143,0.566666666667,0.527027027027,0.424242424242,0.333333333333,0.8,0.636363636364,0.371428571429,0.441860465116,0.408602150538
1,Grizzlies,7,27,0.259,13,15,0.867,9,26,35,19,8,1,8,22,82,24,55,0.436363636364,0,0.525423728814,0.573426573427,0.4375,0.54,0.295454545455,0.31914893617,0.642857142857,0.433333333333,0.472972972973,0.575757575758,0.666666666667,0.2,0.363636363636,0.628571428571,0.558139534884,0.591397849462
