,TEAM_NAME,FG3M,FG3A,FG3_PCT,FTM,FTA,FT_PCT,OREB,DREB,REB,AST,STL,BLK,TO,PF,PTS,FG2M,FG2A,FG2_PCT,OUTCOME,DEFICIT_FGM,DEFICIT_FGA,DEFICIT_FG3M,DEFICIT_FG3A,DEFICIT_FTM,DEFICIT_FTA,DEFICIT_OREB,DEFICIT_DREB,DEFICIT_REB,DEFICIT_AST,DEFICIT_STL,DEFICIT_BLK,DEFICIT_TO,DEFICIT_PF,DEFICIT_FG2M,DEFICIT_FG2A
0,Pacers,8,20,0.4,17,23,0.739,9,24,33,23,14,3,13,21,111,35,64,0.546875,0,0.505882352941,0.525,0.380952380952,0.392156862745,0.459459459459,0.5,0.5625,0.444444444444,0.471428571429,0.547619047619,0.7,0.272727272727,0.41935483871,0.567567567568,0.546875,0.587155963303
1,Cavaliers,13,31,0.419,20,23,0.87,7,30,37,19,6,8,18,16,117,29,45,0.644444444444,1,0.494117647059,0.475,0.619047619048,0.607843137255,0.540540540541,0.5,0.4375,0.555555555556,0.528571428571,0.452380952381,0.3,0.727272727273,0.58064516129,0.432432432432,0.453125,0.412844036697
