,TEAM_NAME,FG3M,FG3A,FG3_PCT,FTM,FTA,FT_PCT,OREB,DREB,REB,AST,STL,BLK,TO,PF,PTS,FG2M,FG2A,FG2_PCT,OUTCOME,DEFICIT_FGM,DEFICIT_FGA,DEFICIT_FG3M,DEFICIT_FG3A,DEFICIT_FTM,DEFICIT_FTA,DEFICIT_OREB,DEFICIT_DREB,DEFICIT_REB,DEFICIT_AST,DEFICIT_STL,DEFICIT_BLK,DEFICIT_TO,DEFICIT_PF,DEFICIT_FG2M,DEFICIT_FG2A
0,Grizzlies,4,17,0.235,11,16,0.688,9,23,32,18,9,6,8,15,89,33,68,0.485294117647,0,0.4625,0.502958579882,0.222222222222,0.333333333333,0.5,0.551724137931,0.45,0.377049180328,0.395061728395,0.375,0.6,0.545454545455,0.307692307692,0.454545454545,0.532258064516,0.576271186441
1,Cavaliers,14,34,0.412,11,13,0.846,11,38,49,30,6,5,18,18,111,29,50,0.58,1,0.5375,0.497041420118,0.777777777778,0.666666666667,0.5,0.448275862069,0.55,0.622950819672,0.604938271605,0.625,0.4,0.454545454545,0.692307692308,0.545454545455,0.467741935484,0.423728813559
