,TEAM_NAME,FG3M,FG3A,FG3_PCT,FTM,FTA,FT_PCT,OREB,DREB,REB,AST,STL,BLK,TO,PF,PTS,FG2M,FG2A,FG2_PCT,OUTCOME,DEFICIT_FGM,DEFICIT_FGA,DEFICIT_FG3M,DEFICIT_FG3A,DEFICIT_FTM,DEFICIT_FTA,DEFICIT_OREB,DEFICIT_DREB,DEFICIT_REB,DEFICIT_AST,DEFICIT_STL,DEFICIT_BLK,DEFICIT_TO,DEFICIT_PF,DEFICIT_FG2M,DEFICIT_FG2A
0,Pelicans,5,15,0.333,20,32,0.625,12,25,37,20,8,9,13,16,93,29,60,0.483333333333,0,0.459459459459,0.480769230769,0.454545454545,0.405405405405,0.689655172414,0.727272727273,0.5,0.446428571429,0.4625,0.408163265306,0.533333333333,0.692307692308,0.41935483871,0.421052631579,0.460317460317,0.504201680672
1,Rockets,6,22,0.273,9,12,0.75,12,31,43,29,7,4,18,22,95,34,59,0.576271186441,1,0.540540540541,0.519230769231,0.545454545455,0.594594594595,0.310344827586,0.272727272727,0.5,0.553571428571,0.5375,0.591836734694,0.466666666667,0.307692307692,0.58064516129,0.578947368421,0.539682539683,0.495798319328
