,TEAM_NAME,FG3M,FG3A,FG3_PCT,FTM,FTA,FT_PCT,OREB,DREB,REB,AST,STL,BLK,TO,PF,PTS,FG2M,FG2A,FG2_PCT,OUTCOME,DEFICIT_FGM,DEFICIT_FGA,DEFICIT_FG3M,DEFICIT_FG3A,DEFICIT_FTM,DEFICIT_FTA,DEFICIT_OREB,DEFICIT_DREB,DEFICIT_REB,DEFICIT_AST,DEFICIT_STL,DEFICIT_BLK,DEFICIT_TO,DEFICIT_PF,DEFICIT_FG2M,DEFICIT_FG2A
0,76ers,14,34,0.412,15,22,0.682,13,36,49,17,14,12,16,22,99,21,50,0.42,1,0.546875,0.5,0.636363636364,0.539682539683,0.441176470588,0.448979591837,0.5,0.5,0.5,0.566666666667,0.636363636364,0.75,0.5,0.5,0.5,0.47619047619
1,Nuggets,8,29,0.276,19,27,0.704,13,36,49,13,8,4,16,22,85,21,55,0.381818181818,0,0.453125,0.5,0.363636363636,0.460317460317,0.558823529412,0.551020408163,0.5,0.5,0.5,0.433333333333,0.363636363636,0.25,0.5,0.5,0.5,0.52380952381
