,TEAM_NAME,FG3M,FG3A,FG3_PCT,FTM,FTA,FT_PCT,OREB,DREB,REB,AST,STL,BLK,TO,PF,PTS,FG2M,FG2A,FG2_PCT,OUTCOME,DEFICIT_FGM,DEFICIT_FGA,DEFICIT_FG3M,DEFICIT_FG3A,DEFICIT_FTM,DEFICIT_FTA,DEFICIT_OREB,DEFICIT_DREB,DEFICIT_REB,DEFICIT_AST,DEFICIT_STL,DEFICIT_BLK,DEFICIT_TO,DEFICIT_PF,DEFICIT_FG2M,DEFICIT_FG2A
0,Heat,9,24,0.375,16,23,0.696,8,30,38,23,7,6,16,28,93,25,53,0.471698113208,1,0.548387096774,0.527397260274,0.642857142857,0.558139534884,0.390243902439,0.383333333333,0.444444444444,0.47619047619,0.469135802469,0.589743589744,0.466666666667,0.6,0.5,0.528301886792,0.520833333333,0.514563106796
1,Celtics,5,19,0.263,25,37,0.676,10,33,43,16,8,4,16,25,86,23,50,0.46,0,0.451612903226,0.472602739726,0.357142857143,0.441860465116,0.609756097561,0.616666666667,0.555555555556,0.52380952381,0.530864197531,0.410256410256,0.533333333333,0.4,0.5,0.471698113208,0.479166666667,0.485436893204
