,TEAM_NAME,FG3M,FG3A,FG3_PCT,FTM,FTA,FT_PCT,OREB,DREB,REB,AST,STL,BLK,TO,PF,PTS,FG2M,FG2A,FG2_PCT,OUTCOME,DEFICIT_FGM,DEFICIT_FGA,DEFICIT_FG3M,DEFICIT_FG3A,DEFICIT_FTM,DEFICIT_FTA,DEFICIT_OREB,DEFICIT_DREB,DEFICIT_REB,DEFICIT_AST,DEFICIT_STL,DEFICIT_BLK,DEFICIT_TO,DEFICIT_PF,DEFICIT_FG2M,DEFICIT_FG2A
0,Raptors,9,21,0.429,16,19,0.842,10,25,35,16,6,1,7,16,103,30,62,0.483870967742,0,0.464285714286,0.528662420382,0.428571428571,0.477272727273,0.533333333333,0.527777777778,0.833333333333,0.462962962963,0.530303030303,0.380952380952,0.6,0.142857142857,0.466666666667,0.5,0.47619047619,0.548672566372
1,Bulls,12,23,0.522,14,17,0.824,2,29,31,26,4,6,8,16,116,33,51,0.647058823529,1,0.535714285714,0.471337579618,0.571428571429,0.522727272727,0.466666666667,0.472222222222,0.166666666667,0.537037037037,0.469696969697,0.619047619048,0.4,0.857142857143,0.533333333333,0.5,0.52380952381,0.451327433628
