,TEAM_NAME,FG3M,FG3A,FG3_PCT,FTM,FTA,FT_PCT,OREB,DREB,REB,AST,STL,BLK,TO,PF,PTS,FG2M,FG2A,FG2_PCT,OUTCOME,DEFICIT_FGM,DEFICIT_FGA,DEFICIT_FG3M,DEFICIT_FG3A,DEFICIT_FTM,DEFICIT_FTA,DEFICIT_OREB,DEFICIT_DREB,DEFICIT_REB,DEFICIT_AST,DEFICIT_STL,DEFICIT_BLK,DEFICIT_TO,DEFICIT_PF,DEFICIT_FG2M,DEFICIT_FG2A
0,Wizards,7,19,0.368,14,20,0.7,9,33,42,22,10,0,11,19,97,31,59,0.525423728814,1,0.513513513514,0.496815286624,0.466666666667,0.422222222222,0.48275862069,0.487804878049,0.529411764706,0.52380952381,0.525,0.52380952381,0.769230769231,0.0,0.458333333333,0.527777777778,0.525423728814,0.526785714286
1,Pistons,8,26,0.308,15,21,0.714,8,30,38,20,3,2,13,17,95,28,53,0.528301886792,0,0.486486486486,0.503184713376,0.533333333333,0.577777777778,0.51724137931,0.512195121951,0.470588235294,0.47619047619,0.475,0.47619047619,0.230769230769,1.0,0.541666666667,0.472222222222,0.474576271186,0.473214285714
