,TEAM_NAME,FG3M,FG3A,FG3_PCT,FTM,FTA,FT_PCT,OREB,DREB,REB,AST,STL,BLK,TO,PF,PTS,FG2M,FG2A,FG2_PCT,OUTCOME,DEFICIT_FGM,DEFICIT_FGA,DEFICIT_FG3M,DEFICIT_FG3A,DEFICIT_FTM,DEFICIT_FTA,DEFICIT_OREB,DEFICIT_DREB,DEFICIT_REB,DEFICIT_AST,DEFICIT_STL,DEFICIT_BLK,DEFICIT_TO,DEFICIT_PF,DEFICIT_FG2M,DEFICIT_FG2A
0,Kings,7,20,0.35,28,31,0.903,10,37,47,23,11,5,14,16,97,24,61,0.39344262295081966,1,0.4492753623188406,0.4682080924855491,0.4375,0.39215686274509803,0.8235294117647058,0.7948717948717948,0.4,0.5138888888888888,0.4845360824742268,0.46,0.5789473684210527,0.4166666666666667,0.45161290322580644,0.38095238095238093,0.4528301886792453,0.5
1,Magic,9,31,0.29,6,8,0.75,15,35,50,27,8,7,17,26,91,29,61,0.47540983606557374,0,0.5507246376811594,0.5317919075144508,0.5625,0.6078431372549019,0.17647058823529413,0.20512820512820512,0.6,0.4861111111111111,0.5154639175257731,0.54,0.42105263157894735,0.5833333333333334,0.5483870967741935,0.6190476190476191,0.5471698113207547,0.5
