,TEAM_NAME,FG3M,FG3A,FG3_PCT,FTM,FTA,FT_PCT,OREB,DREB,REB,AST,STL,BLK,TO,PF,PTS,FG2M,FG2A,FG2_PCT,OUTCOME,DEFICIT_FGM,DEFICIT_FGA,DEFICIT_FG3M,DEFICIT_FG3A,DEFICIT_FTM,DEFICIT_FTA,DEFICIT_OREB,DEFICIT_DREB,DEFICIT_REB,DEFICIT_AST,DEFICIT_STL,DEFICIT_BLK,DEFICIT_TO,DEFICIT_PF,DEFICIT_FG2M,DEFICIT_FG2A
0,Knicks,12,25,0.48,27,34,0.794,19,26,45,20,4,8,11,22,107,22,55,0.4,1,0.492753623188,0.496894409938,0.5,0.471698113208,0.574468085106,0.548387096774,0.542857142857,0.5,0.51724137931,0.526315789474,0.4,0.666666666667,0.478260869565,0.458333333333,0.488888888889,0.509259259259
1,Rockets,12,28,0.429,20,28,0.714,16,26,42,18,6,4,12,26,102,23,53,0.433962264151,0,0.507246376812,0.503105590062,0.5,0.528301886792,0.425531914894,0.451612903226,0.457142857143,0.5,0.48275862069,0.473684210526,0.6,0.333333333333,0.521739130435,0.541666666667,0.511111111111,0.490740740741
