,TEAM_NAME,FG3M,FG3A,FG3_PCT,FTM,FTA,FT_PCT,OREB,DREB,REB,AST,STL,BLK,TO,PF,PTS,FG2M,FG2A,FG2_PCT,OUTCOME,DEFICIT_FGM,DEFICIT_FGA,DEFICIT_FG3M,DEFICIT_FG3A,DEFICIT_FTM,DEFICIT_FTA,DEFICIT_OREB,DEFICIT_DREB,DEFICIT_REB,DEFICIT_AST,DEFICIT_STL,DEFICIT_BLK,DEFICIT_TO,DEFICIT_PF,DEFICIT_FG2M,DEFICIT_FG2A
0,76ers,10,31,0.323,19,24,0.792,10,33,43,16,7,8,16,30,91,21,51,0.411764705882,0,0.508196721311,0.543046357616,0.666666666667,0.632653061224,0.38,0.347826086957,0.526315789474,0.478260869565,0.488636363636,0.5,0.5,0.363636363636,0.5,0.612244897959,0.45652173913,0.5
1,Heat,5,18,0.278,31,45,0.689,9,36,45,16,7,14,16,19,96,25,51,0.490196078431,1,0.491803278689,0.456953642384,0.333333333333,0.367346938776,0.62,0.652173913043,0.473684210526,0.521739130435,0.511363636364,0.5,0.5,0.636363636364,0.5,0.387755102041,0.54347826087,0.5
