,TEAM_NAME,FG3M,FG3A,FG3_PCT,FTM,FTA,FT_PCT,OREB,DREB,REB,AST,STL,BLK,TO,PF,PTS,FG2M,FG2A,FG2_PCT,OUTCOME,DEFICIT_FGM,DEFICIT_FGA,DEFICIT_FG3M,DEFICIT_FG3A,DEFICIT_FTM,DEFICIT_FTA,DEFICIT_OREB,DEFICIT_DREB,DEFICIT_REB,DEFICIT_AST,DEFICIT_STL,DEFICIT_BLK,DEFICIT_TO,DEFICIT_PF,DEFICIT_FG2M,DEFICIT_FG2A
0,Wizards,7,19,0.368,14,20,0.7,9,33,42,22,10,0,11,19,97,31,59,0.5254237288135594,1,0.5135135135135135,0.4968152866242038,0.4666666666666667,0.4222222222222222,0.4827586206896552,0.4878048780487805,0.5294117647058824,0.5238095238095238,0.525,0.5238095238095238,0.7692307692307693,0.0,0.4583333333333333,0.5277777777777778,0.5254237288135594,0.5267857142857143
1,Pistons,8,26,0.308,15,21,0.714,8,30,38,20,3,2,13,17,95,28,53,0.5283018867924528,0,0.4864864864864865,0.5031847133757962,0.5333333333333333,0.5777777777777777,0.5172413793103449,0.5121951219512195,0.47058823529411764,0.47619047619047616,0.475,0.47619047619047616,0.23076923076923078,1.0,0.5416666666666666,0.4722222222222222,0.4745762711864407,0.4732142857142857
