,TEAM_NAME,FG3M,FG3A,FG3_PCT,FTM,FTA,FT_PCT,OREB,DREB,REB,AST,STL,BLK,TO,PF,PTS,FG2M,FG2A,FG2_PCT,OUTCOME,DEFICIT_FGM,DEFICIT_FGA,DEFICIT_FG3M,DEFICIT_FG3A,DEFICIT_FTM,DEFICIT_FTA,DEFICIT_OREB,DEFICIT_DREB,DEFICIT_REB,DEFICIT_AST,DEFICIT_STL,DEFICIT_BLK,DEFICIT_TO,DEFICIT_PF,DEFICIT_FG2M,DEFICIT_FG2A
0,Pacers,6,19,0.316,19,25,0.76,9,42,51,20,6,3,9,16,105,34,64,0.53125,1,0.555555555556,0.497005988024,0.375,0.387755102041,0.542857142857,0.531914893617,0.473684210526,0.583333333333,0.56043956044,0.47619047619,0.5,0.75,0.529411764706,0.470588235294,0.607142857143,0.542372881356
1,Pistons,10,30,0.333,16,22,0.727,10,30,40,22,6,1,8,18,90,22,54,0.407407407407,0,0.444444444444,0.502994011976,0.625,0.612244897959,0.457142857143,0.468085106383,0.526315789474,0.416666666667,0.43956043956,0.52380952381,0.5,0.25,0.470588235294,0.529411764706,0.392857142857,0.457627118644
