,TEAM_NAME,FG3M,FG3A,FG3_PCT,FTM,FTA,FT_PCT,OREB,DREB,REB,AST,STL,BLK,TO,PF,PTS,FG2M,FG2A,FG2_PCT,OUTCOME,DEFICIT_FGM,DEFICIT_FGA,DEFICIT_FG3M,DEFICIT_FG3A,DEFICIT_FTM,DEFICIT_FTA,DEFICIT_OREB,DEFICIT_DREB,DEFICIT_REB,DEFICIT_AST,DEFICIT_STL,DEFICIT_BLK,DEFICIT_TO,DEFICIT_PF,DEFICIT_FG2M,DEFICIT_FG2A
0,Timberwolves,7,21,0.333,20,27,0.741,13,42,55,29,9,6,21,21,109,34,71,0.478873239437,0,0.5125,0.489361702128,0.291666666667,0.291666666667,0.555555555556,0.574468085106,0.565217391304,0.53164556962,0.539215686275,0.537037037037,0.391304347826,0.6,0.567567567568,0.488372093023,0.607142857143,0.612068965517
1,Rockets,17,51,0.333,16,20,0.8,10,37,47,25,14,4,16,22,111,22,45,0.488888888889,1,0.4875,0.510638297872,0.708333333333,0.708333333333,0.444444444444,0.425531914894,0.434782608696,0.46835443038,0.460784313725,0.462962962963,0.608695652174,0.4,0.432432432432,0.511627906977,0.392857142857,0.387931034483
