,TEAM_NAME,FG3M,FG3A,FG3_PCT,FTM,FTA,FT_PCT,OREB,DREB,REB,AST,STL,BLK,TO,PF,PTS,FG2M,FG2A,FG2_PCT,OUTCOME,DEFICIT_FGM,DEFICIT_FGA,DEFICIT_FG3M,DEFICIT_FG3A,DEFICIT_FTM,DEFICIT_FTA,DEFICIT_OREB,DEFICIT_DREB,DEFICIT_REB,DEFICIT_AST,DEFICIT_STL,DEFICIT_BLK,DEFICIT_TO,DEFICIT_PF,DEFICIT_FG2M,DEFICIT_FG2A
0,Rockets,10,31,0.323,19,36,0.528,11,42,53,22,9,6,21,26,103,27,51,0.529411764706,1,0.513888888889,0.471264367816,0.666666666667,0.543859649123,0.5,0.590163934426,0.52380952381,0.53164556962,0.53,0.511627906977,0.391304347826,0.75,0.538461538462,0.472727272727,0.473684210526,0.435897435897
1,Mavericks,5,26,0.192,19,25,0.76,10,37,47,21,14,2,18,29,94,30,66,0.454545454545,0,0.486111111111,0.528735632184,0.333333333333,0.456140350877,0.5,0.409836065574,0.47619047619,0.46835443038,0.47,0.488372093023,0.608695652174,0.25,0.461538461538,0.527272727273,0.526315789474,0.564102564103
