,TEAM_NAME,FG3M,FG3A,FG3_PCT,FTM,FTA,FT_PCT,OREB,DREB,REB,AST,STL,BLK,TO,PF,PTS,FG2M,FG2A,FG2_PCT,OUTCOME,DEFICIT_FGM,DEFICIT_FGA,DEFICIT_FG3M,DEFICIT_FG3A,DEFICIT_FTM,DEFICIT_FTA,DEFICIT_OREB,DEFICIT_DREB,DEFICIT_REB,DEFICIT_AST,DEFICIT_STL,DEFICIT_BLK,DEFICIT_TO,DEFICIT_PF,DEFICIT_FG2M,DEFICIT_FG2A
0,Raptors,12,26,0.462,29,36,0.806,9,28,37,21,6,2,11,25,115,25,51,0.490196078431,1,0.480519480519,0.506578947368,0.521739130435,0.530612244898,0.56862745098,0.545454545455,0.473684210526,0.538461538462,0.521126760563,0.488372093023,0.428571428571,0.333333333333,0.44,0.480769230769,0.462962962963,0.495145631068
1,Nets,11,23,0.478,22,30,0.733,10,24,34,22,8,4,14,27,113,29,52,0.557692307692,0,0.519480519481,0.493421052632,0.478260869565,0.469387755102,0.43137254902,0.454545454545,0.526315789474,0.461538461538,0.478873239437,0.511627906977,0.571428571429,0.666666666667,0.56,0.519230769231,0.537037037037,0.504854368932
