,TEAM_NAME,FG3M,FG3A,FG3_PCT,FTM,FTA,FT_PCT,OREB,DREB,REB,AST,STL,BLK,TO,PF,PTS,FG2M,FG2A,FG2_PCT,OUTCOME,DEFICIT_FGM,DEFICIT_FGA,DEFICIT_FG3M,DEFICIT_FG3A,DEFICIT_FTM,DEFICIT_FTA,DEFICIT_OREB,DEFICIT_DREB,DEFICIT_REB,DEFICIT_AST,DEFICIT_STL,DEFICIT_BLK,DEFICIT_TO,DEFICIT_PF,DEFICIT_FG2M,DEFICIT_FG2A
0,Spurs,8,16,0.5,19,27,0.704,12,35,47,24,6,5,5,15,109,33,72,0.458333333333,1,0.5125,0.497175141243,0.4,0.363636363636,0.59375,0.642857142857,0.571428571429,0.479452054795,0.5,0.571428571429,0.75,0.384615384615,0.384615384615,0.416666666667,0.55,0.541353383459
1,Mavericks,12,28,0.429,13,15,0.867,9,38,47,18,2,8,8,21,103,27,61,0.44262295082,0,0.4875,0.502824858757,0.6,0.636363636364,0.40625,0.357142857143,0.428571428571,0.520547945205,0.5,0.428571428571,0.25,0.615384615385,0.615384615385,0.583333333333,0.45,0.458646616541
