,TEAM_NAME,FG3M,FG3A,FG3_PCT,FTM,FTA,FT_PCT,OREB,DREB,REB,AST,STL,BLK,TO,PF,PTS,FG2M,FG2A,FG2_PCT,OUTCOME,DEFICIT_FGM,DEFICIT_FGA,DEFICIT_FG3M,DEFICIT_FG3A,DEFICIT_FTM,DEFICIT_FTA,DEFICIT_OREB,DEFICIT_DREB,DEFICIT_REB,DEFICIT_AST,DEFICIT_STL,DEFICIT_BLK,DEFICIT_TO,DEFICIT_PF,DEFICIT_FG2M,DEFICIT_FG2A
0,Wizards,8,29,0.276,23,26,0.885,14,34,48,31,11,7,14,24,105,29,59,0.4915254237288136,1,0.49333333333333335,0.5028571428571429,0.47058823529411764,0.5087719298245614,0.5897435897435898,0.48148148148148145,0.5384615384615384,0.4857142857142857,0.5,0.5535714285714286,0.6470588235294118,0.6363636363636364,0.5,0.5106382978723404,0.5,0.5
1,Bucks,9,28,0.321,16,28,0.571,12,36,48,25,6,4,14,23,101,29,59,0.4915254237288136,0,0.5066666666666667,0.49714285714285716,0.5294117647058824,0.49122807017543857,0.41025641025641024,0.5185185185185185,0.46153846153846156,0.5142857142857142,0.5,0.44642857142857145,0.35294117647058826,0.36363636363636365,0.5,0.48936170212765956,0.5,0.5
