,TEAM_NAME,FG3M,FG3A,FG3_PCT,FTM,FTA,FT_PCT,OREB,DREB,REB,AST,STL,BLK,TO,PF,PTS,FG2M,FG2A,FG2_PCT,OUTCOME,DEFICIT_FGM,DEFICIT_FGA,DEFICIT_FG3M,DEFICIT_FG3A,DEFICIT_FTM,DEFICIT_FTA,DEFICIT_OREB,DEFICIT_DREB,DEFICIT_REB,DEFICIT_AST,DEFICIT_STL,DEFICIT_BLK,DEFICIT_TO,DEFICIT_PF,DEFICIT_FG2M,DEFICIT_FG2A
0,Heat,8,22,0.364,19,35,0.543,9,37,46,20,7,7,21,19,105,31,52,0.5961538461538461,1,0.5131578947368421,0.4277456647398844,0.4,0.3548387096774194,0.5757575757575758,0.625,0.34615384615384615,0.5606060606060606,0.5,0.5128205128205128,0.35,0.6363636363636364,0.5675675675675675,0.38,0.5535714285714286,0.46846846846846846
1,Rockets,12,40,0.3,14,21,0.667,17,29,46,19,13,4,16,31,100,25,59,0.423728813559322,0,0.4868421052631579,0.5722543352601156,0.6,0.6451612903225806,0.42424242424242425,0.375,0.6538461538461539,0.4393939393939394,0.5,0.48717948717948717,0.65,0.36363636363636365,0.43243243243243246,0.62,0.44642857142857145,0.5315315315315315
