,TEAM_NAME,FG3M,FG3A,FG3_PCT,FTM,FTA,FT_PCT,OREB,DREB,REB,AST,STL,BLK,TO,PF,PTS,FG2M,FG2A,FG2_PCT,OUTCOME,DEFICIT_FGM,DEFICIT_FGA,DEFICIT_FG3M,DEFICIT_FG3A,DEFICIT_FTM,DEFICIT_FTA,DEFICIT_OREB,DEFICIT_DREB,DEFICIT_REB,DEFICIT_AST,DEFICIT_STL,DEFICIT_BLK,DEFICIT_TO,DEFICIT_PF,DEFICIT_FG2M,DEFICIT_FG2A
0,Heat,8,22,0.364,19,35,0.543,9,37,46,20,7,7,21,19,105,31,52,0.596153846154,1,0.513157894737,0.42774566474,0.4,0.354838709677,0.575757575758,0.625,0.346153846154,0.560606060606,0.5,0.512820512821,0.35,0.636363636364,0.567567567568,0.38,0.553571428571,0.468468468468
1,Rockets,12,40,0.3,14,21,0.667,17,29,46,19,13,4,16,31,100,25,59,0.423728813559,0,0.486842105263,0.57225433526,0.6,0.645161290323,0.424242424242,0.375,0.653846153846,0.439393939394,0.5,0.487179487179,0.65,0.363636363636,0.432432432432,0.62,0.446428571429,0.531531531532
