,TEAM_NAME,FG3M,FG3A,FG3_PCT,FTM,FTA,FT_PCT,OREB,DREB,REB,AST,STL,BLK,TO,PF,PTS,FG2M,FG2A,FG2_PCT,OUTCOME,DEFICIT_FGM,DEFICIT_FGA,DEFICIT_FG3M,DEFICIT_FG3A,DEFICIT_FTM,DEFICIT_FTA,DEFICIT_OREB,DEFICIT_DREB,DEFICIT_REB,DEFICIT_AST,DEFICIT_STL,DEFICIT_BLK,DEFICIT_TO,DEFICIT_PF,DEFICIT_FG2M,DEFICIT_FG2A
0,76ers,7,21,0.333,7,9,0.778,12,35,47,25,5,8,17,18,94,33,63,0.5238095238095238,1,0.5714285714285714,0.4827586206896552,0.4375,0.44680851063829785,0.4117647058823529,0.391304347826087,0.4,0.5833333333333334,0.5222222222222223,0.5319148936170213,0.35714285714285715,0.6666666666666666,0.5666666666666667,0.6,0.6111111111111112,0.49606299212598426
1,Cavaliers,9,26,0.346,10,14,0.714,18,25,43,22,9,4,13,12,79,21,64,0.328125,0,0.42857142857142855,0.5172413793103449,0.5625,0.5531914893617021,0.5882352941176471,0.6086956521739131,0.6,0.4166666666666667,0.4777777777777778,0.46808510638297873,0.6428571428571429,0.3333333333333333,0.43333333333333335,0.4,0.3888888888888889,0.5039370078740157
