,TEAM_NAME,FG3M,FG3A,FG3_PCT,FTM,FTA,FT_PCT,OREB,DREB,REB,AST,STL,BLK,TO,PF,PTS,FG2M,FG2A,FG2_PCT,OUTCOME,DEFICIT_FGM,DEFICIT_FGA,DEFICIT_FG3M,DEFICIT_FG3A,DEFICIT_FTM,DEFICIT_FTA,DEFICIT_OREB,DEFICIT_DREB,DEFICIT_REB,DEFICIT_AST,DEFICIT_STL,DEFICIT_BLK,DEFICIT_TO,DEFICIT_PF,DEFICIT_FG2M,DEFICIT_FG2A
0,Wizards,10,24,0.417,20,26,0.769,7,29,36,28,10,4,16,19,112,31,64,0.484375,1,0.5,0.5,0.625,0.5,0.5,0.472727272727,0.388888888889,0.420289855072,0.413793103448,0.549019607843,0.47619047619,0.571428571429,0.432432432432,0.413043478261,0.469696969697,0.5
1,Nets,6,24,0.25,20,29,0.69,11,40,51,23,11,3,21,27,108,35,64,0.546875,0,0.5,0.5,0.375,0.5,0.5,0.527272727273,0.611111111111,0.579710144928,0.586206896552,0.450980392157,0.52380952381,0.428571428571,0.567567567568,0.586956521739,0.530303030303,0.5
