,TEAM_NAME,FG3M,FG3A,FG3_PCT,FTM,FTA,FT_PCT,OREB,DREB,REB,AST,STL,BLK,TO,PF,PTS,FG2M,FG2A,FG2_PCT,OUTCOME,DEFICIT_FGM,DEFICIT_FGA,DEFICIT_FG3M,DEFICIT_FG3A,DEFICIT_FTM,DEFICIT_FTA,DEFICIT_OREB,DEFICIT_DREB,DEFICIT_REB,DEFICIT_AST,DEFICIT_STL,DEFICIT_BLK,DEFICIT_TO,DEFICIT_PF,DEFICIT_FG2M,DEFICIT_FG2A
0,Suns,9,20,0.45,25,32,0.781,11,37,48,21,11,3,20,22,114,31,63,0.492063492063,1,0.526315789474,0.509202453988,0.529411764706,0.47619047619,0.520833333333,0.533333333333,0.611111111111,0.55223880597,0.564705882353,0.552631578947,0.5,0.6,0.5,0.458333333333,0.525423728814,0.520661157025
1,Nuggets,8,22,0.364,23,28,0.821,7,30,37,17,11,2,20,26,103,28,58,0.48275862069,0,0.473684210526,0.490797546012,0.470588235294,0.52380952381,0.479166666667,0.466666666667,0.388888888889,0.44776119403,0.435294117647,0.447368421053,0.5,0.4,0.5,0.541666666667,0.474576271186,0.479338842975
