,TEAM_NAME,FG3M,FG3A,FG3_PCT,FTM,FTA,FT_PCT,OREB,DREB,REB,AST,STL,BLK,TO,PF,PTS,FG2M,FG2A,FG2_PCT,OUTCOME,DEFICIT_FGM,DEFICIT_FGA,DEFICIT_FG3M,DEFICIT_FG3A,DEFICIT_FTM,DEFICIT_FTA,DEFICIT_OREB,DEFICIT_DREB,DEFICIT_REB,DEFICIT_AST,DEFICIT_STL,DEFICIT_BLK,DEFICIT_TO,DEFICIT_PF,DEFICIT_FG2M,DEFICIT_FG2A
0,Kings,6,22,0.273,13,15,0.867,8,23,31,20,11,1,11,24,91,30,64,0.46875,0,0.48,0.518072289157,0.375,0.488888888889,0.448275862069,0.454545454545,0.421052631579,0.389830508475,0.397435897436,0.416666666667,0.733333333333,0.166666666667,0.392857142857,0.571428571429,0.508474576271,0.528925619835
1,Trail Blazers,10,23,0.435,16,18,0.889,11,36,47,28,4,5,17,18,104,29,57,0.508771929825,1,0.52,0.481927710843,0.625,0.511111111111,0.551724137931,0.545454545455,0.578947368421,0.610169491525,0.602564102564,0.583333333333,0.266666666667,0.833333333333,0.607142857143,0.428571428571,0.491525423729,0.471074380165
