,TEAM_NAME,FG3M,FG3A,FG3_PCT,FTM,FTA,FT_PCT,OREB,DREB,REB,AST,STL,BLK,TO,PF,PTS,FG2M,FG2A,FG2_PCT,OUTCOME,DEFICIT_FGM,DEFICIT_FGA,DEFICIT_FG3M,DEFICIT_FG3A,DEFICIT_FTM,DEFICIT_FTA,DEFICIT_OREB,DEFICIT_DREB,DEFICIT_REB,DEFICIT_AST,DEFICIT_STL,DEFICIT_BLK,DEFICIT_TO,DEFICIT_PF,DEFICIT_FG2M,DEFICIT_FG2A
0,76ers,7,21,0.333,7,9,0.778,12,35,47,25,5,8,17,18,94,33,63,0.52380952381,1,0.571428571429,0.48275862069,0.4375,0.446808510638,0.411764705882,0.391304347826,0.4,0.583333333333,0.522222222222,0.531914893617,0.357142857143,0.666666666667,0.566666666667,0.6,0.611111111111,0.496062992126
1,Cavaliers,9,26,0.346,10,14,0.714,18,25,43,22,9,4,13,12,79,21,64,0.328125,0,0.428571428571,0.51724137931,0.5625,0.553191489362,0.588235294118,0.608695652174,0.6,0.416666666667,0.477777777778,0.468085106383,0.642857142857,0.333333333333,0.433333333333,0.4,0.388888888889,0.503937007874
