,TEAM_NAME,FG3M,FG3A,FG3_PCT,FTM,FTA,FT_PCT,OREB,DREB,REB,AST,STL,BLK,TO,PF,PTS,FG2M,FG2A,FG2_PCT,OUTCOME,DEFICIT_FGM,DEFICIT_FGA,DEFICIT_FG3M,DEFICIT_FG3A,DEFICIT_FTM,DEFICIT_FTA,DEFICIT_OREB,DEFICIT_DREB,DEFICIT_REB,DEFICIT_AST,DEFICIT_STL,DEFICIT_BLK,DEFICIT_TO,DEFICIT_PF,DEFICIT_FG2M,DEFICIT_FG2A
0,Knicks,12,26,0.462,5,9,0.556,12,25,37,25,5,9,12,22,101,30,64,0.46875,1,0.575342465753,0.542168674699,0.75,0.619047619048,0.166666666667,0.230769230769,0.545454545455,0.446428571429,0.474358974359,0.657894736842,0.555555555556,0.529411764706,0.461538461538,0.594594594595,0.526315789474,0.516129032258
1,Bobcats,4,16,0.25,25,30,0.833,10,31,41,13,4,8,14,15,91,27,60,0.45,0,0.424657534247,0.457831325301,0.25,0.380952380952,0.833333333333,0.769230769231,0.454545454545,0.553571428571,0.525641025641,0.342105263158,0.444444444444,0.470588235294,0.538461538462,0.405405405405,0.473684210526,0.483870967742
