,TEAM_NAME,FG3M,FG3A,FG3_PCT,FTM,FTA,FT_PCT,OREB,DREB,REB,AST,STL,BLK,TO,PF,PTS,FG2M,FG2A,FG2_PCT,OUTCOME,DEFICIT_FGM,DEFICIT_FGA,DEFICIT_FG3M,DEFICIT_FG3A,DEFICIT_FTM,DEFICIT_FTA,DEFICIT_OREB,DEFICIT_DREB,DEFICIT_REB,DEFICIT_AST,DEFICIT_STL,DEFICIT_BLK,DEFICIT_TO,DEFICIT_PF,DEFICIT_FG2M,DEFICIT_FG2A
0,Kings,6,22,0.273,13,15,0.867,8,23,31,20,11,1,11,24,91,30,64,0.46875,0,0.48,0.5180722891566265,0.375,0.4888888888888889,0.4482758620689655,0.45454545454545453,0.42105263157894735,0.3898305084745763,0.3974358974358974,0.4166666666666667,0.7333333333333333,0.16666666666666666,0.39285714285714285,0.5714285714285714,0.5084745762711864,0.5289256198347108
1,Trail Blazers,10,23,0.435,16,18,0.889,11,36,47,28,4,5,17,18,104,29,57,0.5087719298245614,1,0.52,0.4819277108433735,0.625,0.5111111111111111,0.5517241379310345,0.5454545454545454,0.5789473684210527,0.6101694915254238,0.6025641025641025,0.5833333333333334,0.26666666666666666,0.8333333333333334,0.6071428571428571,0.42857142857142855,0.4915254237288136,0.47107438016528924
