,TEAM_NAME,FG3M,FG3A,FG3_PCT,FTM,FTA,FT_PCT,OREB,DREB,REB,AST,STL,BLK,TO,PF,PTS,FG2M,FG2A,FG2_PCT,OUTCOME,DEFICIT_FGM,DEFICIT_FGA,DEFICIT_FG3M,DEFICIT_FG3A,DEFICIT_FTM,DEFICIT_FTA,DEFICIT_OREB,DEFICIT_DREB,DEFICIT_REB,DEFICIT_AST,DEFICIT_STL,DEFICIT_BLK,DEFICIT_TO,DEFICIT_PF,DEFICIT_FG2M,DEFICIT_FG2A
0,Jazz,7,20,0.35,16,25,0.64,17,23,40,18,13,4,17,21,73,18,65,0.27692307692307694,0,0.3968253968253968,0.5414012738853503,0.7,0.7142857142857143,0.47058823529411764,0.5,0.6071428571428571,0.38333333333333336,0.45454545454545453,0.4090909090909091,0.52,0.4,0.4594594594594595,0.4666666666666667,0.33962264150943394,0.5038759689922481
1,Bulls,3,8,0.375,18,25,0.72,11,37,48,26,12,6,20,24,97,35,64,0.546875,1,0.6031746031746031,0.4585987261146497,0.3,0.2857142857142857,0.5294117647058824,0.5,0.39285714285714285,0.6166666666666667,0.5454545454545454,0.5909090909090909,0.48,0.6,0.5405405405405406,0.5333333333333333,0.660377358490566,0.49612403100775193
