,TEAM_NAME,FG3M,FG3A,FG3_PCT,FTM,FTA,FT_PCT,OREB,DREB,REB,AST,STL,BLK,TO,PF,PTS,FG2M,FG2A,FG2_PCT,OUTCOME,DEFICIT_FGM,DEFICIT_FGA,DEFICIT_FG3M,DEFICIT_FG3A,DEFICIT_FTM,DEFICIT_FTA,DEFICIT_OREB,DEFICIT_DREB,DEFICIT_REB,DEFICIT_AST,DEFICIT_STL,DEFICIT_BLK,DEFICIT_TO,DEFICIT_PF,DEFICIT_FG2M,DEFICIT_FG2A
0,Knicks,12,26,0.462,5,9,0.556,12,25,37,25,5,9,12,22,101,30,64,0.46875,1,0.5753424657534246,0.5421686746987951,0.75,0.6190476190476191,0.16666666666666666,0.23076923076923078,0.5454545454545454,0.44642857142857145,0.47435897435897434,0.6578947368421053,0.5555555555555556,0.5294117647058824,0.46153846153846156,0.5945945945945946,0.5263157894736842,0.5161290322580645
1,Bobcats,4,16,0.25,25,30,0.833,10,31,41,13,4,8,14,15,91,27,60,0.45,0,0.4246575342465753,0.4578313253012048,0.25,0.38095238095238093,0.8333333333333334,0.7692307692307693,0.45454545454545453,0.5535714285714286,0.5256410256410257,0.34210526315789475,0.4444444444444444,0.47058823529411764,0.5384615384615384,0.40540540540540543,0.47368421052631576,0.4838709677419355
