,TEAM_NAME,FG3M,FG3A,FG3_PCT,FTM,FTA,FT_PCT,OREB,DREB,REB,AST,STL,BLK,TO,PF,PTS,FG2M,FG2A,FG2_PCT,OUTCOME,DEFICIT_FGM,DEFICIT_FGA,DEFICIT_FG3M,DEFICIT_FG3A,DEFICIT_FTM,DEFICIT_FTA,DEFICIT_OREB,DEFICIT_DREB,DEFICIT_REB,DEFICIT_AST,DEFICIT_STL,DEFICIT_BLK,DEFICIT_TO,DEFICIT_PF,DEFICIT_FG2M,DEFICIT_FG2A
0,Spurs,5,19,0.263,9,18,0.5,11,31,42,19,9,3,12,18,76,26,60,0.43333333333333335,1,0.5166666666666667,0.5266666666666666,0.38461538461538464,0.48717948717948717,0.5294117647058824,0.6428571428571429,0.6470588235294118,0.44285714285714284,0.4827586206896552,0.5428571428571428,0.5625,0.42857142857142855,0.3870967741935484,0.47368421052631576,0.5531914893617021,0.5405405405405406
1,Warriors,8,20,0.4,8,10,0.8,6,39,45,16,7,4,19,20,74,21,51,0.4117647058823529,0,0.48333333333333334,0.47333333333333333,0.6153846153846154,0.5128205128205128,0.47058823529411764,0.35714285714285715,0.35294117647058826,0.5571428571428572,0.5172413793103449,0.45714285714285713,0.4375,0.5714285714285714,0.6129032258064516,0.5263157894736842,0.44680851063829785,0.4594594594594595
