,TEAM_NAME,FG3M,FG3A,FG3_PCT,FTM,FTA,FT_PCT,OREB,DREB,REB,AST,STL,BLK,TO,PF,PTS,FG2M,FG2A,FG2_PCT,OUTCOME,DEFICIT_FGM,DEFICIT_FGA,DEFICIT_FG3M,DEFICIT_FG3A,DEFICIT_FTM,DEFICIT_FTA,DEFICIT_OREB,DEFICIT_DREB,DEFICIT_REB,DEFICIT_AST,DEFICIT_STL,DEFICIT_BLK,DEFICIT_TO,DEFICIT_PF,DEFICIT_FG2M,DEFICIT_FG2A
0,Thunder,13,25,0.52,12,18,0.667,10,23,33,23,8,10,14,12,111,30,57,0.526315789474,1,0.5,0.482352941176,0.52,0.5,0.521739130435,0.6,0.4,0.479166666667,0.452054794521,0.479166666667,0.5,0.833333333333,0.48275862069,0.413793103448,0.491803278689,0.475
1,Hawks,12,25,0.48,11,12,0.917,15,25,40,25,8,2,15,17,109,31,63,0.492063492063,0,0.5,0.517647058824,0.48,0.5,0.478260869565,0.4,0.6,0.520833333333,0.547945205479,0.520833333333,0.5,0.166666666667,0.51724137931,0.586206896552,0.508196721311,0.525
