,TEAM_NAME,FG3M,FG3A,FG3_PCT,FTM,FTA,FT_PCT,OREB,DREB,REB,AST,STL,BLK,TO,PF,PTS,FG2M,FG2A,FG2_PCT,OUTCOME,DEFICIT_FGM,DEFICIT_FGA,DEFICIT_FG3M,DEFICIT_FG3A,DEFICIT_FTM,DEFICIT_FTA,DEFICIT_OREB,DEFICIT_DREB,DEFICIT_REB,DEFICIT_AST,DEFICIT_STL,DEFICIT_BLK,DEFICIT_TO,DEFICIT_PF,DEFICIT_FG2M,DEFICIT_FG2A
0,Suns,9,20,0.45,29,35,0.829,13,29,42,25,11,12,19,25,124,34,60,0.566666666667,1,0.518072289157,0.479041916168,0.529411764706,0.5,0.537037037037,0.573770491803,0.481481481481,0.557692307692,0.53164556962,0.520833333333,0.5,0.8,0.475,0.480769230769,0.515151515152,0.472440944882
1,76ers,8,20,0.4,25,26,0.962,14,23,37,23,11,3,21,27,113,32,67,0.477611940299,0,0.481927710843,0.520958083832,0.470588235294,0.5,0.462962962963,0.426229508197,0.518518518519,0.442307692308,0.46835443038,0.479166666667,0.5,0.2,0.525,0.519230769231,0.484848484848,0.527559055118
