,TEAM_NAME,FG3M,FG3A,FG3_PCT,FTM,FTA,FT_PCT,OREB,DREB,REB,AST,STL,BLK,TO,PF,PTS,FG2M,FG2A,FG2_PCT,OUTCOME,DEFICIT_FGM,DEFICIT_FGA,DEFICIT_FG3M,DEFICIT_FG3A,DEFICIT_FTM,DEFICIT_FTA,DEFICIT_OREB,DEFICIT_DREB,DEFICIT_REB,DEFICIT_AST,DEFICIT_STL,DEFICIT_BLK,DEFICIT_TO,DEFICIT_PF,DEFICIT_FG2M,DEFICIT_FG2A
0,Grizzlies,5,13,0.385,11,17,0.647,10,37,47,14,4,8,12,18,82,28,62,0.451612903226,1,0.55,0.503355704698,0.454545454545,0.464285714286,0.5,0.548387096774,0.555555555556,0.578125,0.573170731707,0.5,0.363636363636,0.615384615385,0.545454545455,0.486486486486,0.571428571429,0.512396694215
1,Pacers,6,15,0.4,11,14,0.786,8,27,35,14,7,5,10,19,71,21,59,0.35593220339,0,0.45,0.496644295302,0.545454545455,0.535714285714,0.5,0.451612903226,0.444444444444,0.421875,0.426829268293,0.5,0.636363636364,0.384615384615,0.454545454545,0.513513513514,0.428571428571,0.487603305785
