,TEAM_NAME,FG3M,FG3A,FG3_PCT,FTM,FTA,FT_PCT,OREB,DREB,REB,AST,STL,BLK,TO,PF,PTS,FG2M,FG2A,FG2_PCT,OUTCOME,DEFICIT_FGM,DEFICIT_FGA,DEFICIT_FG3M,DEFICIT_FG3A,DEFICIT_FTM,DEFICIT_FTA,DEFICIT_OREB,DEFICIT_DREB,DEFICIT_REB,DEFICIT_AST,DEFICIT_STL,DEFICIT_BLK,DEFICIT_TO,DEFICIT_PF,DEFICIT_FG2M,DEFICIT_FG2A
0,Grizzlies,6,19,0.316,17,27,0.63,20,26,46,18,5,4,10,19,105,35,76,0.460526315789,0,0.518987341772,0.549132947977,0.315789473684,0.395833333333,0.459459459459,0.529411764706,0.645161290323,0.456140350877,0.522727272727,0.428571428571,0.555555555556,0.363636363636,0.416666666667,0.395833333333,0.583333333333,0.608
1,Nuggets,13,29,0.448,20,24,0.833,11,31,42,24,4,7,14,29,109,25,49,0.510204081633,1,0.481012658228,0.450867052023,0.684210526316,0.604166666667,0.540540540541,0.470588235294,0.354838709677,0.543859649123,0.477272727273,0.571428571429,0.444444444444,0.636363636364,0.583333333333,0.604166666667,0.416666666667,0.392
