,TEAM_NAME,FG3M,FG3A,FG3_PCT,FTM,FTA,FT_PCT,OREB,DREB,REB,AST,STL,BLK,TO,PF,PTS,FG2M,FG2A,FG2_PCT,OUTCOME,DEFICIT_FGM,DEFICIT_FGA,DEFICIT_FG3M,DEFICIT_FG3A,DEFICIT_FTM,DEFICIT_FTA,DEFICIT_OREB,DEFICIT_DREB,DEFICIT_REB,DEFICIT_AST,DEFICIT_STL,DEFICIT_BLK,DEFICIT_TO,DEFICIT_PF,DEFICIT_FG2M,DEFICIT_FG2A
0,Jazz,9,32,0.281,13,29,0.448,16,38,54,14,11,2,15,23,96,28,60,0.466666666667,0,0.486842105263,0.508287292818,0.428571428571,0.477611940299,0.5,0.617021276596,0.64,0.506666666667,0.54,0.424242424242,0.647058823529,0.25,0.454545454545,0.522727272727,0.509090909091,0.526315789474
1,Warriors,12,35,0.343,13,18,0.722,9,37,46,19,6,6,18,21,103,27,54,0.5,1,0.513157894737,0.491712707182,0.571428571429,0.522388059701,0.5,0.382978723404,0.36,0.493333333333,0.46,0.575757575758,0.352941176471,0.75,0.545454545455,0.477272727273,0.490909090909,0.473684210526
