,TEAM_NAME,FG3M,FG3A,FG3_PCT,FTM,FTA,FT_PCT,OREB,DREB,REB,AST,STL,BLK,TO,PF,PTS,FG2M,FG2A,FG2_PCT,OUTCOME,DEFICIT_FGM,DEFICIT_FGA,DEFICIT_FG3M,DEFICIT_FG3A,DEFICIT_FTM,DEFICIT_FTA,DEFICIT_OREB,DEFICIT_DREB,DEFICIT_REB,DEFICIT_AST,DEFICIT_STL,DEFICIT_BLK,DEFICIT_TO,DEFICIT_PF,DEFICIT_FG2M,DEFICIT_FG2A
0,Spurs,12,24,0.5,16,22,0.727,6,32,38,23,10,8,12,18,100,24,51,0.470588235294,1,0.5,0.483870967742,0.6,0.585365853659,0.571428571429,0.55,0.352941176471,0.492307692308,0.463414634146,0.46,0.625,1.0,0.413793103448,0.514285714286,0.461538461538,0.447368421053
1,Pelicans,8,17,0.471,12,18,0.667,11,33,44,27,6,0,17,17,92,28,63,0.444444444444,0,0.5,0.516129032258,0.4,0.414634146341,0.428571428571,0.45,0.647058823529,0.507692307692,0.536585365854,0.54,0.375,0.0,0.586206896552,0.485714285714,0.538461538462,0.552631578947
