,TEAM_NAME,FG3M,FG3A,FG3_PCT,FTM,FTA,FT_PCT,OREB,DREB,REB,AST,STL,BLK,TO,PF,PTS,FG2M,FG2A,FG2_PCT,OUTCOME,DEFICIT_FGM,DEFICIT_FGA,DEFICIT_FG3M,DEFICIT_FG3A,DEFICIT_FTM,DEFICIT_FTA,DEFICIT_OREB,DEFICIT_DREB,DEFICIT_REB,DEFICIT_AST,DEFICIT_STL,DEFICIT_BLK,DEFICIT_TO,DEFICIT_PF,DEFICIT_FG2M,DEFICIT_FG2A
0,76ers,3,20,0.15,23,30,0.767,7,31,38,16,10,4,24,19,76,22,48,0.458333333333,0,0.409836065574,0.468965517241,0.25,0.487804878049,0.589743589744,0.535714285714,0.368421052632,0.492063492063,0.463414634146,0.432432432432,0.416666666667,0.666666666667,0.6,0.463414634146,0.448979591837,0.461538461538
1,Pistons,9,21,0.429,16,26,0.615,12,32,44,21,14,2,16,22,97,27,56,0.482142857143,1,0.590163934426,0.531034482759,0.75,0.512195121951,0.410256410256,0.464285714286,0.631578947368,0.507936507937,0.536585365854,0.567567567568,0.583333333333,0.333333333333,0.4,0.536585365854,0.551020408163,0.538461538462
