,TEAM_NAME,FG3M,FG3A,FG3_PCT,FTM,FTA,FT_PCT,OREB,DREB,REB,AST,STL,BLK,TO,PF,PTS,FG2M,FG2A,FG2_PCT,OUTCOME,DEFICIT_FGM,DEFICIT_FGA,DEFICIT_FG3M,DEFICIT_FG3A,DEFICIT_FTM,DEFICIT_FTA,DEFICIT_OREB,DEFICIT_DREB,DEFICIT_REB,DEFICIT_AST,DEFICIT_STL,DEFICIT_BLK,DEFICIT_TO,DEFICIT_PF,DEFICIT_FG2M,DEFICIT_FG2A
0,Wizards,8,31,0.258,17,18,0.944,12,20,32,24,21,1,16,28,119,39,66,0.590909090909,0,0.52808988764,0.580838323353,0.470588235294,0.62,0.354166666667,0.321428571429,0.631578947368,0.377358490566,0.444444444444,0.48,0.636363636364,0.166666666667,0.372093023256,0.595744680851,0.541666666667,0.564102564103
1,Kings,9,19,0.474,31,38,0.816,7,33,40,26,12,5,27,19,124,33,51,0.647058823529,1,0.47191011236,0.419161676647,0.529411764706,0.38,0.645833333333,0.678571428571,0.368421052632,0.622641509434,0.555555555556,0.52,0.363636363636,0.833333333333,0.627906976744,0.404255319149,0.458333333333,0.435897435897
