,TEAM_NAME,FG3M,FG3A,FG3_PCT,FTM,FTA,FT_PCT,OREB,DREB,REB,AST,STL,BLK,TO,PF,PTS,FG2M,FG2A,FG2_PCT,OUTCOME,DEFICIT_FGM,DEFICIT_FGA,DEFICIT_FG3M,DEFICIT_FG3A,DEFICIT_FTM,DEFICIT_FTA,DEFICIT_OREB,DEFICIT_DREB,DEFICIT_REB,DEFICIT_AST,DEFICIT_STL,DEFICIT_BLK,DEFICIT_TO,DEFICIT_PF,DEFICIT_FG2M,DEFICIT_FG2A
0,Grizzlies,17,44,0.386,31,44,0.705,14,36,50,30,16,7,15,28,134,26,60,0.433333333333,1,0.5,0.507317073171,0.708333333333,0.564102564103,0.492063492063,0.543209876543,0.48275862069,0.444444444444,0.454545454545,0.526315789474,0.727272727273,0.583333333333,0.384615384615,0.491228070175,0.41935483871,0.472440944882
1,Rockets,7,34,0.206,32,37,0.865,15,45,60,27,6,5,24,29,125,36,67,0.537313432836,0,0.5,0.492682926829,0.291666666667,0.435897435897,0.507936507937,0.456790123457,0.51724137931,0.555555555556,0.545454545455,0.473684210526,0.272727272727,0.416666666667,0.615384615385,0.508771929825,0.58064516129,0.527559055118
