,TEAM_NAME,FG3M,FG3A,FG3_PCT,FTM,FTA,FT_PCT,OREB,DREB,REB,AST,STL,BLK,TO,PF,PTS,FG2M,FG2A,FG2_PCT,OUTCOME,DEFICIT_FGM,DEFICIT_FGA,DEFICIT_FG3M,DEFICIT_FG3A,DEFICIT_FTM,DEFICIT_FTA,DEFICIT_OREB,DEFICIT_DREB,DEFICIT_REB,DEFICIT_AST,DEFICIT_STL,DEFICIT_BLK,DEFICIT_TO,DEFICIT_PF,DEFICIT_FG2M,DEFICIT_FG2A
0,Bulls,8,20,0.4,6,13,0.462,17,40,57,30,6,5,14,9,100,35,65,0.538461538462,1,0.551282051282,0.515151515152,0.444444444444,0.46511627907,0.545454545455,0.590909090909,0.772727272727,0.634920634921,0.670588235294,0.588235294118,0.4,0.454545454545,0.583333333333,0.36,0.583333333333,0.532786885246
1,Hawks,10,23,0.435,5,9,0.556,5,23,28,21,9,6,10,16,85,25,57,0.438596491228,0,0.448717948718,0.484848484848,0.555555555556,0.53488372093,0.454545454545,0.409090909091,0.227272727273,0.365079365079,0.329411764706,0.411764705882,0.6,0.545454545455,0.416666666667,0.64,0.416666666667,0.467213114754
