,TEAM_NAME,FG3M,FG3A,FG3_PCT,FTM,FTA,FT_PCT,OREB,DREB,REB,AST,STL,BLK,TO,PF,PTS,FG2M,FG2A,FG2_PCT,OUTCOME,DEFICIT_FGM,DEFICIT_FGA,DEFICIT_FG3M,DEFICIT_FG3A,DEFICIT_FTM,DEFICIT_FTA,DEFICIT_OREB,DEFICIT_DREB,DEFICIT_REB,DEFICIT_AST,DEFICIT_STL,DEFICIT_BLK,DEFICIT_TO,DEFICIT_PF,DEFICIT_FG2M,DEFICIT_FG2A
0,Pacers,5,20,0.25,16,21,0.762,10,41,51,21,9,2,13,22,85,27,65,0.415384615385,0,0.533333333333,0.537974683544,0.294117647059,0.37037037037,0.347826086957,0.362068965517,0.714285714286,0.525641025641,0.554347826087,0.5,0.692307692308,0.333333333333,0.481481481481,0.536585365854,0.627906976744,0.625
1,Hawks,12,34,0.353,30,37,0.811,4,37,41,21,4,4,14,19,98,16,39,0.410256410256,1,0.466666666667,0.462025316456,0.705882352941,0.62962962963,0.652173913043,0.637931034483,0.285714285714,0.474358974359,0.445652173913,0.5,0.307692307692,0.666666666667,0.518518518519,0.463414634146,0.372093023256,0.375
