,TEAM_NAME,FG3M,FG3A,FG3_PCT,FTM,FTA,FT_PCT,OREB,DREB,REB,AST,STL,BLK,TO,PF,PTS,FG2M,FG2A,FG2_PCT,OUTCOME,DEFICIT_FGM,DEFICIT_FGA,DEFICIT_FG3M,DEFICIT_FG3A,DEFICIT_FTM,DEFICIT_FTA,DEFICIT_OREB,DEFICIT_DREB,DEFICIT_REB,DEFICIT_AST,DEFICIT_STL,DEFICIT_BLK,DEFICIT_TO,DEFICIT_PF,DEFICIT_FG2M,DEFICIT_FG2A
0,Thunder,5,28,0.179,22,30,0.733,15,33,48,13,9,6,16,23,95,29,59,0.491525423729,0,0.453333333333,0.486033519553,0.555555555556,0.636363636364,0.647058823529,0.666666666667,0.535714285714,0.492537313433,0.505263157895,0.382352941176,0.5,0.857142857143,0.533333333333,0.522727272727,0.439393939394,0.437037037037
1,Grizzlies,4,16,0.25,12,15,0.8,13,34,47,21,9,1,14,21,98,37,76,0.486842105263,1,0.546666666667,0.513966480447,0.444444444444,0.363636363636,0.352941176471,0.333333333333,0.464285714286,0.507462686567,0.494736842105,0.617647058824,0.5,0.142857142857,0.466666666667,0.477272727273,0.560606060606,0.562962962963
