,TEAM_NAME,FG3M,FG3A,FG3_PCT,FTM,FTA,FT_PCT,OREB,DREB,REB,AST,STL,BLK,TO,PF,PTS,FG2M,FG2A,FG2_PCT,OUTCOME,DEFICIT_FGM,DEFICIT_FGA,DEFICIT_FG3M,DEFICIT_FG3A,DEFICIT_FTM,DEFICIT_FTA,DEFICIT_OREB,DEFICIT_DREB,DEFICIT_REB,DEFICIT_AST,DEFICIT_STL,DEFICIT_BLK,DEFICIT_TO,DEFICIT_PF,DEFICIT_FG2M,DEFICIT_FG2A
0,76ers,7,19,0.368,12,17,0.706,9,29,38,24,6,7,16,27,97,32,63,0.507936507937,0,0.5,0.473988439306,0.583333333333,0.475,0.307692307692,0.309090909091,0.3,0.491525423729,0.426966292135,0.615384615385,0.4,0.777777777778,0.615384615385,0.586956521739,0.484848484848,0.473684210526
1,Pistons,5,21,0.238,27,38,0.711,21,30,51,15,9,2,10,19,110,34,70,0.485714285714,1,0.5,0.526011560694,0.416666666667,0.525,0.692307692308,0.690909090909,0.7,0.508474576271,0.573033707865,0.384615384615,0.6,0.222222222222,0.384615384615,0.413043478261,0.515151515152,0.526315789474
