,TEAM_NAME,FG3M,FG3A,FG3_PCT,FTM,FTA,FT_PCT,OREB,DREB,REB,AST,STL,BLK,TO,PF,PTS,FG2M,FG2A,FG2_PCT,OUTCOME,DEFICIT_FGM,DEFICIT_FGA,DEFICIT_FG3M,DEFICIT_FG3A,DEFICIT_FTM,DEFICIT_FTA,DEFICIT_OREB,DEFICIT_DREB,DEFICIT_REB,DEFICIT_AST,DEFICIT_STL,DEFICIT_BLK,DEFICIT_TO,DEFICIT_PF,DEFICIT_FG2M,DEFICIT_FG2A
0,Warriors,14,29,0.483,19,21,0.905,7,33,40,33,5,4,9,18,127,33,52,0.634615384615,1,0.516483516484,0.482142857143,0.56,0.483333333333,0.703703703704,0.636363636364,0.466666666667,0.559322033898,0.540540540541,0.622641509434,0.555555555556,1.0,0.473684210526,0.461538461538,0.5,0.481481481481
1,Mavericks,11,31,0.355,8,12,0.667,8,26,34,20,4,0,10,21,107,33,56,0.589285714286,0,0.483516483516,0.517857142857,0.44,0.516666666667,0.296296296296,0.363636363636,0.533333333333,0.440677966102,0.459459459459,0.377358490566,0.444444444444,0.0,0.526315789474,0.538461538462,0.5,0.518518518519
