,TEAM_NAME,FG3M,FG3A,FG3_PCT,FTM,FTA,FT_PCT,OREB,DREB,REB,AST,STL,BLK,TO,PF,PTS,FG2M,FG2A,FG2_PCT,OUTCOME,DEFICIT_FGM,DEFICIT_FGA,DEFICIT_FG3M,DEFICIT_FG3A,DEFICIT_FTM,DEFICIT_FTA,DEFICIT_OREB,DEFICIT_DREB,DEFICIT_REB,DEFICIT_AST,DEFICIT_STL,DEFICIT_BLK,DEFICIT_TO,DEFICIT_PF,DEFICIT_FG2M,DEFICIT_FG2A
0,Wizards,4,12,0.333,26,31,0.839,6,31,37,21,12,6,20,14,86,24,58,0.41379310344827586,0,0.4375,0.4605263157894737,0.3076923076923077,0.3870967741935484,0.6341463414634146,0.6739130434782609,0.42857142857142855,0.484375,0.47435897435897434,0.45652173913043476,0.48,0.75,0.5405405405405406,0.358974358974359,0.47058823529411764,0.4793388429752066
1,Hornets,9,19,0.474,15,15,1.0,8,33,41,25,13,2,17,25,96,27,63,0.42857142857142855,1,0.5625,0.5394736842105263,0.6923076923076923,0.6129032258064516,0.36585365853658536,0.32608695652173914,0.5714285714285714,0.515625,0.5256410256410257,0.5434782608695652,0.52,0.25,0.4594594594594595,0.6410256410256411,0.5294117647058824,0.5206611570247934
