,TEAM_NAME,FG3M,FG3A,FG3_PCT,FTM,FTA,FT_PCT,OREB,DREB,REB,AST,STL,BLK,TO,PF,PTS,FG2M,FG2A,FG2_PCT,OUTCOME,DEFICIT_FGM,DEFICIT_FGA,DEFICIT_FG3M,DEFICIT_FG3A,DEFICIT_FTM,DEFICIT_FTA,DEFICIT_OREB,DEFICIT_DREB,DEFICIT_REB,DEFICIT_AST,DEFICIT_STL,DEFICIT_BLK,DEFICIT_TO,DEFICIT_PF,DEFICIT_FG2M,DEFICIT_FG2A
0,Magic,9,20,0.45,6,6,1.0,11,35,46,25,9,1,22,24,99,33,71,0.464788732394,1,0.583333333333,0.53216374269,0.6,0.47619047619,0.222222222222,0.176470588235,0.55,0.514705882353,0.522727272727,0.568181818182,0.428571428571,0.125,0.55,0.685714285714,0.578947368421,0.550387596899
1,Pistons,6,22,0.273,21,28,0.75,9,33,42,19,12,7,18,11,87,24,58,0.413793103448,0,0.416666666667,0.46783625731,0.4,0.52380952381,0.777777777778,0.823529411765,0.45,0.485294117647,0.477272727273,0.431818181818,0.571428571429,0.875,0.45,0.314285714286,0.421052631579,0.449612403101
