,TEAM_NAME,FG3M,FG3A,FG3_PCT,FTM,FTA,FT_PCT,OREB,DREB,REB,AST,STL,BLK,TO,PF,PTS,FG2M,FG2A,FG2_PCT,OUTCOME,DEFICIT_FGM,DEFICIT_FGA,DEFICIT_FG3M,DEFICIT_FG3A,DEFICIT_FTM,DEFICIT_FTA,DEFICIT_OREB,DEFICIT_DREB,DEFICIT_REB,DEFICIT_AST,DEFICIT_STL,DEFICIT_BLK,DEFICIT_TO,DEFICIT_PF,DEFICIT_FG2M,DEFICIT_FG2A
0,Heat,12,19,0.632,25,31,0.806,7,28,35,18,9,0,17,21,115,27,51,0.5294117647058824,1,0.5064935064935064,0.47297297297297297,0.5714285714285714,0.38,0.5208333333333334,0.5344827586206896,0.4666666666666667,0.5714285714285714,0.546875,0.4090909090909091,0.45,0.0,0.53125,0.45652173913043476,0.48214285714285715,0.5204081632653061
1,Warriors,9,31,0.29,23,27,0.852,8,21,29,26,11,3,15,25,108,29,47,0.6170212765957447,0,0.4935064935064935,0.527027027027027,0.42857142857142855,0.62,0.4791666666666667,0.46551724137931033,0.5333333333333333,0.42857142857142855,0.453125,0.5909090909090909,0.55,1.0,0.46875,0.5434782608695652,0.5178571428571429,0.47959183673469385
