,TEAM_NAME,FG3M,FG3A,FG3_PCT,FTM,FTA,FT_PCT,OREB,DREB,REB,AST,STL,BLK,TO,PF,PTS,FG2M,FG2A,FG2_PCT,OUTCOME,DEFICIT_FGM,DEFICIT_FGA,DEFICIT_FG3M,DEFICIT_FG3A,DEFICIT_FTM,DEFICIT_FTA,DEFICIT_OREB,DEFICIT_DREB,DEFICIT_REB,DEFICIT_AST,DEFICIT_STL,DEFICIT_BLK,DEFICIT_TO,DEFICIT_PF,DEFICIT_FG2M,DEFICIT_FG2A
0,Raptors,9,24,0.375,24,34,0.706,8,34,42,17,9,5,14,22,109,29,53,0.5471698113207547,1,0.5352112676056338,0.4782608695652174,0.6428571428571429,0.5333333333333333,0.5581395348837209,0.53125,0.36363636363636365,0.5074626865671642,0.47191011235955055,0.4358974358974359,0.5625,0.5555555555555556,0.4117647058823529,0.41509433962264153,0.5087719298245614,0.45689655172413796
1,Thunder,5,21,0.238,19,30,0.633,14,33,47,22,7,4,20,31,90,28,63,0.4444444444444444,0,0.4647887323943662,0.5217391304347826,0.35714285714285715,0.4666666666666667,0.4418604651162791,0.46875,0.6363636363636364,0.4925373134328358,0.5280898876404494,0.5641025641025641,0.4375,0.4444444444444444,0.5882352941176471,0.5849056603773585,0.49122807017543857,0.5431034482758621
