,TEAM_NAME,FG3M,FG3A,FG3_PCT,FTM,FTA,FT_PCT,OREB,DREB,REB,AST,STL,BLK,TO,PF,PTS,FG2M,FG2A,FG2_PCT,OUTCOME,DEFICIT_FGM,DEFICIT_FGA,DEFICIT_FG3M,DEFICIT_FG3A,DEFICIT_FTM,DEFICIT_FTA,DEFICIT_OREB,DEFICIT_DREB,DEFICIT_REB,DEFICIT_AST,DEFICIT_STL,DEFICIT_BLK,DEFICIT_TO,DEFICIT_PF,DEFICIT_FG2M,DEFICIT_FG2A
0,Timberwolves,5,13,0.385,23,32,0.719,14,32,46,21,12,3,20,26,98,30,70,0.42857142857142855,0,0.4861111111111111,0.5060975609756098,0.38461538461538464,0.3939393939393939,0.5,0.5079365079365079,0.5833333333333334,0.47761194029850745,0.5054945054945055,0.4772727272727273,0.5217391304347826,0.3,0.5128205128205128,0.4727272727272727,0.5084745762711864,0.5343511450381679
1,Bucks,8,20,0.4,23,31,0.742,10,35,45,23,11,7,19,29,105,29,61,0.47540983606557374,1,0.5138888888888888,0.49390243902439024,0.6153846153846154,0.6060606060606061,0.5,0.49206349206349204,0.4166666666666667,0.5223880597014925,0.4945054945054945,0.5227272727272727,0.4782608695652174,0.7,0.48717948717948717,0.5272727272727272,0.4915254237288136,0.46564885496183206
