,TEAM_NAME,FG3M,FG3A,FG3_PCT,FTM,FTA,FT_PCT,OREB,DREB,REB,AST,STL,BLK,TO,PF,PTS,FG2M,FG2A,FG2_PCT,OUTCOME,DEFICIT_FGM,DEFICIT_FGA,DEFICIT_FG3M,DEFICIT_FG3A,DEFICIT_FTM,DEFICIT_FTA,DEFICIT_OREB,DEFICIT_DREB,DEFICIT_REB,DEFICIT_AST,DEFICIT_STL,DEFICIT_BLK,DEFICIT_TO,DEFICIT_PF,DEFICIT_FG2M,DEFICIT_FG2A
0,Magic,9,20,0.45,6,6,1.0,11,35,46,25,9,1,22,24,99,33,71,0.4647887323943662,1,0.5833333333333334,0.5321637426900585,0.6,0.47619047619047616,0.2222222222222222,0.17647058823529413,0.55,0.5147058823529411,0.5227272727272727,0.5681818181818182,0.42857142857142855,0.125,0.55,0.6857142857142857,0.5789473684210527,0.5503875968992248
1,Pistons,6,22,0.273,21,28,0.75,9,33,42,19,12,7,18,11,87,24,58,0.41379310344827586,0,0.4166666666666667,0.4678362573099415,0.4,0.5238095238095238,0.7777777777777778,0.8235294117647058,0.45,0.4852941176470588,0.4772727272727273,0.4318181818181818,0.5714285714285714,0.875,0.45,0.3142857142857143,0.42105263157894735,0.4496124031007752
