,TEAM_NAME,FG3M,FG3A,FG3_PCT,FTM,FTA,FT_PCT,OREB,DREB,REB,AST,STL,BLK,TO,PF,PTS,FG2M,FG2A,FG2_PCT,OUTCOME,DEFICIT_FGM,DEFICIT_FGA,DEFICIT_FG3M,DEFICIT_FG3A,DEFICIT_FTM,DEFICIT_FTA,DEFICIT_OREB,DEFICIT_DREB,DEFICIT_REB,DEFICIT_AST,DEFICIT_STL,DEFICIT_BLK,DEFICIT_TO,DEFICIT_PF,DEFICIT_FG2M,DEFICIT_FG2A
0,Trail Blazers,10,27,0.37,21,28,0.75,9,34,43,15,6,4,17,20,95,22,45,0.488888888889,0,0.477611940299,0.464516129032,0.588235294118,0.465517241379,0.525,0.549019607843,0.473684210526,0.548387096774,0.530864197531,0.51724137931,0.333333333333,0.444444444444,0.62962962963,0.5,0.44,0.463917525773
1,Mavericks,7,31,0.226,19,23,0.826,10,28,38,14,12,5,10,20,96,28,52,0.538461538462,1,0.522388059701,0.535483870968,0.411764705882,0.534482758621,0.475,0.450980392157,0.526315789474,0.451612903226,0.469135802469,0.48275862069,0.666666666667,0.555555555556,0.37037037037,0.5,0.56,0.536082474227
