,TEAM_NAME,FG3M,FG3A,FG3_PCT,FTM,FTA,FT_PCT,OREB,DREB,REB,AST,STL,BLK,TO,PF,PTS,FG2M,FG2A,FG2_PCT,OUTCOME,DEFICIT_FGM,DEFICIT_FGA,DEFICIT_FG3M,DEFICIT_FG3A,DEFICIT_FTM,DEFICIT_FTA,DEFICIT_OREB,DEFICIT_DREB,DEFICIT_REB,DEFICIT_AST,DEFICIT_STL,DEFICIT_BLK,DEFICIT_TO,DEFICIT_PF,DEFICIT_FG2M,DEFICIT_FG2A
0,Jazz,9,27,0.333,18,22,0.818,7,36,43,19,7,6,11,22,93,24,47,0.510638297872,0,0.492537313433,0.5,0.473684210526,0.5625,0.529411764706,0.478260869565,0.466666666667,0.521739130435,0.511904761905,0.59375,0.583333333333,0.666666666667,0.52380952381,0.536585365854,0.5,0.47
1,Kings,10,21,0.476,16,24,0.667,8,33,41,13,5,3,10,19,94,24,53,0.452830188679,1,0.507462686567,0.5,0.526315789474,0.4375,0.470588235294,0.521739130435,0.533333333333,0.478260869565,0.488095238095,0.40625,0.416666666667,0.333333333333,0.47619047619,0.463414634146,0.5,0.53
