,TEAM_NAME,FG3M,FG3A,FG3_PCT,FTM,FTA,FT_PCT,OREB,DREB,REB,AST,STL,BLK,TO,PF,PTS,FG2M,FG2A,FG2_PCT,OUTCOME,DEFICIT_FGM,DEFICIT_FGA,DEFICIT_FG3M,DEFICIT_FG3A,DEFICIT_FTM,DEFICIT_FTA,DEFICIT_OREB,DEFICIT_DREB,DEFICIT_REB,DEFICIT_AST,DEFICIT_STL,DEFICIT_BLK,DEFICIT_TO,DEFICIT_PF,DEFICIT_FG2M,DEFICIT_FG2A
0,Spurs,5,17,0.294,9,11,0.818,8,30,38,27,2,3,19,18,100,38,65,0.584615384615,0,0.5,0.476744186047,0.5,0.515151515152,0.333333333333,0.297297297297,0.307692307692,0.555555555556,0.475,0.627906976744,0.133333333333,0.428571428571,0.633333333333,0.486486486486,0.5,0.467625899281
1,Pistons,5,16,0.313,18,26,0.692,18,24,42,16,13,4,11,19,109,38,74,0.513513513514,1,0.5,0.523255813953,0.5,0.484848484848,0.666666666667,0.702702702703,0.692307692308,0.444444444444,0.525,0.372093023256,0.866666666667,0.571428571429,0.366666666667,0.513513513514,0.5,0.532374100719
