,TEAM_NAME,FG3M,FG3A,FG3_PCT,FTM,FTA,FT_PCT,OREB,DREB,REB,AST,STL,BLK,TO,PF,PTS,FG2M,FG2A,FG2_PCT,OUTCOME,DEFICIT_FGM,DEFICIT_FGA,DEFICIT_FG3M,DEFICIT_FG3A,DEFICIT_FTM,DEFICIT_FTA,DEFICIT_OREB,DEFICIT_DREB,DEFICIT_REB,DEFICIT_AST,DEFICIT_STL,DEFICIT_BLK,DEFICIT_TO,DEFICIT_PF,DEFICIT_FG2M,DEFICIT_FG2A
0,76ers,2,17,0.118,12,17,0.706,7,31,38,15,10,2,17,21,80,31,73,0.424657534247,0,0.434210526316,0.505617977528,0.142857142857,0.369565217391,0.324324324324,0.36170212766,0.35,0.397435897436,0.387755102041,0.384615384615,0.526315789474,0.153846153846,0.485714285714,0.512195121951,0.5,0.55303030303
1,Warriors,12,29,0.414,25,30,0.833,13,47,60,24,9,11,18,20,123,31,59,0.525423728814,1,0.565789473684,0.494382022472,0.857142857143,0.630434782609,0.675675675676,0.63829787234,0.65,0.602564102564,0.612244897959,0.615384615385,0.473684210526,0.846153846154,0.514285714286,0.487804878049,0.5,0.44696969697
