,TEAM_NAME,FG3M,FG3A,FG3_PCT,FTM,FTA,FT_PCT,OREB,DREB,REB,AST,STL,BLK,TO,PF,PTS,FG2M,FG2A,FG2_PCT,OUTCOME,DEFICIT_FGM,DEFICIT_FGA,DEFICIT_FG3M,DEFICIT_FG3A,DEFICIT_FTM,DEFICIT_FTA,DEFICIT_OREB,DEFICIT_DREB,DEFICIT_REB,DEFICIT_AST,DEFICIT_STL,DEFICIT_BLK,DEFICIT_TO,DEFICIT_PF,DEFICIT_FG2M,DEFICIT_FG2A
0,Knicks,6,22,0.273,22,28,0.786,11,35,46,28,14,7,24,26,116,38,67,0.567164179104,1,0.530120481928,0.520467836257,0.3,0.385964912281,0.536585365854,0.538461538462,0.647058823529,0.538461538462,0.560975609756,0.5,0.56,0.777777777778,0.5,0.565217391304,0.603174603175,0.587719298246
1,Nets,14,35,0.4,19,24,0.792,6,30,36,28,11,2,24,20,111,25,47,0.531914893617,0,0.469879518072,0.479532163743,0.7,0.614035087719,0.463414634146,0.461538461538,0.352941176471,0.461538461538,0.439024390244,0.5,0.44,0.222222222222,0.5,0.434782608696,0.396825396825,0.412280701754
