,TEAM_NAME,FG3M,FG3A,FG3_PCT,FTM,FTA,FT_PCT,OREB,DREB,REB,AST,STL,BLK,TO,PF,PTS,FG2M,FG2A,FG2_PCT,OUTCOME,DEFICIT_FGM,DEFICIT_FGA,DEFICIT_FG3M,DEFICIT_FG3A,DEFICIT_FTM,DEFICIT_FTA,DEFICIT_OREB,DEFICIT_DREB,DEFICIT_REB,DEFICIT_AST,DEFICIT_STL,DEFICIT_BLK,DEFICIT_TO,DEFICIT_PF,DEFICIT_FG2M,DEFICIT_FG2A
0,Bulls,4,22,0.182,19,23,0.826,13,32,45,24,8,9,10,18,81,25,73,0.342465753425,0,0.420289855072,0.527777777778,0.333333333333,0.468085106383,0.678571428571,0.638888888889,0.65,0.4,0.45,0.421052631579,0.615384615385,0.642857142857,0.357142857143,0.473684210526,0.438596491228,0.548872180451
1,Hawks,8,25,0.32,9,13,0.692,7,48,55,33,5,5,18,20,97,32,60,0.533333333333,1,0.579710144928,0.472222222222,0.666666666667,0.531914893617,0.321428571429,0.361111111111,0.35,0.6,0.55,0.578947368421,0.384615384615,0.357142857143,0.642857142857,0.526315789474,0.561403508772,0.451127819549
