,TEAM_NAME,FG3M,FG3A,FG3_PCT,FTM,FTA,FT_PCT,OREB,DREB,REB,AST,STL,BLK,TO,PF,PTS,FG2M,FG2A,FG2_PCT,OUTCOME,DEFICIT_FGM,DEFICIT_FGA,DEFICIT_FG3M,DEFICIT_FG3A,DEFICIT_FTM,DEFICIT_FTA,DEFICIT_OREB,DEFICIT_DREB,DEFICIT_REB,DEFICIT_AST,DEFICIT_STL,DEFICIT_BLK,DEFICIT_TO,DEFICIT_PF,DEFICIT_FG2M,DEFICIT_FG2A
0,Suns,7,26,0.269,15,18,0.833,11,32,43,22,5,3,19,18,90,27,59,0.4576271186440678,0,0.4927536231884058,0.5279503105590062,0.5833333333333334,0.6341463414634146,0.45454545454545453,0.4186046511627907,0.5238095238095238,0.463768115942029,0.4777777777777778,0.6111111111111112,0.38461538461538464,0.5,0.4634146341463415,0.45,0.47368421052631576,0.49166666666666664
1,Magic,5,15,0.333,18,25,0.72,10,37,47,14,8,3,22,22,93,30,61,0.4918032786885246,1,0.5072463768115942,0.4720496894409938,0.4166666666666667,0.36585365853658536,0.5454545454545454,0.5813953488372093,0.47619047619047616,0.5362318840579711,0.5222222222222223,0.3888888888888889,0.6153846153846154,0.5,0.5365853658536586,0.55,0.5263157894736842,0.5083333333333333
