,TEAM_NAME,FG3M,FG3A,FG3_PCT,FTM,FTA,FT_PCT,OREB,DREB,REB,AST,STL,BLK,TO,PF,PTS,FG2M,FG2A,FG2_PCT,OUTCOME,DEFICIT_FGM,DEFICIT_FGA,DEFICIT_FG3M,DEFICIT_FG3A,DEFICIT_FTM,DEFICIT_FTA,DEFICIT_OREB,DEFICIT_DREB,DEFICIT_REB,DEFICIT_AST,DEFICIT_STL,DEFICIT_BLK,DEFICIT_TO,DEFICIT_PF,DEFICIT_FG2M,DEFICIT_FG2A
0,Kings,1,11,0.091,18,27,0.667,11,31,42,16,7,4,23,25,85,32,59,0.5423728813559322,0,0.4647887323943662,0.4697986577181208,0.25,0.4583333333333333,0.5,0.4909090909090909,0.5238095238095238,0.5535714285714286,0.5454545454545454,0.3902439024390244,0.35,0.5,0.6388888888888888,0.4807692307692308,0.47761194029850745,0.472
1,Grizzlies,3,13,0.231,18,28,0.643,10,25,35,25,13,4,13,27,97,35,66,0.5303030303030303,1,0.5352112676056338,0.5302013422818792,0.75,0.5416666666666666,0.5,0.509090909090909,0.47619047619047616,0.44642857142857145,0.45454545454545453,0.6097560975609756,0.65,0.5,0.3611111111111111,0.5192307692307693,0.5223880597014925,0.528
