,TEAM_NAME,FG3M,FG3A,FG3_PCT,FTM,FTA,FT_PCT,OREB,DREB,REB,AST,STL,BLK,TO,PF,PTS,FG2M,FG2A,FG2_PCT,OUTCOME,DEFICIT_FGM,DEFICIT_FGA,DEFICIT_FG3M,DEFICIT_FG3A,DEFICIT_FTM,DEFICIT_FTA,DEFICIT_OREB,DEFICIT_DREB,DEFICIT_REB,DEFICIT_AST,DEFICIT_STL,DEFICIT_BLK,DEFICIT_TO,DEFICIT_PF,DEFICIT_FG2M,DEFICIT_FG2A
0,Knicks,3,24,0.125,14,20,0.7,20,30,50,14,6,3,12,22,79,28,64,0.4375,0,0.508196721311,0.55,0.3,0.510638297872,0.424242424242,0.392156862745,0.666666666667,0.491803278689,0.549450549451,0.411764705882,0.428571428571,0.75,0.461538461538,0.52380952381,0.549019607843,0.566371681416
1,Heat,7,23,0.304,19,31,0.613,10,31,41,20,8,1,14,20,86,23,49,0.469387755102,1,0.491803278689,0.45,0.7,0.489361702128,0.575757575758,0.607843137255,0.333333333333,0.508196721311,0.450549450549,0.588235294118,0.571428571429,0.25,0.538461538462,0.47619047619,0.450980392157,0.433628318584
