,TEAM_NAME,FG3M,FG3A,FG3_PCT,FTM,FTA,FT_PCT,OREB,DREB,REB,AST,STL,BLK,TO,PF,PTS,FG2M,FG2A,FG2_PCT,OUTCOME,DEFICIT_FGM,DEFICIT_FGA,DEFICIT_FG3M,DEFICIT_FG3A,DEFICIT_FTM,DEFICIT_FTA,DEFICIT_OREB,DEFICIT_DREB,DEFICIT_REB,DEFICIT_AST,DEFICIT_STL,DEFICIT_BLK,DEFICIT_TO,DEFICIT_PF,DEFICIT_FG2M,DEFICIT_FG2A
0,Trail Blazers,12,33,0.364,17,25,0.68,15,39,54,27,8,9,18,17,107,27,53,0.5094339622641509,1,0.5,0.48863636363636365,0.8571428571428571,0.7857142857142857,0.5666666666666667,0.5555555555555556,0.5769230769230769,0.5492957746478874,0.5567010309278351,0.5294117647058824,0.4,0.6923076923076923,0.5625,0.425,0.421875,0.39552238805970147
1,Timberwolves,2,9,0.222,13,20,0.65,11,32,43,24,12,4,14,23,93,37,81,0.4567901234567901,0,0.5,0.5113636363636364,0.14285714285714285,0.21428571428571427,0.43333333333333335,0.4444444444444444,0.4230769230769231,0.4507042253521127,0.44329896907216493,0.47058823529411764,0.6,0.3076923076923077,0.4375,0.575,0.578125,0.6044776119402985
