,TEAM_NAME,FG3M,FG3A,FG3_PCT,FTM,FTA,FT_PCT,OREB,DREB,REB,AST,STL,BLK,TO,PF,PTS,FG2M,FG2A,FG2_PCT,OUTCOME,DEFICIT_FGM,DEFICIT_FGA,DEFICIT_FG3M,DEFICIT_FG3A,DEFICIT_FTM,DEFICIT_FTA,DEFICIT_OREB,DEFICIT_DREB,DEFICIT_REB,DEFICIT_AST,DEFICIT_STL,DEFICIT_BLK,DEFICIT_TO,DEFICIT_PF,DEFICIT_FG2M,DEFICIT_FG2A
0,Spurs,11,26,0.423,18,20,0.9,10,35,45,25,9,5,14,11,111,30,59,0.5084745762711864,1,0.5324675324675324,0.4941860465116279,0.6470588235294118,0.5909090909090909,0.6206896551724138,0.5714285714285714,0.45454545454545453,0.5384615384615384,0.5172413793103449,0.5434782608695652,0.6428571428571429,0.5,0.4827586206896552,0.34375,0.5,0.4609375
1,Celtics,6,18,0.333,11,15,0.733,12,30,42,21,5,5,15,21,89,30,69,0.43478260869565216,0,0.4675324675324675,0.5058139534883721,0.35294117647058826,0.4090909090909091,0.3793103448275862,0.42857142857142855,0.5454545454545454,0.46153846153846156,0.4827586206896552,0.45652173913043476,0.35714285714285715,0.5,0.5172413793103449,0.65625,0.5,0.5390625
