,TEAM_NAME,FG3M,FG3A,FG3_PCT,FTM,FTA,FT_PCT,OREB,DREB,REB,AST,STL,BLK,TO,PF,PTS,FG2M,FG2A,FG2_PCT,OUTCOME,DEFICIT_FGM,DEFICIT_FGA,DEFICIT_FG3M,DEFICIT_FG3A,DEFICIT_FTM,DEFICIT_FTA,DEFICIT_OREB,DEFICIT_DREB,DEFICIT_REB,DEFICIT_AST,DEFICIT_STL,DEFICIT_BLK,DEFICIT_TO,DEFICIT_PF,DEFICIT_FG2M,DEFICIT_FG2A
0,Bulls,7,24,0.292,27,34,0.794,7,43,50,19,6,5,19,24,102,27,45,0.6,1,0.515151515152,0.445161290323,0.777777777778,0.631578947368,0.6,0.586206896552,0.5,0.614285714286,0.595238095238,0.542857142857,0.4,1.0,0.655172413793,0.489795918367,0.473684210526,0.384615384615
1,Nets,2,14,0.143,18,24,0.75,7,27,34,16,9,0,10,25,84,30,72,0.416666666667,0,0.484848484848,0.554838709677,0.222222222222,0.368421052632,0.4,0.413793103448,0.5,0.385714285714,0.404761904762,0.457142857143,0.6,0.0,0.344827586207,0.510204081633,0.526315789474,0.615384615385
