,TEAM_NAME,FG3M,FG3A,FG3_PCT,FTM,FTA,FT_PCT,OREB,DREB,REB,AST,STL,BLK,TO,PF,PTS,FG2M,FG2A,FG2_PCT,OUTCOME,DEFICIT_FGM,DEFICIT_FGA,DEFICIT_FG3M,DEFICIT_FG3A,DEFICIT_FTM,DEFICIT_FTA,DEFICIT_OREB,DEFICIT_DREB,DEFICIT_REB,DEFICIT_AST,DEFICIT_STL,DEFICIT_BLK,DEFICIT_TO,DEFICIT_PF,DEFICIT_FG2M,DEFICIT_FG2A
0,76ers,14,34,0.412,6,7,0.857,6,30,36,30,5,2,19,18,106,29,54,0.537037037037,0,0.443298969072,0.48087431694,0.583333333333,0.59649122807,0.25,0.25,0.375,0.46875,0.45,0.535714285714,0.3125,0.166666666667,0.730769230769,0.666666666667,0.397260273973,0.428571428571
1,Pistons,10,23,0.435,18,21,0.857,10,34,44,26,11,10,7,9,136,44,72,0.611111111111,1,0.556701030928,0.51912568306,0.416666666667,0.40350877193,0.75,0.75,0.625,0.53125,0.55,0.464285714286,0.6875,0.833333333333,0.269230769231,0.333333333333,0.602739726027,0.571428571429
