,TEAM_NAME,FG3M,FG3A,FG3_PCT,FTM,FTA,FT_PCT,OREB,DREB,REB,AST,STL,BLK,TO,PF,PTS,FG2M,FG2A,FG2_PCT,OUTCOME,DEFICIT_FGM,DEFICIT_FGA,DEFICIT_FG3M,DEFICIT_FG3A,DEFICIT_FTM,DEFICIT_FTA,DEFICIT_OREB,DEFICIT_DREB,DEFICIT_REB,DEFICIT_AST,DEFICIT_STL,DEFICIT_BLK,DEFICIT_TO,DEFICIT_PF,DEFICIT_FG2M,DEFICIT_FG2A
0,Nuggets,9,30,0.3,21,25,0.84,11,34,45,21,5,3,13,20,102,27,50,0.54,0,0.467532467532,0.470588235294,0.36,0.526315789474,0.6,0.595238095238,0.458333333333,0.53125,0.511363636364,0.45652173913,0.384615384615,0.333333333333,0.722222222222,0.526315789474,0.519230769231,0.442477876106
1,Hornets,16,27,0.593,14,17,0.824,13,30,43,25,8,6,5,18,112,25,63,0.396825396825,1,0.532467532468,0.529411764706,0.64,0.473684210526,0.4,0.404761904762,0.541666666667,0.46875,0.488636363636,0.54347826087,0.615384615385,0.666666666667,0.277777777778,0.473684210526,0.480769230769,0.557522123894
