,TEAM_NAME,FG3M,FG3A,FG3_PCT,FTM,FTA,FT_PCT,OREB,DREB,REB,AST,STL,BLK,TO,PF,PTS,FG2M,FG2A,FG2_PCT,OUTCOME,DEFICIT_FGM,DEFICIT_FGA,DEFICIT_FG3M,DEFICIT_FG3A,DEFICIT_FTM,DEFICIT_FTA,DEFICIT_OREB,DEFICIT_DREB,DEFICIT_REB,DEFICIT_AST,DEFICIT_STL,DEFICIT_BLK,DEFICIT_TO,DEFICIT_PF,DEFICIT_FG2M,DEFICIT_FG2A
0,Heat,18,34,0.529,10,12,0.833,15,33,48,20,6,4,10,19,120,28,54,0.518518518519,1,0.567901234568,0.546583850932,0.620689655172,0.55737704918,0.47619047619,0.4,0.652173913043,0.568965517241,0.592592592593,0.5,0.6,0.8,0.4,0.542857142857,0.538461538462,0.54
1,Cavaliers,11,27,0.407,11,18,0.611,8,25,33,20,4,1,15,16,92,24,46,0.521739130435,0,0.432098765432,0.453416149068,0.379310344828,0.44262295082,0.52380952381,0.6,0.347826086957,0.431034482759,0.407407407407,0.5,0.4,0.2,0.6,0.457142857143,0.461538461538,0.46
