,TEAM_NAME,FG3M,FG3A,FG3_PCT,FTM,FTA,FT_PCT,OREB,DREB,REB,AST,STL,BLK,TO,PF,PTS,FG2M,FG2A,FG2_PCT,OUTCOME,DEFICIT_FGM,DEFICIT_FGA,DEFICIT_FG3M,DEFICIT_FG3A,DEFICIT_FTM,DEFICIT_FTA,DEFICIT_OREB,DEFICIT_DREB,DEFICIT_REB,DEFICIT_AST,DEFICIT_STL,DEFICIT_BLK,DEFICIT_TO,DEFICIT_PF,DEFICIT_FG2M,DEFICIT_FG2A
0,Grizzlies,8,28,0.286,14,21,0.667,17,29,46,26,8,6,13,24,108,35,69,0.507246376812,0,0.524390243902,0.554285714286,0.307692307692,0.4,0.341463414634,0.368421052632,0.62962962963,0.467741935484,0.516853932584,0.509803921569,0.444444444444,0.6,0.481481481481,0.545454545455,0.625,0.657142857143
1,Rockets,18,42,0.429,27,36,0.75,10,33,43,25,10,4,14,20,123,21,36,0.583333333333,1,0.475609756098,0.445714285714,0.692307692308,0.6,0.658536585366,0.631578947368,0.37037037037,0.532258064516,0.483146067416,0.490196078431,0.555555555556,0.4,0.518518518519,0.454545454545,0.375,0.342857142857
