,TEAM_NAME,FG3M,FG3A,FG3_PCT,FTM,FTA,FT_PCT,OREB,DREB,REB,AST,STL,BLK,TO,PF,PTS,FG2M,FG2A,FG2_PCT,OUTCOME,DEFICIT_FGM,DEFICIT_FGA,DEFICIT_FG3M,DEFICIT_FG3A,DEFICIT_FTM,DEFICIT_FTA,DEFICIT_OREB,DEFICIT_DREB,DEFICIT_REB,DEFICIT_AST,DEFICIT_STL,DEFICIT_BLK,DEFICIT_TO,DEFICIT_PF,DEFICIT_FG2M,DEFICIT_FG2A
0,Warriors,5,18,0.278,20,27,0.741,8,41,49,21,7,10,16,19,89,27,60,0.45,1,0.516129032258,0.450867052023,0.5,0.375,0.526315789474,0.519230769231,0.32,0.518987341772,0.471153846154,0.636363636364,0.538461538462,0.714285714286,0.592592592593,0.463414634146,0.519230769231,0.48
1,Cavaliers,5,30,0.167,18,25,0.72,17,38,55,12,6,4,11,22,83,25,65,0.384615384615,0,0.483870967742,0.549132947977,0.5,0.625,0.473684210526,0.480769230769,0.68,0.481012658228,0.528846153846,0.363636363636,0.461538461538,0.285714285714,0.407407407407,0.536585365854,0.480769230769,0.52
