,TEAM_NAME,FG3M,FG3A,FG3_PCT,FTM,FTA,FT_PCT,OREB,DREB,REB,AST,STL,BLK,TO,PF,PTS,FG2M,FG2A,FG2_PCT,OUTCOME,DEFICIT_FGM,DEFICIT_FGA,DEFICIT_FG3M,DEFICIT_FG3A,DEFICIT_FTM,DEFICIT_FTA,DEFICIT_OREB,DEFICIT_DREB,DEFICIT_REB,DEFICIT_AST,DEFICIT_STL,DEFICIT_BLK,DEFICIT_TO,DEFICIT_PF,DEFICIT_FG2M,DEFICIT_FG2A
0,Pelicans,6,20,0.3,10,11,0.909,7,38,45,19,10,3,17,20,88,30,70,0.428571428571,0,0.507042253521,0.505617977528,0.5,0.434782608696,0.357142857143,0.289473684211,0.388888888889,0.452380952381,0.441176470588,0.5,0.5,0.375,0.5,0.571428571429,0.508474576271,0.530303030303
1,Heat,6,26,0.231,18,27,0.667,11,46,57,19,10,5,17,15,94,29,62,0.467741935484,1,0.492957746479,0.494382022472,0.5,0.565217391304,0.642857142857,0.710526315789,0.611111111111,0.547619047619,0.558823529412,0.5,0.5,0.625,0.5,0.428571428571,0.491525423729,0.469696969697
