,TEAM_NAME,FG3M,FG3A,FG3_PCT,FTM,FTA,FT_PCT,OREB,DREB,REB,AST,STL,BLK,TO,PF,PTS,FG2M,FG2A,FG2_PCT,OUTCOME,DEFICIT_FGM,DEFICIT_FGA,DEFICIT_FG3M,DEFICIT_FG3A,DEFICIT_FTM,DEFICIT_FTA,DEFICIT_OREB,DEFICIT_DREB,DEFICIT_REB,DEFICIT_AST,DEFICIT_STL,DEFICIT_BLK,DEFICIT_TO,DEFICIT_PF,DEFICIT_FG2M,DEFICIT_FG2A
0,Pistons,12,29,0.414,20,26,0.769,23,36,59,23,5,3,15,15,106,25,67,0.373134328358,1,0.5,0.539325842697,0.6,0.517857142857,0.625,0.634146341463,0.766666666667,0.521739130435,0.59595959596,0.511111111111,0.357142857143,0.428571428571,0.5,0.375,0.462962962963,0.549180327869
1,Hawks,8,27,0.296,12,15,0.8,7,33,40,22,9,4,15,25,94,29,55,0.527272727273,0,0.5,0.460674157303,0.4,0.482142857143,0.375,0.365853658537,0.233333333333,0.478260869565,0.40404040404,0.488888888889,0.642857142857,0.571428571429,0.5,0.625,0.537037037037,0.450819672131
