,TEAM_NAME,FG3M,FG3A,FG3_PCT,FTM,FTA,FT_PCT,OREB,DREB,REB,AST,STL,BLK,TO,PF,PTS,FG2M,FG2A,FG2_PCT,OUTCOME,DEFICIT_FGM,DEFICIT_FGA,DEFICIT_FG3M,DEFICIT_FG3A,DEFICIT_FTM,DEFICIT_FTA,DEFICIT_OREB,DEFICIT_DREB,DEFICIT_REB,DEFICIT_AST,DEFICIT_STL,DEFICIT_BLK,DEFICIT_TO,DEFICIT_PF,DEFICIT_FG2M,DEFICIT_FG2A
0,Trail Blazers,9,30,0.3,15,20,0.75,12,32,44,16,3,4,9,19,104,31,58,0.534482758621,0,0.526315789474,0.536585365854,0.346153846154,0.491803278689,0.441176470588,0.46511627907,0.857142857143,0.484848484848,0.55,0.516129032258,0.5,0.5,0.692307692308,0.441860465116,0.62,0.563106796117
1,Mavericks,17,31,0.548,19,23,0.826,2,34,36,15,3,4,4,24,108,19,45,0.422222222222,1,0.473684210526,0.463414634146,0.653846153846,0.508196721311,0.558823529412,0.53488372093,0.142857142857,0.515151515152,0.45,0.483870967742,0.5,0.5,0.307692307692,0.558139534884,0.38,0.436893203883
