,TEAM_NAME,FG3M,FG3A,FG3_PCT,FTM,FTA,FT_PCT,OREB,DREB,REB,AST,STL,BLK,TO,PF,PTS,FG2M,FG2A,FG2_PCT,OUTCOME,DEFICIT_FGM,DEFICIT_FGA,DEFICIT_FG3M,DEFICIT_FG3A,DEFICIT_FTM,DEFICIT_FTA,DEFICIT_OREB,DEFICIT_DREB,DEFICIT_REB,DEFICIT_AST,DEFICIT_STL,DEFICIT_BLK,DEFICIT_TO,DEFICIT_PF,DEFICIT_FG2M,DEFICIT_FG2A
0,Raptors,10,28,0.357,16,21,0.762,13,31,44,15,5,5,11,21,94,24,59,0.406779661017,0,0.478873239437,0.520958083832,0.666666666667,0.666666666667,0.410256410256,0.396226415094,0.541666666667,0.469696969697,0.488888888889,0.405405405405,0.555555555556,0.416666666667,0.5,0.567567567568,0.428571428571,0.472
1,Magic,5,14,0.357,23,32,0.719,11,35,46,22,4,7,11,16,102,32,66,0.484848484848,1,0.521126760563,0.479041916168,0.333333333333,0.333333333333,0.589743589744,0.603773584906,0.458333333333,0.530303030303,0.511111111111,0.594594594595,0.444444444444,0.583333333333,0.5,0.432432432432,0.571428571429,0.528
