,TEAM_NAME,FG3M,FG3A,FG3_PCT,FTM,FTA,FT_PCT,OREB,DREB,REB,AST,STL,BLK,TO,PF,PTS,FG2M,FG2A,FG2_PCT,OUTCOME,DEFICIT_FGM,DEFICIT_FGA,DEFICIT_FG3M,DEFICIT_FG3A,DEFICIT_FTM,DEFICIT_FTA,DEFICIT_OREB,DEFICIT_DREB,DEFICIT_REB,DEFICIT_AST,DEFICIT_STL,DEFICIT_BLK,DEFICIT_TO,DEFICIT_PF,DEFICIT_FG2M,DEFICIT_FG2A
0,Timberwolves,5,17,0.294,15,19,0.789,11,29,40,25,5,6,13,19,108,39,72,0.541666666667,0,0.5,0.475935828877,0.3125,0.395348837209,0.46875,0.463414634146,0.379310344828,0.483333333333,0.449438202247,0.510204081633,0.416666666667,0.6,0.565217391304,0.575757575758,0.541666666667,0.5
1,Pistons,11,26,0.423,17,22,0.773,18,31,49,24,7,4,10,14,116,33,72,0.458333333333,1,0.5,0.524064171123,0.6875,0.604651162791,0.53125,0.536585365854,0.620689655172,0.516666666667,0.550561797753,0.489795918367,0.583333333333,0.4,0.434782608696,0.424242424242,0.458333333333,0.5
