,TEAM_NAME,FG3M,FG3A,FG3_PCT,FTM,FTA,FT_PCT,OREB,DREB,REB,AST,STL,BLK,TO,PF,PTS,FG2M,FG2A,FG2_PCT,OUTCOME,DEFICIT_FGM,DEFICIT_FGA,DEFICIT_FG3M,DEFICIT_FG3A,DEFICIT_FTM,DEFICIT_FTA,DEFICIT_OREB,DEFICIT_DREB,DEFICIT_REB,DEFICIT_AST,DEFICIT_STL,DEFICIT_BLK,DEFICIT_TO,DEFICIT_PF,DEFICIT_FG2M,DEFICIT_FG2A
0,Rockets,16,43,0.372,17,25,0.68,8,40,48,24,7,3,11,23,121,28,55,0.509090909091,1,0.478260869565,0.494949494949,0.666666666667,0.632352941176,0.566666666667,0.581395348837,0.363636363636,0.506329113924,0.475247524752,0.444444444444,0.5,0.3,0.44,0.5,0.411764705882,0.423076923077
1,Bulls,8,25,0.32,13,18,0.722,14,39,53,30,7,7,14,23,117,40,75,0.533333333333,0,0.521739130435,0.505050505051,0.333333333333,0.367647058824,0.433333333333,0.418604651163,0.636363636364,0.493670886076,0.524752475248,0.555555555556,0.5,0.7,0.56,0.5,0.588235294118,0.576923076923
