,TEAM_NAME,FG3M,FG3A,FG3_PCT,FTM,FTA,FT_PCT,OREB,DREB,REB,AST,STL,BLK,TO,PF,PTS,FG2M,FG2A,FG2_PCT,OUTCOME,DEFICIT_FGM,DEFICIT_FGA,DEFICIT_FG3M,DEFICIT_FG3A,DEFICIT_FTM,DEFICIT_FTA,DEFICIT_OREB,DEFICIT_DREB,DEFICIT_REB,DEFICIT_AST,DEFICIT_STL,DEFICIT_BLK,DEFICIT_TO,DEFICIT_PF,DEFICIT_FG2M,DEFICIT_FG2A
0,Thunder,13,26,0.5,25,33,0.758,16,31,47,21,7,3,20,21,114,25,54,0.462962962963,1,0.487179487179,0.490797546012,0.8125,0.577777777778,0.568181818182,0.6,0.666666666667,0.596153846154,0.618421052632,0.5,0.411764705882,0.375,0.625,0.428571428571,0.403225806452,0.457627118644
1,Grizzlies,3,19,0.158,19,22,0.864,8,21,29,21,10,5,12,28,102,37,64,0.578125,0,0.512820512821,0.509202453988,0.1875,0.422222222222,0.431818181818,0.4,0.333333333333,0.403846153846,0.381578947368,0.5,0.588235294118,0.625,0.375,0.571428571429,0.596774193548,0.542372881356
