,TEAM_NAME,FG3M,FG3A,FG3_PCT,FTM,FTA,FT_PCT,OREB,DREB,REB,AST,STL,BLK,TO,PF,PTS,FG2M,FG2A,FG2_PCT,OUTCOME,DEFICIT_FGM,DEFICIT_FGA,DEFICIT_FG3M,DEFICIT_FG3A,DEFICIT_FTM,DEFICIT_FTA,DEFICIT_OREB,DEFICIT_DREB,DEFICIT_REB,DEFICIT_AST,DEFICIT_STL,DEFICIT_BLK,DEFICIT_TO,DEFICIT_PF,DEFICIT_FG2M,DEFICIT_FG2A
0,Raptors,7,22,0.318,25,34,0.735,8,33,41,14,11,9,8,15,96,25,56,0.446428571429,1,0.533333333333,0.481481481481,0.411764705882,0.44,0.714285714286,0.708333333333,0.347826086957,0.471428571429,0.440860215054,0.4375,0.916666666667,0.5,0.266666666667,0.428571428571,0.581395348837,0.5
1,76ers,10,28,0.357,10,14,0.714,15,37,52,18,1,9,22,20,76,18,56,0.321428571429,0,0.466666666667,0.518518518519,0.588235294118,0.56,0.285714285714,0.291666666667,0.652173913043,0.528571428571,0.559139784946,0.5625,0.0833333333333,0.5,0.733333333333,0.571428571429,0.418604651163,0.5
