,TEAM_NAME,FG3M,FG3A,FG3_PCT,FTM,FTA,FT_PCT,OREB,DREB,REB,AST,STL,BLK,TO,PF,PTS,FG2M,FG2A,FG2_PCT,OUTCOME,DEFICIT_FGM,DEFICIT_FGA,DEFICIT_FG3M,DEFICIT_FG3A,DEFICIT_FTM,DEFICIT_FTA,DEFICIT_OREB,DEFICIT_DREB,DEFICIT_REB,DEFICIT_AST,DEFICIT_STL,DEFICIT_BLK,DEFICIT_TO,DEFICIT_PF,DEFICIT_FG2M,DEFICIT_FG2A
0,Suns,10,30,0.333,20,24,0.833,12,26,38,28,16,8,14,26,108,29,57,0.508771929825,1,0.541666666667,0.54375,0.555555555556,0.612244897959,0.425531914894,0.413793103448,0.571428571429,0.472727272727,0.5,0.56,0.695652173913,0.666666666667,0.368421052632,0.5,0.537037037037,0.513513513514
1,Timberwolves,8,19,0.421,27,34,0.794,9,29,38,22,7,4,24,26,101,25,54,0.462962962963,0,0.458333333333,0.45625,0.444444444444,0.387755102041,0.574468085106,0.586206896552,0.428571428571,0.527272727273,0.5,0.44,0.304347826087,0.333333333333,0.631578947368,0.5,0.462962962963,0.486486486486
