,TEAM_NAME,FG3M,FG3A,FG3_PCT,FTM,FTA,FT_PCT,OREB,DREB,REB,AST,STL,BLK,TO,PF,PTS,FG2M,FG2A,FG2_PCT,OUTCOME,DEFICIT_FGM,DEFICIT_FGA,DEFICIT_FG3M,DEFICIT_FG3A,DEFICIT_FTM,DEFICIT_FTA,DEFICIT_OREB,DEFICIT_DREB,DEFICIT_REB,DEFICIT_AST,DEFICIT_STL,DEFICIT_BLK,DEFICIT_TO,DEFICIT_PF,DEFICIT_FG2M,DEFICIT_FG2A
0,76ers,11,29,0.379,13,20,0.65,10,29,39,21,14,4,19,20,96,25,54,0.462962962963,0,0.428571428571,0.466292134831,0.458333333333,0.475409836066,0.619047619048,0.588235294118,0.4,0.439393939394,0.428571428571,0.403846153846,0.583333333333,0.4,0.542857142857,0.588235294118,0.416666666667,0.461538461538
1,Hawks,13,32,0.406,8,14,0.571,15,37,52,31,10,6,16,14,117,35,63,0.555555555556,1,0.571428571429,0.533707865169,0.541666666667,0.524590163934,0.380952380952,0.411764705882,0.6,0.560606060606,0.571428571429,0.596153846154,0.416666666667,0.6,0.457142857143,0.411764705882,0.583333333333,0.538461538462
