,TEAM_NAME,FG3M,FG3A,FG3_PCT,FTM,FTA,FT_PCT,OREB,DREB,REB,AST,STL,BLK,TO,PF,PTS,FG2M,FG2A,FG2_PCT,OUTCOME,DEFICIT_FGM,DEFICIT_FGA,DEFICIT_FG3M,DEFICIT_FG3A,DEFICIT_FTM,DEFICIT_FTA,DEFICIT_OREB,DEFICIT_DREB,DEFICIT_REB,DEFICIT_AST,DEFICIT_STL,DEFICIT_BLK,DEFICIT_TO,DEFICIT_PF,DEFICIT_FG2M,DEFICIT_FG2A
0,Suns,8,33,0.242,16,21,0.762,17,38,55,23,9,3,12,20,104,32,74,0.432432432432,0,0.5,0.560209424084,0.333333333333,0.471428571429,0.380952380952,0.411764705882,0.739130434783,0.436781609195,0.5,0.511111111111,0.6,0.230769230769,0.413793103448,0.512820512821,0.571428571429,0.611570247934
1,Nets,16,37,0.432,26,30,0.867,6,49,55,22,6,10,17,19,122,24,47,0.510638297872,1,0.5,0.439790575916,0.666666666667,0.528571428571,0.619047619048,0.588235294118,0.260869565217,0.563218390805,0.5,0.488888888889,0.4,0.769230769231,0.586206896552,0.487179487179,0.428571428571,0.388429752066
