,TEAM_NAME,FG3M,FG3A,FG3_PCT,FTM,FTA,FT_PCT,OREB,DREB,REB,AST,STL,BLK,TO,PF,PTS,FG2M,FG2A,FG2_PCT,OUTCOME,DEFICIT_FGM,DEFICIT_FGA,DEFICIT_FG3M,DEFICIT_FG3A,DEFICIT_FTM,DEFICIT_FTA,DEFICIT_OREB,DEFICIT_DREB,DEFICIT_REB,DEFICIT_AST,DEFICIT_STL,DEFICIT_BLK,DEFICIT_TO,DEFICIT_PF,DEFICIT_FG2M,DEFICIT_FG2A
0,Bucks,7,18,0.389,27,36,0.75,5,30,35,20,9,5,12,20,106,29,50,0.58,1,0.507042253521,0.465753424658,0.538461538462,0.375,0.574468085106,0.631578947368,0.625,0.508474576271,0.522388059701,0.5,0.529411764706,0.555555555556,0.48,0.434782608696,0.5,0.510204081633
1,Grizzlies,6,30,0.2,20,21,0.952,3,29,32,20,8,4,13,26,96,29,48,0.604166666667,0,0.492957746479,0.534246575342,0.461538461538,0.625,0.425531914894,0.368421052632,0.375,0.491525423729,0.477611940299,0.5,0.470588235294,0.444444444444,0.52,0.565217391304,0.5,0.489795918367
