,TEAM_NAME,FG3M,FG3A,FG3_PCT,FTM,FTA,FT_PCT,OREB,DREB,REB,AST,STL,BLK,TO,PF,PTS,FG2M,FG2A,FG2_PCT,OUTCOME,DEFICIT_FGM,DEFICIT_FGA,DEFICIT_FG3M,DEFICIT_FG3A,DEFICIT_FTM,DEFICIT_FTA,DEFICIT_OREB,DEFICIT_DREB,DEFICIT_REB,DEFICIT_AST,DEFICIT_STL,DEFICIT_BLK,DEFICIT_TO,DEFICIT_PF,DEFICIT_FG2M,DEFICIT_FG2A
0,Jazz,9,20,0.45,15,27,0.556,8,26,34,22,4,3,11,17,102,30,61,0.491803278689,0,0.464285714286,0.493902439024,0.5625,0.588235294118,0.483870967742,0.574468085106,0.5,0.412698412698,0.430379746835,0.536585365854,0.307692307692,0.75,0.578947368421,0.459459459459,0.441176470588,0.469230769231
1,Cavaliers,7,14,0.5,16,20,0.8,8,37,45,19,9,1,8,20,113,38,69,0.550724637681,1,0.535714285714,0.506097560976,0.4375,0.411764705882,0.516129032258,0.425531914894,0.5,0.587301587302,0.569620253165,0.463414634146,0.692307692308,0.25,0.421052631579,0.540540540541,0.558823529412,0.530769230769
