,TEAM_NAME,FG3M,FG3A,FG3_PCT,FTM,FTA,FT_PCT,OREB,DREB,REB,AST,STL,BLK,TO,PF,PTS,FG2M,FG2A,FG2_PCT,OUTCOME,DEFICIT_FGM,DEFICIT_FGA,DEFICIT_FG3M,DEFICIT_FG3A,DEFICIT_FTM,DEFICIT_FTA,DEFICIT_OREB,DEFICIT_DREB,DEFICIT_REB,DEFICIT_AST,DEFICIT_STL,DEFICIT_BLK,DEFICIT_TO,DEFICIT_PF,DEFICIT_FG2M,DEFICIT_FG2A
0,Kings,3,14,0.214,18,19,0.947,11,43,54,23,7,3,14,22,103,38,66,0.575757575758,1,0.611940298507,0.506329113924,0.272727272727,0.341463414634,0.439024390244,0.395833333333,0.5,0.623188405797,0.593406593407,0.605263157895,0.4375,0.6,0.518518518519,0.536585365854,0.678571428571,0.564102564103
1,Magic,8,27,0.296,23,29,0.793,11,26,37,15,9,2,13,19,83,18,51,0.352941176471,0,0.388059701493,0.493670886076,0.727272727273,0.658536585366,0.560975609756,0.604166666667,0.5,0.376811594203,0.406593406593,0.394736842105,0.5625,0.4,0.481481481481,0.463414634146,0.321428571429,0.435897435897
