,TEAM_NAME,FG3M,FG3A,FG3_PCT,FTM,FTA,FT_PCT,OREB,DREB,REB,AST,STL,BLK,TO,PF,PTS,FG2M,FG2A,FG2_PCT,OUTCOME,DEFICIT_FGM,DEFICIT_FGA,DEFICIT_FG3M,DEFICIT_FG3A,DEFICIT_FTM,DEFICIT_FTA,DEFICIT_OREB,DEFICIT_DREB,DEFICIT_REB,DEFICIT_AST,DEFICIT_STL,DEFICIT_BLK,DEFICIT_TO,DEFICIT_PF,DEFICIT_FG2M,DEFICIT_FG2A
0,Pelicans,3,7,0.429,15,19,0.789,15,23,38,15,6,8,18,17,90,33,73,0.452054794521,0,0.467532467532,0.506329113924,0.176470588235,0.2,0.576923076923,0.542857142857,0.576923076923,0.450980392157,0.493506493506,0.31914893617,0.4,0.533333333333,0.6,0.5,0.55,0.593495934959
1,Mavericks,14,28,0.5,11,16,0.688,11,28,39,32,9,7,12,17,107,27,50,0.54,1,0.532467532468,0.493670886076,0.823529411765,0.8,0.423076923077,0.457142857143,0.423076923077,0.549019607843,0.506493506494,0.68085106383,0.6,0.466666666667,0.4,0.5,0.45,0.406504065041
