,TEAM_NAME,FG3M,FG3A,FG3_PCT,FTM,FTA,FT_PCT,OREB,DREB,REB,AST,STL,BLK,TO,PF,PTS,FG2M,FG2A,FG2_PCT,OUTCOME,DEFICIT_FGM,DEFICIT_FGA,DEFICIT_FG3M,DEFICIT_FG3A,DEFICIT_FTM,DEFICIT_FTA,DEFICIT_OREB,DEFICIT_DREB,DEFICIT_REB,DEFICIT_AST,DEFICIT_STL,DEFICIT_BLK,DEFICIT_TO,DEFICIT_PF,DEFICIT_FG2M,DEFICIT_FG2A
0,Warriors,8,26,0.308,15,21,0.714,14,32,46,23,7,1,11,18,99,30,66,0.454545454545,1,0.5,0.519774011299,0.533333333333,0.577777777778,0.51724137931,0.567567567568,0.538461538462,0.463768115942,0.484210526316,0.547619047619,0.5,0.111111111111,0.392857142857,0.418604651163,0.491803278689,0.5
1,Celtics,7,19,0.368,14,16,0.875,12,37,49,19,7,8,17,25,97,31,66,0.469696969697,0,0.5,0.480225988701,0.466666666667,0.422222222222,0.48275862069,0.432432432432,0.461538461538,0.536231884058,0.515789473684,0.452380952381,0.5,0.888888888889,0.607142857143,0.581395348837,0.508196721311,0.5
