,TEAM_NAME,FG3M,FG3A,FG3_PCT,FTM,FTA,FT_PCT,OREB,DREB,REB,AST,STL,BLK,TO,PF,PTS,FG2M,FG2A,FG2_PCT,OUTCOME,DEFICIT_FGM,DEFICIT_FGA,DEFICIT_FG3M,DEFICIT_FG3A,DEFICIT_FTM,DEFICIT_FTA,DEFICIT_OREB,DEFICIT_DREB,DEFICIT_REB,DEFICIT_AST,DEFICIT_STL,DEFICIT_BLK,DEFICIT_TO,DEFICIT_PF,DEFICIT_FG2M,DEFICIT_FG2A
0,Heat,6,23,0.261,21,27,0.778,11,28,39,19,5,2,14,24,95,28,57,0.491228070175,0,0.459459459459,0.481927710843,0.461538461538,0.53488372093,0.552631578947,0.5625,0.458333333333,0.4375,0.443181818182,0.475,0.416666666667,0.333333333333,0.518518518519,0.521739130435,0.459016393443,0.463414634146
1,Nets,7,20,0.35,17,21,0.81,13,36,49,21,7,4,13,22,104,33,66,0.5,1,0.540540540541,0.518072289157,0.538461538462,0.46511627907,0.447368421053,0.4375,0.541666666667,0.5625,0.556818181818,0.525,0.583333333333,0.666666666667,0.481481481481,0.478260869565,0.540983606557,0.536585365854
