,TEAM_NAME,FG3M,FG3A,FG3_PCT,FTM,FTA,FT_PCT,OREB,DREB,REB,AST,STL,BLK,TO,PF,PTS,FG2M,FG2A,FG2_PCT,OUTCOME,DEFICIT_FGM,DEFICIT_FGA,DEFICIT_FG3M,DEFICIT_FG3A,DEFICIT_FTM,DEFICIT_FTA,DEFICIT_OREB,DEFICIT_DREB,DEFICIT_REB,DEFICIT_AST,DEFICIT_STL,DEFICIT_BLK,DEFICIT_TO,DEFICIT_PF,DEFICIT_FG2M,DEFICIT_FG2A
0,Thunder,4,16,0.25,28,32,0.875,7,44,51,22,3,10,12,25,100,30,60,0.5,1,0.507462686567,0.455089820359,0.666666666667,0.592592592593,0.608695652174,0.507936507937,0.35,0.611111111111,0.554347826087,0.52380952381,0.3,0.714285714286,0.666666666667,0.510204081633,0.491803278689,0.428571428571
1,Grizzlies,2,11,0.182,18,31,0.581,13,28,41,20,7,4,6,24,86,31,80,0.3875,0,0.492537313433,0.544910179641,0.333333333333,0.407407407407,0.391304347826,0.492063492063,0.65,0.388888888889,0.445652173913,0.47619047619,0.7,0.285714285714,0.333333333333,0.489795918367,0.508196721311,0.571428571429
