,TEAM_NAME,FG3M,FG3A,FG3_PCT,FTM,FTA,FT_PCT,OREB,DREB,REB,AST,STL,BLK,TO,PF,PTS,FG2M,FG2A,FG2_PCT,OUTCOME,DEFICIT_FGM,DEFICIT_FGA,DEFICIT_FG3M,DEFICIT_FG3A,DEFICIT_FTM,DEFICIT_FTA,DEFICIT_OREB,DEFICIT_DREB,DEFICIT_REB,DEFICIT_AST,DEFICIT_STL,DEFICIT_BLK,DEFICIT_TO,DEFICIT_PF,DEFICIT_FG2M,DEFICIT_FG2A
0,Magic,7,19,0.368,17,23,0.739,6,31,37,23,5,2,13,14,90,26,53,0.490566037736,0,0.452054794521,0.470588235294,0.411764705882,0.404255319149,0.607142857143,0.638888888889,0.5,0.508196721311,0.506849315068,0.442307692308,0.357142857143,0.285714285714,0.619047619048,0.466666666667,0.464285714286,0.5
1,Nets,10,28,0.357,11,13,0.846,6,30,36,29,9,5,8,16,101,30,53,0.566037735849,1,0.547945205479,0.529411764706,0.588235294118,0.595744680851,0.392857142857,0.361111111111,0.5,0.491803278689,0.493150684932,0.557692307692,0.642857142857,0.714285714286,0.380952380952,0.533333333333,0.535714285714,0.5
