,TEAM_NAME,FG3M,FG3A,FG3_PCT,FTM,FTA,FT_PCT,OREB,DREB,REB,AST,STL,BLK,TO,PF,PTS,FG2M,FG2A,FG2_PCT,OUTCOME,DEFICIT_FGM,DEFICIT_FGA,DEFICIT_FG3M,DEFICIT_FG3A,DEFICIT_FTM,DEFICIT_FTA,DEFICIT_OREB,DEFICIT_DREB,DEFICIT_REB,DEFICIT_AST,DEFICIT_STL,DEFICIT_BLK,DEFICIT_TO,DEFICIT_PF,DEFICIT_FG2M,DEFICIT_FG2A
0,Pacers,4,19,0.211,33,43,0.767,11,37,48,21,13,4,16,27,107,31,57,0.543859649122807,1,0.5072463768115942,0.5033112582781457,0.4,0.4634146341463415,0.75,0.6935483870967742,0.7333333333333333,0.5522388059701493,0.5853658536585366,0.4883720930232558,0.7222222222222222,0.8,0.41025641025641024,0.46551724137931033,0.5254237288135594,0.5181818181818182
1,Cavaliers,6,22,0.273,11,19,0.579,4,30,34,22,5,1,23,31,85,28,53,0.5283018867924528,0,0.4927536231884058,0.4966887417218543,0.6,0.5365853658536586,0.25,0.3064516129032258,0.26666666666666666,0.44776119402985076,0.4146341463414634,0.5116279069767442,0.2777777777777778,0.2,0.5897435897435898,0.5344827586206896,0.4745762711864407,0.4818181818181818
