,TEAM_NAME,FG3M,FG3A,FG3_PCT,FTM,FTA,FT_PCT,OREB,DREB,REB,AST,STL,BLK,TO,PF,PTS,FG2M,FG2A,FG2_PCT,OUTCOME,DEFICIT_FGM,DEFICIT_FGA,DEFICIT_FG3M,DEFICIT_FG3A,DEFICIT_FTM,DEFICIT_FTA,DEFICIT_OREB,DEFICIT_DREB,DEFICIT_REB,DEFICIT_AST,DEFICIT_STL,DEFICIT_BLK,DEFICIT_TO,DEFICIT_PF,DEFICIT_FG2M,DEFICIT_FG2A
0,Rockets,7,30,0.233,24,29,0.828,22,33,55,24,7,1,19,35,101,28,66,0.42424242424242425,0,0.44871794871794873,0.5581395348837209,0.5833333333333334,0.6,0.42857142857142855,0.3717948717948718,0.8148148148148148,0.4647887323943662,0.5612244897959183,0.43636363636363634,0.3684210526315789,0.07692307692307693,0.5277777777777778,0.5645161290322581,0.42424242424242425,0.5409836065573771
1,Warriors,5,20,0.25,32,49,0.653,5,38,43,31,12,12,17,27,123,38,56,0.6785714285714286,1,0.5512820512820513,0.4418604651162791,0.4166666666666667,0.4,0.5714285714285714,0.6282051282051282,0.18518518518518517,0.5352112676056338,0.4387755102040816,0.5636363636363636,0.631578947368421,0.9230769230769231,0.4722222222222222,0.43548387096774194,0.5757575757575758,0.45901639344262296
