,TEAM_NAME,FG3M,FG3A,FG3_PCT,FTM,FTA,FT_PCT,OREB,DREB,REB,AST,STL,BLK,TO,PF,PTS,FG2M,FG2A,FG2_PCT,OUTCOME,DEFICIT_FGM,DEFICIT_FGA,DEFICIT_FG3M,DEFICIT_FG3A,DEFICIT_FTM,DEFICIT_FTA,DEFICIT_OREB,DEFICIT_DREB,DEFICIT_REB,DEFICIT_AST,DEFICIT_STL,DEFICIT_BLK,DEFICIT_TO,DEFICIT_PF,DEFICIT_FG2M,DEFICIT_FG2A
0,Celtics,15,38,0.395,6,8,0.75,12,39,51,26,13,6,13,22,111,30,60,0.5,1,0.569620253165,0.532608695652,0.6,0.550724637681,0.3,0.266666666667,0.571428571429,0.52,0.53125,0.590909090909,0.65,0.461538461538,0.40625,0.647058823529,0.555555555556,0.521739130435
1,Nets,10,31,0.323,14,22,0.636,9,36,45,18,7,7,19,12,92,24,55,0.436363636364,0,0.430379746835,0.467391304348,0.4,0.449275362319,0.7,0.733333333333,0.428571428571,0.48,0.46875,0.409090909091,0.35,0.538461538462,0.59375,0.352941176471,0.444444444444,0.478260869565
