,TEAM_NAME,FG3M,FG3A,FG3_PCT,FTM,FTA,FT_PCT,OREB,DREB,REB,AST,STL,BLK,TO,PF,PTS,FG2M,FG2A,FG2_PCT,OUTCOME,DEFICIT_FGM,DEFICIT_FGA,DEFICIT_FG3M,DEFICIT_FG3A,DEFICIT_FTM,DEFICIT_FTA,DEFICIT_OREB,DEFICIT_DREB,DEFICIT_REB,DEFICIT_AST,DEFICIT_STL,DEFICIT_BLK,DEFICIT_TO,DEFICIT_PF,DEFICIT_FG2M,DEFICIT_FG2A
0,Pacers,7,27,0.259,10,14,0.714,7,30,37,16,15,5,18,20,85,27,57,0.473684210526,0,0.485714285714,0.497041420118,0.583333333333,0.574468085106,0.344827586207,0.388888888889,0.291666666667,0.434782608696,0.397849462366,0.484848484848,0.576923076923,0.416666666667,0.461538461538,0.526315789474,0.465517241379,0.467213114754
1,Hawks,5,20,0.25,19,22,0.864,17,39,56,17,11,7,21,18,96,31,65,0.476923076923,1,0.514285714286,0.502958579882,0.416666666667,0.425531914894,0.655172413793,0.611111111111,0.708333333333,0.565217391304,0.602150537634,0.515151515152,0.423076923077,0.583333333333,0.538461538462,0.473684210526,0.534482758621,0.532786885246
