,TEAM_NAME,FG3M,FG3A,FG3_PCT,FTM,FTA,FT_PCT,OREB,DREB,REB,AST,STL,BLK,TO,PF,PTS,FG2M,FG2A,FG2_PCT,OUTCOME,DEFICIT_FGM,DEFICIT_FGA,DEFICIT_FG3M,DEFICIT_FG3A,DEFICIT_FTM,DEFICIT_FTA,DEFICIT_OREB,DEFICIT_DREB,DEFICIT_REB,DEFICIT_AST,DEFICIT_STL,DEFICIT_BLK,DEFICIT_TO,DEFICIT_PF,DEFICIT_FG2M,DEFICIT_FG2A
0,76ers,12,36,0.333,17,23,0.739,8,48,56,24,9,10,26,32,99,23,57,0.40350877193,0,0.479452054795,0.484375,0.545454545455,0.553846153846,0.485714285714,0.489361702128,0.470588235294,0.564705882353,0.549019607843,0.5,0.409090909091,0.526315789474,0.634146341463,0.533333333333,0.450980392157,0.448818897638
1,Grizzlies,10,29,0.345,18,24,0.75,9,37,46,24,13,9,15,28,104,28,70,0.4,1,0.520547945205,0.515625,0.454545454545,0.446153846154,0.514285714286,0.510638297872,0.529411764706,0.435294117647,0.450980392157,0.5,0.590909090909,0.473684210526,0.365853658537,0.466666666667,0.549019607843,0.551181102362
