,TEAM_NAME,FG3M,FG3A,FG3_PCT,FTM,FTA,FT_PCT,OREB,DREB,REB,AST,STL,BLK,TO,PF,PTS,FG2M,FG2A,FG2_PCT,OUTCOME,DEFICIT_FGM,DEFICIT_FGA,DEFICIT_FG3M,DEFICIT_FG3A,DEFICIT_FTM,DEFICIT_FTA,DEFICIT_OREB,DEFICIT_DREB,DEFICIT_REB,DEFICIT_AST,DEFICIT_STL,DEFICIT_BLK,DEFICIT_TO,DEFICIT_PF,DEFICIT_FG2M,DEFICIT_FG2A
0,Jazz,8,26,0.308,22,31,0.71,4,47,51,19,4,3,14,25,108,31,53,0.584905660377,1,0.582089552239,0.473053892216,0.470588235294,0.490566037736,0.55,0.5,0.222222222222,0.573170731707,0.51,0.575757575758,0.444444444444,0.375,0.583333333333,0.531914893617,0.62,0.464912280702
1,Nuggets,9,27,0.333,18,31,0.581,14,35,49,14,5,5,10,22,83,19,61,0.311475409836,0,0.417910447761,0.526946107784,0.529411764706,0.509433962264,0.45,0.5,0.777777777778,0.426829268293,0.49,0.424242424242,0.555555555556,0.625,0.416666666667,0.468085106383,0.38,0.535087719298
