,TEAM_NAME,FG3M,FG3A,FG3_PCT,FTM,FTA,FT_PCT,OREB,DREB,REB,AST,STL,BLK,TO,PF,PTS,FG2M,FG2A,FG2_PCT,OUTCOME,DEFICIT_FGM,DEFICIT_FGA,DEFICIT_FG3M,DEFICIT_FG3A,DEFICIT_FTM,DEFICIT_FTA,DEFICIT_OREB,DEFICIT_DREB,DEFICIT_REB,DEFICIT_AST,DEFICIT_STL,DEFICIT_BLK,DEFICIT_TO,DEFICIT_PF,DEFICIT_FG2M,DEFICIT_FG2A
0,Hornets,12,26,0.462,19,22,0.864,7,35,42,28,4,6,8,16,115,30,54,0.555555555556,1,0.53164556962,0.481927710843,0.444444444444,0.464285714286,0.633333333333,0.611111111111,0.5,0.546875,0.538461538462,0.466666666667,0.4,0.6,0.444444444444,0.484848484848,0.576923076923,0.490909090909
1,Hawks,15,30,0.5,11,14,0.786,7,29,36,32,6,4,10,17,100,22,56,0.392857142857,0,0.46835443038,0.518072289157,0.555555555556,0.535714285714,0.366666666667,0.388888888889,0.5,0.453125,0.461538461538,0.533333333333,0.6,0.4,0.555555555556,0.515151515152,0.423076923077,0.509090909091
