,TEAM_NAME,FG3M,FG3A,FG3_PCT,FTM,FTA,FT_PCT,OREB,DREB,REB,AST,STL,BLK,TO,PF,PTS,FG2M,FG2A,FG2_PCT,OUTCOME,DEFICIT_FGM,DEFICIT_FGA,DEFICIT_FG3M,DEFICIT_FG3A,DEFICIT_FTM,DEFICIT_FTA,DEFICIT_OREB,DEFICIT_DREB,DEFICIT_REB,DEFICIT_AST,DEFICIT_STL,DEFICIT_BLK,DEFICIT_TO,DEFICIT_PF,DEFICIT_FG2M,DEFICIT_FG2A
0,Timberwolves,15,35,0.429,17,21,0.81,14,29,43,25,4,5,18,19,108,23,54,0.425925925926,0,0.469135802469,0.526627218935,0.576923076923,0.593220338983,0.485714285714,0.488372093023,0.777777777778,0.467741935484,0.5375,0.5,0.285714285714,0.454545454545,0.58064516129,0.527777777778,0.418181818182,0.490909090909
1,Hornets,11,24,0.458,18,22,0.818,4,33,37,25,10,6,13,17,115,32,56,0.571428571429,1,0.530864197531,0.473372781065,0.423076923077,0.406779661017,0.514285714286,0.511627906977,0.222222222222,0.532258064516,0.4625,0.5,0.714285714286,0.545454545455,0.41935483871,0.472222222222,0.581818181818,0.509090909091
