,TEAM_NAME,FG3M,FG3A,FG3_PCT,FTM,FTA,FT_PCT,OREB,DREB,REB,AST,STL,BLK,TO,PF,PTS,FG2M,FG2A,FG2_PCT,OUTCOME,DEFICIT_FGM,DEFICIT_FGA,DEFICIT_FG3M,DEFICIT_FG3A,DEFICIT_FTM,DEFICIT_FTA,DEFICIT_OREB,DEFICIT_DREB,DEFICIT_REB,DEFICIT_AST,DEFICIT_STL,DEFICIT_BLK,DEFICIT_TO,DEFICIT_PF,DEFICIT_FG2M,DEFICIT_FG2A
0,Heat,7,23,0.304,11,14,0.786,17,31,48,13,11,7,23,23,90,29,66,0.439393939394,0,0.493150684932,0.526627218935,0.538461538462,0.575,0.458333333333,0.424242424242,0.739130434783,0.516666666667,0.578313253012,0.41935483871,0.44,0.636363636364,0.547619047619,0.638888888889,0.483333333333,0.511627906977
1,Hawks,6,17,0.353,13,19,0.684,6,29,35,18,14,4,19,13,93,31,63,0.492063492063,1,0.506849315068,0.473372781065,0.461538461538,0.425,0.541666666667,0.575757575758,0.260869565217,0.483333333333,0.421686746988,0.58064516129,0.56,0.363636363636,0.452380952381,0.361111111111,0.516666666667,0.488372093023
