,TEAM_NAME,FG3M,FG3A,FG3_PCT,FTM,FTA,FT_PCT,OREB,DREB,REB,AST,STL,BLK,TO,PF,PTS,FG2M,FG2A,FG2_PCT,OUTCOME,DEFICIT_FGM,DEFICIT_FGA,DEFICIT_FG3M,DEFICIT_FG3A,DEFICIT_FTM,DEFICIT_FTA,DEFICIT_OREB,DEFICIT_DREB,DEFICIT_REB,DEFICIT_AST,DEFICIT_STL,DEFICIT_BLK,DEFICIT_TO,DEFICIT_PF,DEFICIT_FG2M,DEFICIT_FG2A
0,Kings,4,15,0.267,23,28,0.821,9,33,42,18,8,4,15,23,87,26,65,0.4,0,0.461538461538,0.506329113924,0.333333333333,0.46875,0.575,0.538461538462,0.642857142857,0.471428571429,0.5,0.409090909091,0.470588235294,0.4,0.5,0.469387755102,0.490566037736,0.515873015873
1,Bobcats,8,17,0.471,17,24,0.708,5,37,42,26,9,6,15,26,95,27,61,0.44262295082,1,0.538461538462,0.493670886076,0.666666666667,0.53125,0.425,0.461538461538,0.357142857143,0.528571428571,0.5,0.590909090909,0.529411764706,0.6,0.5,0.530612244898,0.509433962264,0.484126984127
