,TEAM_NAME,FG3M,FG3A,FG3_PCT,FTM,FTA,FT_PCT,OREB,DREB,REB,AST,STL,BLK,TO,PF,PTS,FG2M,FG2A,FG2_PCT,OUTCOME,DEFICIT_FGM,DEFICIT_FGA,DEFICIT_FG3M,DEFICIT_FG3A,DEFICIT_FTM,DEFICIT_FTA,DEFICIT_OREB,DEFICIT_DREB,DEFICIT_REB,DEFICIT_AST,DEFICIT_STL,DEFICIT_BLK,DEFICIT_TO,DEFICIT_PF,DEFICIT_FG2M,DEFICIT_FG2A
0,Spurs,5,13,0.385,15,16,0.938,6,25,31,16,5,2,19,23,86,28,58,0.48275862069,0,0.471428571429,0.461038961039,0.555555555556,0.52,0.454545454545,0.410256410256,0.3,0.5,0.442857142857,0.432432432432,0.357142857143,0.2,0.730769230769,0.560975609756,0.459016393443,0.449612403101
1,Bulls,4,12,0.333,18,23,0.783,14,25,39,21,9,8,7,18,96,33,71,0.464788732394,1,0.528571428571,0.538961038961,0.444444444444,0.48,0.545454545455,0.589743589744,0.7,0.5,0.557142857143,0.567567567568,0.642857142857,0.8,0.269230769231,0.439024390244,0.540983606557,0.550387596899
