,TEAM_NAME,FG3M,FG3A,FG3_PCT,FTM,FTA,FT_PCT,OREB,DREB,REB,AST,STL,BLK,TO,PF,PTS,FG2M,FG2A,FG2_PCT,OUTCOME,DEFICIT_FGM,DEFICIT_FGA,DEFICIT_FG3M,DEFICIT_FG3A,DEFICIT_FTM,DEFICIT_FTA,DEFICIT_OREB,DEFICIT_DREB,DEFICIT_REB,DEFICIT_AST,DEFICIT_STL,DEFICIT_BLK,DEFICIT_TO,DEFICIT_PF,DEFICIT_FG2M,DEFICIT_FG2A
0,Suns,12,23,0.522,30,32,0.938,8,28,36,28,8,4,15,29,126,30,55,0.545454545455,1,0.525,0.467065868263,0.631578947368,0.547619047619,0.46875,0.470588235294,0.421052631579,0.528301886792,0.5,0.56,0.727272727273,0.571428571429,0.625,0.537037037037,0.491803278689,0.44
1,Bucks,7,19,0.368,34,36,0.944,11,25,36,22,3,3,9,25,117,31,70,0.442857142857,0,0.475,0.532934131737,0.368421052632,0.452380952381,0.53125,0.529411764706,0.578947368421,0.471698113208,0.5,0.44,0.272727272727,0.428571428571,0.375,0.462962962963,0.508196721311,0.56
