,TEAM_NAME,FG3M,FG3A,FG3_PCT,FTM,FTA,FT_PCT,OREB,DREB,REB,AST,STL,BLK,TO,PF,PTS,FG2M,FG2A,FG2_PCT,OUTCOME,DEFICIT_FGM,DEFICIT_FGA,DEFICIT_FG3M,DEFICIT_FG3A,DEFICIT_FTM,DEFICIT_FTA,DEFICIT_OREB,DEFICIT_DREB,DEFICIT_REB,DEFICIT_AST,DEFICIT_STL,DEFICIT_BLK,DEFICIT_TO,DEFICIT_PF,DEFICIT_FG2M,DEFICIT_FG2A
0,Maccabi Electra,8,31,0.258,20,23,0.87,8,28,36,19,7,7,9,20,80,18,49,0.3673469387755102,0,0.40625,0.4624277456647399,0.4444444444444444,0.5166666666666667,0.4878048780487805,0.5111111111111111,0.26666666666666666,0.4,0.36,0.4222222222222222,0.5,0.5833333333333334,0.42857142857142855,0.4878048780487805,0.391304347826087,0.4336283185840708
1,Cavaliers,10,29,0.345,21,22,0.955,22,42,64,26,7,5,12,21,107,28,64,0.4375,1,0.59375,0.5375722543352601,0.5555555555555556,0.48333333333333334,0.5121951219512195,0.4888888888888889,0.7333333333333333,0.6,0.64,0.5777777777777777,0.5,0.4166666666666667,0.5714285714285714,0.5121951219512195,0.6086956521739131,0.5663716814159292
