,TEAM_NAME,FG3M,FG3A,FG3_PCT,FTM,FTA,FT_PCT,OREB,DREB,REB,AST,STL,BLK,TO,PF,PTS,FG2M,FG2A,FG2_PCT,OUTCOME,DEFICIT_FGM,DEFICIT_FGA,DEFICIT_FG3M,DEFICIT_FG3A,DEFICIT_FTM,DEFICIT_FTA,DEFICIT_OREB,DEFICIT_DREB,DEFICIT_REB,DEFICIT_AST,DEFICIT_STL,DEFICIT_BLK,DEFICIT_TO,DEFICIT_PF,DEFICIT_FG2M,DEFICIT_FG2A
0,Raptors,6,18,0.333,27,35,0.771,7,23,30,21,10,3,14,31,99,27,57,0.47368421052631576,1,0.5238095238095238,0.539568345323741,0.5454545454545454,0.5806451612903226,0.48214285714285715,0.4666666666666667,0.35,0.41818181818181815,0.4,0.5384615384615384,0.625,0.42857142857142855,0.34146341463414637,0.5344827586206896,0.5192307692307693,0.5277777777777778
1,Kings,5,13,0.385,29,40,0.725,13,32,45,18,6,4,27,27,94,25,51,0.49019607843137253,0,0.47619047619047616,0.460431654676259,0.45454545454545453,0.41935483870967744,0.5178571428571429,0.5333333333333333,0.65,0.5818181818181818,0.6,0.46153846153846156,0.375,0.5714285714285714,0.6585365853658537,0.46551724137931033,0.4807692307692308,0.4722222222222222
