,TEAM_NAME,FG3M,FG3A,FG3_PCT,FTM,FTA,FT_PCT,OREB,DREB,REB,AST,STL,BLK,TO,PF,PTS,FG2M,FG2A,FG2_PCT,OUTCOME,DEFICIT_FGM,DEFICIT_FGA,DEFICIT_FG3M,DEFICIT_FG3A,DEFICIT_FTM,DEFICIT_FTA,DEFICIT_OREB,DEFICIT_DREB,DEFICIT_REB,DEFICIT_AST,DEFICIT_STL,DEFICIT_BLK,DEFICIT_TO,DEFICIT_PF,DEFICIT_FG2M,DEFICIT_FG2A
0,Spurs,11,27,0.407,22,27,0.815,14,30,44,27,10,6,16,27,109,27,57,0.47368421052631576,1,0.5066666666666667,0.5153374233128835,0.6875,0.6585365853658537,0.5238095238095238,0.48214285714285715,0.5384615384615384,0.5,0.5116279069767442,0.5094339622641509,0.5882352941176471,1.0,0.5,0.54,0.4576271186440678,0.4672131147540984
1,Nuggets,5,14,0.357,20,29,0.69,12,30,42,26,7,0,16,23,99,32,65,0.49230769230769234,0,0.49333333333333335,0.48466257668711654,0.3125,0.34146341463414637,0.47619047619047616,0.5178571428571429,0.46153846153846156,0.5,0.4883720930232558,0.49056603773584906,0.4117647058823529,0.0,0.5,0.46,0.5423728813559322,0.5327868852459017
