,TEAM_NAME,FG3M,FG3A,FG3_PCT,FTM,FTA,FT_PCT,OREB,DREB,REB,AST,STL,BLK,TO,PF,PTS,FG2M,FG2A,FG2_PCT,OUTCOME,DEFICIT_FGM,DEFICIT_FGA,DEFICIT_FG3M,DEFICIT_FG3A,DEFICIT_FTM,DEFICIT_FTA,DEFICIT_OREB,DEFICIT_DREB,DEFICIT_REB,DEFICIT_AST,DEFICIT_STL,DEFICIT_BLK,DEFICIT_TO,DEFICIT_PF,DEFICIT_FG2M,DEFICIT_FG2A
0,Kings,8,25,0.32,25,41,0.61,7,39,46,23,5,5,22,26,105,28,49,0.571428571429,0,0.473684210526,0.440476190476,0.470588235294,0.446428571429,0.54347826087,0.546666666667,0.304347826087,0.513157894737,0.464646464646,0.5,0.333333333333,0.357142857143,0.628571428571,0.481481481481,0.474576271186,0.4375
1,76ers,9,31,0.29,21,34,0.618,16,37,53,23,10,9,13,28,110,31,63,0.492063492063,1,0.526315789474,0.559523809524,0.529411764706,0.553571428571,0.45652173913,0.453333333333,0.695652173913,0.486842105263,0.535353535354,0.5,0.666666666667,0.642857142857,0.371428571429,0.518518518519,0.525423728814,0.5625
