,TEAM_NAME,FG3M,FG3A,FG3_PCT,FTM,FTA,FT_PCT,OREB,DREB,REB,AST,STL,BLK,TO,PF,PTS,FG2M,FG2A,FG2_PCT,OUTCOME,DEFICIT_FGM,DEFICIT_FGA,DEFICIT_FG3M,DEFICIT_FG3A,DEFICIT_FTM,DEFICIT_FTA,DEFICIT_OREB,DEFICIT_DREB,DEFICIT_REB,DEFICIT_AST,DEFICIT_STL,DEFICIT_BLK,DEFICIT_TO,DEFICIT_PF,DEFICIT_FG2M,DEFICIT_FG2A
0,Wizards,8,22,0.364,13,17,0.765,8,36,44,24,8,4,10,27,91,27,65,0.415384615385,0,0.555555555556,0.514792899408,0.571428571429,0.478260869565,0.288888888889,0.303571428571,0.347826086957,0.473684210526,0.444444444444,0.631578947368,0.615384615385,0.4,0.384615384615,0.627906976744,0.551020408163,0.528455284553
1,Raptors,6,24,0.25,32,39,0.821,15,40,55,14,5,6,16,16,94,22,58,0.379310344828,1,0.444444444444,0.485207100592,0.428571428571,0.521739130435,0.711111111111,0.696428571429,0.652173913043,0.526315789474,0.555555555556,0.368421052632,0.384615384615,0.6,0.615384615385,0.372093023256,0.448979591837,0.471544715447
