,TEAM_NAME,FG3M,FG3A,FG3_PCT,FTM,FTA,FT_PCT,OREB,DREB,REB,AST,STL,BLK,TO,PF,PTS,FG2M,FG2A,FG2_PCT,OUTCOME,DEFICIT_FGM,DEFICIT_FGA,DEFICIT_FG3M,DEFICIT_FG3A,DEFICIT_FTM,DEFICIT_FTA,DEFICIT_OREB,DEFICIT_DREB,DEFICIT_REB,DEFICIT_AST,DEFICIT_STL,DEFICIT_BLK,DEFICIT_TO,DEFICIT_PF,DEFICIT_FG2M,DEFICIT_FG2A
0,Jazz,10,39,0.256,14,20,0.7,15,29,44,15,8,8,19,24,80,18,41,0.439024390244,0,0.4375,0.509554140127,0.666666666667,0.795918367347,0.451612903226,0.425531914894,0.535714285714,0.460317460317,0.483516483516,0.357142857143,0.380952380952,0.727272727273,0.655172413793,0.6,0.367346938776,0.37962962963
1,Timberwolves,5,10,0.5,17,27,0.63,13,34,47,27,13,3,10,16,94,31,67,0.462686567164,1,0.5625,0.490445859873,0.333333333333,0.204081632653,0.548387096774,0.574468085106,0.464285714286,0.539682539683,0.516483516484,0.642857142857,0.619047619048,0.272727272727,0.344827586207,0.4,0.632653061224,0.62037037037
