,TEAM_NAME,FG3M,FG3A,FG3_PCT,FTM,FTA,FT_PCT,OREB,DREB,REB,AST,STL,BLK,TO,PF,PTS,FG2M,FG2A,FG2_PCT,OUTCOME,DEFICIT_FGM,DEFICIT_FGA,DEFICIT_FG3M,DEFICIT_FG3A,DEFICIT_FTM,DEFICIT_FTA,DEFICIT_OREB,DEFICIT_DREB,DEFICIT_REB,DEFICIT_AST,DEFICIT_STL,DEFICIT_BLK,DEFICIT_TO,DEFICIT_PF,DEFICIT_FG2M,DEFICIT_FG2A
0,Bucks,10,29,0.345,21,25,0.84,14,38,52,22,7,7,11,23,111,30,71,0.422535211268,0,0.506329113924,0.5,0.47619047619,0.508771929825,0.45652173913,0.480769230769,0.4375,0.5,0.481481481481,0.55,0.583333333333,0.368421052632,0.478260869565,0.511111111111,0.51724137931,0.496503496503
1,Cavaliers,11,28,0.393,25,27,0.926,18,38,56,18,5,12,12,22,114,28,72,0.388888888889,1,0.493670886076,0.5,0.52380952381,0.491228070175,0.54347826087,0.519230769231,0.5625,0.5,0.518518518519,0.45,0.416666666667,0.631578947368,0.521739130435,0.488888888889,0.48275862069,0.503496503497
