,TEAM_NAME,FG3M,FG3A,FG3_PCT,FTM,FTA,FT_PCT,OREB,DREB,REB,AST,STL,BLK,TO,PF,PTS,FG2M,FG2A,FG2_PCT,OUTCOME,DEFICIT_FGM,DEFICIT_FGA,DEFICIT_FG3M,DEFICIT_FG3A,DEFICIT_FTM,DEFICIT_FTA,DEFICIT_OREB,DEFICIT_DREB,DEFICIT_REB,DEFICIT_AST,DEFICIT_STL,DEFICIT_BLK,DEFICIT_TO,DEFICIT_PF,DEFICIT_FG2M,DEFICIT_FG2A
0,Kings,7,22,0.318,10,24,0.417,7,25,32,25,14,1,20,16,103,36,52,0.692307692308,0,0.457446808511,0.471337579618,0.411764705882,0.488888888889,0.5,0.631578947368,0.5,0.438596491228,0.450704225352,0.438596491228,0.48275862069,0.25,0.540540540541,0.5,0.467532467532,0.464285714286
1,Heat,10,23,0.435,10,14,0.714,7,32,39,32,15,3,17,16,122,41,60,0.683333333333,1,0.542553191489,0.528662420382,0.588235294118,0.511111111111,0.5,0.368421052632,0.5,0.561403508772,0.549295774648,0.561403508772,0.51724137931,0.75,0.459459459459,0.5,0.532467532468,0.535714285714
