,TEAM_NAME,FG3M,FG3A,FG3_PCT,FTM,FTA,FT_PCT,OREB,DREB,REB,AST,STL,BLK,TO,PF,PTS,FG2M,FG2A,FG2_PCT,OUTCOME,DEFICIT_FGM,DEFICIT_FGA,DEFICIT_FG3M,DEFICIT_FG3A,DEFICIT_FTM,DEFICIT_FTA,DEFICIT_OREB,DEFICIT_DREB,DEFICIT_REB,DEFICIT_AST,DEFICIT_STL,DEFICIT_BLK,DEFICIT_TO,DEFICIT_PF,DEFICIT_FG2M,DEFICIT_FG2A
0,Pelicans,4,24,0.167,19,29,0.655,14,35,49,14,5,3,12,30,81,25,62,0.403225806452,0,0.483333333333,0.530864197531,0.5,0.631578947368,0.413043478261,0.439393939394,0.608695652174,0.448717948718,0.485148514851,0.424242424242,0.5,0.333333333333,0.521739130435,0.555555555556,0.480769230769,0.5
1,Grizzlies,4,14,0.286,27,37,0.73,9,43,52,19,5,6,11,24,93,27,62,0.435483870968,1,0.516666666667,0.469135802469,0.5,0.368421052632,0.586956521739,0.560606060606,0.391304347826,0.551282051282,0.514851485149,0.575757575758,0.5,0.666666666667,0.478260869565,0.444444444444,0.519230769231,0.5
