,TEAM_NAME,FG3M,FG3A,FG3_PCT,FTM,FTA,FT_PCT,OREB,DREB,REB,AST,STL,BLK,TO,PF,PTS,FG2M,FG2A,FG2_PCT,OUTCOME,DEFICIT_FGM,DEFICIT_FGA,DEFICIT_FG3M,DEFICIT_FG3A,DEFICIT_FTM,DEFICIT_FTA,DEFICIT_OREB,DEFICIT_DREB,DEFICIT_REB,DEFICIT_AST,DEFICIT_STL,DEFICIT_BLK,DEFICIT_TO,DEFICIT_PF,DEFICIT_FG2M,DEFICIT_FG2A
0,Kings,2,9,0.222,40,47,0.851,14,36,50,21,8,5,15,28,110,32,72,0.4444444444444444,1,0.4857142857142857,0.46551724137931033,0.2857142857142857,0.2727272727272727,0.5882352941176471,0.5875,0.4827586206896552,0.5714285714285714,0.5434782608695652,0.4883720930232558,0.6666666666666666,0.4166666666666667,0.5,0.4444444444444444,0.5079365079365079,0.5106382978723404
1,Nuggets,5,24,0.208,28,33,0.848,15,27,42,22,4,7,15,35,105,31,69,0.4492753623188406,0,0.5142857142857142,0.5344827586206896,0.7142857142857143,0.7272727272727273,0.4117647058823529,0.4125,0.5172413793103449,0.42857142857142855,0.45652173913043476,0.5116279069767442,0.3333333333333333,0.5833333333333334,0.5,0.5555555555555556,0.49206349206349204,0.48936170212765956
