,TEAM_NAME,FG3M,FG3A,FG3_PCT,FTM,FTA,FT_PCT,OREB,DREB,REB,AST,STL,BLK,TO,PF,PTS,FG2M,FG2A,FG2_PCT,OUTCOME,DEFICIT_FGM,DEFICIT_FGA,DEFICIT_FG3M,DEFICIT_FG3A,DEFICIT_FTM,DEFICIT_FTA,DEFICIT_OREB,DEFICIT_DREB,DEFICIT_REB,DEFICIT_AST,DEFICIT_STL,DEFICIT_BLK,DEFICIT_TO,DEFICIT_PF,DEFICIT_FG2M,DEFICIT_FG2A
0,76ers,11,22,0.5,16,23,0.696,6,25,31,19,12,4,17,20,93,22,52,0.423076923077,0,0.507692307692,0.496644295302,0.407407407407,0.392857142857,0.4,0.433962264151,0.315789473684,0.423728813559,0.397435897436,0.413043478261,0.5,0.4,0.447368421053,0.5,0.578947368421,0.559139784946
1,Rockets,16,34,0.471,24,30,0.8,13,34,47,27,12,6,21,20,104,16,41,0.390243902439,1,0.492307692308,0.503355704698,0.592592592593,0.607142857143,0.6,0.566037735849,0.684210526316,0.576271186441,0.602564102564,0.586956521739,0.5,0.6,0.552631578947,0.5,0.421052631579,0.440860215054
