,TEAM_NAME,FG3M,FG3A,FG3_PCT,FTM,FTA,FT_PCT,OREB,DREB,REB,AST,STL,BLK,TO,PF,PTS,FG2M,FG2A,FG2_PCT,OUTCOME,DEFICIT_FGM,DEFICIT_FGA,DEFICIT_FG3M,DEFICIT_FG3A,DEFICIT_FTM,DEFICIT_FTA,DEFICIT_OREB,DEFICIT_DREB,DEFICIT_REB,DEFICIT_AST,DEFICIT_STL,DEFICIT_BLK,DEFICIT_TO,DEFICIT_PF,DEFICIT_FG2M,DEFICIT_FG2A
0,Trail Blazers,11,26,0.423,7,9,0.778,11,39,50,17,4,3,12,21,96,28,61,0.459016393443,0,0.4875,0.488764044944,0.647058823529,0.65,0.28,0.28125,0.478260869565,0.534246575342,0.520833333333,0.404761904762,0.4,0.375,0.666666666667,0.65625,0.444444444444,0.442028985507
1,Nets,6,14,0.429,18,23,0.783,12,34,46,25,6,5,6,11,106,35,77,0.454545454545,1,0.5125,0.511235955056,0.352941176471,0.35,0.72,0.71875,0.521739130435,0.465753424658,0.479166666667,0.595238095238,0.6,0.625,0.333333333333,0.34375,0.555555555556,0.557971014493
