,TEAM_NAME,FG3M,FG3A,FG3_PCT,FTM,FTA,FT_PCT,OREB,DREB,REB,AST,STL,BLK,TO,PF,PTS,FG2M,FG2A,FG2_PCT,OUTCOME,DEFICIT_FGM,DEFICIT_FGA,DEFICIT_FG3M,DEFICIT_FG3A,DEFICIT_FTM,DEFICIT_FTA,DEFICIT_OREB,DEFICIT_DREB,DEFICIT_REB,DEFICIT_AST,DEFICIT_STL,DEFICIT_BLK,DEFICIT_TO,DEFICIT_PF,DEFICIT_FG2M,DEFICIT_FG2A
0,Thunder,12,31,0.387,15,19,0.789,19,32,51,24,2,3,17,22,99,24,61,0.393442622951,0,0.493150684932,0.513966480447,0.631578947368,0.62,0.441176470588,0.422222222222,0.59375,0.463768115942,0.50495049505,0.533333333333,0.153846153846,0.5,0.653846153846,0.511627906977,0.444444444444,0.472868217054
1,Grizzlies,7,19,0.368,19,26,0.731,13,37,50,21,11,3,9,21,100,30,68,0.441176470588,1,0.506849315068,0.486033519553,0.368421052632,0.38,0.558823529412,0.577777777778,0.40625,0.536231884058,0.49504950495,0.466666666667,0.846153846154,0.5,0.346153846154,0.488372093023,0.555555555556,0.527131782946
