,TEAM_NAME,FG3M,FG3A,FG3_PCT,FTM,FTA,FT_PCT,OREB,DREB,REB,AST,STL,BLK,TO,PF,PTS,FG2M,FG2A,FG2_PCT,OUTCOME,DEFICIT_FGM,DEFICIT_FGA,DEFICIT_FG3M,DEFICIT_FG3A,DEFICIT_FTM,DEFICIT_FTA,DEFICIT_OREB,DEFICIT_DREB,DEFICIT_REB,DEFICIT_AST,DEFICIT_STL,DEFICIT_BLK,DEFICIT_TO,DEFICIT_PF,DEFICIT_FG2M,DEFICIT_FG2A
0,Wizards,2,9,0.222,13,19,0.684,13,36,49,16,9,11,12,19,75,28,65,0.430769230769,1,0.545454545455,0.496644295302,0.25,0.36,0.5,0.527777777778,0.541666666667,0.529411764706,0.532608695652,0.457142857143,0.692307692308,0.578947368421,0.521739130435,0.527777777778,0.595744680851,0.524193548387
1,Bulls,6,16,0.375,13,17,0.765,11,32,43,19,4,8,11,17,69,19,59,0.322033898305,0,0.454545454545,0.503355704698,0.75,0.64,0.5,0.472222222222,0.458333333333,0.470588235294,0.467391304348,0.542857142857,0.307692307692,0.421052631579,0.478260869565,0.472222222222,0.404255319149,0.475806451613
