,TEAM_NAME,FG3M,FG3A,FG3_PCT,FTM,FTA,FT_PCT,OREB,DREB,REB,AST,STL,BLK,TO,PF,PTS,FG2M,FG2A,FG2_PCT,OUTCOME,DEFICIT_FGM,DEFICIT_FGA,DEFICIT_FG3M,DEFICIT_FG3A,DEFICIT_FTM,DEFICIT_FTA,DEFICIT_OREB,DEFICIT_DREB,DEFICIT_REB,DEFICIT_AST,DEFICIT_STL,DEFICIT_BLK,DEFICIT_TO,DEFICIT_PF,DEFICIT_FG2M,DEFICIT_FG2A
0,Raptors,15,33,0.455,17,18,0.944,20,34,54,21,6,4,13,19,104,21,58,0.362068965517,1,0.514285714286,0.517045454545,0.6,0.507692307692,0.515151515152,0.5,0.588235294118,0.539682539683,0.556701030928,0.583333333333,0.461538461538,0.363636363636,0.565217391304,0.542857142857,0.466666666667,0.522522522523
1,Hornets,10,32,0.313,16,18,0.889,14,29,43,15,7,7,10,16,94,24,53,0.452830188679,0,0.485714285714,0.482954545455,0.4,0.492307692308,0.484848484848,0.5,0.411764705882,0.460317460317,0.443298969072,0.416666666667,0.538461538462,0.636363636364,0.434782608696,0.457142857143,0.533333333333,0.477477477477
