,TEAM_NAME,FG3M,FG3A,FG3_PCT,FTM,FTA,FT_PCT,OREB,DREB,REB,AST,STL,BLK,TO,PF,PTS,FG2M,FG2A,FG2_PCT,OUTCOME,DEFICIT_FGM,DEFICIT_FGA,DEFICIT_FG3M,DEFICIT_FG3A,DEFICIT_FTM,DEFICIT_FTA,DEFICIT_OREB,DEFICIT_DREB,DEFICIT_REB,DEFICIT_AST,DEFICIT_STL,DEFICIT_BLK,DEFICIT_TO,DEFICIT_PF,DEFICIT_FG2M,DEFICIT_FG2A
0,Heat,8,18,0.444,6,9,0.667,8,42,50,24,4,1,12,16,106,38,64,0.59375,1,0.589743589744,0.482352941176,0.533333333333,0.367346938776,0.352941176471,0.391304347826,0.380952380952,0.608695652174,0.555555555556,0.521739130435,0.4,0.25,0.571428571429,0.592592592593,0.603174603175,0.528925619835
1,Mavericks,7,31,0.226,11,14,0.786,13,27,40,22,6,3,9,11,82,25,57,0.438596491228,0,0.410256410256,0.517647058824,0.466666666667,0.632653061224,0.647058823529,0.608695652174,0.619047619048,0.391304347826,0.444444444444,0.478260869565,0.6,0.75,0.428571428571,0.407407407407,0.396825396825,0.471074380165
