,TEAM_NAME,FG3M,FG3A,FG3_PCT,FTM,FTA,FT_PCT,OREB,DREB,REB,AST,STL,BLK,TO,PF,PTS,FG2M,FG2A,FG2_PCT,OUTCOME,DEFICIT_FGM,DEFICIT_FGA,DEFICIT_FG3M,DEFICIT_FG3A,DEFICIT_FTM,DEFICIT_FTA,DEFICIT_OREB,DEFICIT_DREB,DEFICIT_REB,DEFICIT_AST,DEFICIT_STL,DEFICIT_BLK,DEFICIT_TO,DEFICIT_PF,DEFICIT_FG2M,DEFICIT_FG2A
0,Nuggets,11,28,0.393,15,16,0.938,10,39,49,28,7,10,15,19,110,31,56,0.553571428571,1,0.552631578947,0.515337423313,0.578947368421,0.518518518519,0.576923076923,0.484848484848,0.769230769231,0.6,0.628205128205,0.528301886792,0.466666666667,0.769230769231,0.6,0.513513513514,0.543859649123,0.51376146789
1,Mavericks,8,26,0.308,11,17,0.647,3,26,29,25,8,3,10,18,87,26,53,0.490566037736,0,0.447368421053,0.484662576687,0.421052631579,0.481481481481,0.423076923077,0.515151515152,0.230769230769,0.4,0.371794871795,0.471698113208,0.533333333333,0.230769230769,0.4,0.486486486486,0.456140350877,0.48623853211
