,TEAM_NAME,FG3M,FG3A,FG3_PCT,FTM,FTA,FT_PCT,OREB,DREB,REB,AST,STL,BLK,TO,PF,PTS,FG2M,FG2A,FG2_PCT,OUTCOME,DEFICIT_FGM,DEFICIT_FGA,DEFICIT_FG3M,DEFICIT_FG3A,DEFICIT_FTM,DEFICIT_FTA,DEFICIT_OREB,DEFICIT_DREB,DEFICIT_REB,DEFICIT_AST,DEFICIT_STL,DEFICIT_BLK,DEFICIT_TO,DEFICIT_PF,DEFICIT_FG2M,DEFICIT_FG2A
0,Kings,10,23,0.435,36,43,0.837,4,27,31,20,3,4,10,28,126,30,49,0.612244897959,1,0.47619047619,0.455696202532,0.714285714286,0.450980392157,0.553846153846,0.518072289157,0.210526315789,0.509433962264,0.430555555556,0.4,0.375,0.5,0.555555555556,0.474576271186,0.428571428571,0.457943925234
1,Trail Blazers,4,28,0.143,29,40,0.725,15,26,41,30,5,4,8,31,121,40,58,0.689655172414,0,0.52380952381,0.544303797468,0.285714285714,0.549019607843,0.446153846154,0.481927710843,0.789473684211,0.490566037736,0.569444444444,0.6,0.625,0.5,0.444444444444,0.525423728814,0.571428571429,0.542056074766
