,TEAM_NAME,FG3M,FG3A,FG3_PCT,FTM,FTA,FT_PCT,OREB,DREB,REB,AST,STL,BLK,TO,PF,PTS,FG2M,FG2A,FG2_PCT,OUTCOME,DEFICIT_FGM,DEFICIT_FGA,DEFICIT_FG3M,DEFICIT_FG3A,DEFICIT_FTM,DEFICIT_FTA,DEFICIT_OREB,DEFICIT_DREB,DEFICIT_REB,DEFICIT_AST,DEFICIT_STL,DEFICIT_BLK,DEFICIT_TO,DEFICIT_PF,DEFICIT_FG2M,DEFICIT_FG2A
0,76ers,11,33,0.333,16,21,0.762,6,37,43,18,6,8,13,20,93,22,49,0.448979591837,0,0.452054794521,0.468571428571,0.52380952381,0.66,0.470588235294,0.446808510638,0.272727272727,0.480519480519,0.434343434343,0.391304347826,0.75,0.727272727273,0.541666666667,0.555555555556,0.423076923077,0.392
1,Pelicans,10,17,0.588,18,26,0.692,16,40,56,28,2,3,11,16,108,30,76,0.394736842105,1,0.547945205479,0.531428571429,0.47619047619,0.34,0.529411764706,0.553191489362,0.727272727273,0.519480519481,0.565656565657,0.608695652174,0.25,0.272727272727,0.458333333333,0.444444444444,0.576923076923,0.608
