,TEAM_NAME,FG3M,FG3A,FG3_PCT,FTM,FTA,FT_PCT,OREB,DREB,REB,AST,STL,BLK,TO,PF,PTS,FG2M,FG2A,FG2_PCT,OUTCOME,DEFICIT_FGM,DEFICIT_FGA,DEFICIT_FG3M,DEFICIT_FG3A,DEFICIT_FTM,DEFICIT_FTA,DEFICIT_OREB,DEFICIT_DREB,DEFICIT_REB,DEFICIT_AST,DEFICIT_STL,DEFICIT_BLK,DEFICIT_TO,DEFICIT_PF,DEFICIT_FG2M,DEFICIT_FG2A
0,Bucks,7,27,0.259,21,29,0.724,11,40,51,22,6,6,14,21,108,33,60,0.55,0,0.519480519481,0.488764044944,0.291666666667,0.402985074627,0.477272727273,0.517857142857,0.55,0.540540540541,0.542553191489,0.536585365854,0.545454545455,0.75,0.583333333333,0.5,0.622641509434,0.540540540541
1,Cavaliers,17,40,0.425,23,27,0.852,9,34,43,19,5,2,10,21,114,20,51,0.392156862745,1,0.480519480519,0.511235955056,0.708333333333,0.597014925373,0.522727272727,0.482142857143,0.45,0.459459459459,0.457446808511,0.463414634146,0.454545454545,0.25,0.416666666667,0.5,0.377358490566,0.459459459459
