,TEAM_NAME,FG3M,FG3A,FG3_PCT,FTM,FTA,FT_PCT,OREB,DREB,REB,AST,STL,BLK,TO,PF,PTS,FG2M,FG2A,FG2_PCT,OUTCOME,DEFICIT_FGM,DEFICIT_FGA,DEFICIT_FG3M,DEFICIT_FG3A,DEFICIT_FTM,DEFICIT_FTA,DEFICIT_OREB,DEFICIT_DREB,DEFICIT_REB,DEFICIT_AST,DEFICIT_STL,DEFICIT_BLK,DEFICIT_TO,DEFICIT_PF,DEFICIT_FG2M,DEFICIT_FG2A
0,Knicks,4,18,0.222,14,17,0.824,8,29,37,22,4,6,17,18,82,28,58,0.48275862069,0,0.438356164384,0.490322580645,0.363636363636,0.6,0.5,0.472222222222,0.470588235294,0.491525423729,0.486842105263,0.5,0.5,0.75,0.62962962963,0.486486486486,0.451612903226,0.464
1,Grizzlies,7,12,0.583,14,19,0.737,9,30,39,22,4,2,10,19,103,34,67,0.507462686567,1,0.561643835616,0.509677419355,0.636363636364,0.4,0.5,0.527777777778,0.529411764706,0.508474576271,0.513157894737,0.5,0.5,0.25,0.37037037037,0.513513513514,0.548387096774,0.536
