,TEAM_NAME,FG3M,FG3A,FG3_PCT,FTM,FTA,FT_PCT,OREB,DREB,REB,AST,STL,BLK,TO,PF,PTS,FG2M,FG2A,FG2_PCT,OUTCOME,DEFICIT_FGM,DEFICIT_FGA,DEFICIT_FG3M,DEFICIT_FG3A,DEFICIT_FTM,DEFICIT_FTA,DEFICIT_OREB,DEFICIT_DREB,DEFICIT_REB,DEFICIT_AST,DEFICIT_STL,DEFICIT_BLK,DEFICIT_TO,DEFICIT_PF,DEFICIT_FG2M,DEFICIT_FG2A
0,Pistons,7,22,0.318,8,11,0.727,11,32,43,19,11,4,21,24,83,27,61,0.44262295082,0,0.5,0.515527950311,0.411764705882,0.511627906977,0.347826086957,0.379310344828,0.647058823529,0.507936507937,0.5375,0.463414634146,0.478260869565,0.5,0.512195121951,0.6,0.529411764706,0.516949152542
1,Nets,10,21,0.476,15,18,0.833,6,31,37,22,12,4,20,16,93,24,57,0.421052631579,1,0.5,0.484472049689,0.588235294118,0.488372093023,0.652173913043,0.620689655172,0.352941176471,0.492063492063,0.4625,0.536585365854,0.521739130435,0.5,0.487804878049,0.4,0.470588235294,0.483050847458
