,TEAM_NAME,FG3M,FG3A,FG3_PCT,FTM,FTA,FT_PCT,OREB,DREB,REB,AST,STL,BLK,TO,PF,PTS,FG2M,FG2A,FG2_PCT,OUTCOME,DEFICIT_FGM,DEFICIT_FGA,DEFICIT_FG3M,DEFICIT_FG3A,DEFICIT_FTM,DEFICIT_FTA,DEFICIT_OREB,DEFICIT_DREB,DEFICIT_REB,DEFICIT_AST,DEFICIT_STL,DEFICIT_BLK,DEFICIT_TO,DEFICIT_PF,DEFICIT_FG2M,DEFICIT_FG2A
0,Magic,11,27,0.407,5,8,0.625,11,39,50,20,6,4,13,23,92,27,61,0.4426229508196721,0,0.5352112676056338,0.5238095238095238,0.6111111111111112,0.48214285714285715,0.1724137931034483,0.2,0.6111111111111112,0.5,0.5208333333333334,0.5128205128205128,0.5454545454545454,0.3076923076923077,0.6190476190476191,0.6571428571428571,0.5094339622641509,0.5446428571428571
1,Pacers,7,29,0.241,24,32,0.75,7,39,46,19,5,9,8,12,97,26,51,0.5098039215686274,1,0.4647887323943662,0.47619047619047616,0.3888888888888889,0.5178571428571429,0.8275862068965517,0.8,0.3888888888888889,0.5,0.4791666666666667,0.48717948717948717,0.45454545454545453,0.6923076923076923,0.38095238095238093,0.34285714285714286,0.49056603773584906,0.45535714285714285
