,TEAM_NAME,FG3M,FG3A,FG3_PCT,FTM,FTA,FT_PCT,OREB,DREB,REB,AST,STL,BLK,TO,PF,PTS,FG2M,FG2A,FG2_PCT,OUTCOME,DEFICIT_FGM,DEFICIT_FGA,DEFICIT_FG3M,DEFICIT_FG3A,DEFICIT_FTM,DEFICIT_FTA,DEFICIT_OREB,DEFICIT_DREB,DEFICIT_REB,DEFICIT_AST,DEFICIT_STL,DEFICIT_BLK,DEFICIT_TO,DEFICIT_PF,DEFICIT_FG2M,DEFICIT_FG2A
0,Nuggets,8,26,0.308,26,35,0.743,9,33,42,24,14,1,12,29,112,31,57,0.543859649122807,1,0.5492957746478874,0.4715909090909091,0.47058823529411764,0.52,0.5531914893617021,0.546875,0.28125,0.4782608695652174,0.4158415841584158,0.5714285714285714,0.7777777777777778,0.3333333333333333,0.35294117647058826,0.5087719298245614,0.5740740740740741,0.4523809523809524
1,Bulls,9,24,0.375,21,29,0.724,23,36,59,18,4,2,22,28,94,23,69,0.3333333333333333,0,0.4507042253521127,0.5284090909090909,0.5294117647058824,0.48,0.44680851063829785,0.453125,0.71875,0.5217391304347826,0.5841584158415841,0.42857142857142855,0.2222222222222222,0.6666666666666666,0.6470588235294118,0.49122807017543857,0.42592592592592593,0.5476190476190477
