,TEAM_NAME,FG3M,FG3A,FG3_PCT,FTM,FTA,FT_PCT,OREB,DREB,REB,AST,STL,BLK,TO,PF,PTS,FG2M,FG2A,FG2_PCT,OUTCOME,DEFICIT_FGM,DEFICIT_FGA,DEFICIT_FG3M,DEFICIT_FG3A,DEFICIT_FTM,DEFICIT_FTA,DEFICIT_OREB,DEFICIT_DREB,DEFICIT_REB,DEFICIT_AST,DEFICIT_STL,DEFICIT_BLK,DEFICIT_TO,DEFICIT_PF,DEFICIT_FG2M,DEFICIT_FG2A
0,Thunder,10,22,0.455,27,32,0.844,15,24,39,18,10,8,14,18,113,28,55,0.509090909091,1,0.481012658228,0.490445859873,0.5,0.578947368421,0.642857142857,0.615384615385,0.625,0.5,0.541666666667,0.375,0.47619047619,0.888888888889,0.538461538462,0.45,0.474576271186,0.46218487395
1,Grizzlies,10,16,0.625,15,20,0.75,9,24,33,30,11,1,12,22,107,31,64,0.484375,0,0.518987341772,0.509554140127,0.5,0.421052631579,0.357142857143,0.384615384615,0.375,0.5,0.458333333333,0.625,0.52380952381,0.111111111111,0.461538461538,0.55,0.525423728814,0.53781512605
