,TEAM_NAME,FG3M,FG3A,FG3_PCT,FTM,FTA,FT_PCT,OREB,DREB,REB,AST,STL,BLK,TO,PF,PTS,FG2M,FG2A,FG2_PCT,OUTCOME,DEFICIT_FGM,DEFICIT_FGA,DEFICIT_FG3M,DEFICIT_FG3A,DEFICIT_FTM,DEFICIT_FTA,DEFICIT_OREB,DEFICIT_DREB,DEFICIT_REB,DEFICIT_AST,DEFICIT_STL,DEFICIT_BLK,DEFICIT_TO,DEFICIT_PF,DEFICIT_FG2M,DEFICIT_FG2A
0,Spurs,12,22,0.545,22,25,0.88,8,34,42,19,6,4,13,23,116,29,58,0.5,1,0.554054054054,0.522875816993,0.8,0.594594594595,0.511627906977,0.480769230769,0.615384615385,0.523076923077,0.538461538462,0.527777777778,0.461538461538,0.666666666667,0.464285714286,0.5,0.491525423729,0.5
1,Mavericks,3,15,0.2,21,27,0.778,5,31,36,17,7,2,15,23,90,30,58,0.51724137931,0,0.445945945946,0.477124183007,0.2,0.405405405405,0.488372093023,0.519230769231,0.384615384615,0.476923076923,0.461538461538,0.472222222222,0.538461538462,0.333333333333,0.535714285714,0.5,0.508474576271,0.5
