,TEAM_NAME,FG3M,FG3A,FG3_PCT,FTM,FTA,FT_PCT,OREB,DREB,REB,AST,STL,BLK,TO,PF,PTS,FG2M,FG2A,FG2_PCT,OUTCOME,DEFICIT_FGM,DEFICIT_FGA,DEFICIT_FG3M,DEFICIT_FG3A,DEFICIT_FTM,DEFICIT_FTA,DEFICIT_OREB,DEFICIT_DREB,DEFICIT_REB,DEFICIT_AST,DEFICIT_STL,DEFICIT_BLK,DEFICIT_TO,DEFICIT_PF,DEFICIT_FG2M,DEFICIT_FG2A
0,Magic,4,14,0.286,15,23,0.652,12,37,49,26,10,2,13,19,109,41,71,0.577464788732,1,0.535714285714,0.472222222222,0.444444444444,0.4375,0.625,0.560975609756,0.387096774194,0.560606060606,0.505154639175,0.619047619048,0.625,0.285714285714,0.464285714286,0.463414634146,0.546666666667,0.47972972973
1,Pistons,5,18,0.278,9,18,0.5,19,29,48,16,6,5,15,22,92,34,77,0.441558441558,0,0.464285714286,0.527777777778,0.555555555556,0.5625,0.375,0.439024390244,0.612903225806,0.439393939394,0.494845360825,0.380952380952,0.375,0.714285714286,0.535714285714,0.536585365854,0.453333333333,0.52027027027
