,TEAM_NAME,FG3M,FG3A,FG3_PCT,FTM,FTA,FT_PCT,OREB,DREB,REB,AST,STL,BLK,TO,PF,PTS,FG2M,FG2A,FG2_PCT,OUTCOME,DEFICIT_FGM,DEFICIT_FGA,DEFICIT_FG3M,DEFICIT_FG3A,DEFICIT_FTM,DEFICIT_FTA,DEFICIT_OREB,DEFICIT_DREB,DEFICIT_REB,DEFICIT_AST,DEFICIT_STL,DEFICIT_BLK,DEFICIT_TO,DEFICIT_PF,DEFICIT_FG2M,DEFICIT_FG2A
0,Suns,4,23,0.174,18,23,0.783,16,25,41,12,9,4,17,22,86,28,66,0.424242424242,0,0.415584415584,0.511494252874,0.333333333333,0.53488372093,0.514285714286,0.489361702128,0.516129032258,0.378787878788,0.422680412371,0.272727272727,0.5,0.5,0.447368421053,0.468085106383,0.430769230769,0.503816793893
1,Warriors,8,20,0.4,17,24,0.708,15,41,56,32,9,4,21,25,115,37,65,0.569230769231,1,0.584415584416,0.488505747126,0.666666666667,0.46511627907,0.485714285714,0.510638297872,0.483870967742,0.621212121212,0.577319587629,0.727272727273,0.5,0.5,0.552631578947,0.531914893617,0.569230769231,0.496183206107
