,TEAM_NAME,FG3M,FG3A,FG3_PCT,FTM,FTA,FT_PCT,OREB,DREB,REB,AST,STL,BLK,TO,PF,PTS,FG2M,FG2A,FG2_PCT,OUTCOME,DEFICIT_FGM,DEFICIT_FGA,DEFICIT_FG3M,DEFICIT_FG3A,DEFICIT_FTM,DEFICIT_FTA,DEFICIT_OREB,DEFICIT_DREB,DEFICIT_REB,DEFICIT_AST,DEFICIT_STL,DEFICIT_BLK,DEFICIT_TO,DEFICIT_PF,DEFICIT_FG2M,DEFICIT_FG2A
0,Pelicans,9,19,0.474,10,13,0.769,14,33,47,22,5,8,16,21,101,32,68,0.470588235294,0,0.506172839506,0.497142857143,0.5625,0.5,0.4,0.382352941176,0.608695652174,0.507692307692,0.534090909091,0.468085106383,0.384615384615,0.571428571429,0.615384615385,0.6,0.492307692308,0.496350364964
1,Warriors,7,19,0.368,15,21,0.714,9,32,41,25,8,6,10,14,102,33,69,0.478260869565,1,0.493827160494,0.502857142857,0.4375,0.5,0.6,0.617647058824,0.391304347826,0.492307692308,0.465909090909,0.531914893617,0.615384615385,0.428571428571,0.384615384615,0.4,0.507692307692,0.503649635036
