,TEAM_NAME,FG3M,FG3A,FG3_PCT,FTM,FTA,FT_PCT,OREB,DREB,REB,AST,STL,BLK,TO,PF,PTS,FG2M,FG2A,FG2_PCT,OUTCOME,DEFICIT_FGM,DEFICIT_FGA,DEFICIT_FG3M,DEFICIT_FG3A,DEFICIT_FTM,DEFICIT_FTA,DEFICIT_OREB,DEFICIT_DREB,DEFICIT_REB,DEFICIT_AST,DEFICIT_STL,DEFICIT_BLK,DEFICIT_TO,DEFICIT_PF,DEFICIT_FG2M,DEFICIT_FG2A
0,76ers,6,27,0.222,8,13,0.615,11,39,50,21,4,4,15,20,88,31,65,0.476923076923,0,0.46835443038,0.502732240437,0.6,0.5625,0.32,0.342105263158,0.478260869565,0.52,0.510204081633,0.42,0.307692307692,0.363636363636,0.625,0.571428571429,0.449275362319,0.481481481481
1,Bobcats,4,21,0.19,17,25,0.68,12,36,48,29,9,7,9,15,105,38,70,0.542857142857,1,0.53164556962,0.497267759563,0.4,0.4375,0.68,0.657894736842,0.521739130435,0.48,0.489795918367,0.58,0.692307692308,0.636363636364,0.375,0.428571428571,0.550724637681,0.518518518519
