,TEAM_NAME,FG3M,FG3A,FG3_PCT,FTM,FTA,FT_PCT,OREB,DREB,REB,AST,STL,BLK,TO,PF,PTS,FG2M,FG2A,FG2_PCT,OUTCOME,DEFICIT_FGM,DEFICIT_FGA,DEFICIT_FG3M,DEFICIT_FG3A,DEFICIT_FTM,DEFICIT_FTA,DEFICIT_OREB,DEFICIT_DREB,DEFICIT_REB,DEFICIT_AST,DEFICIT_STL,DEFICIT_BLK,DEFICIT_TO,DEFICIT_PF,DEFICIT_FG2M,DEFICIT_FG2A
0,Jazz,4,11,0.364,16,19,0.842,18,21,39,17,17,3,16,22,98,35,82,0.426829268293,0,0.458823529412,0.528409090909,0.190476190476,0.323529411765,0.432432432432,0.441860465116,0.514285714286,0.388888888889,0.438202247191,0.395348837209,0.653846153846,0.375,0.432432432432,0.564102564103,0.546875,0.577464788732
1,Trail Blazers,17,23,0.739,21,24,0.875,17,33,50,26,9,5,21,17,130,29,60,0.483333333333,1,0.541176470588,0.471590909091,0.809523809524,0.676470588235,0.567567567568,0.558139534884,0.485714285714,0.611111111111,0.561797752809,0.604651162791,0.346153846154,0.625,0.567567567568,0.435897435897,0.453125,0.422535211268
