,TEAM_NAME,FG3M,FG3A,FG3_PCT,FTM,FTA,FT_PCT,OREB,DREB,REB,AST,STL,BLK,TO,PF,PTS,FG2M,FG2A,FG2_PCT,OUTCOME,DEFICIT_FGM,DEFICIT_FGA,DEFICIT_FG3M,DEFICIT_FG3A,DEFICIT_FTM,DEFICIT_FTA,DEFICIT_OREB,DEFICIT_DREB,DEFICIT_REB,DEFICIT_AST,DEFICIT_STL,DEFICIT_BLK,DEFICIT_TO,DEFICIT_PF,DEFICIT_FG2M,DEFICIT_FG2A
0,Rockets,6,28,0.214,25,39,0.641,14,38,52,15,14,9,15,21,105,31,55,0.563636363636,1,0.578125,0.522012578616,0.75,0.636363636364,0.480769230769,0.534246575342,0.583333333333,0.535211267606,0.547368421053,0.6,0.608695652174,0.75,0.405405405405,0.4375,0.553571428571,0.478260869565
1,Warriors,2,16,0.125,27,34,0.794,10,33,43,10,9,3,22,27,83,25,60,0.416666666667,0,0.421875,0.477987421384,0.25,0.363636363636,0.519230769231,0.465753424658,0.416666666667,0.464788732394,0.452631578947,0.4,0.391304347826,0.25,0.594594594595,0.5625,0.446428571429,0.521739130435
