,TEAM_NAME,FG3M,FG3A,FG3_PCT,FTM,FTA,FT_PCT,OREB,DREB,REB,AST,STL,BLK,TO,PF,PTS,FG2M,FG2A,FG2_PCT,OUTCOME,DEFICIT_FGM,DEFICIT_FGA,DEFICIT_FG3M,DEFICIT_FG3A,DEFICIT_FTM,DEFICIT_FTA,DEFICIT_OREB,DEFICIT_DREB,DEFICIT_REB,DEFICIT_AST,DEFICIT_STL,DEFICIT_BLK,DEFICIT_TO,DEFICIT_PF,DEFICIT_FG2M,DEFICIT_FG2A
0,Raptors,5,19,0.263,22,25,0.88,11,25,36,15,7,5,8,26,97,30,68,0.441176470588,0,0.486111111111,0.514792899408,0.357142857143,0.452380952381,0.488888888889,0.438596491228,0.379310344828,0.416666666667,0.404494382022,0.483870967742,0.636363636364,0.555555555556,0.333333333333,0.490566037736,0.51724137931,0.535433070866
1,Suns,9,23,0.391,23,32,0.719,18,35,53,16,4,4,16,27,106,28,59,0.474576271186,1,0.513888888889,0.485207100592,0.642857142857,0.547619047619,0.511111111111,0.561403508772,0.620689655172,0.583333333333,0.595505617978,0.516129032258,0.363636363636,0.444444444444,0.666666666667,0.509433962264,0.48275862069,0.464566929134
