,TEAM_NAME,FG3M,FG3A,FG3_PCT,FTM,FTA,FT_PCT,OREB,DREB,REB,AST,STL,BLK,TO,PF,PTS,FG2M,FG2A,FG2_PCT,OUTCOME,DEFICIT_FGM,DEFICIT_FGA,DEFICIT_FG3M,DEFICIT_FG3A,DEFICIT_FTM,DEFICIT_FTA,DEFICIT_OREB,DEFICIT_DREB,DEFICIT_REB,DEFICIT_AST,DEFICIT_STL,DEFICIT_BLK,DEFICIT_TO,DEFICIT_PF,DEFICIT_FG2M,DEFICIT_FG2A
0,Mavericks,6,18,0.333,22,25,0.88,7,43,50,25,7,0,12,16,102,31,70,0.44285714285714284,0,0.47435897435897434,0.4888888888888889,0.4,0.4186046511627907,0.6470588235294118,0.5952380952380952,0.4666666666666667,0.4942528735632184,0.49019607843137253,0.5,0.4666666666666667,0.0,0.5,0.4444444444444444,0.49206349206349204,0.5109489051094891
1,Bulls,9,25,0.36,12,17,0.706,8,44,52,25,8,6,12,20,103,32,67,0.47761194029850745,1,0.5256410256410257,0.5111111111111111,0.6,0.5813953488372093,0.35294117647058826,0.40476190476190477,0.5333333333333333,0.5057471264367817,0.5098039215686274,0.5,0.5333333333333333,1.0,0.5,0.5555555555555556,0.5079365079365079,0.48905109489051096
