,TEAM_NAME,FG3M,FG3A,FG3_PCT,FTM,FTA,FT_PCT,OREB,DREB,REB,AST,STL,BLK,TO,PF,PTS,FG2M,FG2A,FG2_PCT,OUTCOME,DEFICIT_FGM,DEFICIT_FGA,DEFICIT_FG3M,DEFICIT_FG3A,DEFICIT_FTM,DEFICIT_FTA,DEFICIT_OREB,DEFICIT_DREB,DEFICIT_REB,DEFICIT_AST,DEFICIT_STL,DEFICIT_BLK,DEFICIT_TO,DEFICIT_PF,DEFICIT_FG2M,DEFICIT_FG2A
0,Pelicans,10,33,0.303,23,28,0.821,6,37,43,22,2,3,11,23,113,30,52,0.576923076923,0,0.512820512821,0.508982035928,0.4,0.485294117647,0.425925925926,0.424242424242,0.6,0.486842105263,0.5,0.511627906977,0.25,0.5,0.6875,0.560975609756,0.566037735849,0.525252525253
1,Hornets,15,35,0.429,31,38,0.816,4,39,43,21,6,3,5,18,122,23,47,0.489361702128,1,0.487179487179,0.491017964072,0.6,0.514705882353,0.574074074074,0.575757575758,0.4,0.513157894737,0.5,0.488372093023,0.75,0.5,0.3125,0.439024390244,0.433962264151,0.474747474747
