,TEAM_NAME,FG3M,FG3A,FG3_PCT,FTM,FTA,FT_PCT,OREB,DREB,REB,AST,STL,BLK,TO,PF,PTS,FG2M,FG2A,FG2_PCT,OUTCOME,DEFICIT_FGM,DEFICIT_FGA,DEFICIT_FG3M,DEFICIT_FG3A,DEFICIT_FTM,DEFICIT_FTA,DEFICIT_OREB,DEFICIT_DREB,DEFICIT_REB,DEFICIT_AST,DEFICIT_STL,DEFICIT_BLK,DEFICIT_TO,DEFICIT_PF,DEFICIT_FG2M,DEFICIT_FG2A
0,Suns,9,29,0.31,10,15,0.667,10,28,38,16,6,0,11,21,97,30,60,0.5,0,0.458823529412,0.520467836257,0.36,0.547169811321,0.333333333333,0.384615384615,0.588235294118,0.4375,0.469135802469,0.340425531915,0.428571428571,0.0,0.52380952381,0.538461538462,0.5,0.508474576271
1,Knicks,16,24,0.667,20,24,0.833,7,36,43,31,8,9,10,18,128,30,58,0.51724137931,1,0.541176470588,0.479532163743,0.64,0.452830188679,0.666666666667,0.615384615385,0.411764705882,0.5625,0.530864197531,0.659574468085,0.571428571429,1.0,0.47619047619,0.461538461538,0.5,0.491525423729
