,TEAM_NAME,FG3M,FG3A,FG3_PCT,FTM,FTA,FT_PCT,OREB,DREB,REB,AST,STL,BLK,TO,PF,PTS,FG2M,FG2A,FG2_PCT,OUTCOME,DEFICIT_FGM,DEFICIT_FGA,DEFICIT_FG3M,DEFICIT_FG3A,DEFICIT_FTM,DEFICIT_FTA,DEFICIT_OREB,DEFICIT_DREB,DEFICIT_REB,DEFICIT_AST,DEFICIT_STL,DEFICIT_BLK,DEFICIT_TO,DEFICIT_PF,DEFICIT_FG2M,DEFICIT_FG2A
0,Pistons,9,27,0.333,17,30,0.567,15,36,51,19,7,3,11,14,102,29,58,0.5,1,0.493506493506,0.497076023392,0.5,0.473684210526,0.653846153846,0.731707317073,0.681818181818,0.521739130435,0.56043956044,0.431818181818,0.538461538462,0.6,0.578947368421,0.424242424242,0.491525423729,0.508771929825
1,Mavericks,9,30,0.3,9,11,0.818,7,33,40,25,6,2,8,19,96,30,56,0.535714285714,0,0.506493506494,0.502923976608,0.5,0.526315789474,0.346153846154,0.268292682927,0.318181818182,0.478260869565,0.43956043956,0.568181818182,0.461538461538,0.4,0.421052631579,0.575757575758,0.508474576271,0.491228070175
