,TEAM_NAME,FG3M,FG3A,FG3_PCT,FTM,FTA,FT_PCT,OREB,DREB,REB,AST,STL,BLK,TO,PF,PTS,FG2M,FG2A,FG2_PCT,OUTCOME,DEFICIT_FGM,DEFICIT_FGA,DEFICIT_FG3M,DEFICIT_FG3A,DEFICIT_FTM,DEFICIT_FTA,DEFICIT_OREB,DEFICIT_DREB,DEFICIT_REB,DEFICIT_AST,DEFICIT_STL,DEFICIT_BLK,DEFICIT_TO,DEFICIT_PF,DEFICIT_FG2M,DEFICIT_FG2A
0,Raptors,8,20,0.4,19,25,0.76,15,39,54,19,9,3,16,20,101,29,68,0.426470588235,1,0.521126760563,0.530120481928,0.470588235294,0.47619047619,0.655172413793,0.510204081633,0.625,0.565217391304,0.58064516129,0.558823529412,0.529411764706,0.5,0.5,0.540540540541,0.537037037037,0.548387096774
1,Pistons,9,22,0.409,10,24,0.417,9,30,39,15,8,3,16,17,87,25,56,0.446428571429,0,0.478873239437,0.469879518072,0.529411764706,0.52380952381,0.344827586207,0.489795918367,0.375,0.434782608696,0.41935483871,0.441176470588,0.470588235294,0.5,0.5,0.459459459459,0.462962962963,0.451612903226
