,TEAM_NAME,FG3M,FG3A,FG3_PCT,FTM,FTA,FT_PCT,OREB,DREB,REB,AST,STL,BLK,TO,PF,PTS,FG2M,FG2A,FG2_PCT,OUTCOME,DEFICIT_FGM,DEFICIT_FGA,DEFICIT_FG3M,DEFICIT_FG3A,DEFICIT_FTM,DEFICIT_FTA,DEFICIT_OREB,DEFICIT_DREB,DEFICIT_REB,DEFICIT_AST,DEFICIT_STL,DEFICIT_BLK,DEFICIT_TO,DEFICIT_PF,DEFICIT_FG2M,DEFICIT_FG2A
0,Heat,9,27,0.333,20,26,0.769,3,30,33,18,6,3,17,16,95,24,41,0.585365853659,0,0.492537313433,0.465753424658,0.428571428571,0.482142857143,0.555555555556,0.577777777778,0.25,0.51724137931,0.471428571429,0.486486486486,0.352941176471,0.3,0.53125,0.421052631579,0.521739130435,0.455555555556
1,Nets,12,29,0.414,16,19,0.842,9,28,37,19,11,7,15,22,96,22,49,0.448979591837,1,0.507462686567,0.534246575342,0.571428571429,0.517857142857,0.444444444444,0.422222222222,0.75,0.48275862069,0.528571428571,0.513513513514,0.647058823529,0.7,0.46875,0.578947368421,0.478260869565,0.544444444444
