,TEAM_NAME,FG3M,FG3A,FG3_PCT,FTM,FTA,FT_PCT,OREB,DREB,REB,AST,STL,BLK,TO,PF,PTS,FG2M,FG2A,FG2_PCT,OUTCOME,DEFICIT_FGM,DEFICIT_FGA,DEFICIT_FG3M,DEFICIT_FG3A,DEFICIT_FTM,DEFICIT_FTA,DEFICIT_OREB,DEFICIT_DREB,DEFICIT_REB,DEFICIT_AST,DEFICIT_STL,DEFICIT_BLK,DEFICIT_TO,DEFICIT_PF,DEFICIT_FG2M,DEFICIT_FG2A
0,Celtics,10,25,0.4,19,26,0.731,12,27,39,26,9,3,23,26,111,31,55,0.5636363636363636,1,0.5324675324675324,0.5063291139240507,0.45454545454545453,0.46296296296296297,0.475,0.4642857142857143,0.5217391304347826,0.5094339622641509,0.5131578947368421,0.5416666666666666,0.45,0.6,0.5111111111111111,0.49056603773584906,0.5636363636363636,0.5288461538461539
1,Nets,12,29,0.414,21,30,0.7,11,26,37,22,11,2,22,27,105,24,49,0.4897959183673469,0,0.4675324675324675,0.4936708860759494,0.5454545454545454,0.5370370370370371,0.525,0.5357142857142857,0.4782608695652174,0.49056603773584906,0.4868421052631579,0.4583333333333333,0.55,0.4,0.4888888888888889,0.5094339622641509,0.43636363636363634,0.47115384615384615
