,TEAM_NAME,FG3M,FG3A,FG3_PCT,FTM,FTA,FT_PCT,OREB,DREB,REB,AST,STL,BLK,TO,PF,PTS,FG2M,FG2A,FG2_PCT,OUTCOME,DEFICIT_FGM,DEFICIT_FGA,DEFICIT_FG3M,DEFICIT_FG3A,DEFICIT_FTM,DEFICIT_FTA,DEFICIT_OREB,DEFICIT_DREB,DEFICIT_REB,DEFICIT_AST,DEFICIT_STL,DEFICIT_BLK,DEFICIT_TO,DEFICIT_PF,DEFICIT_FG2M,DEFICIT_FG2A
0,Pelicans,8,25,0.32,18,24,0.75,12,31,43,18,10,2,17,22,100,29,65,0.4461538461538462,0,0.4567901234567901,0.5027932960893855,0.4,0.4032258064516129,0.47368421052631576,0.4528301886792453,0.48,0.4696969696969697,0.4725274725274725,0.45,0.5263157894736842,0.2222222222222222,0.5151515151515151,0.4888888888888889,0.47540983606557374,0.5555555555555556
1,Rockets,12,37,0.324,20,29,0.69,13,35,48,22,9,7,16,23,120,32,52,0.6153846153846154,1,0.5432098765432098,0.4972067039106145,0.6,0.5967741935483871,0.5263157894736842,0.5471698113207547,0.52,0.5303030303030303,0.5274725274725275,0.55,0.47368421052631576,0.7777777777777778,0.48484848484848486,0.5111111111111111,0.5245901639344263,0.4444444444444444
