,TEAM_NAME,FG3M,FG3A,FG3_PCT,FTM,FTA,FT_PCT,OREB,DREB,REB,AST,STL,BLK,TO,PF,PTS,FG2M,FG2A,FG2_PCT,OUTCOME,DEFICIT_FGM,DEFICIT_FGA,DEFICIT_FG3M,DEFICIT_FG3A,DEFICIT_FTM,DEFICIT_FTA,DEFICIT_OREB,DEFICIT_DREB,DEFICIT_REB,DEFICIT_AST,DEFICIT_STL,DEFICIT_BLK,DEFICIT_TO,DEFICIT_PF,DEFICIT_FG2M,DEFICIT_FG2A
0,Mavericks,7,28,0.25,24,27,0.889,7,38,45,24,4,5,18,29,97,26,48,0.541666666667,0,0.485294117647,0.457831325301,0.333333333333,0.451612903226,0.558139534884,0.551020408163,0.333333333333,0.506666666667,0.46875,0.521739130435,0.307692307692,0.625,0.620689655172,0.56862745098,0.553191489362,0.461538461538
1,Cavaliers,14,34,0.412,19,22,0.864,14,37,51,22,9,3,11,22,103,21,56,0.375,1,0.514705882353,0.542168674699,0.666666666667,0.548387096774,0.441860465116,0.448979591837,0.666666666667,0.493333333333,0.53125,0.478260869565,0.692307692308,0.375,0.379310344828,0.43137254902,0.446808510638,0.538461538462
