,TEAM_NAME,FG3M,FG3A,FG3_PCT,FTM,FTA,FT_PCT,OREB,DREB,REB,AST,STL,BLK,TO,PF,PTS,FG2M,FG2A,FG2_PCT,OUTCOME,DEFICIT_FGM,DEFICIT_FGA,DEFICIT_FG3M,DEFICIT_FG3A,DEFICIT_FTM,DEFICIT_FTA,DEFICIT_OREB,DEFICIT_DREB,DEFICIT_REB,DEFICIT_AST,DEFICIT_STL,DEFICIT_BLK,DEFICIT_TO,DEFICIT_PF,DEFICIT_FG2M,DEFICIT_FG2A
0,Pelicans,8,25,0.32,18,24,0.75,12,31,43,18,10,2,17,22,100,29,65,0.446153846154,0,0.456790123457,0.502793296089,0.4,0.403225806452,0.473684210526,0.452830188679,0.48,0.469696969697,0.472527472527,0.45,0.526315789474,0.222222222222,0.515151515152,0.488888888889,0.475409836066,0.555555555556
1,Rockets,12,37,0.324,20,29,0.69,13,35,48,22,9,7,16,23,120,32,52,0.615384615385,1,0.543209876543,0.497206703911,0.6,0.596774193548,0.526315789474,0.547169811321,0.52,0.530303030303,0.527472527473,0.55,0.473684210526,0.777777777778,0.484848484848,0.511111111111,0.524590163934,0.444444444444
