,TEAM_NAME,FG3M,FG3A,FG3_PCT,FTM,FTA,FT_PCT,OREB,DREB,REB,AST,STL,BLK,TO,PF,PTS,FG2M,FG2A,FG2_PCT,OUTCOME,DEFICIT_FGM,DEFICIT_FGA,DEFICIT_FG3M,DEFICIT_FG3A,DEFICIT_FTM,DEFICIT_FTA,DEFICIT_OREB,DEFICIT_DREB,DEFICIT_REB,DEFICIT_AST,DEFICIT_STL,DEFICIT_BLK,DEFICIT_TO,DEFICIT_PF,DEFICIT_FG2M,DEFICIT_FG2A
0,Celtics,10,25,0.4,19,26,0.731,12,27,39,26,9,3,23,26,111,31,55,0.563636363636,1,0.532467532468,0.506329113924,0.454545454545,0.462962962963,0.475,0.464285714286,0.521739130435,0.509433962264,0.513157894737,0.541666666667,0.45,0.6,0.511111111111,0.490566037736,0.563636363636,0.528846153846
1,Nets,12,29,0.414,21,30,0.7,11,26,37,22,11,2,22,27,105,24,49,0.489795918367,0,0.467532467532,0.493670886076,0.545454545455,0.537037037037,0.525,0.535714285714,0.478260869565,0.490566037736,0.486842105263,0.458333333333,0.55,0.4,0.488888888889,0.509433962264,0.436363636364,0.471153846154
