,TEAM_NAME,FG3M,FG3A,FG3_PCT,FTM,FTA,FT_PCT,OREB,DREB,REB,AST,STL,BLK,TO,PF,PTS,FG2M,FG2A,FG2_PCT,OUTCOME,DEFICIT_FGM,DEFICIT_FGA,DEFICIT_FG3M,DEFICIT_FG3A,DEFICIT_FTM,DEFICIT_FTA,DEFICIT_OREB,DEFICIT_DREB,DEFICIT_REB,DEFICIT_AST,DEFICIT_STL,DEFICIT_BLK,DEFICIT_TO,DEFICIT_PF,DEFICIT_FG2M,DEFICIT_FG2A
0,Spurs,11,24,0.458,16,19,0.842,3,32,35,21,8,3,11,20,105,28,50,0.56,1,0.52,0.474358974359,0.611111111111,0.545454545455,0.571428571429,0.513513513514,0.214285714286,0.516129032258,0.460526315789,0.525,0.666666666667,0.6,0.423076923077,0.5,0.491228070175,0.446428571429
1,Timberwolves,7,20,0.35,12,18,0.667,11,30,41,19,4,2,15,20,91,29,62,0.467741935484,0,0.48,0.525641025641,0.388888888889,0.454545454545,0.428571428571,0.486486486486,0.785714285714,0.483870967742,0.539473684211,0.475,0.333333333333,0.4,0.576923076923,0.5,0.508771929825,0.553571428571
