,TEAM_NAME,FG3M,FG3A,FG3_PCT,FTM,FTA,FT_PCT,OREB,DREB,REB,AST,STL,BLK,TO,PF,PTS,FG2M,FG2A,FG2_PCT,OUTCOME,DEFICIT_FGM,DEFICIT_FGA,DEFICIT_FG3M,DEFICIT_FG3A,DEFICIT_FTM,DEFICIT_FTA,DEFICIT_OREB,DEFICIT_DREB,DEFICIT_REB,DEFICIT_AST,DEFICIT_STL,DEFICIT_BLK,DEFICIT_TO,DEFICIT_PF,DEFICIT_FG2M,DEFICIT_FG2A
0,Pelicans,9,25,0.36,25,27,0.926,11,36,47,22,9,7,10,19,112,30,64,0.46875,1,0.493670886076,0.494444444444,0.6,0.581395348837,0.555555555556,0.519230769231,0.5,0.493150684932,0.494736842105,0.488888888889,0.692307692308,0.583333333333,0.47619047619,0.487179487179,0.46875,0.467153284672
1,Bucks,6,18,0.333,20,25,0.8,11,37,48,23,4,5,11,20,106,34,73,0.465753424658,0,0.506329113924,0.505555555556,0.4,0.418604651163,0.444444444444,0.480769230769,0.5,0.506849315068,0.505263157895,0.511111111111,0.307692307692,0.416666666667,0.52380952381,0.512820512821,0.53125,0.532846715328
