,TEAM_NAME,FG3M,FG3A,FG3_PCT,FTM,FTA,FT_PCT,OREB,DREB,REB,AST,STL,BLK,TO,PF,PTS,FG2M,FG2A,FG2_PCT,OUTCOME,DEFICIT_FGM,DEFICIT_FGA,DEFICIT_FG3M,DEFICIT_FG3A,DEFICIT_FTM,DEFICIT_FTA,DEFICIT_OREB,DEFICIT_DREB,DEFICIT_REB,DEFICIT_AST,DEFICIT_STL,DEFICIT_BLK,DEFICIT_TO,DEFICIT_PF,DEFICIT_FG2M,DEFICIT_FG2A
0,76ers,2,25,0.08,25,29,0.862,15,29,44,14,11,6,24,19,77,23,58,0.39655172413793105,0,0.3787878787878788,0.5220125786163522,0.2,0.5952380952380952,0.78125,0.725,0.6818181818181818,0.4461538461538462,0.5057471264367817,0.30434782608695654,0.44,0.6,0.5,0.4222222222222222,0.4107142857142857,0.49572649572649574
1,Bucks,8,17,0.471,7,11,0.636,7,36,43,32,14,4,24,26,97,33,59,0.559322033898305,1,0.6212121212121212,0.4779874213836478,0.8,0.40476190476190477,0.21875,0.275,0.3181818181818182,0.5538461538461539,0.4942528735632184,0.6956521739130435,0.56,0.4,0.5,0.5777777777777777,0.5892857142857143,0.5042735042735043
