,TEAM_NAME,FG3M,FG3A,FG3_PCT,FTM,FTA,FT_PCT,OREB,DREB,REB,AST,STL,BLK,TO,PF,PTS,FG2M,FG2A,FG2_PCT,OUTCOME,DEFICIT_FGM,DEFICIT_FGA,DEFICIT_FG3M,DEFICIT_FG3A,DEFICIT_FTM,DEFICIT_FTA,DEFICIT_OREB,DEFICIT_DREB,DEFICIT_REB,DEFICIT_AST,DEFICIT_STL,DEFICIT_BLK,DEFICIT_TO,DEFICIT_PF,DEFICIT_FG2M,DEFICIT_FG2A
0,Pistons,10,21,0.476,12,14,0.857,18,42,60,22,9,2,15,17,108,33,76,0.4342105263157895,1,0.5308641975308642,0.5271739130434783,0.625,0.4883720930232558,0.48,0.4375,0.6666666666666666,0.5526315789473685,0.5825242718446602,0.4782608695652174,0.5,0.3333333333333333,0.5172413793103449,0.53125,0.5076923076923077,0.5390070921985816
1,Mavericks,6,22,0.273,13,18,0.722,9,34,43,24,9,4,14,15,95,32,65,0.49230769230769234,0,0.4691358024691358,0.47282608695652173,0.375,0.5116279069767442,0.52,0.5625,0.3333333333333333,0.4473684210526316,0.4174757281553398,0.5217391304347826,0.5,0.6666666666666666,0.4827586206896552,0.46875,0.49230769230769234,0.46099290780141844
