,TEAM_NAME,FG3M,FG3A,FG3_PCT,FTM,FTA,FT_PCT,OREB,DREB,REB,AST,STL,BLK,TO,PF,PTS,FG2M,FG2A,FG2_PCT,OUTCOME,DEFICIT_FGM,DEFICIT_FGA,DEFICIT_FG3M,DEFICIT_FG3A,DEFICIT_FTM,DEFICIT_FTA,DEFICIT_OREB,DEFICIT_DREB,DEFICIT_REB,DEFICIT_AST,DEFICIT_STL,DEFICIT_BLK,DEFICIT_TO,DEFICIT_PF,DEFICIT_FG2M,DEFICIT_FG2A
0,Pistons,10,21,0.476,12,14,0.857,18,42,60,22,9,2,15,17,108,33,76,0.434210526316,1,0.530864197531,0.527173913043,0.625,0.488372093023,0.48,0.4375,0.666666666667,0.552631578947,0.582524271845,0.478260869565,0.5,0.333333333333,0.51724137931,0.53125,0.507692307692,0.539007092199
1,Mavericks,6,22,0.273,13,18,0.722,9,34,43,24,9,4,14,15,95,32,65,0.492307692308,0,0.469135802469,0.472826086957,0.375,0.511627906977,0.52,0.5625,0.333333333333,0.447368421053,0.417475728155,0.521739130435,0.5,0.666666666667,0.48275862069,0.46875,0.492307692308,0.460992907801
