,TEAM_NAME,FG3M,FG3A,FG3_PCT,FTM,FTA,FT_PCT,OREB,DREB,REB,AST,STL,BLK,TO,PF,PTS,FG2M,FG2A,FG2_PCT,OUTCOME,DEFICIT_FGM,DEFICIT_FGA,DEFICIT_FG3M,DEFICIT_FG3A,DEFICIT_FTM,DEFICIT_FTA,DEFICIT_OREB,DEFICIT_DREB,DEFICIT_REB,DEFICIT_AST,DEFICIT_STL,DEFICIT_BLK,DEFICIT_TO,DEFICIT_PF,DEFICIT_FG2M,DEFICIT_FG2A
0,Pacers,6,26,0.231,22,23,0.957,5,36,41,24,4,2,17,19,102,31,55,0.563636363636,0,0.451219512195,0.470930232558,0.333333333333,0.481481481481,0.594594594595,0.53488372093,0.333333333333,0.553846153846,0.5125,0.444444444444,0.266666666667,0.4,0.607142857143,0.452380952381,0.484375,0.466101694915
1,Warriors,12,28,0.429,15,20,0.75,10,29,39,30,11,3,11,23,117,33,63,0.52380952381,1,0.548780487805,0.529069767442,0.666666666667,0.518518518519,0.405405405405,0.46511627907,0.666666666667,0.446153846154,0.4875,0.555555555556,0.733333333333,0.6,0.392857142857,0.547619047619,0.515625,0.533898305085
