,TEAM_NAME,FG3M,FG3A,FG3_PCT,FTM,FTA,FT_PCT,OREB,DREB,REB,AST,STL,BLK,TO,PF,PTS,FG2M,FG2A,FG2_PCT,OUTCOME,DEFICIT_FGM,DEFICIT_FGA,DEFICIT_FG3M,DEFICIT_FG3A,DEFICIT_FTM,DEFICIT_FTA,DEFICIT_OREB,DEFICIT_DREB,DEFICIT_REB,DEFICIT_AST,DEFICIT_STL,DEFICIT_BLK,DEFICIT_TO,DEFICIT_PF,DEFICIT_FG2M,DEFICIT_FG2A
0,Kings,10,19,0.526,22,28,0.786,13,39,52,18,12,4,16,17,104,26,73,0.356164383562,1,0.553846153846,0.508287292818,0.526315789474,0.387755102041,0.578947368421,0.549019607843,0.464285714286,0.5,0.490566037736,0.529411764706,0.631578947368,0.235294117647,0.4,0.404761904762,0.565217391304,0.55303030303
1,Thunder,9,30,0.3,16,23,0.696,15,39,54,16,7,13,24,25,83,20,59,0.338983050847,0,0.446153846154,0.491712707182,0.473684210526,0.612244897959,0.421052631579,0.450980392157,0.535714285714,0.5,0.509433962264,0.470588235294,0.368421052632,0.764705882353,0.6,0.595238095238,0.434782608696,0.44696969697
