,TEAM_NAME,FG3M,FG3A,FG3_PCT,FTM,FTA,FT_PCT,OREB,DREB,REB,AST,STL,BLK,TO,PF,PTS,FG2M,FG2A,FG2_PCT,OUTCOME,DEFICIT_FGM,DEFICIT_FGA,DEFICIT_FG3M,DEFICIT_FG3A,DEFICIT_FTM,DEFICIT_FTA,DEFICIT_OREB,DEFICIT_DREB,DEFICIT_REB,DEFICIT_AST,DEFICIT_STL,DEFICIT_BLK,DEFICIT_TO,DEFICIT_PF,DEFICIT_FG2M,DEFICIT_FG2A
0,Celtics,5,18,0.278,14,17,0.824,11,30,41,22,8,2,6,26,89,30,70,0.428571428571,1,0.538461538462,0.543209876543,0.625,0.5625,0.4375,0.395348837209,0.5,0.434782608696,0.450549450549,0.55,0.727272727273,0.25,0.260869565217,0.590909090909,0.526315789474,0.538461538462
1,Nets,3,14,0.214,18,26,0.692,11,39,50,18,3,6,17,18,81,27,60,0.45,0,0.461538461538,0.456790123457,0.375,0.4375,0.5625,0.604651162791,0.5,0.565217391304,0.549450549451,0.45,0.272727272727,0.75,0.739130434783,0.409090909091,0.473684210526,0.461538461538
