,TEAM_NAME,FG3M,FG3A,FG3_PCT,FTM,FTA,FT_PCT,OREB,DREB,REB,AST,STL,BLK,TO,PF,PTS,FG2M,FG2A,FG2_PCT,OUTCOME,DEFICIT_FGM,DEFICIT_FGA,DEFICIT_FG3M,DEFICIT_FG3A,DEFICIT_FTM,DEFICIT_FTA,DEFICIT_OREB,DEFICIT_DREB,DEFICIT_REB,DEFICIT_AST,DEFICIT_STL,DEFICIT_BLK,DEFICIT_TO,DEFICIT_PF,DEFICIT_FG2M,DEFICIT_FG2A
0,Wizards,8,16,0.5,15,21,0.714,9,35,44,28,9,4,16,13,101,31,60,0.5166666666666667,1,0.5342465753424658,0.4810126582278481,0.42105263157894735,0.38095238095238093,0.5555555555555556,0.5675675675675675,0.47368421052631576,0.5303030303030303,0.5176470588235295,0.6086956521739131,0.45,1.0,0.5161290322580645,0.37142857142857144,0.5740740740740741,0.5172413793103449
1,Knicks,11,26,0.423,12,16,0.75,10,31,41,18,11,0,15,22,91,23,56,0.4107142857142857,0,0.4657534246575342,0.5189873417721519,0.5789473684210527,0.6190476190476191,0.4444444444444444,0.43243243243243246,0.5263157894736842,0.4696969696969697,0.4823529411764706,0.391304347826087,0.55,0.0,0.4838709677419355,0.6285714285714286,0.42592592592592593,0.4827586206896552
