,TEAM_NAME,FG3M,FG3A,FG3_PCT,FTM,FTA,FT_PCT,OREB,DREB,REB,AST,STL,BLK,TO,PF,PTS,FG2M,FG2A,FG2_PCT,OUTCOME,DEFICIT_FGM,DEFICIT_FGA,DEFICIT_FG3M,DEFICIT_FG3A,DEFICIT_FTM,DEFICIT_FTA,DEFICIT_OREB,DEFICIT_DREB,DEFICIT_REB,DEFICIT_AST,DEFICIT_STL,DEFICIT_BLK,DEFICIT_TO,DEFICIT_PF,DEFICIT_FG2M,DEFICIT_FG2A
0,Celtics,5,18,0.278,14,17,0.824,11,30,41,22,8,2,6,26,89,30,70,0.42857142857142855,1,0.5384615384615384,0.5432098765432098,0.625,0.5625,0.4375,0.3953488372093023,0.5,0.43478260869565216,0.45054945054945056,0.55,0.7272727272727273,0.25,0.2608695652173913,0.5909090909090909,0.5263157894736842,0.5384615384615384
1,Nets,3,14,0.214,18,26,0.692,11,39,50,18,3,6,17,18,81,27,60,0.45,0,0.46153846153846156,0.4567901234567901,0.375,0.4375,0.5625,0.6046511627906976,0.5,0.5652173913043478,0.5494505494505495,0.45,0.2727272727272727,0.75,0.7391304347826086,0.4090909090909091,0.47368421052631576,0.46153846153846156
