,TEAM_NAME,FG3M,FG3A,FG3_PCT,FTM,FTA,FT_PCT,OREB,DREB,REB,AST,STL,BLK,TO,PF,PTS,FG2M,FG2A,FG2_PCT,OUTCOME,DEFICIT_FGM,DEFICIT_FGA,DEFICIT_FG3M,DEFICIT_FG3A,DEFICIT_FTM,DEFICIT_FTA,DEFICIT_OREB,DEFICIT_DREB,DEFICIT_REB,DEFICIT_AST,DEFICIT_STL,DEFICIT_BLK,DEFICIT_TO,DEFICIT_PF,DEFICIT_FG2M,DEFICIT_FG2A
0,Magic,8,22,0.364,12,16,0.75,10,32,42,21,11,2,14,24,90,27,66,0.409090909091,0,0.514705882353,0.543209876543,0.533333333333,0.564102564103,0.375,0.380952380952,0.625,0.438356164384,0.47191011236,0.488372093023,0.6875,0.333333333333,0.4,0.585365853659,0.509433962264,0.536585365854
1,Nuggets,7,17,0.412,20,26,0.769,6,41,47,22,5,4,21,17,93,26,57,0.456140350877,1,0.485294117647,0.456790123457,0.466666666667,0.435897435897,0.625,0.619047619048,0.375,0.561643835616,0.52808988764,0.511627906977,0.3125,0.666666666667,0.6,0.414634146341,0.490566037736,0.463414634146
