,TEAM_NAME,FG3M,FG3A,FG3_PCT,FTM,FTA,FT_PCT,OREB,DREB,REB,AST,STL,BLK,TO,PF,PTS,FG2M,FG2A,FG2_PCT,OUTCOME,DEFICIT_FGM,DEFICIT_FGA,DEFICIT_FG3M,DEFICIT_FG3A,DEFICIT_FTM,DEFICIT_FTA,DEFICIT_OREB,DEFICIT_DREB,DEFICIT_REB,DEFICIT_AST,DEFICIT_STL,DEFICIT_BLK,DEFICIT_TO,DEFICIT_PF,DEFICIT_FG2M,DEFICIT_FG2A
0,Grizzlies,5,17,0.294,11,11,1.0,8,31,39,20,10,4,21,21,86,30,62,0.4838709677419355,0,0.5223880597014925,0.5231788079470199,0.2777777777777778,0.40476190476190477,0.36666666666666664,0.3235294117647059,0.5,0.5166666666666667,0.5131578947368421,0.4878048780487805,0.37037037037037035,0.5,0.5526315789473685,0.5833333333333334,0.6122448979591837,0.5688073394495413
1,Hawks,13,25,0.52,19,23,0.826,8,29,37,21,17,4,17,15,96,19,47,0.40425531914893614,1,0.47761194029850745,0.4768211920529801,0.7222222222222222,0.5952380952380952,0.6333333333333333,0.6764705882352942,0.5,0.48333333333333334,0.4868421052631579,0.5121951219512195,0.6296296296296297,0.5,0.4473684210526316,0.4166666666666667,0.3877551020408163,0.43119266055045874
