,TEAM_NAME,FG3M,FG3A,FG3_PCT,FTM,FTA,FT_PCT,OREB,DREB,REB,AST,STL,BLK,TO,PF,PTS,FG2M,FG2A,FG2_PCT,OUTCOME,DEFICIT_FGM,DEFICIT_FGA,DEFICIT_FG3M,DEFICIT_FG3A,DEFICIT_FTM,DEFICIT_FTA,DEFICIT_OREB,DEFICIT_DREB,DEFICIT_REB,DEFICIT_AST,DEFICIT_STL,DEFICIT_BLK,DEFICIT_TO,DEFICIT_PF,DEFICIT_FG2M,DEFICIT_FG2A
0,Pacers,6,27,0.222,14,18,0.778,11,32,43,21,12,0,19,21,98,33,58,0.568965517241,0,0.513157894737,0.541401273885,0.333333333333,0.465517241379,0.368421052632,0.352941176471,0.611111111111,0.5,0.524390243902,0.446808510638,0.48,0.0,0.5,0.525,0.568965517241,0.585858585859
1,Rockets,12,31,0.387,24,33,0.727,7,32,39,26,13,2,19,19,110,25,41,0.609756097561,1,0.486842105263,0.458598726115,0.666666666667,0.534482758621,0.631578947368,0.647058823529,0.388888888889,0.5,0.475609756098,0.553191489362,0.52,1.0,0.5,0.475,0.431034482759,0.414141414141
