,TEAM_NAME,FG3M,FG3A,FG3_PCT,FTM,FTA,FT_PCT,OREB,DREB,REB,AST,STL,BLK,TO,PF,PTS,FG2M,FG2A,FG2_PCT,OUTCOME,DEFICIT_FGM,DEFICIT_FGA,DEFICIT_FG3M,DEFICIT_FG3A,DEFICIT_FTM,DEFICIT_FTA,DEFICIT_OREB,DEFICIT_DREB,DEFICIT_REB,DEFICIT_AST,DEFICIT_STL,DEFICIT_BLK,DEFICIT_TO,DEFICIT_PF,DEFICIT_FG2M,DEFICIT_FG2A
0,Warriors,13,27,0.481,21,27,0.778,7,46,53,30,10,6,13,14,122,31,54,0.5740740740740741,1,0.5945945945945946,0.48214285714285715,0.65,0.5294117647058824,0.6363636363636364,0.5869565217391305,0.4666666666666667,0.5974025974025974,0.5760869565217391,0.6382978723404256,0.5263157894736842,0.6666666666666666,0.4482758620689655,0.42424242424242425,0.5740740740740741,0.46153846153846156
1,Nuggets,7,24,0.292,12,19,0.632,8,31,39,17,9,3,16,19,79,23,63,0.36507936507936506,0,0.40540540540540543,0.5178571428571429,0.35,0.47058823529411764,0.36363636363636365,0.41304347826086957,0.5333333333333333,0.4025974025974026,0.42391304347826086,0.3617021276595745,0.47368421052631576,0.3333333333333333,0.5517241379310345,0.5757575757575758,0.42592592592592593,0.5384615384615384
