,TEAM_NAME,FG3M,FG3A,FG3_PCT,FTM,FTA,FT_PCT,OREB,DREB,REB,AST,STL,BLK,TO,PF,PTS,FG2M,FG2A,FG2_PCT,OUTCOME,DEFICIT_FGM,DEFICIT_FGA,DEFICIT_FG3M,DEFICIT_FG3A,DEFICIT_FTM,DEFICIT_FTA,DEFICIT_OREB,DEFICIT_DREB,DEFICIT_REB,DEFICIT_AST,DEFICIT_STL,DEFICIT_BLK,DEFICIT_TO,DEFICIT_PF,DEFICIT_FG2M,DEFICIT_FG2A
0,Grizzlies,3,22,0.136,20,22,0.909,9,33,42,17,8,4,13,23,95,33,63,0.52380952381,0,0.514285714286,0.527950310559,0.230769230769,0.468085106383,0.444444444444,0.4,0.428571428571,0.52380952381,0.5,0.5,0.571428571429,0.571428571429,0.5,0.511111111111,0.578947368421,0.552631578947
1,Mavericks,10,25,0.4,25,33,0.758,12,30,42,17,6,3,13,22,103,24,51,0.470588235294,1,0.485714285714,0.472049689441,0.769230769231,0.531914893617,0.555555555556,0.6,0.571428571429,0.47619047619,0.5,0.5,0.428571428571,0.428571428571,0.5,0.488888888889,0.421052631579,0.447368421053
