,TEAM_NAME,FG3M,FG3A,FG3_PCT,FTM,FTA,FT_PCT,OREB,DREB,REB,AST,STL,BLK,TO,PF,PTS,FG2M,FG2A,FG2_PCT,OUTCOME,DEFICIT_FGM,DEFICIT_FGA,DEFICIT_FG3M,DEFICIT_FG3A,DEFICIT_FTM,DEFICIT_FTA,DEFICIT_OREB,DEFICIT_DREB,DEFICIT_REB,DEFICIT_AST,DEFICIT_STL,DEFICIT_BLK,DEFICIT_TO,DEFICIT_PF,DEFICIT_FG2M,DEFICIT_FG2A
0,Knicks,10,23,0.435,13,17,0.765,9,25,34,22,2,8,4,14,99,28,55,0.509090909091,1,0.520547945205,0.481481481481,0.555555555556,0.46,0.481481481481,0.459459459459,0.310344827586,0.454545454545,0.404761904762,0.628571428571,0.666666666667,0.888888888889,0.307692307692,0.451612903226,0.509090909091,0.491071428571
1,Pelicans,8,27,0.296,14,20,0.7,20,30,50,13,1,1,9,17,92,27,57,0.473684210526,0,0.479452054795,0.518518518519,0.444444444444,0.54,0.518518518519,0.540540540541,0.689655172414,0.545454545455,0.595238095238,0.371428571429,0.333333333333,0.111111111111,0.692307692308,0.548387096774,0.490909090909,0.508928571429
