,TEAM_NAME,FG3M,FG3A,FG3_PCT,FTM,FTA,FT_PCT,OREB,DREB,REB,AST,STL,BLK,TO,PF,PTS,FG2M,FG2A,FG2_PCT,OUTCOME,DEFICIT_FGM,DEFICIT_FGA,DEFICIT_FG3M,DEFICIT_FG3A,DEFICIT_FTM,DEFICIT_FTA,DEFICIT_OREB,DEFICIT_DREB,DEFICIT_REB,DEFICIT_AST,DEFICIT_STL,DEFICIT_BLK,DEFICIT_TO,DEFICIT_PF,DEFICIT_FG2M,DEFICIT_FG2A
0,Cavaliers,8,18,0.444,18,25,0.72,20,34,54,20,5,4,12,19,108,33,72,0.4583333333333333,1,0.5774647887323944,0.5294117647058824,0.5,0.5294117647058824,0.4090909090909091,0.43859649122807015,0.6451612903225806,0.5396825396825397,0.574468085106383,0.625,0.5,0.3076923076923077,0.6,0.5428571428571428,0.6,0.5294117647058824
1,Bulls,8,16,0.5,26,32,0.813,11,29,40,12,5,9,8,16,94,22,64,0.34375,0,0.4225352112676056,0.47058823529411764,0.5,0.47058823529411764,0.5909090909090909,0.5614035087719298,0.3548387096774194,0.4603174603174603,0.425531914893617,0.375,0.5,0.6923076923076923,0.4,0.45714285714285713,0.4,0.47058823529411764
