,TEAM_NAME,FG3M,FG3A,FG3_PCT,FTM,FTA,FT_PCT,OREB,DREB,REB,AST,STL,BLK,TO,PF,PTS,FG2M,FG2A,FG2_PCT,OUTCOME,DEFICIT_FGM,DEFICIT_FGA,DEFICIT_FG3M,DEFICIT_FG3A,DEFICIT_FTM,DEFICIT_FTA,DEFICIT_OREB,DEFICIT_DREB,DEFICIT_REB,DEFICIT_AST,DEFICIT_STL,DEFICIT_BLK,DEFICIT_TO,DEFICIT_PF,DEFICIT_FG2M,DEFICIT_FG2A
0,Grizzlies,3,22,0.136,20,22,0.909,9,33,42,17,8,4,13,23,95,33,63,0.5238095238095238,0,0.5142857142857142,0.5279503105590062,0.23076923076923078,0.46808510638297873,0.4444444444444444,0.4,0.42857142857142855,0.5238095238095238,0.5,0.5,0.5714285714285714,0.5714285714285714,0.5,0.5111111111111111,0.5789473684210527,0.5526315789473685
1,Mavericks,10,25,0.4,25,33,0.758,12,30,42,17,6,3,13,22,103,24,51,0.47058823529411764,1,0.4857142857142857,0.4720496894409938,0.7692307692307693,0.5319148936170213,0.5555555555555556,0.6,0.5714285714285714,0.47619047619047616,0.5,0.5,0.42857142857142855,0.42857142857142855,0.5,0.4888888888888889,0.42105263157894735,0.4473684210526316
