,TEAM_NAME,FG3M,FG3A,FG3_PCT,FTM,FTA,FT_PCT,OREB,DREB,REB,AST,STL,BLK,TO,PF,PTS,FG2M,FG2A,FG2_PCT,OUTCOME,DEFICIT_FGM,DEFICIT_FGA,DEFICIT_FG3M,DEFICIT_FG3A,DEFICIT_FTM,DEFICIT_FTA,DEFICIT_OREB,DEFICIT_DREB,DEFICIT_REB,DEFICIT_AST,DEFICIT_STL,DEFICIT_BLK,DEFICIT_TO,DEFICIT_PF,DEFICIT_FG2M,DEFICIT_FG2A
0,Cavaliers,8,18,0.444,18,25,0.72,20,34,54,20,5,4,12,19,108,33,72,0.458333333333,1,0.577464788732,0.529411764706,0.5,0.529411764706,0.409090909091,0.438596491228,0.645161290323,0.539682539683,0.574468085106,0.625,0.5,0.307692307692,0.6,0.542857142857,0.6,0.529411764706
1,Bulls,8,16,0.5,26,32,0.813,11,29,40,12,5,9,8,16,94,22,64,0.34375,0,0.422535211268,0.470588235294,0.5,0.470588235294,0.590909090909,0.561403508772,0.354838709677,0.460317460317,0.425531914894,0.375,0.5,0.692307692308,0.4,0.457142857143,0.4,0.470588235294
