,TEAM_NAME,FG3M,FG3A,FG3_PCT,FTM,FTA,FT_PCT,OREB,DREB,REB,AST,STL,BLK,TO,PF,PTS,FG2M,FG2A,FG2_PCT,OUTCOME,DEFICIT_FGM,DEFICIT_FGA,DEFICIT_FG3M,DEFICIT_FG3A,DEFICIT_FTM,DEFICIT_FTA,DEFICIT_OREB,DEFICIT_DREB,DEFICIT_REB,DEFICIT_AST,DEFICIT_STL,DEFICIT_BLK,DEFICIT_TO,DEFICIT_PF,DEFICIT_FG2M,DEFICIT_FG2A
0,Timberwolves,6,19,0.316,16,20,0.8,10,32,42,16,7,6,16,20,80,23,61,0.3770491803278688,0,0.42028985507246375,0.47337278106508873,0.3333333333333333,0.4634146341463415,0.5517241379310345,0.5128205128205128,0.5,0.463768115942029,0.47191011235955055,0.37209302325581395,0.4666666666666667,0.6666666666666666,0.6153846153846154,0.5,0.45098039215686275,0.4765625
1,Hornets,12,22,0.545,13,19,0.684,10,37,47,27,8,3,10,20,105,28,67,0.417910447761194,1,0.5797101449275363,0.5266272189349113,0.6666666666666666,0.5365853658536586,0.4482758620689655,0.48717948717948717,0.5,0.5362318840579711,0.5280898876404494,0.627906976744186,0.5333333333333333,0.3333333333333333,0.38461538461538464,0.5,0.5490196078431373,0.5234375
