,TEAM_NAME,FG3M,FG3A,FG3_PCT,FTM,FTA,FT_PCT,OREB,DREB,REB,AST,STL,BLK,TO,PF,PTS,FG2M,FG2A,FG2_PCT,OUTCOME,DEFICIT_FGM,DEFICIT_FGA,DEFICIT_FG3M,DEFICIT_FG3A,DEFICIT_FTM,DEFICIT_FTA,DEFICIT_OREB,DEFICIT_DREB,DEFICIT_REB,DEFICIT_AST,DEFICIT_STL,DEFICIT_BLK,DEFICIT_TO,DEFICIT_PF,DEFICIT_FG2M,DEFICIT_FG2A
0,Trail Blazers,13,33,0.394,18,22,0.818,11,30,41,24,12,8,12,16,117,30,57,0.526315789474,1,0.518072289157,0.497237569061,0.619047619048,0.492537313433,0.486486486486,0.488888888889,0.458333333333,0.508474576271,0.493975903614,0.571428571429,0.571428571429,0.727272727273,0.4,0.444444444444,0.483870967742,0.5
1,Rockets,8,34,0.235,19,23,0.826,13,29,42,18,9,3,18,20,107,32,57,0.561403508772,0,0.481927710843,0.502762430939,0.380952380952,0.507462686567,0.513513513514,0.511111111111,0.541666666667,0.491525423729,0.506024096386,0.428571428571,0.428571428571,0.272727272727,0.6,0.555555555556,0.516129032258,0.5
