,TEAM_NAME,FG3M,FG3A,FG3_PCT,FTM,FTA,FT_PCT,OREB,DREB,REB,AST,STL,BLK,TO,PF,PTS,FG2M,FG2A,FG2_PCT,OUTCOME,DEFICIT_FGM,DEFICIT_FGA,DEFICIT_FG3M,DEFICIT_FG3A,DEFICIT_FTM,DEFICIT_FTA,DEFICIT_OREB,DEFICIT_DREB,DEFICIT_REB,DEFICIT_AST,DEFICIT_STL,DEFICIT_BLK,DEFICIT_TO,DEFICIT_PF,DEFICIT_FG2M,DEFICIT_FG2A
0,Nets,16,27,0.593,5,7,0.714,12,28,40,38,7,4,17,21,127,37,64,0.578125,1,0.569892473118,0.529069767442,0.666666666667,0.519230769231,0.185185185185,0.241379310345,0.631578947368,0.571428571429,0.588235294118,0.59375,0.411764705882,0.363636363636,0.53125,0.636363636364,0.536231884058,0.533333333333
1,Hawks,8,25,0.32,22,22,1.0,7,21,28,26,10,7,15,12,110,32,56,0.571428571429,0,0.430107526882,0.470930232558,0.333333333333,0.480769230769,0.814814814815,0.758620689655,0.368421052632,0.428571428571,0.411764705882,0.40625,0.588235294118,0.636363636364,0.46875,0.363636363636,0.463768115942,0.466666666667
