,TEAM_NAME,FG3M,FG3A,FG3_PCT,FTM,FTA,FT_PCT,OREB,DREB,REB,AST,STL,BLK,TO,PF,PTS,FG2M,FG2A,FG2_PCT,OUTCOME,DEFICIT_FGM,DEFICIT_FGA,DEFICIT_FG3M,DEFICIT_FG3A,DEFICIT_FTM,DEFICIT_FTA,DEFICIT_OREB,DEFICIT_DREB,DEFICIT_REB,DEFICIT_AST,DEFICIT_STL,DEFICIT_BLK,DEFICIT_TO,DEFICIT_PF,DEFICIT_FG2M,DEFICIT_FG2A
0,Thunder,6,25,0.24,22,25,0.88,10,37,47,18,11,8,15,26,104,32,57,0.561403508772,1,0.535211267606,0.5,0.333333333333,0.423728813559,0.611111111111,0.54347826087,0.5,0.536231884058,0.52808988764,0.473684210526,0.733333333333,0.615384615385,0.46875,0.565217391304,0.603773584906,0.542857142857
1,Rockets,12,34,0.353,14,21,0.667,10,32,42,20,4,5,17,20,92,21,48,0.4375,0,0.464788732394,0.5,0.666666666667,0.576271186441,0.388888888889,0.45652173913,0.5,0.463768115942,0.47191011236,0.526315789474,0.266666666667,0.384615384615,0.53125,0.434782608696,0.396226415094,0.457142857143
