,TEAM_NAME,FG3M,FG3A,FG3_PCT,FTM,FTA,FT_PCT,OREB,DREB,REB,AST,STL,BLK,TO,PF,PTS,FG2M,FG2A,FG2_PCT,OUTCOME,DEFICIT_FGM,DEFICIT_FGA,DEFICIT_FG3M,DEFICIT_FG3A,DEFICIT_FTM,DEFICIT_FTA,DEFICIT_OREB,DEFICIT_DREB,DEFICIT_REB,DEFICIT_AST,DEFICIT_STL,DEFICIT_BLK,DEFICIT_TO,DEFICIT_PF,DEFICIT_FG2M,DEFICIT_FG2A
0,Pelicans,4,16,0.25,10,14,0.714,9,38,47,15,7,0,16,16,84,31,69,0.449275362319,0,0.492957746479,0.518292682927,0.363636363636,0.444444444444,0.434782608696,0.48275862069,0.75,0.481012658228,0.516483516484,0.365853658537,0.411764705882,0.0,0.551724137931,0.571428571429,0.516666666667,0.5390625
1,Pacers,7,20,0.35,13,15,0.867,3,41,44,26,10,6,13,12,92,29,59,0.491525423729,1,0.507042253521,0.481707317073,0.636363636364,0.555555555556,0.565217391304,0.51724137931,0.25,0.518987341772,0.483516483516,0.634146341463,0.588235294118,1.0,0.448275862069,0.428571428571,0.483333333333,0.4609375
