,TEAM_NAME,FG3M,FG3A,FG3_PCT,FTM,FTA,FT_PCT,OREB,DREB,REB,AST,STL,BLK,TO,PF,PTS,FG2M,FG2A,FG2_PCT,OUTCOME,DEFICIT_FGM,DEFICIT_FGA,DEFICIT_FG3M,DEFICIT_FG3A,DEFICIT_FTM,DEFICIT_FTA,DEFICIT_OREB,DEFICIT_DREB,DEFICIT_REB,DEFICIT_AST,DEFICIT_STL,DEFICIT_BLK,DEFICIT_TO,DEFICIT_PF,DEFICIT_FG2M,DEFICIT_FG2A
0,Cavaliers,10,38,0.263,7,9,0.778,11,34,45,22,3,2,14,20,95,29,51,0.56862745098,0,0.4875,0.5,0.555555555556,0.633333333333,0.333333333333,0.321428571429,0.52380952381,0.485714285714,0.494505494505,0.44,0.230769230769,0.285714285714,0.608695652174,0.555555555556,0.467741935484,0.432203389831
1,Nets,8,22,0.364,14,19,0.737,10,36,46,28,10,5,9,16,104,33,67,0.492537313433,1,0.5125,0.5,0.444444444444,0.366666666667,0.666666666667,0.678571428571,0.47619047619,0.514285714286,0.505494505495,0.56,0.769230769231,0.714285714286,0.391304347826,0.444444444444,0.532258064516,0.567796610169
