,TEAM_NAME,FG3M,FG3A,FG3_PCT,FTM,FTA,FT_PCT,OREB,DREB,REB,AST,STL,BLK,TO,PF,PTS,FG2M,FG2A,FG2_PCT,OUTCOME,DEFICIT_FGM,DEFICIT_FGA,DEFICIT_FG3M,DEFICIT_FG3A,DEFICIT_FTM,DEFICIT_FTA,DEFICIT_OREB,DEFICIT_DREB,DEFICIT_REB,DEFICIT_AST,DEFICIT_STL,DEFICIT_BLK,DEFICIT_TO,DEFICIT_PF,DEFICIT_FG2M,DEFICIT_FG2A
0,Knicks,13,30,0.433,15,16,0.938,5,40,45,19,4,9,17,12,106,26,46,0.565217391304,1,0.513157894737,0.460606060606,0.684210526316,0.545454545455,0.51724137931,0.470588235294,0.416666666667,0.597014925373,0.569620253165,0.558823529412,0.307692307692,0.818181818182,0.68,0.461538461538,0.456140350877,0.418181818182
1,Bulls,6,25,0.24,14,18,0.778,7,27,34,15,9,2,8,14,94,31,64,0.484375,0,0.486842105263,0.539393939394,0.315789473684,0.454545454545,0.48275862069,0.529411764706,0.583333333333,0.402985074627,0.430379746835,0.441176470588,0.692307692308,0.181818181818,0.32,0.538461538462,0.543859649123,0.581818181818
