,TEAM_NAME,FG3M,FG3A,FG3_PCT,FTM,FTA,FT_PCT,OREB,DREB,REB,AST,STL,BLK,TO,PF,PTS,FG2M,FG2A,FG2_PCT,OUTCOME,DEFICIT_FGM,DEFICIT_FGA,DEFICIT_FG3M,DEFICIT_FG3A,DEFICIT_FTM,DEFICIT_FTA,DEFICIT_OREB,DEFICIT_DREB,DEFICIT_REB,DEFICIT_AST,DEFICIT_STL,DEFICIT_BLK,DEFICIT_TO,DEFICIT_PF,DEFICIT_FG2M,DEFICIT_FG2A
0,Lakers,8,24,0.333,16,23,0.696,8,27,35,26,4,1,11,26,102,31,52,0.5961538461538461,0,0.5131578947368421,0.4935064935064935,0.47058823529411764,0.4444444444444444,0.38095238095238093,0.3898305084745763,0.4,0.5094339622641509,0.4794520547945205,0.65,0.3333333333333333,0.25,0.55,0.6341463414634146,0.5254237288135594,0.52
1,Cavaliers,9,30,0.3,26,36,0.722,12,26,38,14,8,3,9,15,109,28,48,0.5833333333333334,1,0.4868421052631579,0.5064935064935064,0.5294117647058824,0.5555555555555556,0.6190476190476191,0.6101694915254238,0.6,0.49056603773584906,0.5205479452054794,0.35,0.6666666666666666,0.75,0.45,0.36585365853658536,0.4745762711864407,0.48
