,TEAM_NAME,FG3M,FG3A,FG3_PCT,FTM,FTA,FT_PCT,OREB,DREB,REB,AST,STL,BLK,TO,PF,PTS,FG2M,FG2A,FG2_PCT,OUTCOME,DEFICIT_FGM,DEFICIT_FGA,DEFICIT_FG3M,DEFICIT_FG3A,DEFICIT_FTM,DEFICIT_FTA,DEFICIT_OREB,DEFICIT_DREB,DEFICIT_REB,DEFICIT_AST,DEFICIT_STL,DEFICIT_BLK,DEFICIT_TO,DEFICIT_PF,DEFICIT_FG2M,DEFICIT_FG2A
0,Thunder,11,29,0.379,20,28,0.714,10,33,43,25,8,9,17,19,101,24,52,0.46153846153846156,0,0.4605263157894737,0.48502994011976047,0.4074074074074074,0.4461538461538462,0.5882352941176471,0.5957446808510638,0.47619047619047616,0.5238095238095238,0.5119047619047619,0.5,0.4,0.75,0.5862068965517241,0.5,0.4897959183673469,0.5098039215686274
1,Rockets,16,36,0.444,14,19,0.737,11,30,41,25,12,3,12,19,112,25,50,0.5,1,0.5394736842105263,0.5149700598802395,0.5925925925925926,0.5538461538461539,0.4117647058823529,0.40425531914893614,0.5238095238095238,0.47619047619047616,0.4880952380952381,0.5,0.6,0.25,0.41379310344827586,0.5,0.5102040816326531,0.49019607843137253
