,TEAM_NAME,FG3M,FG3A,FG3_PCT,FTM,FTA,FT_PCT,OREB,DREB,REB,AST,STL,BLK,TO,PF,PTS,FG2M,FG2A,FG2_PCT,OUTCOME,DEFICIT_FGM,DEFICIT_FGA,DEFICIT_FG3M,DEFICIT_FG3A,DEFICIT_FTM,DEFICIT_FTA,DEFICIT_OREB,DEFICIT_DREB,DEFICIT_REB,DEFICIT_AST,DEFICIT_STL,DEFICIT_BLK,DEFICIT_TO,DEFICIT_PF,DEFICIT_FG2M,DEFICIT_FG2A
0,Knicks,8,22,0.364,15,20,0.75,5,31,36,22,5,6,21,32,79,20,46,0.43478260869565216,0,0.5,0.4857142857142857,0.5,0.55,0.32608695652173914,0.3225806451612903,0.2631578947368421,0.5081967213114754,0.45,0.5116279069767442,0.2777777777777778,0.75,0.5833333333333334,0.6530612244897959,0.5,0.46
1,Bucks,8,18,0.444,31,42,0.738,14,30,44,21,13,2,15,17,95,20,54,0.37037037037037035,1,0.5,0.5142857142857142,0.5,0.45,0.6739130434782609,0.6774193548387096,0.7368421052631579,0.4918032786885246,0.55,0.4883720930232558,0.7222222222222222,0.25,0.4166666666666667,0.3469387755102041,0.5,0.54
