,TEAM_NAME,FG3M,FG3A,FG3_PCT,FTM,FTA,FT_PCT,OREB,DREB,REB,AST,STL,BLK,TO,PF,PTS,FG2M,FG2A,FG2_PCT,OUTCOME,DEFICIT_FGM,DEFICIT_FGA,DEFICIT_FG3M,DEFICIT_FG3A,DEFICIT_FTM,DEFICIT_FTA,DEFICIT_OREB,DEFICIT_DREB,DEFICIT_REB,DEFICIT_AST,DEFICIT_STL,DEFICIT_BLK,DEFICIT_TO,DEFICIT_PF,DEFICIT_FG2M,DEFICIT_FG2A
0,Pelicans,3,23,0.13,9,13,0.692,10,23,33,19,11,3,11,19,106,44,76,0.578947368421,0,0.522222222222,0.559322033898,0.1875,0.418181818182,0.28125,0.288888888889,0.47619047619,0.370967741935,0.397590361446,0.38,0.55,0.428571428571,0.34375,0.558823529412,0.594594594595,0.622950819672
1,Nuggets,13,32,0.406,23,32,0.719,11,39,50,31,9,4,21,15,122,30,46,0.652173913043,1,0.477777777778,0.440677966102,0.8125,0.581818181818,0.71875,0.711111111111,0.52380952381,0.629032258065,0.602409638554,0.62,0.45,0.571428571429,0.65625,0.441176470588,0.405405405405,0.377049180328
