,TEAM_NAME,FG3M,FG3A,FG3_PCT,FTM,FTA,FT_PCT,OREB,DREB,REB,AST,STL,BLK,TO,PF,PTS,FG2M,FG2A,FG2_PCT,OUTCOME,DEFICIT_FGM,DEFICIT_FGA,DEFICIT_FG3M,DEFICIT_FG3A,DEFICIT_FTM,DEFICIT_FTA,DEFICIT_OREB,DEFICIT_DREB,DEFICIT_REB,DEFICIT_AST,DEFICIT_STL,DEFICIT_BLK,DEFICIT_TO,DEFICIT_PF,DEFICIT_FG2M,DEFICIT_FG2A
0,Raptors,9,20,0.45,17,24,0.708,12,32,44,14,10,4,15,24,96,26,65,0.4,1,0.514705882353,0.505952380952,0.529411764706,0.46511627907,0.459459459459,0.452830188679,0.461538461538,0.516129032258,0.5,0.466666666667,0.5,0.444444444444,0.441176470588,0.533333333333,0.509803921569,0.52
1,Heat,8,23,0.348,20,29,0.69,14,30,44,16,10,5,19,21,94,25,60,0.416666666667,0,0.485294117647,0.494047619048,0.470588235294,0.53488372093,0.540540540541,0.547169811321,0.538461538462,0.483870967742,0.5,0.533333333333,0.5,0.555555555556,0.558823529412,0.466666666667,0.490196078431,0.48
