,TEAM_NAME,FG3M,FG3A,FG3_PCT,FTM,FTA,FT_PCT,OREB,DREB,REB,AST,STL,BLK,TO,PF,PTS,FG2M,FG2A,FG2_PCT,OUTCOME,DEFICIT_FGM,DEFICIT_FGA,DEFICIT_FG3M,DEFICIT_FG3A,DEFICIT_FTM,DEFICIT_FTA,DEFICIT_OREB,DEFICIT_DREB,DEFICIT_REB,DEFICIT_AST,DEFICIT_STL,DEFICIT_BLK,DEFICIT_TO,DEFICIT_PF,DEFICIT_FG2M,DEFICIT_FG2A
0,Suns,12,38,0.316,22,27,0.815,16,26,42,17,12,5,20,24,94,18,37,0.4864864864864865,0,0.46153846153846156,0.5067567567567568,0.6,0.7037037037037037,0.55,0.5510204081632653,0.7619047619047619,0.48148148148148145,0.56,0.425,0.5454545454545454,0.8333333333333334,0.4878048780487805,0.47058823529411764,0.4,0.39361702127659576
1,Bucks,8,16,0.5,18,22,0.818,5,28,33,23,10,1,21,27,96,27,57,0.47368421052631576,1,0.5384615384615384,0.49324324324324326,0.4,0.2962962962962963,0.45,0.4489795918367347,0.23809523809523808,0.5185185185185185,0.44,0.575,0.45454545454545453,0.16666666666666666,0.5121951219512195,0.5294117647058824,0.6,0.6063829787234043
