,TEAM_NAME,FG3M,FG3A,FG3_PCT,FTM,FTA,FT_PCT,OREB,DREB,REB,AST,STL,BLK,TO,PF,PTS,FG2M,FG2A,FG2_PCT,OUTCOME,DEFICIT_FGM,DEFICIT_FGA,DEFICIT_FG3M,DEFICIT_FG3A,DEFICIT_FTM,DEFICIT_FTA,DEFICIT_OREB,DEFICIT_DREB,DEFICIT_REB,DEFICIT_AST,DEFICIT_STL,DEFICIT_BLK,DEFICIT_TO,DEFICIT_PF,DEFICIT_FG2M,DEFICIT_FG2A
0,Raptors,11,30,0.367,10,15,0.667,12,27,39,25,8,4,11,14,95,26,53,0.49056603773584906,1,0.5068493150684932,0.5286624203821656,0.7333333333333333,0.6666666666666666,0.625,0.6521739130434783,0.6666666666666666,0.47368421052631576,0.52,0.6578947368421053,0.6153846153846154,0.36363636363636365,0.36666666666666664,0.42424242424242425,0.4482758620689655,0.4732142857142857
1,Magic,4,15,0.267,6,8,0.75,6,30,36,13,5,7,19,19,82,32,59,0.5423728813559322,0,0.4931506849315068,0.4713375796178344,0.26666666666666666,0.3333333333333333,0.375,0.34782608695652173,0.3333333333333333,0.5263157894736842,0.48,0.34210526315789475,0.38461538461538464,0.6363636363636364,0.6333333333333333,0.5757575757575758,0.5517241379310345,0.5267857142857143
