,TEAM_NAME,FG3M,FG3A,FG3_PCT,FTM,FTA,FT_PCT,OREB,DREB,REB,AST,STL,BLK,TO,PF,PTS,FG2M,FG2A,FG2_PCT,OUTCOME,DEFICIT_FGM,DEFICIT_FGA,DEFICIT_FG3M,DEFICIT_FG3A,DEFICIT_FTM,DEFICIT_FTA,DEFICIT_OREB,DEFICIT_DREB,DEFICIT_REB,DEFICIT_AST,DEFICIT_STL,DEFICIT_BLK,DEFICIT_TO,DEFICIT_PF,DEFICIT_FG2M,DEFICIT_FG2A
0,Suns,10,24,0.417,20,26,0.769,15,37,52,22,10,6,17,17,98,24,61,0.393442622951,1,0.5,0.502958579882,0.454545454545,0.413793103448,0.571428571429,0.590909090909,0.576923076923,0.536231884058,0.547368421053,0.488888888889,0.555555555556,0.461538461538,0.515151515152,0.5,0.521739130435,0.54954954955
1,Hawks,12,34,0.353,15,18,0.833,11,32,43,23,8,7,16,17,95,22,50,0.44,0,0.5,0.497041420118,0.545454545455,0.586206896552,0.428571428571,0.409090909091,0.423076923077,0.463768115942,0.452631578947,0.511111111111,0.444444444444,0.538461538462,0.484848484848,0.5,0.478260869565,0.45045045045
