,TEAM_NAME,FG3M,FG3A,FG3_PCT,FTM,FTA,FT_PCT,OREB,DREB,REB,AST,STL,BLK,TO,PF,PTS,FG2M,FG2A,FG2_PCT,OUTCOME,DEFICIT_FGM,DEFICIT_FGA,DEFICIT_FG3M,DEFICIT_FG3A,DEFICIT_FTM,DEFICIT_FTA,DEFICIT_OREB,DEFICIT_DREB,DEFICIT_REB,DEFICIT_AST,DEFICIT_STL,DEFICIT_BLK,DEFICIT_TO,DEFICIT_PF,DEFICIT_FG2M,DEFICIT_FG2A
0,Cavaliers,4,24,0.167,9,22,0.409,16,32,48,17,5,5,4,18,83,31,70,0.442857142857,0,0.479452054795,0.519337016575,0.363636363636,0.585365853659,0.409090909091,0.594594594595,0.551724137931,0.444444444444,0.475247524752,0.447368421053,0.714285714286,0.5,0.363636363636,0.5,0.5,0.5
1,Bulls,7,17,0.412,13,15,0.867,13,40,53,21,2,5,7,18,96,31,70,0.442857142857,1,0.520547945205,0.480662983425,0.636363636364,0.414634146341,0.590909090909,0.405405405405,0.448275862069,0.555555555556,0.524752475248,0.552631578947,0.285714285714,0.5,0.636363636364,0.5,0.5,0.5
