,TEAM_NAME,FG3M,FG3A,FG3_PCT,FTM,FTA,FT_PCT,OREB,DREB,REB,AST,STL,BLK,TO,PF,PTS,FG2M,FG2A,FG2_PCT,OUTCOME,DEFICIT_FGM,DEFICIT_FGA,DEFICIT_FG3M,DEFICIT_FG3A,DEFICIT_FTM,DEFICIT_FTA,DEFICIT_OREB,DEFICIT_DREB,DEFICIT_REB,DEFICIT_AST,DEFICIT_STL,DEFICIT_BLK,DEFICIT_TO,DEFICIT_PF,DEFICIT_FG2M,DEFICIT_FG2A
0,Timberwolves,5,17,0.294,33,36,0.917,8,30,38,26,7,5,15,21,106,29,51,0.56862745098,1,0.478873239437,0.462585034014,0.357142857143,0.472222222222,0.647058823529,0.620689655172,0.444444444444,0.555555555556,0.527777777778,0.541666666667,0.4375,0.625,0.535714285714,0.477272727273,0.508771929825,0.459459459459
1,Grizzlies,9,19,0.474,18,22,0.818,10,24,34,22,9,3,13,23,101,28,60,0.466666666667,0,0.521126760563,0.537414965986,0.642857142857,0.527777777778,0.352941176471,0.379310344828,0.555555555556,0.444444444444,0.472222222222,0.458333333333,0.5625,0.375,0.464285714286,0.522727272727,0.491228070175,0.540540540541
