,TEAM_NAME,FG3M,FG3A,FG3_PCT,FTM,FTA,FT_PCT,OREB,DREB,REB,AST,STL,BLK,TO,PF,PTS,FG2M,FG2A,FG2_PCT,OUTCOME,DEFICIT_FGM,DEFICIT_FGA,DEFICIT_FG3M,DEFICIT_FG3A,DEFICIT_FTM,DEFICIT_FTA,DEFICIT_OREB,DEFICIT_DREB,DEFICIT_REB,DEFICIT_AST,DEFICIT_STL,DEFICIT_BLK,DEFICIT_TO,DEFICIT_PF,DEFICIT_FG2M,DEFICIT_FG2A
0,Suns,6,28,0.214,26,33,0.788,16,36,52,19,4,4,14,18,98,27,61,0.44262295082,0,0.428571428571,0.494444444444,0.315789473684,0.5,0.634146341463,0.634615384615,0.592592592593,0.486486486486,0.514851485149,0.413043478261,0.307692307692,0.266666666667,0.56,0.375,0.465517241379,0.491935483871
1,Nuggets,13,28,0.464,15,19,0.789,11,38,49,27,9,11,11,30,116,31,63,0.492063492063,1,0.571428571429,0.505555555556,0.684210526316,0.5,0.365853658537,0.365384615385,0.407407407407,0.513513513514,0.485148514851,0.586956521739,0.692307692308,0.733333333333,0.44,0.625,0.534482758621,0.508064516129
