,TEAM_NAME,FG3M,FG3A,FG3_PCT,FTM,FTA,FT_PCT,OREB,DREB,REB,AST,STL,BLK,TO,PF,PTS,FG2M,FG2A,FG2_PCT,OUTCOME,DEFICIT_FGM,DEFICIT_FGA,DEFICIT_FG3M,DEFICIT_FG3A,DEFICIT_FTM,DEFICIT_FTA,DEFICIT_OREB,DEFICIT_DREB,DEFICIT_REB,DEFICIT_AST,DEFICIT_STL,DEFICIT_BLK,DEFICIT_TO,DEFICIT_PF,DEFICIT_FG2M,DEFICIT_FG2A
0,Thunder,7,21,0.333,15,19,0.789,10,37,47,23,10,4,19,22,112,38,69,0.550724637681,1,0.569620253165,0.514285714286,0.411764705882,0.428571428571,0.483870967742,0.475,0.5,0.578125,0.559523809524,0.575,0.588235294118,0.363636363636,0.527777777778,0.468085106383,0.612903225806,0.547619047619
1,Timberwolves,10,28,0.357,16,21,0.762,10,27,37,17,7,7,17,25,94,24,57,0.421052631579,0,0.430379746835,0.485714285714,0.588235294118,0.571428571429,0.516129032258,0.525,0.5,0.421875,0.440476190476,0.425,0.411764705882,0.636363636364,0.472222222222,0.531914893617,0.387096774194,0.452380952381
