,TEAM_NAME,FG3M,FG3A,FG3_PCT,FTM,FTA,FT_PCT,OREB,DREB,REB,AST,STL,BLK,TO,PF,PTS,FG2M,FG2A,FG2_PCT,OUTCOME,DEFICIT_FGM,DEFICIT_FGA,DEFICIT_FG3M,DEFICIT_FG3A,DEFICIT_FTM,DEFICIT_FTA,DEFICIT_OREB,DEFICIT_DREB,DEFICIT_REB,DEFICIT_AST,DEFICIT_STL,DEFICIT_BLK,DEFICIT_TO,DEFICIT_PF,DEFICIT_FG2M,DEFICIT_FG2A
0,Magic,10,25,0.4,12,24,0.5,11,35,46,19,6,10,13,20,98,28,61,0.459016393443,0,0.513513513514,0.494252873563,0.5,0.480769230769,0.342857142857,0.470588235294,0.5,0.479452054795,0.484210526316,0.441860465116,0.5,0.47619047619,0.590909090909,0.526315789474,0.518518518519,0.5
1,Hawks,10,27,0.37,23,27,0.852,11,38,49,24,6,11,9,18,105,26,61,0.426229508197,1,0.486486486486,0.505747126437,0.5,0.519230769231,0.657142857143,0.529411764706,0.5,0.520547945205,0.515789473684,0.558139534884,0.5,0.52380952381,0.409090909091,0.473684210526,0.481481481481,0.5
