,TEAM_NAME,FG3M,FG3A,FG3_PCT,FTM,FTA,FT_PCT,OREB,DREB,REB,AST,STL,BLK,TO,PF,PTS,FG2M,FG2A,FG2_PCT,OUTCOME,DEFICIT_FGM,DEFICIT_FGA,DEFICIT_FG3M,DEFICIT_FG3A,DEFICIT_FTM,DEFICIT_FTA,DEFICIT_OREB,DEFICIT_DREB,DEFICIT_REB,DEFICIT_AST,DEFICIT_STL,DEFICIT_BLK,DEFICIT_TO,DEFICIT_PF,DEFICIT_FG2M,DEFICIT_FG2A
0,Pacers,9,28,0.321,27,29,0.931,9,33,42,24,10,6,14,25,112,29,53,0.547169811321,1,0.481012658228,0.487951807229,0.529411764706,0.56,0.642857142857,0.617021276596,0.5625,0.5,0.512195121951,0.444444444444,0.588235294118,0.857142857143,0.518518518519,0.54347826087,0.467741935484,0.456896551724
1,Mavericks,8,22,0.364,15,18,0.833,7,33,40,30,7,1,13,21,105,33,63,0.52380952381,0,0.518987341772,0.512048192771,0.470588235294,0.44,0.357142857143,0.382978723404,0.4375,0.5,0.487804878049,0.555555555556,0.411764705882,0.142857142857,0.481481481481,0.45652173913,0.532258064516,0.543103448276
