,TEAM_NAME,FG3M,FG3A,FG3_PCT,FTM,FTA,FT_PCT,OREB,DREB,REB,AST,STL,BLK,TO,PF,PTS,FG2M,FG2A,FG2_PCT,OUTCOME,DEFICIT_FGM,DEFICIT_FGA,DEFICIT_FG3M,DEFICIT_FG3A,DEFICIT_FTM,DEFICIT_FTA,DEFICIT_OREB,DEFICIT_DREB,DEFICIT_REB,DEFICIT_AST,DEFICIT_STL,DEFICIT_BLK,DEFICIT_TO,DEFICIT_PF,DEFICIT_FG2M,DEFICIT_FG2A
0,Wizards,7,21,0.333,21,29,0.724,12,25,37,20,13,3,19,28,100,29,65,0.446153846154,0,0.461538461538,0.518072289157,0.466666666667,0.466666666667,0.466666666667,0.5,0.571428571429,0.416666666667,0.456790123457,0.454545454545,0.565217391304,0.272727272727,0.475,0.509090909091,0.460317460317,0.537190082645
1,Nuggets,8,24,0.333,24,29,0.828,9,35,44,24,10,8,21,27,116,34,56,0.607142857143,1,0.538461538462,0.481927710843,0.533333333333,0.533333333333,0.533333333333,0.5,0.428571428571,0.583333333333,0.543209876543,0.545454545455,0.434782608696,0.727272727273,0.525,0.490909090909,0.539682539683,0.462809917355
