,TEAM_NAME,FG3M,FG3A,FG3_PCT,FTM,FTA,FT_PCT,OREB,DREB,REB,AST,STL,BLK,TO,PF,PTS,FG2M,FG2A,FG2_PCT,OUTCOME,DEFICIT_FGM,DEFICIT_FGA,DEFICIT_FG3M,DEFICIT_FG3A,DEFICIT_FTM,DEFICIT_FTA,DEFICIT_OREB,DEFICIT_DREB,DEFICIT_REB,DEFICIT_AST,DEFICIT_STL,DEFICIT_BLK,DEFICIT_TO,DEFICIT_PF,DEFICIT_FG2M,DEFICIT_FG2A
0,Pelicans,6,29,0.207,16,21,0.762,11,36,47,19,7,4,16,19,92,29,60,0.483333333333,0,0.466666666667,0.523529411765,0.6,0.690476190476,0.457142857143,0.466666666667,0.6875,0.493150684932,0.52808988764,0.463414634146,0.388888888889,0.4,0.533333333333,0.542857142857,0.446153846154,0.46875
1,Bucks,4,13,0.308,19,24,0.792,5,37,42,22,11,6,14,16,103,36,68,0.529411764706,1,0.533333333333,0.476470588235,0.4,0.309523809524,0.542857142857,0.533333333333,0.3125,0.506849315068,0.47191011236,0.536585365854,0.611111111111,0.6,0.466666666667,0.457142857143,0.553846153846,0.53125
