,TEAM_NAME,FG3M,FG3A,FG3_PCT,FTM,FTA,FT_PCT,OREB,DREB,REB,AST,STL,BLK,TO,PF,PTS,FG2M,FG2A,FG2_PCT,OUTCOME,DEFICIT_FGM,DEFICIT_FGA,DEFICIT_FG3M,DEFICIT_FG3A,DEFICIT_FTM,DEFICIT_FTA,DEFICIT_OREB,DEFICIT_DREB,DEFICIT_REB,DEFICIT_AST,DEFICIT_STL,DEFICIT_BLK,DEFICIT_TO,DEFICIT_PF,DEFICIT_FG2M,DEFICIT_FG2A
0,Rockets,5,26,0.192,18,28,0.643,14,26,40,21,8,5,9,20,109,38,67,0.567164179104,0,0.472527472527,0.513812154696,0.25,0.456140350877,0.5625,0.636363636364,0.583333333333,0.433333333333,0.47619047619,0.428571428571,0.571428571429,0.5,0.45,0.444444444444,0.535211267606,0.540322580645
1,Hornets,15,31,0.484,14,16,0.875,10,34,44,28,6,5,11,25,125,33,57,0.578947368421,1,0.527472527473,0.486187845304,0.75,0.543859649123,0.4375,0.363636363636,0.416666666667,0.566666666667,0.52380952381,0.571428571429,0.428571428571,0.5,0.55,0.555555555556,0.464788732394,0.459677419355
