,TEAM_NAME,FG3M,FG3A,FG3_PCT,FTM,FTA,FT_PCT,OREB,DREB,REB,AST,STL,BLK,TO,PF,PTS,FG2M,FG2A,FG2_PCT,OUTCOME,DEFICIT_FGM,DEFICIT_FGA,DEFICIT_FG3M,DEFICIT_FG3A,DEFICIT_FTM,DEFICIT_FTA,DEFICIT_OREB,DEFICIT_DREB,DEFICIT_REB,DEFICIT_AST,DEFICIT_STL,DEFICIT_BLK,DEFICIT_TO,DEFICIT_PF,DEFICIT_FG2M,DEFICIT_FG2A
0,Raptors,6,18,0.333,32,38,0.842,7,35,42,17,10,7,13,23,112,31,66,0.469696969697,1,0.5,0.461538461538,0.4,0.418604651163,0.603773584906,0.59375,0.304347826087,0.530303030303,0.47191011236,0.472222222222,0.526315789474,0.583333333333,0.5,0.433962264151,0.525423728814,0.474820143885
1,Heat,9,25,0.36,21,26,0.808,16,31,47,19,9,5,13,30,104,28,73,0.383561643836,0,0.5,0.538461538462,0.6,0.581395348837,0.396226415094,0.40625,0.695652173913,0.469696969697,0.52808988764,0.527777777778,0.473684210526,0.416666666667,0.5,0.566037735849,0.474576271186,0.525179856115
