,TEAM_NAME,FG3M,FG3A,FG3_PCT,FTM,FTA,FT_PCT,OREB,DREB,REB,AST,STL,BLK,TO,PF,PTS,FG2M,FG2A,FG2_PCT,OUTCOME,DEFICIT_FGM,DEFICIT_FGA,DEFICIT_FG3M,DEFICIT_FG3A,DEFICIT_FTM,DEFICIT_FTA,DEFICIT_OREB,DEFICIT_DREB,DEFICIT_REB,DEFICIT_AST,DEFICIT_STL,DEFICIT_BLK,DEFICIT_TO,DEFICIT_PF,DEFICIT_FG2M,DEFICIT_FG2A
0,Suns,11,35,0.314,16,20,0.8,19,38,57,22,8,3,23,26,107,29,60,0.483333333333,1,0.519480519481,0.530726256983,0.733333333333,0.686274509804,0.380952380952,0.4,0.76,0.558823529412,0.612903225806,0.468085106383,0.380952380952,0.428571428571,0.589743589744,0.565217391304,0.467741935484,0.46875
1,Timberwolves,4,16,0.25,26,30,0.867,6,30,36,25,13,4,16,20,104,33,68,0.485294117647,0,0.480519480519,0.469273743017,0.266666666667,0.313725490196,0.619047619048,0.6,0.24,0.441176470588,0.387096774194,0.531914893617,0.619047619048,0.571428571429,0.410256410256,0.434782608696,0.532258064516,0.53125
