,TEAM_NAME,FG3M,FG3A,FG3_PCT,FTM,FTA,FT_PCT,OREB,DREB,REB,AST,STL,BLK,TO,PF,PTS,FG2M,FG2A,FG2_PCT,OUTCOME,DEFICIT_FGM,DEFICIT_FGA,DEFICIT_FG3M,DEFICIT_FG3A,DEFICIT_FTM,DEFICIT_FTA,DEFICIT_OREB,DEFICIT_DREB,DEFICIT_REB,DEFICIT_AST,DEFICIT_STL,DEFICIT_BLK,DEFICIT_TO,DEFICIT_PF,DEFICIT_FG2M,DEFICIT_FG2A
0,Mavericks,9,30,0.3,14,18,0.778,6,36,42,30,9,6,14,26,107,33,57,0.578947368421,1,0.567567567568,0.533742331288,0.473684210526,0.5,0.388888888889,0.346153846154,0.461538461538,0.521739130435,0.512195121951,0.625,0.5,0.461538461538,0.48275862069,0.619047619048,0.6,0.553398058252
1,Hornets,10,30,0.333,22,34,0.647,7,33,40,18,9,7,15,16,96,22,46,0.478260869565,0,0.432432432432,0.466257668712,0.526315789474,0.5,0.611111111111,0.653846153846,0.538461538462,0.478260869565,0.487804878049,0.375,0.5,0.538461538462,0.51724137931,0.380952380952,0.4,0.446601941748
