,TEAM_NAME,FG3M,FG3A,FG3_PCT,FTM,FTA,FT_PCT,OREB,DREB,REB,AST,STL,BLK,TO,PF,PTS,FG2M,FG2A,FG2_PCT,OUTCOME,DEFICIT_FGM,DEFICIT_FGA,DEFICIT_FG3M,DEFICIT_FG3A,DEFICIT_FTM,DEFICIT_FTA,DEFICIT_OREB,DEFICIT_DREB,DEFICIT_REB,DEFICIT_AST,DEFICIT_STL,DEFICIT_BLK,DEFICIT_TO,DEFICIT_PF,DEFICIT_FG2M,DEFICIT_FG2A
0,Wizards,8,18,0.444,14,18,0.778,5,35,40,34,11,3,10,22,124,43,72,0.597222222222,1,0.614457831325,0.532544378698,0.727272727273,0.439024390244,0.5,0.45,0.3125,0.555555555556,0.506329113924,0.666666666667,0.6875,0.428571428571,0.333333333333,0.511627906977,0.597222222222,0.5625
1,Pistons,3,23,0.13,14,22,0.636,11,28,39,17,5,4,20,21,81,29,56,0.517857142857,0,0.385542168675,0.467455621302,0.272727272727,0.560975609756,0.5,0.55,0.6875,0.444444444444,0.493670886076,0.333333333333,0.3125,0.571428571429,0.666666666667,0.488372093023,0.402777777778,0.4375
