,TEAM_NAME,FG3M,FG3A,FG3_PCT,FTM,FTA,FT_PCT,OREB,DREB,REB,AST,STL,BLK,TO,PF,PTS,FG2M,FG2A,FG2_PCT,OUTCOME,DEFICIT_FGM,DEFICIT_FGA,DEFICIT_FG3M,DEFICIT_FG3A,DEFICIT_FTM,DEFICIT_FTA,DEFICIT_OREB,DEFICIT_DREB,DEFICIT_REB,DEFICIT_AST,DEFICIT_STL,DEFICIT_BLK,DEFICIT_TO,DEFICIT_PF,DEFICIT_FG2M,DEFICIT_FG2A
0,Raptors,6,20,0.3,27,31,0.871,10,32,42,12,5,9,5,18,107,31,63,0.492063492063,0,0.474358974359,0.5,0.4,0.444444444444,0.6,0.607843137255,0.555555555556,0.516129032258,0.525,0.342857142857,0.714285714286,0.5625,0.384615384615,0.45,0.492063492063,0.520661157025
1,Bulls,9,25,0.36,18,20,0.9,8,30,38,23,2,7,8,22,109,32,58,0.551724137931,1,0.525641025641,0.5,0.6,0.555555555556,0.4,0.392156862745,0.444444444444,0.483870967742,0.475,0.657142857143,0.285714285714,0.4375,0.615384615385,0.55,0.507936507937,0.479338842975
