,TEAM_NAME,FG3M,FG3A,FG3_PCT,FTM,FTA,FT_PCT,OREB,DREB,REB,AST,STL,BLK,TO,PF,PTS,FG2M,FG2A,FG2_PCT,OUTCOME,DEFICIT_FGM,DEFICIT_FGA,DEFICIT_FG3M,DEFICIT_FG3A,DEFICIT_FTM,DEFICIT_FTA,DEFICIT_OREB,DEFICIT_DREB,DEFICIT_REB,DEFICIT_AST,DEFICIT_STL,DEFICIT_BLK,DEFICIT_TO,DEFICIT_PF,DEFICIT_FG2M,DEFICIT_FG2A
0,Pelicans,10,31,0.323,18,23,0.783,9,33,42,22,7,7,11,20,108,30,54,0.555555555556,0,0.5,0.477528089888,0.357142857143,0.462686567164,0.486486486486,0.522727272727,0.375,0.507692307692,0.47191011236,0.458333333333,0.538461538462,0.583333333333,0.52380952381,0.47619047619,0.576923076923,0.486486486486
1,Celtics,18,36,0.5,19,21,0.905,15,32,47,26,6,5,10,22,117,22,57,0.385964912281,1,0.5,0.522471910112,0.642857142857,0.537313432836,0.513513513514,0.477272727273,0.625,0.492307692308,0.52808988764,0.541666666667,0.461538461538,0.416666666667,0.47619047619,0.52380952381,0.423076923077,0.513513513514
