,TEAM_NAME,FG3M,FG3A,FG3_PCT,FTM,FTA,FT_PCT,OREB,DREB,REB,AST,STL,BLK,TO,PF,PTS,FG2M,FG2A,FG2_PCT,OUTCOME,DEFICIT_FGM,DEFICIT_FGA,DEFICIT_FG3M,DEFICIT_FG3A,DEFICIT_FTM,DEFICIT_FTA,DEFICIT_OREB,DEFICIT_DREB,DEFICIT_REB,DEFICIT_AST,DEFICIT_STL,DEFICIT_BLK,DEFICIT_TO,DEFICIT_PF,DEFICIT_FG2M,DEFICIT_FG2A
0,Thunder,12,36,0.333,23,29,0.793,6,43,49,23,8,11,10,20,121,31,53,0.584905660377,1,0.518072289157,0.473404255319,0.571428571429,0.6,0.575,0.547169811321,0.285714285714,0.530864197531,0.480392156863,0.560975609756,0.533333333333,0.733333333333,0.454545454545,0.46511627907,0.5,0.4140625
1,Nuggets,9,24,0.375,17,24,0.708,15,38,53,18,7,4,12,23,106,31,75,0.413333333333,0,0.481927710843,0.526595744681,0.428571428571,0.4,0.425,0.452830188679,0.714285714286,0.469135802469,0.519607843137,0.439024390244,0.466666666667,0.266666666667,0.545454545455,0.53488372093,0.5,0.5859375
