,TEAM_NAME,FG3M,FG3A,FG3_PCT,FTM,FTA,FT_PCT,OREB,DREB,REB,AST,STL,BLK,TO,PF,PTS,FG2M,FG2A,FG2_PCT,OUTCOME,DEFICIT_FGM,DEFICIT_FGA,DEFICIT_FG3M,DEFICIT_FG3A,DEFICIT_FTM,DEFICIT_FTA,DEFICIT_OREB,DEFICIT_DREB,DEFICIT_REB,DEFICIT_AST,DEFICIT_STL,DEFICIT_BLK,DEFICIT_TO,DEFICIT_PF,DEFICIT_FG2M,DEFICIT_FG2A
0,Heat,6,12,0.5,19,25,0.76,4,34,38,28,5,11,15,23,129,46,65,0.707692307692,1,0.559139784946,0.461077844311,0.352941176471,0.342857142857,0.513513513514,0.490196078431,0.333333333333,0.618181818182,0.567164179104,0.583333333333,0.333333333333,0.846153846154,0.625,0.511111111111,0.605263157895,0.492424242424
1,Bulls,11,23,0.478,18,26,0.692,8,21,29,20,10,2,9,22,111,30,67,0.44776119403,0,0.440860215054,0.538922155689,0.647058823529,0.657142857143,0.486486486486,0.509803921569,0.666666666667,0.381818181818,0.432835820896,0.416666666667,0.666666666667,0.153846153846,0.375,0.488888888889,0.394736842105,0.507575757576
