,TEAM_NAME,FG3M,FG3A,FG3_PCT,FTM,FTA,FT_PCT,OREB,DREB,REB,AST,STL,BLK,TO,PF,PTS,FG2M,FG2A,FG2_PCT,OUTCOME,DEFICIT_FGM,DEFICIT_FGA,DEFICIT_FG3M,DEFICIT_FG3A,DEFICIT_FTM,DEFICIT_FTA,DEFICIT_OREB,DEFICIT_DREB,DEFICIT_REB,DEFICIT_AST,DEFICIT_STL,DEFICIT_BLK,DEFICIT_TO,DEFICIT_PF,DEFICIT_FG2M,DEFICIT_FG2A
0,Trail Blazers,12,30,0.4,18,20,0.9,9,46,55,17,5,7,7,18,104,25,58,0.431034482759,1,0.528571428571,0.5,0.666666666667,0.588235294118,0.58064516129,0.526315789474,0.529411764706,0.547619047619,0.544554455446,0.607142857143,0.555555555556,0.636363636364,0.466666666667,0.514285714286,0.480769230769,0.464
1,Knicks,6,21,0.286,13,18,0.722,8,38,46,11,4,4,8,17,85,27,67,0.402985074627,0,0.471428571429,0.5,0.333333333333,0.411764705882,0.41935483871,0.473684210526,0.470588235294,0.452380952381,0.455445544554,0.392857142857,0.444444444444,0.363636363636,0.533333333333,0.485714285714,0.519230769231,0.536
