,TEAM_NAME,FG3M,FG3A,FG3_PCT,FTM,FTA,FT_PCT,OREB,DREB,REB,AST,STL,BLK,TO,PF,PTS,FG2M,FG2A,FG2_PCT,OUTCOME,DEFICIT_FGM,DEFICIT_FGA,DEFICIT_FG3M,DEFICIT_FG3A,DEFICIT_FTM,DEFICIT_FTA,DEFICIT_OREB,DEFICIT_DREB,DEFICIT_REB,DEFICIT_AST,DEFICIT_STL,DEFICIT_BLK,DEFICIT_TO,DEFICIT_PF,DEFICIT_FG2M,DEFICIT_FG2A
0,Warriors,12,36,0.333,15,17,0.882,18,33,51,28,11,3,11,22,109,29,67,0.432835820896,1,0.525641025641,0.562841530055,0.5,0.521739130435,0.441176470588,0.414634146341,0.72,0.485294117647,0.548387096774,0.528301886792,0.55,0.375,0.392857142857,0.564102564103,0.537037037037,0.587719298246
1,Hawks,12,33,0.364,19,24,0.792,7,35,42,25,9,5,17,17,105,25,47,0.531914893617,0,0.474358974359,0.437158469945,0.5,0.478260869565,0.558823529412,0.585365853659,0.28,0.514705882353,0.451612903226,0.471698113208,0.45,0.625,0.607142857143,0.435897435897,0.462962962963,0.412280701754
