,TEAM_NAME,FG3M,FG3A,FG3_PCT,FTM,FTA,FT_PCT,OREB,DREB,REB,AST,STL,BLK,TO,PF,PTS,FG2M,FG2A,FG2_PCT,OUTCOME,DEFICIT_FGM,DEFICIT_FGA,DEFICIT_FG3M,DEFICIT_FG3A,DEFICIT_FTM,DEFICIT_FTA,DEFICIT_OREB,DEFICIT_DREB,DEFICIT_REB,DEFICIT_AST,DEFICIT_STL,DEFICIT_BLK,DEFICIT_TO,DEFICIT_PF,DEFICIT_FG2M,DEFICIT_FG2A
0,Thunder,9,23,0.391,30,37,0.811,10,43,53,20,2,15,12,27,109,26,56,0.464285714286,1,0.546875,0.484662576687,0.6,0.511111111111,0.535714285714,0.521126760563,0.588235294118,0.614285714286,0.609195402299,0.526315789474,0.222222222222,0.681818181818,0.75,0.5,0.530612244898,0.474576271186
1,Hornets,6,22,0.273,26,34,0.765,7,27,34,18,7,7,4,27,90,23,62,0.370967741935,0,0.453125,0.515337423313,0.4,0.488888888889,0.464285714286,0.478873239437,0.411764705882,0.385714285714,0.390804597701,0.473684210526,0.777777777778,0.318181818182,0.25,0.5,0.469387755102,0.525423728814
