,TEAM_NAME,FG3M,FG3A,FG3_PCT,FTM,FTA,FT_PCT,OREB,DREB,REB,AST,STL,BLK,TO,PF,PTS,FG2M,FG2A,FG2_PCT,OUTCOME,DEFICIT_FGM,DEFICIT_FGA,DEFICIT_FG3M,DEFICIT_FG3A,DEFICIT_FTM,DEFICIT_FTA,DEFICIT_OREB,DEFICIT_DREB,DEFICIT_REB,DEFICIT_AST,DEFICIT_STL,DEFICIT_BLK,DEFICIT_TO,DEFICIT_PF,DEFICIT_FG2M,DEFICIT_FG2A
0,Pelicans,6,20,0.3,19,24,0.792,9,44,53,19,8,2,19,19,105,34,63,0.539682539683,1,0.526315789474,0.5,0.375,0.434782608696,0.542857142857,0.558139534884,0.75,0.594594594595,0.616279069767,0.487179487179,0.444444444444,0.5,0.59375,0.527777777778,0.566666666667,0.525
1,Mavericks,10,26,0.385,16,19,0.842,3,30,33,20,10,2,13,17,98,26,57,0.456140350877,0,0.473684210526,0.5,0.625,0.565217391304,0.457142857143,0.441860465116,0.25,0.405405405405,0.383720930233,0.512820512821,0.555555555556,0.5,0.40625,0.472222222222,0.433333333333,0.475
