,TEAM_NAME,FG3M,FG3A,FG3_PCT,FTM,FTA,FT_PCT,OREB,DREB,REB,AST,STL,BLK,TO,PF,PTS,FG2M,FG2A,FG2_PCT,OUTCOME,DEFICIT_FGM,DEFICIT_FGA,DEFICIT_FG3M,DEFICIT_FG3A,DEFICIT_FTM,DEFICIT_FTA,DEFICIT_OREB,DEFICIT_DREB,DEFICIT_REB,DEFICIT_AST,DEFICIT_STL,DEFICIT_BLK,DEFICIT_TO,DEFICIT_PF,DEFICIT_FG2M,DEFICIT_FG2A
0,Spurs,13,24,0.542,18,19,0.947,8,31,39,31,9,2,11,22,121,32,62,0.516129032258,1,0.548780487805,0.5375,0.590909090909,0.521739130435,0.473684210526,0.365384615385,0.5,0.516666666667,0.513157894737,0.543859649123,0.5625,0.333333333333,0.423076923077,0.52380952381,0.533333333333,0.543859649123
1,Rockets,9,22,0.409,20,33,0.606,8,29,37,26,7,4,15,20,103,28,52,0.538461538462,0,0.451219512195,0.4625,0.409090909091,0.478260869565,0.526315789474,0.634615384615,0.5,0.483333333333,0.486842105263,0.456140350877,0.4375,0.666666666667,0.576923076923,0.47619047619,0.466666666667,0.456140350877
