,TEAM_NAME,FG3M,FG3A,FG3_PCT,FTM,FTA,FT_PCT,OREB,DREB,REB,AST,STL,BLK,TO,PF,PTS,FG2M,FG2A,FG2_PCT,OUTCOME,DEFICIT_FGM,DEFICIT_FGA,DEFICIT_FG3M,DEFICIT_FG3A,DEFICIT_FTM,DEFICIT_FTA,DEFICIT_OREB,DEFICIT_DREB,DEFICIT_REB,DEFICIT_AST,DEFICIT_STL,DEFICIT_BLK,DEFICIT_TO,DEFICIT_PF,DEFICIT_FG2M,DEFICIT_FG2A
0,Heat,4,21,0.19,15,21,0.714,10,36,46,18,7,9,16,18,83,28,56,0.5,1,0.5161290322580645,0.4873417721518987,0.5,0.525,0.5769230769230769,0.5384615384615384,0.5555555555555556,0.5294117647058824,0.5348837209302325,0.42857142857142855,0.5,0.75,0.5517241379310345,0.4864864864864865,0.5185185185185185,0.4745762711864407
1,Celtics,4,19,0.211,11,18,0.611,8,32,40,24,7,3,13,19,75,26,62,0.41935483870967744,0,0.4838709677419355,0.5126582278481012,0.5,0.475,0.4230769230769231,0.46153846153846156,0.4444444444444444,0.47058823529411764,0.46511627906976744,0.5714285714285714,0.5,0.25,0.4482758620689655,0.5135135135135135,0.48148148148148145,0.5254237288135594
