,TEAM_NAME,FG3M,FG3A,FG3_PCT,FTM,FTA,FT_PCT,OREB,DREB,REB,AST,STL,BLK,TO,PF,PTS,FG2M,FG2A,FG2_PCT,OUTCOME,DEFICIT_FGM,DEFICIT_FGA,DEFICIT_FG3M,DEFICIT_FG3A,DEFICIT_FTM,DEFICIT_FTA,DEFICIT_OREB,DEFICIT_DREB,DEFICIT_REB,DEFICIT_AST,DEFICIT_STL,DEFICIT_BLK,DEFICIT_TO,DEFICIT_PF,DEFICIT_FG2M,DEFICIT_FG2A
0,Suns,2,22,0.091,14,21,0.667,14,43,57,11,5,8,12,15,74,27,61,0.44262295082,1,0.483333333333,0.5,0.285714285714,0.55,0.736842105263,0.677419354839,0.608695652174,0.544303797468,0.558823529412,0.366666666667,0.555555555556,0.666666666667,0.571428571429,0.454545454545,0.509433962264,0.484126984127
1,Pelicans,5,18,0.278,5,10,0.5,9,36,45,19,4,4,9,18,72,26,65,0.4,0,0.516666666667,0.5,0.714285714286,0.45,0.263157894737,0.322580645161,0.391304347826,0.455696202532,0.441176470588,0.633333333333,0.444444444444,0.333333333333,0.428571428571,0.545454545455,0.490566037736,0.515873015873
