,TEAM_NAME,FG3M,FG3A,FG3_PCT,FTM,FTA,FT_PCT,OREB,DREB,REB,AST,STL,BLK,TO,PF,PTS,FG2M,FG2A,FG2_PCT,OUTCOME,DEFICIT_FGM,DEFICIT_FGA,DEFICIT_FG3M,DEFICIT_FG3A,DEFICIT_FTM,DEFICIT_FTA,DEFICIT_OREB,DEFICIT_DREB,DEFICIT_REB,DEFICIT_AST,DEFICIT_STL,DEFICIT_BLK,DEFICIT_TO,DEFICIT_PF,DEFICIT_FG2M,DEFICIT_FG2A
0,Thunder,15,33,0.455,17,24,0.708,13,42,55,32,10,4,17,21,124,31,54,0.574074074074,1,0.55421686747,0.497142857143,0.6,0.52380952381,0.485714285714,0.470588235294,0.565217391304,0.6,0.591397849462,0.533333333333,0.526315789474,0.5,0.566666666667,0.525,0.534482758621,0.482142857143
1,Nuggets,10,30,0.333,18,27,0.667,10,28,38,28,9,4,13,19,102,27,58,0.465517241379,0,0.44578313253,0.502857142857,0.4,0.47619047619,0.514285714286,0.529411764706,0.434782608696,0.4,0.408602150538,0.466666666667,0.473684210526,0.5,0.433333333333,0.475,0.465517241379,0.517857142857
