,TEAM_NAME,FG3M,FG3A,FG3_PCT,FTM,FTA,FT_PCT,OREB,DREB,REB,AST,STL,BLK,TO,PF,PTS,FG2M,FG2A,FG2_PCT,OUTCOME,DEFICIT_FGM,DEFICIT_FGA,DEFICIT_FG3M,DEFICIT_FG3A,DEFICIT_FTM,DEFICIT_FTA,DEFICIT_OREB,DEFICIT_DREB,DEFICIT_REB,DEFICIT_AST,DEFICIT_STL,DEFICIT_BLK,DEFICIT_TO,DEFICIT_PF,DEFICIT_FG2M,DEFICIT_FG2A
0,Raptors,6,23,0.261,22,31,0.71,7,40,47,19,6,8,11,16,96,28,55,0.509090909091,1,0.515151515152,0.469879518072,0.352941176471,0.396551724138,0.594594594595,0.596153846154,0.388888888889,0.555555555556,0.522222222222,0.487179487179,0.545454545455,0.571428571429,0.647058823529,0.421052631579,0.571428571429,0.509259259259
1,Hornets,11,35,0.314,15,21,0.714,11,32,43,20,5,6,6,22,90,21,53,0.396226415094,0,0.484848484848,0.530120481928,0.647058823529,0.603448275862,0.405405405405,0.403846153846,0.611111111111,0.444444444444,0.477777777778,0.512820512821,0.454545454545,0.428571428571,0.352941176471,0.578947368421,0.428571428571,0.490740740741
