,TEAM_NAME,FG3M,FG3A,FG3_PCT,FTM,FTA,FT_PCT,OREB,DREB,REB,AST,STL,BLK,TO,PF,PTS,FG2M,FG2A,FG2_PCT,OUTCOME,DEFICIT_FGM,DEFICIT_FGA,DEFICIT_FG3M,DEFICIT_FG3A,DEFICIT_FTM,DEFICIT_FTA,DEFICIT_OREB,DEFICIT_DREB,DEFICIT_REB,DEFICIT_AST,DEFICIT_STL,DEFICIT_BLK,DEFICIT_TO,DEFICIT_PF,DEFICIT_FG2M,DEFICIT_FG2A
0,Spurs,7,18,0.389,15,18,0.833,8,29,37,25,7,5,14,12,110,37,59,0.627118644068,1,0.5,0.48125,0.5,0.5,0.625,0.58064516129,0.5,0.557692307692,0.544117647059,0.520833333333,0.388888888889,0.555555555556,0.583333333333,0.387096774194,0.5,0.475806451613
1,Grizzlies,7,18,0.389,9,13,0.692,8,23,31,23,11,4,10,19,104,37,65,0.569230769231,0,0.5,0.51875,0.5,0.5,0.375,0.41935483871,0.5,0.442307692308,0.455882352941,0.479166666667,0.611111111111,0.444444444444,0.416666666667,0.612903225806,0.5,0.524193548387
