,TEAM_NAME,FG3M,FG3A,FG3_PCT,FTM,FTA,FT_PCT,OREB,DREB,REB,AST,STL,BLK,TO,PF,PTS,FG2M,FG2A,FG2_PCT,OUTCOME,DEFICIT_FGM,DEFICIT_FGA,DEFICIT_FG3M,DEFICIT_FG3A,DEFICIT_FTM,DEFICIT_FTA,DEFICIT_OREB,DEFICIT_DREB,DEFICIT_REB,DEFICIT_AST,DEFICIT_STL,DEFICIT_BLK,DEFICIT_TO,DEFICIT_PF,DEFICIT_FG2M,DEFICIT_FG2A
0,Kings,7,22,0.318,29,39,0.744,12,40,52,28,10,7,12,22,116,33,68,0.485294117647,1,0.533333333333,0.489130434783,0.4375,0.407407407407,0.659090909091,0.629032258065,0.4,0.506329113924,0.477064220183,0.583333333333,0.714285714286,0.777777777778,0.352941176471,0.448979591837,0.559322033898,0.523076923077
1,Suns,9,32,0.281,15,23,0.652,18,39,57,20,4,2,22,27,94,26,62,0.41935483871,0,0.466666666667,0.510869565217,0.5625,0.592592592593,0.340909090909,0.370967741935,0.6,0.493670886076,0.522935779817,0.416666666667,0.285714285714,0.222222222222,0.647058823529,0.551020408163,0.440677966102,0.476923076923
