,TEAM_NAME,FG3M,FG3A,FG3_PCT,FTM,FTA,FT_PCT,OREB,DREB,REB,AST,STL,BLK,TO,PF,PTS,FG2M,FG2A,FG2_PCT,OUTCOME,DEFICIT_FGM,DEFICIT_FGA,DEFICIT_FG3M,DEFICIT_FG3A,DEFICIT_FTM,DEFICIT_FTA,DEFICIT_OREB,DEFICIT_DREB,DEFICIT_REB,DEFICIT_AST,DEFICIT_STL,DEFICIT_BLK,DEFICIT_TO,DEFICIT_PF,DEFICIT_FG2M,DEFICIT_FG2A
0,Spurs,12,24,0.5,16,20,0.8,4,29,33,29,8,9,6,19,112,30,58,0.5172413793103449,1,0.525,0.5222929936305732,0.6666666666666666,0.7058823529411765,0.42105263157894735,0.43478260869565216,0.3333333333333333,0.43283582089552236,0.4177215189873418,0.5686274509803921,0.6666666666666666,0.6923076923076923,0.3,0.48717948717948717,0.4838709677419355,0.4715447154471545
1,Kings,6,10,0.6,22,26,0.846,8,38,46,22,4,4,14,20,104,32,65,0.49230769230769234,0,0.475,0.47770700636942676,0.3333333333333333,0.29411764705882354,0.5789473684210527,0.5652173913043478,0.6666666666666666,0.5671641791044776,0.5822784810126582,0.43137254901960786,0.3333333333333333,0.3076923076923077,0.7,0.5128205128205128,0.5161290322580645,0.5284552845528455
