,TEAM_NAME,FG3M,FG3A,FG3_PCT,FTM,FTA,FT_PCT,OREB,DREB,REB,AST,STL,BLK,TO,PF,PTS,FG2M,FG2A,FG2_PCT,OUTCOME,DEFICIT_FGM,DEFICIT_FGA,DEFICIT_FG3M,DEFICIT_FG3A,DEFICIT_FTM,DEFICIT_FTA,DEFICIT_OREB,DEFICIT_DREB,DEFICIT_REB,DEFICIT_AST,DEFICIT_STL,DEFICIT_BLK,DEFICIT_TO,DEFICIT_PF,DEFICIT_FG2M,DEFICIT_FG2A
0,Suns,8,23,0.348,23,29,0.793,9,25,34,14,4,5,15,27,97,25,62,0.4032258064516129,0,0.44594594594594594,0.4913294797687861,0.5,0.5227272727272727,0.41818181818181815,0.4461538461538462,0.36,0.373134328358209,0.3695652173913043,0.4117647058823529,0.2857142857142857,0.625,0.45454545454545453,0.5,0.43103448275862066,0.4806201550387597
1,Nuggets,8,21,0.381,32,36,0.889,16,42,58,20,10,3,18,27,122,33,67,0.4925373134328358,1,0.5540540540540541,0.5086705202312138,0.5,0.4772727272727273,0.5818181818181818,0.5538461538461539,0.64,0.6268656716417911,0.6304347826086957,0.5882352941176471,0.7142857142857143,0.375,0.5454545454545454,0.5,0.5689655172413793,0.5193798449612403
