,TEAM_NAME,FG3M,FG3A,FG3_PCT,FTM,FTA,FT_PCT,OREB,DREB,REB,AST,STL,BLK,TO,PF,PTS,FG2M,FG2A,FG2_PCT,OUTCOME,DEFICIT_FGM,DEFICIT_FGA,DEFICIT_FG3M,DEFICIT_FG3A,DEFICIT_FTM,DEFICIT_FTA,DEFICIT_OREB,DEFICIT_DREB,DEFICIT_REB,DEFICIT_AST,DEFICIT_STL,DEFICIT_BLK,DEFICIT_TO,DEFICIT_PF,DEFICIT_FG2M,DEFICIT_FG2A
0,Raptors,14,33,0.424,12,16,0.75,15,40,55,17,7,1,17,23,102,24,58,0.413793103448,0,0.487179487179,0.514124293785,0.56,0.559322033898,0.444444444444,0.421052631579,0.714285714286,0.56338028169,0.597826086957,0.386363636364,0.5,0.1,0.68,0.575,0.452830188679,0.491525423729
1,Mavericks,11,26,0.423,15,22,0.682,6,31,37,27,7,9,8,17,106,29,60,0.483333333333,1,0.512820512821,0.485875706215,0.44,0.440677966102,0.555555555556,0.578947368421,0.285714285714,0.43661971831,0.402173913043,0.613636363636,0.5,0.9,0.32,0.425,0.547169811321,0.508474576271
