,TEAM_NAME,FG3M,FG3A,FG3_PCT,FTM,FTA,FT_PCT,OREB,DREB,REB,AST,STL,BLK,TO,PF,PTS,FG2M,FG2A,FG2_PCT,OUTCOME,DEFICIT_FGM,DEFICIT_FGA,DEFICIT_FG3M,DEFICIT_FG3A,DEFICIT_FTM,DEFICIT_FTA,DEFICIT_OREB,DEFICIT_DREB,DEFICIT_REB,DEFICIT_AST,DEFICIT_STL,DEFICIT_BLK,DEFICIT_TO,DEFICIT_PF,DEFICIT_FG2M,DEFICIT_FG2A
0,Pelicans,7,24,0.292,12,16,0.75,16,26,42,23,8,4,12,19,91,29,65,0.446153846154,0,0.486486486486,0.539393939394,0.583333333333,0.585365853659,0.387096774194,0.421052631579,0.592592592593,0.456140350877,0.5,0.469387755102,0.571428571429,0.363636363636,0.4,0.575757575758,0.467741935484,0.524193548387
1,Hawks,5,17,0.294,19,22,0.864,11,31,42,26,6,7,18,14,100,33,59,0.559322033898,1,0.513513513514,0.460606060606,0.416666666667,0.414634146341,0.612903225806,0.578947368421,0.407407407407,0.543859649123,0.5,0.530612244898,0.428571428571,0.636363636364,0.6,0.424242424242,0.532258064516,0.475806451613
