,TEAM_NAME,FG3M,FG3A,FG3_PCT,FTM,FTA,FT_PCT,OREB,DREB,REB,AST,STL,BLK,TO,PF,PTS,FG2M,FG2A,FG2_PCT,OUTCOME,DEFICIT_FGM,DEFICIT_FGA,DEFICIT_FG3M,DEFICIT_FG3A,DEFICIT_FTM,DEFICIT_FTA,DEFICIT_OREB,DEFICIT_DREB,DEFICIT_REB,DEFICIT_AST,DEFICIT_STL,DEFICIT_BLK,DEFICIT_TO,DEFICIT_PF,DEFICIT_FG2M,DEFICIT_FG2A
0,Thunder,10,24,0.417,19,23,0.826,18,39,57,20,9,0,14,30,105,28,62,0.45161290322580644,1,0.5671641791044776,0.5341614906832298,0.8333333333333334,0.5581395348837209,0.5135135135135135,0.48936170212765956,0.72,0.6,0.6333333333333333,0.5405405405405406,0.75,0.0,0.5384615384615384,0.5769230769230769,0.509090909090909,0.5254237288135594
1,Knicks,2,19,0.105,18,24,0.75,7,26,33,17,3,6,12,22,78,27,56,0.48214285714285715,0,0.43283582089552236,0.4658385093167702,0.16666666666666666,0.4418604651162791,0.4864864864864865,0.5106382978723404,0.28,0.4,0.36666666666666664,0.4594594594594595,0.25,1.0,0.46153846153846156,0.4230769230769231,0.4909090909090909,0.4745762711864407
