,TEAM_NAME,FG3M,FG3A,FG3_PCT,FTM,FTA,FT_PCT,OREB,DREB,REB,AST,STL,BLK,TO,PF,PTS,FG2M,FG2A,FG2_PCT,OUTCOME,DEFICIT_FGM,DEFICIT_FGA,DEFICIT_FG3M,DEFICIT_FG3A,DEFICIT_FTM,DEFICIT_FTA,DEFICIT_OREB,DEFICIT_DREB,DEFICIT_REB,DEFICIT_AST,DEFICIT_STL,DEFICIT_BLK,DEFICIT_TO,DEFICIT_PF,DEFICIT_FG2M,DEFICIT_FG2A
0,Magic,10,18,0.556,13,13,1.0,9,24,33,21,14,4,14,18,91,24,67,0.358208955224,0,0.465753424658,0.518292682927,0.555555555556,0.5,0.541666666667,0.448275862069,0.45,0.375,0.392857142857,0.411764705882,0.666666666667,0.363636363636,0.388888888889,0.514285714286,0.436363636364,0.5234375
1,Bucks,8,18,0.444,11,16,0.688,11,40,51,30,7,7,22,17,97,31,61,0.508196721311,1,0.534246575342,0.481707317073,0.444444444444,0.5,0.458333333333,0.551724137931,0.55,0.625,0.607142857143,0.588235294118,0.333333333333,0.636363636364,0.611111111111,0.485714285714,0.563636363636,0.4765625
