,TEAM_NAME,FG3M,FG3A,FG3_PCT,FTM,FTA,FT_PCT,OREB,DREB,REB,AST,STL,BLK,TO,PF,PTS,FG2M,FG2A,FG2_PCT,OUTCOME,DEFICIT_FGM,DEFICIT_FGA,DEFICIT_FG3M,DEFICIT_FG3A,DEFICIT_FTM,DEFICIT_FTA,DEFICIT_OREB,DEFICIT_DREB,DEFICIT_REB,DEFICIT_AST,DEFICIT_STL,DEFICIT_BLK,DEFICIT_TO,DEFICIT_PF,DEFICIT_FG2M,DEFICIT_FG2A
0,Warriors,7,20,0.35,10,13,0.769,10,32,42,29,5,6,17,11,105,37,64,0.578125,1,0.511627906977,0.461538461538,0.636363636364,0.625,0.5,0.52,0.344827586207,0.516129032258,0.461538461538,0.617021276596,0.454545454545,0.545454545455,0.566666666667,0.407407407407,0.493333333333,0.426666666667
1,Pistons,4,12,0.333,10,12,0.833,19,30,49,18,6,5,13,16,98,38,86,0.441860465116,0,0.488372093023,0.538461538462,0.363636363636,0.375,0.5,0.48,0.655172413793,0.483870967742,0.538461538462,0.382978723404,0.545454545455,0.454545454545,0.433333333333,0.592592592593,0.506666666667,0.573333333333
