,TEAM_NAME,FG3M,FG3A,FG3_PCT,FTM,FTA,FT_PCT,OREB,DREB,REB,AST,STL,BLK,TO,PF,PTS,FG2M,FG2A,FG2_PCT,OUTCOME,DEFICIT_FGM,DEFICIT_FGA,DEFICIT_FG3M,DEFICIT_FG3A,DEFICIT_FTM,DEFICIT_FTA,DEFICIT_OREB,DEFICIT_DREB,DEFICIT_REB,DEFICIT_AST,DEFICIT_STL,DEFICIT_BLK,DEFICIT_TO,DEFICIT_PF,DEFICIT_FG2M,DEFICIT_FG2A
0,Magic,7,23,0.304,7,14,0.5,4,35,39,23,8,7,10,11,98,35,56,0.625,1,0.525,0.478787878788,0.411764705882,0.46,0.538461538462,0.518518518519,0.285714285714,0.507246376812,0.469879518072,0.589743589744,0.5,0.7,0.454545454545,0.478260869565,0.555555555556,0.486956521739
1,Pistons,10,27,0.37,6,13,0.462,10,34,44,16,8,3,12,12,92,28,59,0.474576271186,0,0.475,0.521212121212,0.588235294118,0.54,0.461538461538,0.481481481481,0.714285714286,0.492753623188,0.530120481928,0.410256410256,0.5,0.3,0.545454545455,0.521739130435,0.444444444444,0.513043478261
