,TEAM_NAME,FG3M,FG3A,FG3_PCT,FTM,FTA,FT_PCT,OREB,DREB,REB,AST,STL,BLK,TO,PF,PTS,FG2M,FG2A,FG2_PCT,OUTCOME,DEFICIT_FGM,DEFICIT_FGA,DEFICIT_FG3M,DEFICIT_FG3A,DEFICIT_FTM,DEFICIT_FTA,DEFICIT_OREB,DEFICIT_DREB,DEFICIT_REB,DEFICIT_AST,DEFICIT_STL,DEFICIT_BLK,DEFICIT_TO,DEFICIT_PF,DEFICIT_FG2M,DEFICIT_FG2A
0,Magic,8,20,0.4,10,14,0.714,8,23,31,22,13,2,19,23,88,27,54,0.5,0,0.507246376812,0.503401360544,0.4,0.408163265306,0.37037037037,0.378378378378,0.363636363636,0.442307692308,0.418918918919,0.488888888889,0.541666666667,0.285714285714,0.452380952381,0.589743589744,0.551020408163,0.551020408163
1,Nets,12,29,0.414,17,23,0.739,14,29,43,23,11,5,23,16,97,22,44,0.5,1,0.492753623188,0.496598639456,0.6,0.591836734694,0.62962962963,0.621621621622,0.636363636364,0.557692307692,0.581081081081,0.511111111111,0.458333333333,0.714285714286,0.547619047619,0.410256410256,0.448979591837,0.448979591837
