,TEAM_NAME,FG3M,FG3A,FG3_PCT,FTM,FTA,FT_PCT,OREB,DREB,REB,AST,STL,BLK,TO,PF,PTS,FG2M,FG2A,FG2_PCT,OUTCOME,DEFICIT_FGM,DEFICIT_FGA,DEFICIT_FG3M,DEFICIT_FG3A,DEFICIT_FTM,DEFICIT_FTA,DEFICIT_OREB,DEFICIT_DREB,DEFICIT_REB,DEFICIT_AST,DEFICIT_STL,DEFICIT_BLK,DEFICIT_TO,DEFICIT_PF,DEFICIT_FG2M,DEFICIT_FG2A
0,Kings,6,17,0.353,18,27,0.667,8,39,47,25,6,6,15,23,106,35,65,0.538461538462,1,0.539473684211,0.482352941176,0.461538461538,0.435897435897,0.409090909091,0.473684210526,0.444444444444,0.557142857143,0.534090909091,0.490196078431,0.5,0.545454545455,0.6,0.53488372093,0.555555555556,0.496183206107
1,Timberwolves,7,22,0.318,26,30,0.867,10,31,41,26,6,5,10,20,103,28,66,0.424242424242,0,0.460526315789,0.517647058824,0.538461538462,0.564102564103,0.590909090909,0.526315789474,0.555555555556,0.442857142857,0.465909090909,0.509803921569,0.5,0.454545454545,0.4,0.46511627907,0.444444444444,0.503816793893
