,TEAM_NAME,FG3M,FG3A,FG3_PCT,FTM,FTA,FT_PCT,OREB,DREB,REB,AST,STL,BLK,TO,PF,PTS,FG2M,FG2A,FG2_PCT,OUTCOME,DEFICIT_FGM,DEFICIT_FGA,DEFICIT_FG3M,DEFICIT_FG3A,DEFICIT_FTM,DEFICIT_FTA,DEFICIT_OREB,DEFICIT_DREB,DEFICIT_REB,DEFICIT_AST,DEFICIT_STL,DEFICIT_BLK,DEFICIT_TO,DEFICIT_PF,DEFICIT_FG2M,DEFICIT_FG2A
0,Magic,7,17,0.412,7,11,0.636,4,33,37,28,7,1,9,14,104,38,65,0.584615384615,1,0.548780487805,0.49696969697,0.583333333333,0.459459459459,0.411764705882,0.423076923077,0.285714285714,0.507692307692,0.46835443038,0.549019607843,0.583333333333,0.166666666667,0.409090909091,0.48275862069,0.542857142857,0.5078125
1,Pelicans,5,20,0.25,10,15,0.667,10,32,42,23,5,5,13,15,89,32,63,0.507936507937,0,0.451219512195,0.50303030303,0.416666666667,0.540540540541,0.588235294118,0.576923076923,0.714285714286,0.492307692308,0.53164556962,0.450980392157,0.416666666667,0.833333333333,0.590909090909,0.51724137931,0.457142857143,0.4921875
