,TEAM_NAME,FG3M,FG3A,FG3_PCT,FTM,FTA,FT_PCT,OREB,DREB,REB,AST,STL,BLK,TO,PF,PTS,FG2M,FG2A,FG2_PCT,OUTCOME,DEFICIT_FGM,DEFICIT_FGA,DEFICIT_FG3M,DEFICIT_FG3A,DEFICIT_FTM,DEFICIT_FTA,DEFICIT_OREB,DEFICIT_DREB,DEFICIT_REB,DEFICIT_AST,DEFICIT_STL,DEFICIT_BLK,DEFICIT_TO,DEFICIT_PF,DEFICIT_FG2M,DEFICIT_FG2A
0,Heat,10,24,0.417,23,30,0.767,11,31,42,20,9,8,14,23,105,26,54,0.481481481481,0,0.5,0.4875,0.454545454545,0.510638297872,0.46,0.454545454545,0.407407407407,0.476923076923,0.45652173913,0.5,0.529411764706,0.727272727273,0.518518518519,0.489361702128,0.52,0.477876106195
1,Nets,12,23,0.522,27,36,0.75,16,34,50,20,8,3,13,24,111,24,59,0.406779661017,1,0.5,0.5125,0.545454545455,0.489361702128,0.54,0.545454545455,0.592592592593,0.523076923077,0.54347826087,0.5,0.470588235294,0.272727272727,0.481481481481,0.510638297872,0.48,0.522123893805
