,TEAM_NAME,FG3M,FG3A,FG3_PCT,FTM,FTA,FT_PCT,OREB,DREB,REB,AST,STL,BLK,TO,PF,PTS,FG2M,FG2A,FG2_PCT,OUTCOME,DEFICIT_FGM,DEFICIT_FGA,DEFICIT_FG3M,DEFICIT_FG3A,DEFICIT_FTM,DEFICIT_FTA,DEFICIT_OREB,DEFICIT_DREB,DEFICIT_REB,DEFICIT_AST,DEFICIT_STL,DEFICIT_BLK,DEFICIT_TO,DEFICIT_PF,DEFICIT_FG2M,DEFICIT_FG2A
0,Raptors,6,20,0.3,15,24,0.625,11,35,46,23,5,5,7,19,97,32,68,0.470588235294,0,0.487179487179,0.502857142857,0.428571428571,0.487804878049,0.483870967742,0.5,0.5,0.479452054795,0.484210526316,0.5,0.555555555556,0.333333333333,0.411764705882,0.558823529412,0.5,0.507462686567
1,Bulls,8,21,0.381,16,24,0.667,11,38,49,23,4,10,10,15,104,32,66,0.484848484848,1,0.512820512821,0.497142857143,0.571428571429,0.512195121951,0.516129032258,0.5,0.5,0.520547945205,0.515789473684,0.5,0.444444444444,0.666666666667,0.588235294118,0.441176470588,0.5,0.492537313433
