,TEAM_NAME,FG3M,FG3A,FG3_PCT,FTM,FTA,FT_PCT,OREB,DREB,REB,AST,STL,BLK,TO,PF,PTS,FG2M,FG2A,FG2_PCT,OUTCOME,DEFICIT_FGM,DEFICIT_FGA,DEFICIT_FG3M,DEFICIT_FG3A,DEFICIT_FTM,DEFICIT_FTA,DEFICIT_OREB,DEFICIT_DREB,DEFICIT_REB,DEFICIT_AST,DEFICIT_STL,DEFICIT_BLK,DEFICIT_TO,DEFICIT_PF,DEFICIT_FG2M,DEFICIT_FG2A
0,Raptors,7,19,0.368,20,23,0.87,9,30,39,27,12,4,17,18,95,27,59,0.457627118644,1,0.515151515152,0.513157894737,0.583333333333,0.575757575758,0.606060606061,0.53488372093,0.5625,0.508474576271,0.52,0.627906976744,0.6,0.571428571429,0.435897435897,0.4,0.5,0.495798319328
1,Pacers,5,14,0.357,13,20,0.65,7,29,36,16,8,3,22,27,82,27,60,0.45,0,0.484848484848,0.486842105263,0.416666666667,0.424242424242,0.393939393939,0.46511627907,0.4375,0.491525423729,0.48,0.372093023256,0.4,0.428571428571,0.564102564103,0.6,0.5,0.504201680672
