,TEAM_NAME,FG3M,FG3A,FG3_PCT,FTM,FTA,FT_PCT,OREB,DREB,REB,AST,STL,BLK,TO,PF,PTS,FG2M,FG2A,FG2_PCT,OUTCOME,DEFICIT_FGM,DEFICIT_FGA,DEFICIT_FG3M,DEFICIT_FG3A,DEFICIT_FTM,DEFICIT_FTA,DEFICIT_OREB,DEFICIT_DREB,DEFICIT_REB,DEFICIT_AST,DEFICIT_STL,DEFICIT_BLK,DEFICIT_TO,DEFICIT_PF,DEFICIT_FG2M,DEFICIT_FG2A
0,Wizards,5,24,0.208,7,10,0.7,15,31,46,17,9,6,18,21,78,28,64,0.4375,0,0.52380952381,0.530120481928,0.454545454545,0.5,0.25,0.30303030303,0.555555555556,0.492063492063,0.511111111111,0.485714285714,0.428571428571,0.666666666667,0.545454545455,0.636363636364,0.538461538462,0.542372881356
1,Mavericks,6,24,0.25,21,23,0.913,12,32,44,18,12,3,15,12,87,24,54,0.444444444444,1,0.47619047619,0.469879518072,0.545454545455,0.5,0.75,0.69696969697,0.444444444444,0.507936507937,0.488888888889,0.514285714286,0.571428571429,0.333333333333,0.454545454545,0.363636363636,0.461538461538,0.457627118644
