,TEAM_NAME,FG3M,FG3A,FG3_PCT,FTM,FTA,FT_PCT,OREB,DREB,REB,AST,STL,BLK,TO,PF,PTS,FG2M,FG2A,FG2_PCT,OUTCOME,DEFICIT_FGM,DEFICIT_FGA,DEFICIT_FG3M,DEFICIT_FG3A,DEFICIT_FTM,DEFICIT_FTA,DEFICIT_OREB,DEFICIT_DREB,DEFICIT_REB,DEFICIT_AST,DEFICIT_STL,DEFICIT_BLK,DEFICIT_TO,DEFICIT_PF,DEFICIT_FG2M,DEFICIT_FG2A
0,76ers,9,23,0.391,19,28,0.679,14,39,53,23,10,5,17,25,114,34,69,0.492753623188,1,0.544303797468,0.502732240437,0.642857142857,0.479166666667,0.431818181818,0.444444444444,0.48275862069,0.541666666667,0.524752475248,0.5,0.588235294118,0.384615384615,0.548387096774,0.471698113208,0.523076923077,0.511111111111
1,Nuggets,5,25,0.2,25,35,0.714,15,33,48,23,7,8,14,28,102,31,66,0.469696969697,0,0.455696202532,0.497267759563,0.357142857143,0.520833333333,0.568181818182,0.555555555556,0.51724137931,0.458333333333,0.475247524752,0.5,0.411764705882,0.615384615385,0.451612903226,0.528301886792,0.476923076923,0.488888888889
