,TEAM_NAME,FG3M,FG3A,FG3_PCT,FTM,FTA,FT_PCT,OREB,DREB,REB,AST,STL,BLK,TO,PF,PTS,FG2M,FG2A,FG2_PCT,OUTCOME,DEFICIT_FGM,DEFICIT_FGA,DEFICIT_FG3M,DEFICIT_FG3A,DEFICIT_FTM,DEFICIT_FTA,DEFICIT_OREB,DEFICIT_DREB,DEFICIT_REB,DEFICIT_AST,DEFICIT_STL,DEFICIT_BLK,DEFICIT_TO,DEFICIT_PF,DEFICIT_FG2M,DEFICIT_FG2A
0,Thunder,7,26,0.269,20,22,0.909,11,35,46,22,9,11,11,23,103,31,61,0.5081967213114754,1,0.5507246376811594,0.5058139534883721,0.4375,0.48148148148148145,0.46511627906976744,0.4230769230769231,0.4230769230769231,0.5147058823529411,0.48936170212765956,0.5238095238095238,0.6428571428571429,0.7333333333333333,0.44,0.5348837209302325,0.5849056603773585,0.5169491525423728
1,Cavaliers,9,28,0.321,23,30,0.767,15,33,48,20,5,4,14,20,94,22,57,0.38596491228070173,0,0.4492753623188406,0.4941860465116279,0.5625,0.5185185185185185,0.5348837209302325,0.5769230769230769,0.5769230769230769,0.4852941176470588,0.5106382978723404,0.47619047619047616,0.35714285714285715,0.26666666666666666,0.56,0.46511627906976744,0.41509433962264153,0.4830508474576271
