,TEAM_NAME,FG3M,FG3A,FG3_PCT,FTM,FTA,FT_PCT,OREB,DREB,REB,AST,STL,BLK,TO,PF,PTS,FG2M,FG2A,FG2_PCT,OUTCOME,DEFICIT_FGM,DEFICIT_FGA,DEFICIT_FG3M,DEFICIT_FG3A,DEFICIT_FTM,DEFICIT_FTA,DEFICIT_OREB,DEFICIT_DREB,DEFICIT_REB,DEFICIT_AST,DEFICIT_STL,DEFICIT_BLK,DEFICIT_TO,DEFICIT_PF,DEFICIT_FG2M,DEFICIT_FG2A
0,Kings,8,18,0.444,23,34,0.676,11,33,44,22,8,4,21,23,109,31,66,0.4696969696969697,0,0.5064935064935064,0.4692737430167598,0.34782608695652173,0.2903225806451613,0.5111111111111111,0.5230769230769231,0.44,0.5409836065573771,0.5116279069767442,0.55,0.38095238095238093,0.5714285714285714,0.6,0.46,0.5740740740740741,0.5641025641025641
1,Rockets,15,44,0.341,22,31,0.71,14,28,42,18,13,3,14,27,113,23,51,0.45098039215686275,1,0.4935064935064935,0.5307262569832403,0.6521739130434783,0.7096774193548387,0.4888888888888889,0.47692307692307695,0.56,0.45901639344262296,0.4883720930232558,0.45,0.6190476190476191,0.42857142857142855,0.4,0.54,0.42592592592592593,0.4358974358974359
