,TEAM_NAME,FG3M,FG3A,FG3_PCT,FTM,FTA,FT_PCT,OREB,DREB,REB,AST,STL,BLK,TO,PF,PTS,FG2M,FG2A,FG2_PCT,OUTCOME,DEFICIT_FGM,DEFICIT_FGA,DEFICIT_FG3M,DEFICIT_FG3A,DEFICIT_FTM,DEFICIT_FTA,DEFICIT_OREB,DEFICIT_DREB,DEFICIT_REB,DEFICIT_AST,DEFICIT_STL,DEFICIT_BLK,DEFICIT_TO,DEFICIT_PF,DEFICIT_FG2M,DEFICIT_FG2A
0,Thunder,7,26,0.269,20,22,0.909,11,35,46,22,9,11,11,23,103,31,61,0.508196721311,1,0.550724637681,0.505813953488,0.4375,0.481481481481,0.46511627907,0.423076923077,0.423076923077,0.514705882353,0.489361702128,0.52380952381,0.642857142857,0.733333333333,0.44,0.53488372093,0.584905660377,0.516949152542
1,Cavaliers,9,28,0.321,23,30,0.767,15,33,48,20,5,4,14,20,94,22,57,0.385964912281,0,0.449275362319,0.494186046512,0.5625,0.518518518519,0.53488372093,0.576923076923,0.576923076923,0.485294117647,0.510638297872,0.47619047619,0.357142857143,0.266666666667,0.56,0.46511627907,0.415094339623,0.483050847458
