,TEAM_NAME,FG3M,FG3A,FG3_PCT,FTM,FTA,FT_PCT,OREB,DREB,REB,AST,STL,BLK,TO,PF,PTS,FG2M,FG2A,FG2_PCT,OUTCOME,DEFICIT_FGM,DEFICIT_FGA,DEFICIT_FG3M,DEFICIT_FG3A,DEFICIT_FTM,DEFICIT_FTA,DEFICIT_OREB,DEFICIT_DREB,DEFICIT_REB,DEFICIT_AST,DEFICIT_STL,DEFICIT_BLK,DEFICIT_TO,DEFICIT_PF,DEFICIT_FG2M,DEFICIT_FG2A
0,Bucks,6,20,0.3,8,12,0.667,7,40,47,30,13,7,17,20,96,35,63,0.555555555556,1,0.602941176471,0.5,0.666666666667,0.526315789474,0.333333333333,0.352941176471,0.304347826087,0.547945205479,0.489583333333,0.63829787234,0.590909090909,0.583333333333,0.447368421053,0.5,0.593220338983,0.4921875
1,Nets,3,18,0.167,16,22,0.727,16,33,49,17,9,5,21,20,73,24,65,0.369230769231,0,0.397058823529,0.5,0.333333333333,0.473684210526,0.666666666667,0.647058823529,0.695652173913,0.452054794521,0.510416666667,0.36170212766,0.409090909091,0.416666666667,0.552631578947,0.5,0.406779661017,0.5078125
