,TEAM_NAME,FG3M,FG3A,FG3_PCT,FTM,FTA,FT_PCT,OREB,DREB,REB,AST,STL,BLK,TO,PF,PTS,FG2M,FG2A,FG2_PCT,OUTCOME,DEFICIT_FGM,DEFICIT_FGA,DEFICIT_FG3M,DEFICIT_FG3A,DEFICIT_FTM,DEFICIT_FTA,DEFICIT_OREB,DEFICIT_DREB,DEFICIT_REB,DEFICIT_AST,DEFICIT_STL,DEFICIT_BLK,DEFICIT_TO,DEFICIT_PF,DEFICIT_FG2M,DEFICIT_FG2A
0,Kings,5,18,0.278,30,42,0.714,6,26,32,28,13,0,20,21,111,33,56,0.589285714286,0,0.457831325301,0.474358974359,0.357142857143,0.409090909091,0.566037735849,0.583333333333,0.375,0.448275862069,0.432432432432,0.466666666667,0.464285714286,0.0,0.526315789474,0.42,0.478260869565,0.5
1,Nuggets,9,26,0.346,23,30,0.767,10,32,42,32,15,1,18,29,122,36,56,0.642857142857,1,0.542168674699,0.525641025641,0.642857142857,0.590909090909,0.433962264151,0.416666666667,0.625,0.551724137931,0.567567567568,0.533333333333,0.535714285714,1.0,0.473684210526,0.58,0.521739130435,0.5
