,TEAM_NAME,FG3M,FG3A,FG3_PCT,FTM,FTA,FT_PCT,OREB,DREB,REB,AST,STL,BLK,TO,PF,PTS,FG2M,FG2A,FG2_PCT,OUTCOME,DEFICIT_FGM,DEFICIT_FGA,DEFICIT_FG3M,DEFICIT_FG3A,DEFICIT_FTM,DEFICIT_FTA,DEFICIT_OREB,DEFICIT_DREB,DEFICIT_REB,DEFICIT_AST,DEFICIT_STL,DEFICIT_BLK,DEFICIT_TO,DEFICIT_PF,DEFICIT_FG2M,DEFICIT_FG2A
0,Spurs,8,19,0.421,29,34,0.853,6,37,43,22,7,6,15,22,107,27,50,0.54,1,0.5,0.448051948052,0.666666666667,0.542857142857,0.630434782609,0.59649122807,0.315789473684,0.569230769231,0.511904761905,0.564102564103,0.538461538462,0.666666666667,0.6,0.488888888889,0.465517241379,0.420168067227
1,Suns,4,16,0.25,17,23,0.739,13,28,41,17,6,3,10,23,91,31,69,0.449275362319,0,0.5,0.551948051948,0.333333333333,0.457142857143,0.369565217391,0.40350877193,0.684210526316,0.430769230769,0.488095238095,0.435897435897,0.461538461538,0.333333333333,0.4,0.511111111111,0.534482758621,0.579831932773
