,TEAM_NAME,FG3M,FG3A,FG3_PCT,FTM,FTA,FT_PCT,OREB,DREB,REB,AST,STL,BLK,TO,PF,PTS,FG2M,FG2A,FG2_PCT,OUTCOME,DEFICIT_FGM,DEFICIT_FGA,DEFICIT_FG3M,DEFICIT_FG3A,DEFICIT_FTM,DEFICIT_FTA,DEFICIT_OREB,DEFICIT_DREB,DEFICIT_REB,DEFICIT_AST,DEFICIT_STL,DEFICIT_BLK,DEFICIT_TO,DEFICIT_PF,DEFICIT_FG2M,DEFICIT_FG2A
0,Jazz,7,24,0.292,16,20,0.8,12,34,46,11,9,5,9,19,101,32,69,0.463768115942,1,0.541666666667,0.543859649123,0.538461538462,0.470588235294,0.484848484848,0.46511627907,0.6,0.485714285714,0.511111111111,0.458333333333,0.642857142857,0.5,0.375,0.487179487179,0.542372881356,0.575
1,Nets,6,27,0.222,17,23,0.739,8,36,44,13,5,5,15,20,89,27,51,0.529411764706,0,0.458333333333,0.456140350877,0.461538461538,0.529411764706,0.515151515152,0.53488372093,0.4,0.514285714286,0.488888888889,0.541666666667,0.357142857143,0.5,0.625,0.512820512821,0.457627118644,0.425
