,TEAM_NAME,FG3M,FG3A,FG3_PCT,FTM,FTA,FT_PCT,OREB,DREB,REB,AST,STL,BLK,TO,PF,PTS,FG2M,FG2A,FG2_PCT,OUTCOME,DEFICIT_FGM,DEFICIT_FGA,DEFICIT_FG3M,DEFICIT_FG3A,DEFICIT_FTM,DEFICIT_FTA,DEFICIT_OREB,DEFICIT_DREB,DEFICIT_REB,DEFICIT_AST,DEFICIT_STL,DEFICIT_BLK,DEFICIT_TO,DEFICIT_PF,DEFICIT_FG2M,DEFICIT_FG2A
0,Warriors,11,25,0.44,16,21,0.762,12,31,43,33,7,2,13,14,127,39,70,0.557142857143,1,0.510204081633,0.484693877551,0.55,0.416666666667,0.533333333333,0.538461538462,0.428571428571,0.492063492063,0.472527472527,0.5,0.411764705882,0.5,0.481481481481,0.4,0.5,0.514705882353
1,Nuggets,9,35,0.257,14,18,0.778,16,32,48,33,10,2,14,21,119,39,66,0.590909090909,0,0.489795918367,0.515306122449,0.45,0.583333333333,0.466666666667,0.461538461538,0.571428571429,0.507936507937,0.527472527473,0.5,0.588235294118,0.5,0.518518518519,0.6,0.5,0.485294117647
