,TEAM_NAME,FG3M,FG3A,FG3_PCT,FTM,FTA,FT_PCT,OREB,DREB,REB,AST,STL,BLK,TO,PF,PTS,FG2M,FG2A,FG2_PCT,OUTCOME,DEFICIT_FGM,DEFICIT_FGA,DEFICIT_FG3M,DEFICIT_FG3A,DEFICIT_FTM,DEFICIT_FTA,DEFICIT_OREB,DEFICIT_DREB,DEFICIT_REB,DEFICIT_AST,DEFICIT_STL,DEFICIT_BLK,DEFICIT_TO,DEFICIT_PF,DEFICIT_FG2M,DEFICIT_FG2A
0,Warriors,6,23,0.261,13,15,0.867,6,32,38,19,9,4,13,17,99,34,65,0.523076923077,0,0.506329113924,0.458333333333,0.375,0.40350877193,0.52,0.441176470588,0.193548387097,0.457142857143,0.376237623762,0.452380952381,0.5,0.444444444444,0.448275862069,0.485714285714,0.539682539683,0.481481481481
1,Nuggets,10,34,0.294,12,19,0.632,25,38,63,23,9,5,16,18,100,29,70,0.414285714286,1,0.493670886076,0.541666666667,0.625,0.59649122807,0.48,0.558823529412,0.806451612903,0.542857142857,0.623762376238,0.547619047619,0.5,0.555555555556,0.551724137931,0.514285714286,0.460317460317,0.518518518519
