,TEAM_NAME,FG3M,FG3A,FG3_PCT,FTM,FTA,FT_PCT,OREB,DREB,REB,AST,STL,BLK,TO,PF,PTS,FG2M,FG2A,FG2_PCT,OUTCOME,DEFICIT_FGM,DEFICIT_FGA,DEFICIT_FG3M,DEFICIT_FG3A,DEFICIT_FTM,DEFICIT_FTA,DEFICIT_OREB,DEFICIT_DREB,DEFICIT_REB,DEFICIT_AST,DEFICIT_STL,DEFICIT_BLK,DEFICIT_TO,DEFICIT_PF,DEFICIT_FG2M,DEFICIT_FG2A
0,Raptors,3,20,0.15,23,30,0.767,10,28,38,16,7,10,25,24,92,30,48,0.625,1,0.515625,0.4927536231884058,0.375,0.5405405405405406,0.5609756097560976,0.5555555555555556,0.5263157894736842,0.56,0.5507246376811594,0.47058823529411764,0.3684210526315789,0.7142857142857143,0.5681818181818182,0.46153846153846156,0.5357142857142857,0.4752475247524752
1,Maccabi Haifa,5,17,0.294,18,24,0.75,9,22,31,18,12,4,19,28,85,26,53,0.49056603773584906,0,0.484375,0.5072463768115942,0.625,0.4594594594594595,0.43902439024390244,0.4444444444444444,0.47368421052631576,0.44,0.4492753623188406,0.5294117647058824,0.631578947368421,0.2857142857142857,0.4318181818181818,0.5384615384615384,0.4642857142857143,0.5247524752475248
