,TEAM_NAME,FG3M,FG3A,FG3_PCT,FTM,FTA,FT_PCT,OREB,DREB,REB,AST,STL,BLK,TO,PF,PTS,FG2M,FG2A,FG2_PCT,OUTCOME,DEFICIT_FGM,DEFICIT_FGA,DEFICIT_FG3M,DEFICIT_FG3A,DEFICIT_FTM,DEFICIT_FTA,DEFICIT_OREB,DEFICIT_DREB,DEFICIT_REB,DEFICIT_AST,DEFICIT_STL,DEFICIT_BLK,DEFICIT_TO,DEFICIT_PF,DEFICIT_FG2M,DEFICIT_FG2A
0,Magic,4,15,0.267,15,20,0.75,10,37,47,18,3,10,15,23,89,31,65,0.47692307692307695,0,0.5303030303030303,0.48484848484848486,0.3076923076923077,0.30612244897959184,0.4411764705882353,0.425531914893617,0.43478260869565216,0.5211267605633803,0.5,0.5,0.3,0.5555555555555556,0.5555555555555556,0.4791666666666667,0.5849056603773585,0.5603448275862069
1,Rockets,9,34,0.265,19,27,0.704,13,34,47,18,7,8,12,25,90,22,51,0.43137254901960786,1,0.4696969696969697,0.5151515151515151,0.6923076923076923,0.6938775510204082,0.5588235294117647,0.574468085106383,0.5652173913043478,0.4788732394366197,0.5,0.5,0.7,0.4444444444444444,0.4444444444444444,0.5208333333333334,0.41509433962264153,0.4396551724137931
