,TEAM_NAME,FG3M,FG3A,FG3_PCT,FTM,FTA,FT_PCT,OREB,DREB,REB,AST,STL,BLK,TO,PF,PTS,FG2M,FG2A,FG2_PCT,OUTCOME,DEFICIT_FGM,DEFICIT_FGA,DEFICIT_FG3M,DEFICIT_FG3A,DEFICIT_FTM,DEFICIT_FTA,DEFICIT_OREB,DEFICIT_DREB,DEFICIT_REB,DEFICIT_AST,DEFICIT_STL,DEFICIT_BLK,DEFICIT_TO,DEFICIT_PF,DEFICIT_FG2M,DEFICIT_FG2A
0,Raptors,7,22,0.318,12,21,0.571,7,27,34,24,5,7,13,23,97,32,55,0.581818181818,0,0.506493506494,0.487341772152,0.7,0.666666666667,0.342857142857,0.4375,0.333333333333,0.490909090909,0.447368421053,0.585365853659,0.384615384615,0.777777777778,0.565217391304,0.489361702128,0.477611940299,0.44
1,Heat,3,11,0.273,23,27,0.852,14,28,42,17,8,2,10,24,102,35,70,0.5,1,0.493506493506,0.512658227848,0.3,0.333333333333,0.657142857143,0.5625,0.666666666667,0.509090909091,0.552631578947,0.414634146341,0.615384615385,0.222222222222,0.434782608696,0.510638297872,0.522388059701,0.56
