,TEAM_NAME,FG3M,FG3A,FG3_PCT,FTM,FTA,FT_PCT,OREB,DREB,REB,AST,STL,BLK,TO,PF,PTS,FG2M,FG2A,FG2_PCT,OUTCOME,DEFICIT_FGM,DEFICIT_FGA,DEFICIT_FG3M,DEFICIT_FG3A,DEFICIT_FTM,DEFICIT_FTA,DEFICIT_OREB,DEFICIT_DREB,DEFICIT_REB,DEFICIT_AST,DEFICIT_STL,DEFICIT_BLK,DEFICIT_TO,DEFICIT_PF,DEFICIT_FG2M,DEFICIT_FG2A
0,Raptors,13,24,0.542,13,18,0.722,8,28,36,24,8,4,7,17,112,30,61,0.491803278689,1,0.524390243902,0.527950310559,0.722222222222,0.631578947368,0.433333333333,0.486486486486,0.5,0.466666666667,0.473684210526,0.5,0.666666666667,0.5,0.333333333333,0.485714285714,0.46875,0.49593495935
1,Nets,5,14,0.357,17,19,0.895,8,32,40,24,4,4,14,18,100,34,62,0.548387096774,0,0.475609756098,0.472049689441,0.277777777778,0.368421052632,0.566666666667,0.513513513514,0.5,0.533333333333,0.526315789474,0.5,0.333333333333,0.5,0.666666666667,0.514285714286,0.53125,0.50406504065
