,TEAM_NAME,FG3M,FG3A,FG3_PCT,FTM,FTA,FT_PCT,OREB,DREB,REB,AST,STL,BLK,TO,PF,PTS,FG2M,FG2A,FG2_PCT,OUTCOME,DEFICIT_FGM,DEFICIT_FGA,DEFICIT_FG3M,DEFICIT_FG3A,DEFICIT_FTM,DEFICIT_FTA,DEFICIT_OREB,DEFICIT_DREB,DEFICIT_REB,DEFICIT_AST,DEFICIT_STL,DEFICIT_BLK,DEFICIT_TO,DEFICIT_PF,DEFICIT_FG2M,DEFICIT_FG2A
0,Mavericks,16,34,0.471,22,24,0.917,11,40,51,23,4,2,14,21,118,24,59,0.406779661017,1,0.5,0.497326203209,0.571428571429,0.53125,0.511627906977,0.48,0.458333333333,0.526315789474,0.51,0.489361702128,0.307692307692,0.4,0.538461538462,0.411764705882,0.461538461538,0.479674796748
1,Celtics,12,30,0.4,21,26,0.808,13,36,49,24,9,3,12,30,113,28,64,0.4375,0,0.5,0.502673796791,0.428571428571,0.46875,0.488372093023,0.52,0.541666666667,0.473684210526,0.49,0.510638297872,0.692307692308,0.6,0.461538461538,0.588235294118,0.538461538462,0.520325203252
