,TEAM_NAME,FG3M,FG3A,FG3_PCT,FTM,FTA,FT_PCT,OREB,DREB,REB,AST,STL,BLK,TO,PF,PTS,FG2M,FG2A,FG2_PCT,OUTCOME,DEFICIT_FGM,DEFICIT_FGA,DEFICIT_FG3M,DEFICIT_FG3A,DEFICIT_FTM,DEFICIT_FTA,DEFICIT_OREB,DEFICIT_DREB,DEFICIT_REB,DEFICIT_AST,DEFICIT_STL,DEFICIT_BLK,DEFICIT_TO,DEFICIT_PF,DEFICIT_FG2M,DEFICIT_FG2A
0,Pistons,5,26,0.192,12,20,0.6,20,30,50,18,8,2,11,16,101,37,69,0.536231884058,0,0.488372093023,0.530726256983,0.357142857143,0.553191489362,0.461538461538,0.5,0.769230769231,0.483870967742,0.568181818182,0.391304347826,0.571428571429,0.25,0.52380952381,0.5,0.513888888889,0.522727272727
1,Bulls,9,21,0.429,14,20,0.7,6,32,38,28,6,6,10,16,111,35,63,0.555555555556,1,0.511627906977,0.469273743017,0.642857142857,0.446808510638,0.538461538462,0.5,0.230769230769,0.516129032258,0.431818181818,0.608695652174,0.428571428571,0.75,0.47619047619,0.5,0.486111111111,0.477272727273
