,TEAM_NAME,FG3M,FG3A,FG3_PCT,FTM,FTA,FT_PCT,OREB,DREB,REB,AST,STL,BLK,TO,PF,PTS,FG2M,FG2A,FG2_PCT,OUTCOME,DEFICIT_FGM,DEFICIT_FGA,DEFICIT_FG3M,DEFICIT_FG3A,DEFICIT_FTM,DEFICIT_FTA,DEFICIT_OREB,DEFICIT_DREB,DEFICIT_REB,DEFICIT_AST,DEFICIT_STL,DEFICIT_BLK,DEFICIT_TO,DEFICIT_PF,DEFICIT_FG2M,DEFICIT_FG2A
0,Warriors,19,40,0.475,21,27,0.778,6,31,37,33,7,2,8,25,132,27,45,0.6,1,0.55421686747,0.524691358025,0.730769230769,0.677966101695,0.552631578947,0.519230769231,0.428571428571,0.525423728814,0.506849315068,0.6,0.7,0.333333333333,0.347826086957,0.5,0.473684210526,0.436893203883
1,Cavaliers,7,19,0.368,17,25,0.68,8,28,36,22,3,4,15,25,98,30,58,0.51724137931,0,0.44578313253,0.475308641975,0.269230769231,0.322033898305,0.447368421053,0.480769230769,0.571428571429,0.474576271186,0.493150684932,0.4,0.3,0.666666666667,0.652173913043,0.5,0.526315789474,0.563106796117
