,TEAM_NAME,FG3M,FG3A,FG3_PCT,FTM,FTA,FT_PCT,OREB,DREB,REB,AST,STL,BLK,TO,PF,PTS,FG2M,FG2A,FG2_PCT,OUTCOME,DEFICIT_FGM,DEFICIT_FGA,DEFICIT_FG3M,DEFICIT_FG3A,DEFICIT_FTM,DEFICIT_FTA,DEFICIT_OREB,DEFICIT_DREB,DEFICIT_REB,DEFICIT_AST,DEFICIT_STL,DEFICIT_BLK,DEFICIT_TO,DEFICIT_PF,DEFICIT_FG2M,DEFICIT_FG2A
0,76ers,10,28,0.357,13,25,0.52,7,44,51,27,9,7,13,25,113,35,74,0.472972972973,0,0.511363636364,0.51256281407,0.555555555556,0.583333333333,0.342105263158,0.454545454545,0.411764705882,0.505747126437,0.490384615385,0.509433962264,0.6,0.466666666667,0.481481481481,0.568181818182,0.5,0.490066225166
1,Knicks,8,20,0.4,25,30,0.833,10,43,53,26,6,8,14,19,119,35,77,0.454545454545,1,0.488636363636,0.48743718593,0.444444444444,0.416666666667,0.657894736842,0.545454545455,0.588235294118,0.494252873563,0.509615384615,0.490566037736,0.4,0.533333333333,0.518518518519,0.431818181818,0.5,0.509933774834
