,TEAM_NAME,FG3M,FG3A,FG3_PCT,FTM,FTA,FT_PCT,OREB,DREB,REB,AST,STL,BLK,TO,PF,PTS,FG2M,FG2A,FG2_PCT,OUTCOME,DEFICIT_FGM,DEFICIT_FGA,DEFICIT_FG3M,DEFICIT_FG3A,DEFICIT_FTM,DEFICIT_FTA,DEFICIT_OREB,DEFICIT_DREB,DEFICIT_REB,DEFICIT_AST,DEFICIT_STL,DEFICIT_BLK,DEFICIT_TO,DEFICIT_PF,DEFICIT_FG2M,DEFICIT_FG2A
0,Magic,6,22,0.273,15,20,0.75,11,31,42,21,11,5,13,13,81,24,65,0.369230769231,0,0.422535211268,0.520958083832,0.4,0.536585365854,0.681818181818,0.666666666667,0.733333333333,0.418918918919,0.47191011236,0.403846153846,0.55,0.454545454545,0.433333333333,0.393939393939,0.428571428571,0.515873015873
1,Hawks,9,19,0.474,7,10,0.7,4,43,47,31,9,6,17,20,98,32,61,0.524590163934,1,0.577464788732,0.479041916168,0.6,0.463414634146,0.318181818182,0.333333333333,0.266666666667,0.581081081081,0.52808988764,0.596153846154,0.45,0.545454545455,0.566666666667,0.606060606061,0.571428571429,0.484126984127
