,TEAM_NAME,FG3M,FG3A,FG3_PCT,FTM,FTA,FT_PCT,OREB,DREB,REB,AST,STL,BLK,TO,PF,PTS,FG2M,FG2A,FG2_PCT,OUTCOME,DEFICIT_FGM,DEFICIT_FGA,DEFICIT_FG3M,DEFICIT_FG3A,DEFICIT_FTM,DEFICIT_FTA,DEFICIT_OREB,DEFICIT_DREB,DEFICIT_REB,DEFICIT_AST,DEFICIT_STL,DEFICIT_BLK,DEFICIT_TO,DEFICIT_PF,DEFICIT_FG2M,DEFICIT_FG2A
0,Timberwolves,10,35,0.286,10,12,0.833,8,24,32,22,8,3,13,15,102,31,54,0.574074074074,0,0.476744186047,0.523529411765,0.47619047619,0.614035087719,0.416666666667,0.413793103448,0.4,0.421052631579,0.415584415584,0.468085106383,0.470588235294,0.272727272727,0.41935483871,0.51724137931,0.476923076923,0.477876106195
1,Warriors,11,22,0.5,14,17,0.824,12,33,45,25,9,8,18,14,115,34,59,0.576271186441,1,0.523255813953,0.476470588235,0.52380952381,0.385964912281,0.583333333333,0.586206896552,0.6,0.578947368421,0.584415584416,0.531914893617,0.529411764706,0.727272727273,0.58064516129,0.48275862069,0.523076923077,0.522123893805
