,TEAM_NAME,FG3M,FG3A,FG3_PCT,FTM,FTA,FT_PCT,OREB,DREB,REB,AST,STL,BLK,TO,PF,PTS,FG2M,FG2A,FG2_PCT,OUTCOME,DEFICIT_FGM,DEFICIT_FGA,DEFICIT_FG3M,DEFICIT_FG3A,DEFICIT_FTM,DEFICIT_FTA,DEFICIT_OREB,DEFICIT_DREB,DEFICIT_REB,DEFICIT_AST,DEFICIT_STL,DEFICIT_BLK,DEFICIT_TO,DEFICIT_PF,DEFICIT_FG2M,DEFICIT_FG2A
0,Timberwolves,9,24,0.375,27,36,0.75,16,35,51,17,3,2,14,21,108,27,57,0.473684210526,0,0.486486486486,0.493902439024,0.409090909091,0.428571428571,0.5,0.545454545455,0.727272727273,0.530303030303,0.579545454545,0.36170212766,0.25,0.333333333333,0.636363636364,0.466666666667,0.519230769231,0.527777777778
1,Warriors,13,32,0.406,27,30,0.9,6,31,37,30,9,4,8,24,116,25,51,0.490196078431,1,0.513513513514,0.506097560976,0.590909090909,0.571428571429,0.5,0.454545454545,0.272727272727,0.469696969697,0.420454545455,0.63829787234,0.75,0.666666666667,0.363636363636,0.533333333333,0.480769230769,0.472222222222
