,TEAM_NAME,FG3M,FG3A,FG3_PCT,FTM,FTA,FT_PCT,OREB,DREB,REB,AST,STL,BLK,TO,PF,PTS,FG2M,FG2A,FG2_PCT,OUTCOME,DEFICIT_FGM,DEFICIT_FGA,DEFICIT_FG3M,DEFICIT_FG3A,DEFICIT_FTM,DEFICIT_FTA,DEFICIT_OREB,DEFICIT_DREB,DEFICIT_REB,DEFICIT_AST,DEFICIT_STL,DEFICIT_BLK,DEFICIT_TO,DEFICIT_PF,DEFICIT_FG2M,DEFICIT_FG2A
0,Suns,14,41,0.341,17,26,0.654,14,43,57,21,6,3,16,27,119,30,55,0.545454545455,0,0.536585365854,0.497409326425,0.466666666667,0.506172839506,0.377777777778,0.426229508197,0.5,0.551282051282,0.537735849057,0.466666666667,0.333333333333,0.428571428571,0.592592592593,0.5,0.576923076923,0.491071428571
1,Pelicans,16,40,0.4,28,35,0.8,14,35,49,24,12,4,11,27,120,22,57,0.385964912281,1,0.463414634146,0.502590673575,0.533333333333,0.493827160494,0.622222222222,0.573770491803,0.5,0.448717948718,0.462264150943,0.533333333333,0.666666666667,0.571428571429,0.407407407407,0.5,0.423076923077,0.508928571429
