,TEAM_NAME,FG3M,FG3A,FG3_PCT,FTM,FTA,FT_PCT,OREB,DREB,REB,AST,STL,BLK,TO,PF,PTS,FG2M,FG2A,FG2_PCT,OUTCOME,DEFICIT_FGM,DEFICIT_FGA,DEFICIT_FG3M,DEFICIT_FG3A,DEFICIT_FTM,DEFICIT_FTA,DEFICIT_OREB,DEFICIT_DREB,DEFICIT_REB,DEFICIT_AST,DEFICIT_STL,DEFICIT_BLK,DEFICIT_TO,DEFICIT_PF,DEFICIT_FG2M,DEFICIT_FG2A
0,Pistons,9,21,0.429,19,21,0.905,7,33,40,25,7,1,10,17,114,34,58,0.586206896552,1,0.5375,0.470238095238,0.6,0.5,0.633333333333,0.583333333333,0.28,0.589285714286,0.493827160494,0.595238095238,0.538461538462,0.25,0.47619047619,0.447368421053,0.523076923077,0.460317460317
1,Bulls,6,21,0.286,11,15,0.733,18,23,41,17,6,3,11,21,91,31,68,0.455882352941,0,0.4625,0.529761904762,0.4,0.5,0.366666666667,0.416666666667,0.72,0.410714285714,0.506172839506,0.404761904762,0.461538461538,0.75,0.52380952381,0.552631578947,0.476923076923,0.539682539683
