,TEAM_NAME,FG3M,FG3A,FG3_PCT,FTM,FTA,FT_PCT,OREB,DREB,REB,AST,STL,BLK,TO,PF,PTS,FG2M,FG2A,FG2_PCT,OUTCOME,DEFICIT_FGM,DEFICIT_FGA,DEFICIT_FG3M,DEFICIT_FG3A,DEFICIT_FTM,DEFICIT_FTA,DEFICIT_OREB,DEFICIT_DREB,DEFICIT_REB,DEFICIT_AST,DEFICIT_STL,DEFICIT_BLK,DEFICIT_TO,DEFICIT_PF,DEFICIT_FG2M,DEFICIT_FG2A
0,Suns,7,31,0.226,25,38,0.658,14,29,43,17,7,2,19,27,98,26,47,0.553191489362,0,0.434210526316,0.4875,0.5,0.688888888889,0.531914893617,0.558823529412,0.538461538462,0.467741935484,0.488636363636,0.472222222222,0.333333333333,0.333333333333,0.575757575758,0.465517241379,0.41935483871,0.408695652174
1,Heat,7,14,0.5,22,30,0.733,12,33,45,19,14,4,14,31,115,36,68,0.529411764706,1,0.565789473684,0.5125,0.5,0.311111111111,0.468085106383,0.441176470588,0.461538461538,0.532258064516,0.511363636364,0.527777777778,0.666666666667,0.666666666667,0.424242424242,0.534482758621,0.58064516129,0.591304347826
