,TEAM_NAME,FG3M,FG3A,FG3_PCT,FTM,FTA,FT_PCT,OREB,DREB,REB,AST,STL,BLK,TO,PF,PTS,FG2M,FG2A,FG2_PCT,OUTCOME,DEFICIT_FGM,DEFICIT_FGA,DEFICIT_FG3M,DEFICIT_FG3A,DEFICIT_FTM,DEFICIT_FTA,DEFICIT_OREB,DEFICIT_DREB,DEFICIT_REB,DEFICIT_AST,DEFICIT_STL,DEFICIT_BLK,DEFICIT_TO,DEFICIT_PF,DEFICIT_FG2M,DEFICIT_FG2A
0,Warriors,11,30,0.367,13,18,0.722,17,33,50,26,11,7,15,20,108,31,60,0.516666666667,0,0.488372093023,0.502793296089,0.52380952381,0.588235294118,0.52,0.529411764706,0.607142857143,0.55,0.568181818182,0.565217391304,0.611111111111,0.875,0.535714285714,0.625,0.476923076923,0.46875
1,Nets,10,21,0.476,12,16,0.75,11,27,38,20,7,1,13,12,110,34,68,0.5,1,0.511627906977,0.497206703911,0.47619047619,0.411764705882,0.48,0.470588235294,0.392857142857,0.45,0.431818181818,0.434782608696,0.388888888889,0.125,0.464285714286,0.375,0.523076923077,0.53125
