,TEAM_NAME,FG3M,FG3A,FG3_PCT,FTM,FTA,FT_PCT,OREB,DREB,REB,AST,STL,BLK,TO,PF,PTS,FG2M,FG2A,FG2_PCT,OUTCOME,DEFICIT_FGM,DEFICIT_FGA,DEFICIT_FG3M,DEFICIT_FG3A,DEFICIT_FTM,DEFICIT_FTA,DEFICIT_OREB,DEFICIT_DREB,DEFICIT_REB,DEFICIT_AST,DEFICIT_STL,DEFICIT_BLK,DEFICIT_TO,DEFICIT_PF,DEFICIT_FG2M,DEFICIT_FG2A
0,Jazz,4,18,0.222,28,34,0.824,12,30,42,19,9,3,12,21,112,36,61,0.590163934426,1,0.526315789474,0.49375,0.363636363636,0.486486486486,0.538461538462,0.576271186441,0.545454545455,0.508474576271,0.518518518519,0.422222222222,0.529411764706,0.6,0.461538461538,0.477272727273,0.553846153846,0.49593495935
1,Timberwolves,7,19,0.368,24,25,0.96,10,29,39,26,8,2,14,23,103,29,62,0.467741935484,0,0.473684210526,0.50625,0.636363636364,0.513513513514,0.461538461538,0.423728813559,0.454545454545,0.491525423729,0.481481481481,0.577777777778,0.470588235294,0.4,0.538461538462,0.522727272727,0.446153846154,0.50406504065
