,TEAM_NAME,FG3M,FG3A,FG3_PCT,FTM,FTA,FT_PCT,OREB,DREB,REB,AST,STL,BLK,TO,PF,PTS,FG2M,FG2A,FG2_PCT,OUTCOME,DEFICIT_FGM,DEFICIT_FGA,DEFICIT_FG3M,DEFICIT_FG3A,DEFICIT_FTM,DEFICIT_FTA,DEFICIT_OREB,DEFICIT_DREB,DEFICIT_REB,DEFICIT_AST,DEFICIT_STL,DEFICIT_BLK,DEFICIT_TO,DEFICIT_PF,DEFICIT_FG2M,DEFICIT_FG2A
0,Timberwolves,10,24,0.417,15,18,0.833,15,27,42,21,7,4,12,17,101,28,65,0.430769230769,0,0.452380952381,0.514450867052,0.588235294118,0.558139534884,0.576923076923,0.529411764706,0.625,0.457627118644,0.506024096386,0.446808510638,0.466666666667,0.4,0.5,0.435897435897,0.417910447761,0.5
1,Nuggets,7,19,0.368,11,16,0.688,9,32,41,26,8,6,12,22,110,39,65,0.6,1,0.547619047619,0.485549132948,0.411764705882,0.441860465116,0.423076923077,0.470588235294,0.375,0.542372881356,0.493975903614,0.553191489362,0.533333333333,0.6,0.5,0.564102564103,0.582089552239,0.5
