,TEAM_NAME,FG3M,FG3A,FG3_PCT,FTM,FTA,FT_PCT,OREB,DREB,REB,AST,STL,BLK,TO,PF,PTS,FG2M,FG2A,FG2_PCT,OUTCOME,DEFICIT_FGM,DEFICIT_FGA,DEFICIT_FG3M,DEFICIT_FG3A,DEFICIT_FTM,DEFICIT_FTA,DEFICIT_OREB,DEFICIT_DREB,DEFICIT_REB,DEFICIT_AST,DEFICIT_STL,DEFICIT_BLK,DEFICIT_TO,DEFICIT_PF,DEFICIT_FG2M,DEFICIT_FG2A
0,Jazz,4,23,0.174,27,34,0.794,14,27,41,16,6,6,10,24,101,31,58,0.5344827586206896,0,0.5,0.5225806451612903,0.36363636363636365,0.6388888888888888,0.4909090909090909,0.53125,0.6363636363636364,0.5,0.5394736842105263,0.4444444444444444,0.42857142857142855,0.6666666666666666,0.5,0.5,0.5254237288135594,0.48739495798319327
1,Pacers,7,13,0.538,28,30,0.933,8,27,35,20,8,3,10,24,105,28,61,0.45901639344262296,1,0.5,0.4774193548387097,0.6363636363636364,0.3611111111111111,0.509090909090909,0.46875,0.36363636363636365,0.5,0.4605263157894737,0.5555555555555556,0.5714285714285714,0.3333333333333333,0.5,0.5,0.4745762711864407,0.5126050420168067
