,TEAM_NAME,FG3M,FG3A,FG3_PCT,FTM,FTA,FT_PCT,OREB,DREB,REB,AST,STL,BLK,TO,PF,PTS,FG2M,FG2A,FG2_PCT,OUTCOME,DEFICIT_FGM,DEFICIT_FGA,DEFICIT_FG3M,DEFICIT_FG3A,DEFICIT_FTM,DEFICIT_FTA,DEFICIT_OREB,DEFICIT_DREB,DEFICIT_REB,DEFICIT_AST,DEFICIT_STL,DEFICIT_BLK,DEFICIT_TO,DEFICIT_PF,DEFICIT_FG2M,DEFICIT_FG2A
0,Knicks,8,26,0.308,9,13,0.692,7,30,37,25,9,5,20,17,83,25,50,0.5,0,0.434210526316,0.481012658228,0.533333333333,0.634146341463,0.428571428571,0.40625,0.388888888889,0.46875,0.451219512195,0.5,0.391304347826,0.5,0.540540540541,0.53125,0.409836065574,0.42735042735
1,Grizzlies,7,15,0.467,12,19,0.632,11,34,45,25,14,5,17,15,105,36,67,0.537313432836,1,0.565789473684,0.518987341772,0.466666666667,0.365853658537,0.571428571429,0.59375,0.611111111111,0.53125,0.548780487805,0.5,0.608695652174,0.5,0.459459459459,0.46875,0.590163934426,0.57264957265
