,TEAM_NAME,FG3M,FG3A,FG3_PCT,FTM,FTA,FT_PCT,OREB,DREB,REB,AST,STL,BLK,TO,PF,PTS,FG2M,FG2A,FG2_PCT,OUTCOME,DEFICIT_FGM,DEFICIT_FGA,DEFICIT_FG3M,DEFICIT_FG3A,DEFICIT_FTM,DEFICIT_FTA,DEFICIT_OREB,DEFICIT_DREB,DEFICIT_REB,DEFICIT_AST,DEFICIT_STL,DEFICIT_BLK,DEFICIT_TO,DEFICIT_PF,DEFICIT_FG2M,DEFICIT_FG2A
0,Mavericks,10,27,0.37,12,19,0.632,14,37,51,24,8,6,10,17,96,27,67,0.40298507462686567,1,0.5285714285714286,0.5280898876404494,0.7692307692307693,0.5192307692307693,0.3870967741935484,0.4523809523809524,0.6666666666666666,0.45121951219512196,0.49514563106796117,0.5454545454545454,0.6153846153846154,0.46153846153846156,0.4166666666666667,0.4473684210526316,0.47368421052631576,0.5317460317460317
1,Nets,3,25,0.12,19,23,0.826,7,45,52,20,5,7,14,21,88,30,59,0.5084745762711864,0,0.4714285714285714,0.47191011235955055,0.23076923076923078,0.4807692307692308,0.6129032258064516,0.5476190476190477,0.3333333333333333,0.5487804878048781,0.5048543689320388,0.45454545454545453,0.38461538461538464,0.5384615384615384,0.5833333333333334,0.5526315789473685,0.5263157894736842,0.46825396825396826
