,TEAM_NAME,FG3M,FG3A,FG3_PCT,FTM,FTA,FT_PCT,OREB,DREB,REB,AST,STL,BLK,TO,PF,PTS,FG2M,FG2A,FG2_PCT,OUTCOME,DEFICIT_FGM,DEFICIT_FGA,DEFICIT_FG3M,DEFICIT_FG3A,DEFICIT_FTM,DEFICIT_FTA,DEFICIT_OREB,DEFICIT_DREB,DEFICIT_REB,DEFICIT_AST,DEFICIT_STL,DEFICIT_BLK,DEFICIT_TO,DEFICIT_PF,DEFICIT_FG2M,DEFICIT_FG2A
0,Mavericks,10,27,0.37,12,19,0.632,14,37,51,24,8,6,10,17,96,27,67,0.402985074627,1,0.528571428571,0.52808988764,0.769230769231,0.519230769231,0.387096774194,0.452380952381,0.666666666667,0.451219512195,0.495145631068,0.545454545455,0.615384615385,0.461538461538,0.416666666667,0.447368421053,0.473684210526,0.531746031746
1,Nets,3,25,0.12,19,23,0.826,7,45,52,20,5,7,14,21,88,30,59,0.508474576271,0,0.471428571429,0.47191011236,0.230769230769,0.480769230769,0.612903225806,0.547619047619,0.333333333333,0.548780487805,0.504854368932,0.454545454545,0.384615384615,0.538461538462,0.583333333333,0.552631578947,0.526315789474,0.468253968254
