,TEAM_NAME,FG3M,FG3A,FG3_PCT,FTM,FTA,FT_PCT,OREB,DREB,REB,AST,STL,BLK,TO,PF,PTS,FG2M,FG2A,FG2_PCT,OUTCOME,DEFICIT_FGM,DEFICIT_FGA,DEFICIT_FG3M,DEFICIT_FG3A,DEFICIT_FTM,DEFICIT_FTA,DEFICIT_OREB,DEFICIT_DREB,DEFICIT_REB,DEFICIT_AST,DEFICIT_STL,DEFICIT_BLK,DEFICIT_TO,DEFICIT_PF,DEFICIT_FG2M,DEFICIT_FG2A
0,Trail Blazers,11,26,0.423,21,24,0.875,10,35,45,18,7,4,9,12,98,22,57,0.38596491228070173,1,0.4714285714285714,0.4853801169590643,0.7333333333333333,0.65,0.5675675675675675,0.5454545454545454,0.47619047619047616,0.4794520547945205,0.4787234042553192,0.47368421052631576,0.5833333333333334,1.0,0.47368421052631576,0.375,0.4,0.4351145038167939
1,Lakers,4,14,0.286,16,20,0.8,11,38,49,20,5,0,10,20,94,33,74,0.44594594594594594,0,0.5285714285714286,0.5146198830409356,0.26666666666666666,0.35,0.43243243243243246,0.45454545454545453,0.5238095238095238,0.5205479452054794,0.5212765957446809,0.5263157894736842,0.4166666666666667,0.0,0.5263157894736842,0.625,0.6,0.5648854961832062
