,TEAM_NAME,FG3M,FG3A,FG3_PCT,FTM,FTA,FT_PCT,OREB,DREB,REB,AST,STL,BLK,TO,PF,PTS,FG2M,FG2A,FG2_PCT,OUTCOME,DEFICIT_FGM,DEFICIT_FGA,DEFICIT_FG3M,DEFICIT_FG3A,DEFICIT_FTM,DEFICIT_FTA,DEFICIT_OREB,DEFICIT_DREB,DEFICIT_REB,DEFICIT_AST,DEFICIT_STL,DEFICIT_BLK,DEFICIT_TO,DEFICIT_PF,DEFICIT_FG2M,DEFICIT_FG2A
0,Wizards,2,10,0.2,14,17,0.824,11,29,40,23,10,7,10,15,92,36,69,0.5217391304347826,1,0.5352112676056338,0.5163398692810458,0.25,0.3448275862068966,0.5185185185185185,0.5,0.5238095238095238,0.5,0.5063291139240507,0.5476190476190477,0.5555555555555556,0.5833333333333334,0.35714285714285715,0.45454545454545453,0.5714285714285714,0.5564516129032258
1,Pelicans,6,19,0.316,13,17,0.765,10,29,39,19,8,5,18,18,85,27,55,0.4909090909090909,0,0.4647887323943662,0.48366013071895425,0.75,0.6551724137931034,0.48148148148148145,0.5,0.47619047619047616,0.5,0.4936708860759494,0.4523809523809524,0.4444444444444444,0.4166666666666667,0.6428571428571429,0.5454545454545454,0.42857142857142855,0.4435483870967742
