,TEAM_NAME,FG3M,FG3A,FG3_PCT,FTM,FTA,FT_PCT,OREB,DREB,REB,AST,STL,BLK,TO,PF,PTS,FG2M,FG2A,FG2_PCT,OUTCOME,DEFICIT_FGM,DEFICIT_FGA,DEFICIT_FG3M,DEFICIT_FG3A,DEFICIT_FTM,DEFICIT_FTA,DEFICIT_OREB,DEFICIT_DREB,DEFICIT_REB,DEFICIT_AST,DEFICIT_STL,DEFICIT_BLK,DEFICIT_TO,DEFICIT_PF,DEFICIT_FG2M,DEFICIT_FG2A
0,Pelicans,14,34,0.412,11,16,0.688,9,38,47,33,4,4,10,16,125,36,65,0.553846153846,1,0.520833333333,0.492537313433,0.518518518519,0.425,0.392857142857,0.444444444444,0.45,0.493506493506,0.484536082474,0.507692307692,0.444444444444,0.8,0.526315789474,0.533333333333,0.521739130435,0.537190082645
1,Hornets,13,46,0.283,17,20,0.85,11,39,50,32,5,1,9,14,122,33,56,0.589285714286,0,0.479166666667,0.507462686567,0.481481481481,0.575,0.607142857143,0.555555555556,0.55,0.506493506494,0.515463917526,0.492307692308,0.555555555556,0.2,0.473684210526,0.466666666667,0.478260869565,0.462809917355
