,TEAM_NAME,FG3M,FG3A,FG3_PCT,FTM,FTA,FT_PCT,OREB,DREB,REB,AST,STL,BLK,TO,PF,PTS,FG2M,FG2A,FG2_PCT,OUTCOME,DEFICIT_FGM,DEFICIT_FGA,DEFICIT_FG3M,DEFICIT_FG3A,DEFICIT_FTM,DEFICIT_FTA,DEFICIT_OREB,DEFICIT_DREB,DEFICIT_REB,DEFICIT_AST,DEFICIT_STL,DEFICIT_BLK,DEFICIT_TO,DEFICIT_PF,DEFICIT_FG2M,DEFICIT_FG2A
0,Raptors,2,15,0.133,21,25,0.84,16,32,48,7,6,5,12,20,89,31,73,0.424657534247,0,0.485294117647,0.55,0.153846153846,0.348837209302,0.477272727273,0.431034482759,0.842105263158,0.5,0.578313253012,0.25,0.428571428571,0.333333333333,0.5,0.512820512821,0.563636363636,0.623931623932
1,Heat,11,28,0.393,23,33,0.697,3,32,35,21,8,10,12,19,104,24,44,0.545454545455,1,0.514705882353,0.45,0.846153846154,0.651162790698,0.522727272727,0.568965517241,0.157894736842,0.5,0.421686746988,0.75,0.571428571429,0.666666666667,0.5,0.487179487179,0.436363636364,0.376068376068
