,TEAM_NAME,FG3M,FG3A,FG3_PCT,FTM,FTA,FT_PCT,OREB,DREB,REB,AST,STL,BLK,TO,PF,PTS,FG2M,FG2A,FG2_PCT,OUTCOME,DEFICIT_FGM,DEFICIT_FGA,DEFICIT_FG3M,DEFICIT_FG3A,DEFICIT_FTM,DEFICIT_FTA,DEFICIT_OREB,DEFICIT_DREB,DEFICIT_REB,DEFICIT_AST,DEFICIT_STL,DEFICIT_BLK,DEFICIT_TO,DEFICIT_PF,DEFICIT_FG2M,DEFICIT_FG2A
0,Timberwolves,5,13,0.385,16,21,0.762,11,27,38,21,4,4,12,22,95,32,68,0.470588235294,0,0.5,0.503105590062,0.384615384615,0.393939393939,0.444444444444,0.477272727273,0.5,0.482142857143,0.487179487179,0.525,0.444444444444,0.4,0.571428571429,0.488888888889,0.524590163934,0.53125
1,Bucks,8,20,0.4,20,23,0.87,11,29,40,19,5,6,9,23,102,29,60,0.483333333333,1,0.5,0.496894409938,0.615384615385,0.606060606061,0.555555555556,0.522727272727,0.5,0.517857142857,0.512820512821,0.475,0.555555555556,0.6,0.428571428571,0.511111111111,0.475409836066,0.46875
