,TEAM_NAME,FG3M,FG3A,FG3_PCT,FTM,FTA,FT_PCT,OREB,DREB,REB,AST,STL,BLK,TO,PF,PTS,FG2M,FG2A,FG2_PCT,OUTCOME,DEFICIT_FGM,DEFICIT_FGA,DEFICIT_FG3M,DEFICIT_FG3A,DEFICIT_FTM,DEFICIT_FTA,DEFICIT_OREB,DEFICIT_DREB,DEFICIT_REB,DEFICIT_AST,DEFICIT_STL,DEFICIT_BLK,DEFICIT_TO,DEFICIT_PF,DEFICIT_FG2M,DEFICIT_FG2A
0,Jazz,9,20,0.45,23,28,0.821,7,29,36,15,9,2,12,17,104,27,55,0.490909090909,0,0.455696202532,0.465838509317,0.529411764706,0.46511627907,0.560975609756,0.538461538462,0.368421052632,0.483333333333,0.455696202532,0.394736842105,0.5625,0.222222222222,0.5,0.459459459459,0.435483870968,0.466101694915
1,Thunder,8,23,0.348,18,24,0.75,12,31,43,23,7,7,12,20,112,35,63,0.555555555556,1,0.544303797468,0.534161490683,0.470588235294,0.53488372093,0.439024390244,0.461538461538,0.631578947368,0.516666666667,0.544303797468,0.605263157895,0.4375,0.777777777778,0.5,0.540540540541,0.564516129032,0.533898305085
