,TEAM_NAME,FG3M,FG3A,FG3_PCT,FTM,FTA,FT_PCT,OREB,DREB,REB,AST,STL,BLK,TO,PF,PTS,FG2M,FG2A,FG2_PCT,OUTCOME,DEFICIT_FGM,DEFICIT_FGA,DEFICIT_FG3M,DEFICIT_FG3A,DEFICIT_FTM,DEFICIT_FTA,DEFICIT_OREB,DEFICIT_DREB,DEFICIT_REB,DEFICIT_AST,DEFICIT_STL,DEFICIT_BLK,DEFICIT_TO,DEFICIT_PF,DEFICIT_FG2M,DEFICIT_FG2A
0,Wizards,12,25,0.48,19,28,0.679,9,37,46,27,5,4,11,20,125,35,65,0.538461538462,1,0.494736842105,0.489130434783,0.428571428571,0.438596491228,0.612903225806,0.636363636364,0.5625,0.506849315068,0.516853932584,0.509433962264,0.555555555556,0.444444444444,0.44,0.512820512821,0.522388059701,0.511811023622
1,Trail Blazers,16,32,0.5,12,16,0.75,7,36,43,26,4,5,14,19,124,32,62,0.516129032258,0,0.505263157895,0.510869565217,0.571428571429,0.561403508772,0.387096774194,0.363636363636,0.4375,0.493150684932,0.483146067416,0.490566037736,0.444444444444,0.555555555556,0.56,0.487179487179,0.477611940299,0.488188976378
