,TEAM_NAME,FG3M,FG3A,FG3_PCT,FTM,FTA,FT_PCT,OREB,DREB,REB,AST,STL,BLK,TO,PF,PTS,FG2M,FG2A,FG2_PCT,OUTCOME,DEFICIT_FGM,DEFICIT_FGA,DEFICIT_FG3M,DEFICIT_FG3A,DEFICIT_FTM,DEFICIT_FTA,DEFICIT_OREB,DEFICIT_DREB,DEFICIT_REB,DEFICIT_AST,DEFICIT_STL,DEFICIT_BLK,DEFICIT_TO,DEFICIT_PF,DEFICIT_FG2M,DEFICIT_FG2A
0,Spurs,12,27,0.444,15,18,0.833,7,39,46,27,6,7,18,18,107,28,50,0.56,1,0.547945205479,0.455621301775,0.705882352941,0.613636363636,0.51724137931,0.439024390244,0.259259259259,0.573529411765,0.484210526316,0.586956521739,0.375,0.636363636364,0.545454545455,0.529411764706,0.5,0.4
1,Warriors,5,17,0.294,14,23,0.609,20,29,49,19,10,4,15,16,85,28,75,0.373333333333,0,0.452054794521,0.544378698225,0.294117647059,0.386363636364,0.48275862069,0.560975609756,0.740740740741,0.426470588235,0.515789473684,0.413043478261,0.625,0.363636363636,0.454545454545,0.470588235294,0.5,0.6
