,TEAM_NAME,FG3M,FG3A,FG3_PCT,FTM,FTA,FT_PCT,OREB,DREB,REB,AST,STL,BLK,TO,PF,PTS,FG2M,FG2A,FG2_PCT,OUTCOME,DEFICIT_FGM,DEFICIT_FGA,DEFICIT_FG3M,DEFICIT_FG3A,DEFICIT_FTM,DEFICIT_FTA,DEFICIT_OREB,DEFICIT_DREB,DEFICIT_REB,DEFICIT_AST,DEFICIT_STL,DEFICIT_BLK,DEFICIT_TO,DEFICIT_PF,DEFICIT_FG2M,DEFICIT_FG2A
0,Rockets,15,44,0.341,14,21,0.667,9,31,40,27,9,7,7,21,115,28,45,0.622222222222,1,0.544303797468,0.529761904762,0.5,0.594594594595,0.451612903226,0.488372093023,0.529411764706,0.525423728814,0.526315789474,0.613636363636,0.692307692308,0.636363636364,0.333333333333,0.512195121951,0.571428571429,0.478723404255
1,Mavericks,15,30,0.5,17,22,0.773,8,28,36,17,4,4,14,20,104,21,49,0.428571428571,0,0.455696202532,0.470238095238,0.5,0.405405405405,0.548387096774,0.511627906977,0.470588235294,0.474576271186,0.473684210526,0.386363636364,0.307692307692,0.363636363636,0.666666666667,0.487804878049,0.428571428571,0.521276595745
