,TEAM_NAME,FG3M,FG3A,FG3_PCT,FTM,FTA,FT_PCT,OREB,DREB,REB,AST,STL,BLK,TO,PF,PTS,FG2M,FG2A,FG2_PCT,OUTCOME,DEFICIT_FGM,DEFICIT_FGA,DEFICIT_FG3M,DEFICIT_FG3A,DEFICIT_FTM,DEFICIT_FTA,DEFICIT_OREB,DEFICIT_DREB,DEFICIT_REB,DEFICIT_AST,DEFICIT_STL,DEFICIT_BLK,DEFICIT_TO,DEFICIT_PF,DEFICIT_FG2M,DEFICIT_FG2A
0,76ers,11,30,0.367,21,26,0.808,9,25,34,26,6,4,17,21,114,30,58,0.51724137931,0,0.465909090909,0.494382022472,0.52380952381,0.555555555556,0.4375,0.456140350877,0.391304347826,0.396825396825,0.395348837209,0.530612244898,0.333333333333,0.571428571429,0.586206896552,0.512195121951,0.44776119403,0.467741935484
1,Nets,10,24,0.417,27,31,0.871,14,38,52,23,12,3,12,20,131,37,66,0.560606060606,1,0.534090909091,0.505617977528,0.47619047619,0.444444444444,0.5625,0.543859649123,0.608695652174,0.603174603175,0.604651162791,0.469387755102,0.666666666667,0.428571428571,0.413793103448,0.487804878049,0.55223880597,0.532258064516
