,TEAM_NAME,FG3M,FG3A,FG3_PCT,FTM,FTA,FT_PCT,OREB,DREB,REB,AST,STL,BLK,TO,PF,PTS,FG2M,FG2A,FG2_PCT,OUTCOME,DEFICIT_FGM,DEFICIT_FGA,DEFICIT_FG3M,DEFICIT_FG3A,DEFICIT_FTM,DEFICIT_FTA,DEFICIT_OREB,DEFICIT_DREB,DEFICIT_REB,DEFICIT_AST,DEFICIT_STL,DEFICIT_BLK,DEFICIT_TO,DEFICIT_PF,DEFICIT_FG2M,DEFICIT_FG2A
0,Magic,8,25,0.32,20,25,0.8,6,29,35,28,7,4,13,20,116,36,56,0.642857142857,1,0.52380952381,0.503105590062,0.470588235294,0.510204081633,0.487804878049,0.510204081633,0.461538461538,0.491525423729,0.486111111111,0.549019607843,0.466666666667,0.8,0.448275862069,0.512820512821,0.537313432836,0.5
1,Nuggets,9,24,0.375,21,24,0.875,7,30,37,23,8,1,16,19,110,31,56,0.553571428571,0,0.47619047619,0.496894409938,0.529411764706,0.489795918367,0.512195121951,0.489795918367,0.538461538462,0.508474576271,0.513888888889,0.450980392157,0.533333333333,0.2,0.551724137931,0.487179487179,0.462686567164,0.5
