,TEAM_NAME,FG3M,FG3A,FG3_PCT,FTM,FTA,FT_PCT,OREB,DREB,REB,AST,STL,BLK,TO,PF,PTS,FG2M,FG2A,FG2_PCT,OUTCOME,DEFICIT_FGM,DEFICIT_FGA,DEFICIT_FG3M,DEFICIT_FG3A,DEFICIT_FTM,DEFICIT_FTA,DEFICIT_OREB,DEFICIT_DREB,DEFICIT_REB,DEFICIT_AST,DEFICIT_STL,DEFICIT_BLK,DEFICIT_TO,DEFICIT_PF,DEFICIT_FG2M,DEFICIT_FG2A
0,Kings,11,19,0.579,24,33,0.727,7,33,40,27,5,4,17,27,123,33,59,0.559322033898,1,0.530120481928,0.472727272727,0.55,0.413043478261,0.444444444444,0.464788732394,0.411764705882,0.515625,0.493827160494,0.5,0.384615384615,0.5,0.62962962963,0.54,0.52380952381,0.495798319328
1,Timberwolves,9,27,0.333,30,38,0.789,10,31,41,27,8,4,10,23,117,30,60,0.5,0,0.469879518072,0.527272727273,0.45,0.586956521739,0.555555555556,0.535211267606,0.588235294118,0.484375,0.506172839506,0.5,0.615384615385,0.5,0.37037037037,0.46,0.47619047619,0.504201680672
