,TEAM_NAME,FG3M,FG3A,FG3_PCT,FTM,FTA,FT_PCT,OREB,DREB,REB,AST,STL,BLK,TO,PF,PTS,FG2M,FG2A,FG2_PCT,OUTCOME,DEFICIT_FGM,DEFICIT_FGA,DEFICIT_FG3M,DEFICIT_FG3A,DEFICIT_FTM,DEFICIT_FTA,DEFICIT_OREB,DEFICIT_DREB,DEFICIT_REB,DEFICIT_AST,DEFICIT_STL,DEFICIT_BLK,DEFICIT_TO,DEFICIT_PF,DEFICIT_FG2M,DEFICIT_FG2A
0,76ers,9,30,0.3,14,24,0.583,7,35,42,11,8,7,13,19,87,23,56,0.410714285714,0,0.457142857143,0.494252873563,0.692307692308,0.612244897959,0.424242424242,0.521739130435,0.466666666667,0.454545454545,0.45652173913,0.366666666667,0.615384615385,0.4375,0.433333333333,0.527777777778,0.40350877193,0.448
1,Knicks,4,19,0.211,19,22,0.864,8,42,50,19,5,9,17,17,99,34,69,0.492753623188,1,0.542857142857,0.505747126437,0.307692307692,0.387755102041,0.575757575758,0.478260869565,0.533333333333,0.545454545455,0.54347826087,0.633333333333,0.384615384615,0.5625,0.566666666667,0.472222222222,0.59649122807,0.552
