,TEAM_NAME,FG3M,FG3A,FG3_PCT,FTM,FTA,FT_PCT,OREB,DREB,REB,AST,STL,BLK,TO,PF,PTS,FG2M,FG2A,FG2_PCT,OUTCOME,DEFICIT_FGM,DEFICIT_FGA,DEFICIT_FG3M,DEFICIT_FG3A,DEFICIT_FTM,DEFICIT_FTA,DEFICIT_OREB,DEFICIT_DREB,DEFICIT_REB,DEFICIT_AST,DEFICIT_STL,DEFICIT_BLK,DEFICIT_TO,DEFICIT_PF,DEFICIT_FG2M,DEFICIT_FG2A
0,Spurs,10,20,0.5,21,22,0.955,6,43,49,26,11,2,23,16,103,26,54,0.481481481481,1,0.545454545455,0.480519480519,0.666666666667,0.454545454545,0.617647058824,0.578947368421,0.461538461538,0.623188405797,0.59756097561,0.553191489362,0.423076923077,0.4,0.575,0.516129032258,0.509803921569,0.490909090909
1,Hawks,5,24,0.208,13,16,0.813,7,26,33,21,15,3,17,15,78,25,56,0.446428571429,0,0.454545454545,0.519480519481,0.333333333333,0.545454545455,0.382352941176,0.421052631579,0.538461538462,0.376811594203,0.40243902439,0.446808510638,0.576923076923,0.6,0.425,0.483870967742,0.490196078431,0.509090909091
