,TEAM_NAME,FG3M,FG3A,FG3_PCT,FTM,FTA,FT_PCT,OREB,DREB,REB,AST,STL,BLK,TO,PF,PTS,FG2M,FG2A,FG2_PCT,OUTCOME,DEFICIT_FGM,DEFICIT_FGA,DEFICIT_FG3M,DEFICIT_FG3A,DEFICIT_FTM,DEFICIT_FTA,DEFICIT_OREB,DEFICIT_DREB,DEFICIT_REB,DEFICIT_AST,DEFICIT_STL,DEFICIT_BLK,DEFICIT_TO,DEFICIT_PF,DEFICIT_FG2M,DEFICIT_FG2A
0,Trail Blazers,6,21,0.286,22,29,0.759,14,25,39,15,4,0,7,22,110,35,68,0.514705882353,0,0.5125,0.542682926829,0.4,0.5,0.468085106383,0.508771929825,0.666666666667,0.480769230769,0.534246575342,0.46875,0.571428571429,0.0,0.388888888889,0.5,0.538461538462,0.55737704918
1,Knicks,9,21,0.429,25,28,0.893,7,27,34,17,3,3,11,22,112,30,54,0.555555555556,1,0.4875,0.457317073171,0.6,0.5,0.531914893617,0.491228070175,0.333333333333,0.519230769231,0.465753424658,0.53125,0.428571428571,1.0,0.611111111111,0.5,0.461538461538,0.44262295082
