,TEAM_NAME,FG3M,FG3A,FG3_PCT,FTM,FTA,FT_PCT,OREB,DREB,REB,AST,STL,BLK,TO,PF,PTS,FG2M,FG2A,FG2_PCT,OUTCOME,DEFICIT_FGM,DEFICIT_FGA,DEFICIT_FG3M,DEFICIT_FG3A,DEFICIT_FTM,DEFICIT_FTA,DEFICIT_OREB,DEFICIT_DREB,DEFICIT_REB,DEFICIT_AST,DEFICIT_STL,DEFICIT_BLK,DEFICIT_TO,DEFICIT_PF,DEFICIT_FG2M,DEFICIT_FG2A
0,Trail Blazers,12,32,0.375,12,14,0.857,6,45,51,22,7,4,12,21,112,32,56,0.5714285714285714,1,0.55,0.49162011173184356,0.5217391304347826,0.49230769230769234,0.5217391304347826,0.4375,0.5454545454545454,0.569620253164557,0.5666666666666667,0.5365853658536586,0.5,0.6666666666666666,0.5217391304347826,0.5526315789473685,0.5614035087719298,0.49122807017543857
1,Pelicans,11,33,0.333,11,18,0.611,5,34,39,19,7,2,11,17,94,25,58,0.43103448275862066,0,0.45,0.5083798882681564,0.4782608695652174,0.5076923076923077,0.4782608695652174,0.5625,0.45454545454545453,0.43037974683544306,0.43333333333333335,0.4634146341463415,0.5,0.3333333333333333,0.4782608695652174,0.4473684210526316,0.43859649122807015,0.5087719298245614
