,TEAM_NAME,FG3M,FG3A,FG3_PCT,FTM,FTA,FT_PCT,OREB,DREB,REB,AST,STL,BLK,TO,PF,PTS,FG2M,FG2A,FG2_PCT,OUTCOME,DEFICIT_FGM,DEFICIT_FGA,DEFICIT_FG3M,DEFICIT_FG3A,DEFICIT_FTM,DEFICIT_FTA,DEFICIT_OREB,DEFICIT_DREB,DEFICIT_REB,DEFICIT_AST,DEFICIT_STL,DEFICIT_BLK,DEFICIT_TO,DEFICIT_PF,DEFICIT_FG2M,DEFICIT_FG2A
0,Wizards,7,28,0.25,15,25,0.6,15,34,49,17,8,9,17,14,88,26,56,0.4642857142857143,1,0.4714285714285714,0.45652173913043476,0.5833333333333334,0.5185185185185185,0.6521739130434783,0.6756756756756757,0.46875,0.4657534246575342,0.4666666666666667,0.4594594594594595,0.47058823529411764,0.6,0.5483870967741935,0.3888888888888889,0.4482758620689655,0.4307692307692308
1,Magic,5,26,0.192,8,12,0.667,17,39,56,20,9,6,14,22,87,32,74,0.43243243243243246,0,0.5285714285714286,0.5434782608695652,0.4166666666666667,0.48148148148148145,0.34782608695652173,0.32432432432432434,0.53125,0.5342465753424658,0.5333333333333333,0.5405405405405406,0.5294117647058824,0.4,0.45161290322580644,0.6111111111111112,0.5517241379310345,0.5692307692307692
