,TEAM_NAME,FG3M,FG3A,FG3_PCT,FTM,FTA,FT_PCT,OREB,DREB,REB,AST,STL,BLK,TO,PF,PTS,FG2M,FG2A,FG2_PCT,OUTCOME,DEFICIT_FGM,DEFICIT_FGA,DEFICIT_FG3M,DEFICIT_FG3A,DEFICIT_FTM,DEFICIT_FTA,DEFICIT_OREB,DEFICIT_DREB,DEFICIT_REB,DEFICIT_AST,DEFICIT_STL,DEFICIT_BLK,DEFICIT_TO,DEFICIT_PF,DEFICIT_FG2M,DEFICIT_FG2A
0,Suns,6,24,0.25,21,33,0.636,13,40,53,15,3,3,18,30,95,28,63,0.444444444444,0,0.459459459459,0.505813953488,0.375,0.533333333333,0.5,0.515625,0.684210526316,0.487804878049,0.524752475248,0.384615384615,0.3,0.5,0.692307692308,0.545454545455,0.48275862069,0.496062992126
1,Mavericks,10,21,0.476,21,31,0.677,6,42,48,24,7,3,8,25,111,30,64,0.46875,1,0.540540540541,0.494186046512,0.625,0.466666666667,0.5,0.484375,0.315789473684,0.512195121951,0.475247524752,0.615384615385,0.7,0.5,0.307692307692,0.454545454545,0.51724137931,0.503937007874
