,TEAM_NAME,FG3M,FG3A,FG3_PCT,FTM,FTA,FT_PCT,OREB,DREB,REB,AST,STL,BLK,TO,PF,PTS,FG2M,FG2A,FG2_PCT,OUTCOME,DEFICIT_FGM,DEFICIT_FGA,DEFICIT_FG3M,DEFICIT_FG3A,DEFICIT_FTM,DEFICIT_FTA,DEFICIT_OREB,DEFICIT_DREB,DEFICIT_REB,DEFICIT_AST,DEFICIT_STL,DEFICIT_BLK,DEFICIT_TO,DEFICIT_PF,DEFICIT_FG2M,DEFICIT_FG2A
0,Raptors,7,18,0.389,27,39,0.692,9,41,50,19,8,2,20,24,106,29,62,0.467741935484,1,0.529411764706,0.481927710843,0.4375,0.439024390244,0.509433962264,0.557142857143,0.529411764706,0.561643835616,0.555555555556,0.452380952381,0.363636363636,0.4,0.606060606061,0.444444444444,0.557692307692,0.496
1,Pacers,9,23,0.391,26,31,0.839,8,32,40,23,14,3,13,30,99,23,63,0.365079365079,0,0.470588235294,0.518072289157,0.5625,0.560975609756,0.490566037736,0.442857142857,0.470588235294,0.438356164384,0.444444444444,0.547619047619,0.636363636364,0.6,0.393939393939,0.555555555556,0.442307692308,0.504
