,TEAM_NAME,FG3M,FG3A,FG3_PCT,FTM,FTA,FT_PCT,OREB,DREB,REB,AST,STL,BLK,TO,PF,PTS,FG2M,FG2A,FG2_PCT,OUTCOME,DEFICIT_FGM,DEFICIT_FGA,DEFICIT_FG3M,DEFICIT_FG3A,DEFICIT_FTM,DEFICIT_FTA,DEFICIT_OREB,DEFICIT_DREB,DEFICIT_REB,DEFICIT_AST,DEFICIT_STL,DEFICIT_BLK,DEFICIT_TO,DEFICIT_PF,DEFICIT_FG2M,DEFICIT_FG2A
0,Wizards,7,28,0.25,15,25,0.6,15,34,49,17,8,9,17,14,88,26,56,0.464285714286,1,0.471428571429,0.45652173913,0.583333333333,0.518518518519,0.652173913043,0.675675675676,0.46875,0.465753424658,0.466666666667,0.459459459459,0.470588235294,0.6,0.548387096774,0.388888888889,0.448275862069,0.430769230769
1,Magic,5,26,0.192,8,12,0.667,17,39,56,20,9,6,14,22,87,32,74,0.432432432432,0,0.528571428571,0.54347826087,0.416666666667,0.481481481481,0.347826086957,0.324324324324,0.53125,0.534246575342,0.533333333333,0.540540540541,0.529411764706,0.4,0.451612903226,0.611111111111,0.551724137931,0.569230769231
