,TEAM_NAME,FG3M,FG3A,FG3_PCT,FTM,FTA,FT_PCT,OREB,DREB,REB,AST,STL,BLK,TO,PF,PTS,FG2M,FG2A,FG2_PCT,OUTCOME,DEFICIT_FGM,DEFICIT_FGA,DEFICIT_FG3M,DEFICIT_FG3A,DEFICIT_FTM,DEFICIT_FTA,DEFICIT_OREB,DEFICIT_DREB,DEFICIT_REB,DEFICIT_AST,DEFICIT_STL,DEFICIT_BLK,DEFICIT_TO,DEFICIT_PF,DEFICIT_FG2M,DEFICIT_FG2A
0,Grizzlies,2,16,0.125,16,22,0.727,11,29,40,15,8,3,16,18,76,27,66,0.409090909091,0,0.414285714286,0.493975903614,0.133333333333,0.355555555556,0.592592592593,0.564102564103,0.478260869565,0.408450704225,0.425531914894,0.340909090909,0.533333333333,0.6,0.457142857143,0.418604651163,0.490909090909,0.545454545455
1,Cavaliers,13,29,0.448,11,17,0.647,12,42,54,29,7,2,19,25,106,28,55,0.509090909091,1,0.585714285714,0.506024096386,0.866666666667,0.644444444444,0.407407407407,0.435897435897,0.521739130435,0.591549295775,0.574468085106,0.659090909091,0.466666666667,0.4,0.542857142857,0.581395348837,0.509090909091,0.454545454545
