,TEAM_NAME,FG3M,FG3A,FG3_PCT,FTM,FTA,FT_PCT,OREB,DREB,REB,AST,STL,BLK,TO,PF,PTS,FG2M,FG2A,FG2_PCT,OUTCOME,DEFICIT_FGM,DEFICIT_FGA,DEFICIT_FG3M,DEFICIT_FG3A,DEFICIT_FTM,DEFICIT_FTA,DEFICIT_OREB,DEFICIT_DREB,DEFICIT_REB,DEFICIT_AST,DEFICIT_STL,DEFICIT_BLK,DEFICIT_TO,DEFICIT_PF,DEFICIT_FG2M,DEFICIT_FG2A
0,76ers,7,22,0.318,20,23,0.87,14,32,46,12,11,6,22,22,95,27,61,0.4426229508196721,0,0.4657534246575342,0.49404761904761907,0.4666666666666667,0.4782608695652174,0.43478260869565216,0.46,0.5833333333333334,0.5079365079365079,0.5287356321839081,0.27906976744186046,0.5238095238095238,0.46153846153846156,0.5641025641025641,0.4888888888888889,0.46551724137931033,0.5
1,Celtics,8,24,0.333,26,27,0.963,10,31,41,31,10,7,17,23,112,31,61,0.5081967213114754,1,0.5342465753424658,0.5059523809523809,0.5333333333333333,0.5217391304347826,0.5652173913043478,0.54,0.4166666666666667,0.49206349206349204,0.47126436781609193,0.7209302325581395,0.47619047619047616,0.5384615384615384,0.4358974358974359,0.5111111111111111,0.5344827586206896,0.5
