,TEAM_NAME,FG3M,FG3A,FG3_PCT,FTM,FTA,FT_PCT,OREB,DREB,REB,AST,STL,BLK,TO,PF,PTS,FG2M,FG2A,FG2_PCT,OUTCOME,DEFICIT_FGM,DEFICIT_FGA,DEFICIT_FG3M,DEFICIT_FG3A,DEFICIT_FTM,DEFICIT_FTA,DEFICIT_OREB,DEFICIT_DREB,DEFICIT_REB,DEFICIT_AST,DEFICIT_STL,DEFICIT_BLK,DEFICIT_TO,DEFICIT_PF,DEFICIT_FG2M,DEFICIT_FG2A
0,Spurs,5,15,0.333,11,13,0.846,7,29,36,22,11,9,13,18,106,40,78,0.5128205128205128,0,0.5172413793103449,0.5195530726256983,0.4166666666666667,0.4411764705882353,0.34375,0.37142857142857144,0.3888888888888889,0.4603174603174603,0.4444444444444444,0.5116279069767442,0.6111111111111112,0.6923076923076923,0.40625,0.4864864864864865,0.5333333333333333,0.5379310344827586
1,Thunder,7,19,0.368,21,22,0.955,11,34,45,21,7,4,19,19,112,35,67,0.5223880597014925,1,0.4827586206896552,0.48044692737430167,0.5833333333333334,0.5588235294117647,0.65625,0.6285714285714286,0.6111111111111112,0.5396825396825397,0.5555555555555556,0.4883720930232558,0.3888888888888889,0.3076923076923077,0.59375,0.5135135135135135,0.4666666666666667,0.46206896551724136
