,TEAM_NAME,FG3M,FG3A,FG3_PCT,FTM,FTA,FT_PCT,OREB,DREB,REB,AST,STL,BLK,TO,PF,PTS,FG2M,FG2A,FG2_PCT,OUTCOME,DEFICIT_FGM,DEFICIT_FGA,DEFICIT_FG3M,DEFICIT_FG3A,DEFICIT_FTM,DEFICIT_FTA,DEFICIT_OREB,DEFICIT_DREB,DEFICIT_REB,DEFICIT_AST,DEFICIT_STL,DEFICIT_BLK,DEFICIT_TO,DEFICIT_PF,DEFICIT_FG2M,DEFICIT_FG2A
0,Knicks,9,23,0.391,29,35,0.829,19,30,49,24,11,7,11,28,122,33,70,0.4714285714285714,1,0.5833333333333334,0.5195530726256983,0.5,0.5609756097560976,0.5087719298245614,0.5303030303030303,0.5135135135135135,0.5084745762711864,0.5104166666666666,0.5853658536585366,0.6111111111111112,0.6363636363636364,0.3793103448275862,0.509090909090909,0.6111111111111112,0.5072463768115942
1,Bucks,9,18,0.5,28,31,0.903,18,29,47,17,7,4,18,27,97,21,68,0.3088235294117647,0,0.4166666666666667,0.48044692737430167,0.5,0.43902439024390244,0.49122807017543857,0.4696969696969697,0.4864864864864865,0.4915254237288136,0.4895833333333333,0.4146341463414634,0.3888888888888889,0.36363636363636365,0.6206896551724138,0.4909090909090909,0.3888888888888889,0.4927536231884058
