,TEAM_NAME,FG3M,FG3A,FG3_PCT,FTM,FTA,FT_PCT,OREB,DREB,REB,AST,STL,BLK,TO,PF,PTS,FG2M,FG2A,FG2_PCT,OUTCOME,DEFICIT_FGM,DEFICIT_FGA,DEFICIT_FG3M,DEFICIT_FG3A,DEFICIT_FTM,DEFICIT_FTA,DEFICIT_OREB,DEFICIT_DREB,DEFICIT_REB,DEFICIT_AST,DEFICIT_STL,DEFICIT_BLK,DEFICIT_TO,DEFICIT_PF,DEFICIT_FG2M,DEFICIT_FG2A
0,Heat,12,20,0.6,20,21,0.952,2,39,41,23,5,7,13,25,104,24,53,0.452830188679,1,0.521739130435,0.464968152866,0.666666666667,0.454545454545,0.47619047619,0.42,0.153846153846,0.549295774648,0.488095238095,0.589743589744,0.555555555556,0.875,0.619047619048,0.609756097561,0.470588235294,0.469026548673
1,Hornets,6,24,0.25,22,29,0.759,11,32,43,16,4,1,8,16,94,27,60,0.45,0,0.478260869565,0.535031847134,0.333333333333,0.545454545455,0.52380952381,0.58,0.846153846154,0.450704225352,0.511904761905,0.410256410256,0.444444444444,0.125,0.380952380952,0.390243902439,0.529411764706,0.530973451327
