,TEAM_NAME,FG3M,FG3A,FG3_PCT,FTM,FTA,FT_PCT,OREB,DREB,REB,AST,STL,BLK,TO,PF,PTS,FG2M,FG2A,FG2_PCT,OUTCOME,DEFICIT_FGM,DEFICIT_FGA,DEFICIT_FG3M,DEFICIT_FG3A,DEFICIT_FTM,DEFICIT_FTA,DEFICIT_OREB,DEFICIT_DREB,DEFICIT_REB,DEFICIT_AST,DEFICIT_STL,DEFICIT_BLK,DEFICIT_TO,DEFICIT_PF,DEFICIT_FG2M,DEFICIT_FG2A
0,Timberwolves,9,23,0.391,15,19,0.789,8,33,41,27,6,2,9,18,108,33,63,0.52380952381,0,0.488372093023,0.5,0.409090909091,0.370967741935,0.5,0.463414634146,0.470588235294,0.492537313433,0.488095238095,0.5,0.666666666667,0.333333333333,0.473684210526,0.5,0.515625,0.572727272727
1,Cavaliers,13,39,0.333,15,22,0.682,9,34,43,27,3,4,10,18,116,31,47,0.659574468085,1,0.511627906977,0.5,0.590909090909,0.629032258065,0.5,0.536585365854,0.529411764706,0.507462686567,0.511904761905,0.5,0.333333333333,0.666666666667,0.526315789474,0.5,0.484375,0.427272727273
