,TEAM_NAME,FG3M,FG3A,FG3_PCT,FTM,FTA,FT_PCT,OREB,DREB,REB,AST,STL,BLK,TO,PF,PTS,FG2M,FG2A,FG2_PCT,OUTCOME,DEFICIT_FGM,DEFICIT_FGA,DEFICIT_FG3M,DEFICIT_FG3A,DEFICIT_FTM,DEFICIT_FTA,DEFICIT_OREB,DEFICIT_DREB,DEFICIT_REB,DEFICIT_AST,DEFICIT_STL,DEFICIT_BLK,DEFICIT_TO,DEFICIT_PF,DEFICIT_FG2M,DEFICIT_FG2A
0,Bucks,4,18,0.222,7,13,0.538,12,29,41,16,9,4,10,21,71,26,71,0.366197183099,0,0.526315789474,0.539393939394,0.333333333333,0.409090909091,0.21875,0.288888888889,0.4,0.397260273973,0.398058252427,0.444444444444,0.692307692308,0.363636363636,0.357142857143,0.567567567568,0.577777777778,0.586776859504
1,Bulls,8,26,0.308,25,32,0.781,18,44,62,20,4,7,18,16,87,19,50,0.38,1,0.473684210526,0.460606060606,0.666666666667,0.590909090909,0.78125,0.711111111111,0.6,0.602739726027,0.601941747573,0.555555555556,0.307692307692,0.636363636364,0.642857142857,0.432432432432,0.422222222222,0.413223140496
