,TEAM_NAME,FG3M,FG3A,FG3_PCT,FTM,FTA,FT_PCT,OREB,DREB,REB,AST,STL,BLK,TO,PF,PTS,FG2M,FG2A,FG2_PCT,OUTCOME,DEFICIT_FGM,DEFICIT_FGA,DEFICIT_FG3M,DEFICIT_FG3A,DEFICIT_FTM,DEFICIT_FTA,DEFICIT_OREB,DEFICIT_DREB,DEFICIT_REB,DEFICIT_AST,DEFICIT_STL,DEFICIT_BLK,DEFICIT_TO,DEFICIT_PF,DEFICIT_FG2M,DEFICIT_FG2A
0,Timberwolves,5,18,0.278,35,39,0.897,20,38,58,17,9,3,20,22,102,26,75,0.346666666667,0,0.442857142857,0.497326203209,0.294117647059,0.321428571429,0.603448275862,0.534246575342,0.47619047619,0.527777777778,0.508771929825,0.425,0.45,0.272727272727,0.555555555556,0.44,0.490566037736,0.572519083969
1,Rockets,12,38,0.316,23,34,0.676,22,34,56,23,11,8,16,28,113,27,56,0.482142857143,1,0.557142857143,0.502673796791,0.705882352941,0.678571428571,0.396551724138,0.465753424658,0.52380952381,0.472222222222,0.491228070175,0.575,0.55,0.727272727273,0.444444444444,0.56,0.509433962264,0.427480916031
