,TEAM_NAME,FG3M,FG3A,FG3_PCT,FTM,FTA,FT_PCT,OREB,DREB,REB,AST,STL,BLK,TO,PF,PTS,FG2M,FG2A,FG2_PCT,OUTCOME,DEFICIT_FGM,DEFICIT_FGA,DEFICIT_FG3M,DEFICIT_FG3A,DEFICIT_FTM,DEFICIT_FTA,DEFICIT_OREB,DEFICIT_DREB,DEFICIT_REB,DEFICIT_AST,DEFICIT_STL,DEFICIT_BLK,DEFICIT_TO,DEFICIT_PF,DEFICIT_FG2M,DEFICIT_FG2A
0,Knicks,8,22,0.364,14,20,0.7,10,36,46,19,2,6,10,24,96,29,62,0.467741935484,0,0.5,0.494117647059,0.615384615385,0.511627906977,0.388888888889,0.416666666667,0.47619047619,0.493150684932,0.489361702128,0.487179487179,0.25,0.666666666667,0.588235294118,0.558139534884,0.475409836066,0.488188976378
1,Nuggets,5,21,0.238,22,28,0.786,11,37,48,20,6,3,7,19,101,32,65,0.492307692308,1,0.5,0.505882352941,0.384615384615,0.488372093023,0.611111111111,0.583333333333,0.52380952381,0.506849315068,0.510638297872,0.512820512821,0.75,0.333333333333,0.411764705882,0.441860465116,0.524590163934,0.511811023622
