,TEAM_NAME,FG3M,FG3A,FG3_PCT,FTM,FTA,FT_PCT,OREB,DREB,REB,AST,STL,BLK,TO,PF,PTS,FG2M,FG2A,FG2_PCT,OUTCOME,DEFICIT_FGM,DEFICIT_FGA,DEFICIT_FG3M,DEFICIT_FG3A,DEFICIT_FTM,DEFICIT_FTA,DEFICIT_OREB,DEFICIT_DREB,DEFICIT_REB,DEFICIT_AST,DEFICIT_STL,DEFICIT_BLK,DEFICIT_TO,DEFICIT_PF,DEFICIT_FG2M,DEFICIT_FG2A
0,Magic,8,27,0.296,21,30,0.7,13,40,53,22,8,7,14,22,95,25,65,0.384615384615,1,0.485294117647,0.502732240437,0.571428571429,0.465517241379,0.567567567568,0.545454545455,0.5,0.47619047619,0.481818181818,0.536585365854,0.5,0.583333333333,0.451612903226,0.536585365854,0.462962962963,0.52
1,Heat,6,31,0.194,16,25,0.64,13,44,57,19,8,5,17,19,92,29,60,0.483333333333,0,0.514705882353,0.497267759563,0.428571428571,0.534482758621,0.432432432432,0.454545454545,0.5,0.52380952381,0.518181818182,0.463414634146,0.5,0.416666666667,0.548387096774,0.463414634146,0.537037037037,0.48
