,TEAM_NAME,FG3M,FG3A,FG3_PCT,FTM,FTA,FT_PCT,OREB,DREB,REB,AST,STL,BLK,TO,PF,PTS,FG2M,FG2A,FG2_PCT,OUTCOME,DEFICIT_FGM,DEFICIT_FGA,DEFICIT_FG3M,DEFICIT_FG3A,DEFICIT_FTM,DEFICIT_FTA,DEFICIT_OREB,DEFICIT_DREB,DEFICIT_REB,DEFICIT_AST,DEFICIT_STL,DEFICIT_BLK,DEFICIT_TO,DEFICIT_PF,DEFICIT_FG2M,DEFICIT_FG2A
0,Suns,13,37,0.351,24,33,0.727,10,35,45,27,13,5,26,32,129,33,64,0.515625,0,0.489361702128,0.5,0.52,0.513888888889,0.470588235294,0.423076923077,0.37037037037,0.492957746479,0.459183673469,0.551020408163,0.433333333333,0.555555555556,0.530612244898,0.492307692308,0.478260869565,0.492307692308
1,Rockets,12,35,0.343,27,45,0.6,17,36,53,22,17,4,23,33,135,36,66,0.545454545455,1,0.510638297872,0.5,0.48,0.486111111111,0.529411764706,0.576923076923,0.62962962963,0.507042253521,0.540816326531,0.448979591837,0.566666666667,0.444444444444,0.469387755102,0.507692307692,0.521739130435,0.507692307692
