,TEAM_NAME,FG3M,FG3A,FG3_PCT,FTM,FTA,FT_PCT,OREB,DREB,REB,AST,STL,BLK,TO,PF,PTS,FG2M,FG2A,FG2_PCT,OUTCOME,DEFICIT_FGM,DEFICIT_FGA,DEFICIT_FG3M,DEFICIT_FG3A,DEFICIT_FTM,DEFICIT_FTA,DEFICIT_OREB,DEFICIT_DREB,DEFICIT_REB,DEFICIT_AST,DEFICIT_STL,DEFICIT_BLK,DEFICIT_TO,DEFICIT_PF,DEFICIT_FG2M,DEFICIT_FG2A
0,Magic,8,27,0.296,21,30,0.7,13,40,53,22,8,7,14,22,95,25,65,0.38461538461538464,1,0.4852941176470588,0.5027322404371585,0.5714285714285714,0.46551724137931033,0.5675675675675675,0.5454545454545454,0.5,0.47619047619047616,0.4818181818181818,0.5365853658536586,0.5,0.5833333333333334,0.45161290322580644,0.5365853658536586,0.46296296296296297,0.52
1,Heat,6,31,0.194,16,25,0.64,13,44,57,19,8,5,17,19,92,29,60,0.48333333333333334,0,0.5147058823529411,0.4972677595628415,0.42857142857142855,0.5344827586206896,0.43243243243243246,0.45454545454545453,0.5,0.5238095238095238,0.5181818181818182,0.4634146341463415,0.5,0.4166666666666667,0.5483870967741935,0.4634146341463415,0.5370370370370371,0.48
