,TEAM_NAME,FG3M,FG3A,FG3_PCT,FTM,FTA,FT_PCT,OREB,DREB,REB,AST,STL,BLK,TO,PF,PTS,FG2M,FG2A,FG2_PCT,OUTCOME,DEFICIT_FGM,DEFICIT_FGA,DEFICIT_FG3M,DEFICIT_FG3A,DEFICIT_FTM,DEFICIT_FTA,DEFICIT_OREB,DEFICIT_DREB,DEFICIT_REB,DEFICIT_AST,DEFICIT_STL,DEFICIT_BLK,DEFICIT_TO,DEFICIT_PF,DEFICIT_FG2M,DEFICIT_FG2A
0,Warriors,7,29,0.241,26,38,0.684,11,32,43,23,7,7,14,30,103,28,58,0.48275862069,0,0.4375,0.488764044944,0.4375,0.58,0.634146341463,0.603174603175,0.578947368421,0.444444444444,0.472527472527,0.442307692308,0.583333333333,0.7,0.48275862069,0.555555555556,0.4375,0.453125
1,Nuggets,9,21,0.429,15,25,0.6,8,40,48,29,5,3,15,24,114,36,70,0.514285714286,1,0.5625,0.511235955056,0.5625,0.42,0.365853658537,0.396825396825,0.421052631579,0.555555555556,0.527472527473,0.557692307692,0.416666666667,0.3,0.51724137931,0.444444444444,0.5625,0.546875
