,TEAM_NAME,FG3M,FG3A,FG3_PCT,FTM,FTA,FT_PCT,OREB,DREB,REB,AST,STL,BLK,TO,PF,PTS,FG2M,FG2A,FG2_PCT,OUTCOME,DEFICIT_FGM,DEFICIT_FGA,DEFICIT_FG3M,DEFICIT_FG3A,DEFICIT_FTM,DEFICIT_FTA,DEFICIT_OREB,DEFICIT_DREB,DEFICIT_REB,DEFICIT_AST,DEFICIT_STL,DEFICIT_BLK,DEFICIT_TO,DEFICIT_PF,DEFICIT_FG2M,DEFICIT_FG2A
0,Bucks,7,19,0.368,21,26,0.808,13,39,52,30,8,10,15,27,110,34,67,0.507462686567,1,0.602941176471,0.527607361963,0.368421052632,0.333333333333,0.375,0.371428571429,0.619047619048,0.557142857143,0.571428571429,0.612244897959,0.571428571429,0.769230769231,0.535714285714,0.529411764706,0.69387755102,0.632075471698
1,Cavaliers,12,38,0.316,35,44,0.795,8,31,39,19,6,3,13,24,101,15,39,0.384615384615,0,0.397058823529,0.472392638037,0.631578947368,0.666666666667,0.625,0.628571428571,0.380952380952,0.442857142857,0.428571428571,0.387755102041,0.428571428571,0.230769230769,0.464285714286,0.470588235294,0.30612244898,0.367924528302
