,TEAM_NAME,FG3M,FG3A,FG3_PCT,FTM,FTA,FT_PCT,OREB,DREB,REB,AST,STL,BLK,TO,PF,PTS,FG2M,FG2A,FG2_PCT,OUTCOME,DEFICIT_FGM,DEFICIT_FGA,DEFICIT_FG3M,DEFICIT_FG3A,DEFICIT_FTM,DEFICIT_FTA,DEFICIT_OREB,DEFICIT_DREB,DEFICIT_REB,DEFICIT_AST,DEFICIT_STL,DEFICIT_BLK,DEFICIT_TO,DEFICIT_PF,DEFICIT_FG2M,DEFICIT_FG2A
0,Thunder,11,21,0.524,9,17,0.529,11,43,54,20,8,1,21,27,100,29,66,0.439393939394,1,0.56338028169,0.520958083832,0.733333333333,0.488372093023,0.290322580645,0.354166666667,0.647058823529,0.573333333333,0.586956521739,0.555555555556,0.363636363636,0.166666666667,0.552631578947,0.574468085106,0.517857142857,0.532258064516
1,Mavericks,4,22,0.182,22,31,0.71,6,32,38,16,14,5,17,20,88,27,58,0.465517241379,0,0.43661971831,0.479041916168,0.266666666667,0.511627906977,0.709677419355,0.645833333333,0.352941176471,0.426666666667,0.413043478261,0.444444444444,0.636363636364,0.833333333333,0.447368421053,0.425531914894,0.482142857143,0.467741935484
