,TEAM_NAME,FG3M,FG3A,FG3_PCT,FTM,FTA,FT_PCT,OREB,DREB,REB,AST,STL,BLK,TO,PF,PTS,FG2M,FG2A,FG2_PCT,OUTCOME,DEFICIT_FGM,DEFICIT_FGA,DEFICIT_FG3M,DEFICIT_FG3A,DEFICIT_FTM,DEFICIT_FTA,DEFICIT_OREB,DEFICIT_DREB,DEFICIT_REB,DEFICIT_AST,DEFICIT_STL,DEFICIT_BLK,DEFICIT_TO,DEFICIT_PF,DEFICIT_FG2M,DEFICIT_FG2A
0,Pelicans,11,32,0.344,25,37,0.676,19,36,55,16,9,3,11,22,110,26,71,0.36619718309859156,1,0.49333333333333335,0.5282051282051282,0.5238095238095238,0.47761194029850745,0.5681818181818182,0.5441176470588235,0.5135135135135135,0.45,0.4700854700854701,0.43243243243243246,0.47368421052631576,0.15789473684210525,0.36666666666666664,0.4489795918367347,0.48148148148148145,0.5546875
1,Pacers,10,35,0.286,19,31,0.613,18,44,62,21,10,16,19,27,105,28,57,0.49122807017543857,0,0.5066666666666667,0.4717948717948718,0.47619047619047616,0.5223880597014925,0.4318181818181818,0.45588235294117646,0.4864864864864865,0.55,0.5299145299145299,0.5675675675675675,0.5263157894736842,0.8421052631578947,0.6333333333333333,0.5510204081632653,0.5185185185185185,0.4453125
