,TEAM_NAME,FG3M,FG3A,FG3_PCT,FTM,FTA,FT_PCT,OREB,DREB,REB,AST,STL,BLK,TO,PF,PTS,FG2M,FG2A,FG2_PCT,OUTCOME,DEFICIT_FGM,DEFICIT_FGA,DEFICIT_FG3M,DEFICIT_FG3A,DEFICIT_FTM,DEFICIT_FTA,DEFICIT_OREB,DEFICIT_DREB,DEFICIT_REB,DEFICIT_AST,DEFICIT_STL,DEFICIT_BLK,DEFICIT_TO,DEFICIT_PF,DEFICIT_FG2M,DEFICIT_FG2A
0,Magic,6,26,0.231,16,19,0.842,12,33,45,22,11,3,12,30,100,33,63,0.52380952381,0,0.534246575342,0.542682926829,0.333333333333,0.456140350877,0.4,0.365384615385,0.631578947368,0.492537313433,0.523255813953,0.423076923077,0.611111111111,0.6,0.48,0.666666666667,0.6,0.588785046729
1,Hornets,12,31,0.387,24,33,0.727,7,34,41,30,7,2,13,15,104,22,44,0.5,1,0.465753424658,0.457317073171,0.666666666667,0.543859649123,0.6,0.634615384615,0.368421052632,0.507462686567,0.476744186047,0.576923076923,0.388888888889,0.4,0.52,0.333333333333,0.4,0.411214953271
