,TEAM_NAME,FG3M,FG3A,FG3_PCT,FTM,FTA,FT_PCT,OREB,DREB,REB,AST,STL,BLK,TO,PF,PTS,FG2M,FG2A,FG2_PCT,OUTCOME,DEFICIT_FGM,DEFICIT_FGA,DEFICIT_FG3M,DEFICIT_FG3A,DEFICIT_FTM,DEFICIT_FTA,DEFICIT_OREB,DEFICIT_DREB,DEFICIT_REB,DEFICIT_AST,DEFICIT_STL,DEFICIT_BLK,DEFICIT_TO,DEFICIT_PF,DEFICIT_FG2M,DEFICIT_FG2A
0,Warriors,12,30,0.4,20,25,0.8,15,25,40,27,14,6,11,21,112,28,59,0.4745762711864407,1,0.5263157894736842,0.5174418604651163,0.631578947368421,0.5882352941176471,0.46511627906976744,0.4807692307692308,0.46875,0.43103448275862066,0.4444444444444444,0.5294117647058824,0.7,0.6666666666666666,0.3333333333333333,0.4772727272727273,0.49122807017543857,0.48760330578512395
1,Bulls,7,21,0.333,23,27,0.852,17,33,50,24,6,3,22,23,102,29,62,0.46774193548387094,0,0.47368421052631576,0.48255813953488375,0.3684210526315789,0.4117647058823529,0.5348837209302325,0.5192307692307693,0.53125,0.5689655172413793,0.5555555555555556,0.47058823529411764,0.3,0.3333333333333333,0.6666666666666666,0.5227272727272727,0.5087719298245614,0.512396694214876
