,TEAM_NAME,FG3M,FG3A,FG3_PCT,FTM,FTA,FT_PCT,OREB,DREB,REB,AST,STL,BLK,TO,PF,PTS,FG2M,FG2A,FG2_PCT,OUTCOME,DEFICIT_FGM,DEFICIT_FGA,DEFICIT_FG3M,DEFICIT_FG3A,DEFICIT_FTM,DEFICIT_FTA,DEFICIT_OREB,DEFICIT_DREB,DEFICIT_REB,DEFICIT_AST,DEFICIT_STL,DEFICIT_BLK,DEFICIT_TO,DEFICIT_PF,DEFICIT_FG2M,DEFICIT_FG2A
0,Suns,7,28,0.25,20,26,0.769,16,24,40,16,14,8,12,20,95,27,65,0.415384615385,0,0.507462686567,0.534482758621,0.388888888889,0.509090909091,0.46511627907,0.456140350877,0.457142857143,0.387096774194,0.412371134021,0.5,0.666666666667,0.533333333333,0.352941176471,0.46511627907,0.551020408163,0.546218487395
1,Rockets,11,27,0.407,23,31,0.742,19,38,57,16,7,7,22,23,100,22,54,0.407407407407,1,0.492537313433,0.465517241379,0.611111111111,0.490909090909,0.53488372093,0.543859649123,0.542857142857,0.612903225806,0.587628865979,0.5,0.333333333333,0.466666666667,0.647058823529,0.53488372093,0.448979591837,0.453781512605
