,TEAM_NAME,FG3M,FG3A,FG3_PCT,FTM,FTA,FT_PCT,OREB,DREB,REB,AST,STL,BLK,TO,PF,PTS,FG2M,FG2A,FG2_PCT,OUTCOME,DEFICIT_FGM,DEFICIT_FGA,DEFICIT_FG3M,DEFICIT_FG3A,DEFICIT_FTM,DEFICIT_FTA,DEFICIT_OREB,DEFICIT_DREB,DEFICIT_REB,DEFICIT_AST,DEFICIT_STL,DEFICIT_BLK,DEFICIT_TO,DEFICIT_PF,DEFICIT_FG2M,DEFICIT_FG2A
0,Spurs,7,18,0.389,22,25,0.88,8,35,43,30,5,6,16,24,123,40,64,0.625,1,0.573170731707317,0.49696969696969695,0.5384615384615384,0.5294117647058824,0.46808510638297873,0.43859649122807015,0.5,0.5833333333333334,0.5657894736842105,0.6,0.3333333333333333,0.75,0.6666666666666666,0.5217391304347826,0.5797101449275363,0.48854961832061067
1,Timberwolves,6,16,0.375,25,32,0.781,8,25,33,20,10,2,8,22,101,29,67,0.43283582089552236,0,0.4268292682926829,0.503030303030303,0.46153846153846156,0.47058823529411764,0.5319148936170213,0.5614035087719298,0.5,0.4166666666666667,0.4342105263157895,0.4,0.6666666666666666,0.25,0.3333333333333333,0.4782608695652174,0.42028985507246375,0.5114503816793893
