,TEAM_NAME,FG3M,FG3A,FG3_PCT,FTM,FTA,FT_PCT,OREB,DREB,REB,AST,STL,BLK,TO,PF,PTS,FG2M,FG2A,FG2_PCT,OUTCOME,DEFICIT_FGM,DEFICIT_FGA,DEFICIT_FG3M,DEFICIT_FG3A,DEFICIT_FTM,DEFICIT_FTA,DEFICIT_OREB,DEFICIT_DREB,DEFICIT_REB,DEFICIT_AST,DEFICIT_STL,DEFICIT_BLK,DEFICIT_TO,DEFICIT_PF,DEFICIT_FG2M,DEFICIT_FG2A
0,76ers,7,23,0.304,21,30,0.7,12,41,53,27,12,8,18,27,108,33,64,0.515625,1,0.5405405405405406,0.5,0.5384615384615384,0.5,0.4375,0.46153846153846156,0.5,0.5394736842105263,0.53,0.5510204081632653,0.5217391304347826,0.5714285714285714,0.4864864864864865,0.5294117647058824,0.5409836065573771,0.5
1,Pistons,6,23,0.261,27,35,0.771,12,35,47,22,11,6,19,24,101,28,64,0.4375,0,0.4594594594594595,0.5,0.46153846153846156,0.5,0.5625,0.5384615384615384,0.5,0.4605263157894737,0.47,0.4489795918367347,0.4782608695652174,0.42857142857142855,0.5135135135135135,0.47058823529411764,0.45901639344262296,0.5
