,TEAM_NAME,FG3M,FG3A,FG3_PCT,FTM,FTA,FT_PCT,OREB,DREB,REB,AST,STL,BLK,TO,PF,PTS,FG2M,FG2A,FG2_PCT,OUTCOME,DEFICIT_FGM,DEFICIT_FGA,DEFICIT_FG3M,DEFICIT_FG3A,DEFICIT_FTM,DEFICIT_FTA,DEFICIT_OREB,DEFICIT_DREB,DEFICIT_REB,DEFICIT_AST,DEFICIT_STL,DEFICIT_BLK,DEFICIT_TO,DEFICIT_PF,DEFICIT_FG2M,DEFICIT_FG2A
0,Pelicans,8,23,0.348,16,25,0.64,12,33,45,26,4,2,11,18,100,30,57,0.5263157894736842,0,0.4691358024691358,0.5063291139240507,0.32,0.41818181818181815,0.48484848484848486,0.5102040816326531,0.6666666666666666,0.5076923076923077,0.5421686746987951,0.43333333333333335,0.36363636363636365,0.25,0.6111111111111112,0.47368421052631576,0.5357142857142857,0.5533980582524272
1,Clippers,17,32,0.531,17,24,0.708,6,32,38,34,7,6,7,20,120,26,46,0.5652173913043478,1,0.5308641975308642,0.4936708860759494,0.68,0.5818181818181818,0.5151515151515151,0.4897959183673469,0.3333333333333333,0.49230769230769234,0.4578313253012048,0.5666666666666667,0.6363636363636364,0.75,0.3888888888888889,0.5263157894736842,0.4642857142857143,0.44660194174757284
