,TEAM_NAME,FG3M,FG3A,FG3_PCT,FTM,FTA,FT_PCT,OREB,DREB,REB,AST,STL,BLK,TO,PF,PTS,FG2M,FG2A,FG2_PCT,OUTCOME,DEFICIT_FGM,DEFICIT_FGA,DEFICIT_FG3M,DEFICIT_FG3A,DEFICIT_FTM,DEFICIT_FTA,DEFICIT_OREB,DEFICIT_DREB,DEFICIT_REB,DEFICIT_AST,DEFICIT_STL,DEFICIT_BLK,DEFICIT_TO,DEFICIT_PF,DEFICIT_FG2M,DEFICIT_FG2A
0,Jazz,4,17,0.235,19,25,0.76,11,31,42,13,10,9,10,23,91,30,72,0.416666666667,0,0.485714285714,0.536144578313,0.5,0.566666666667,0.542857142857,0.5,0.578947368421,0.442857142857,0.47191011236,0.481481481481,0.625,0.45,0.4,0.53488372093,0.483870967742,0.529411764706
1,Heat,4,13,0.308,16,25,0.64,8,39,47,14,6,11,15,20,92,32,64,0.5,1,0.514285714286,0.463855421687,0.5,0.433333333333,0.457142857143,0.5,0.421052631579,0.557142857143,0.52808988764,0.518518518519,0.375,0.55,0.6,0.46511627907,0.516129032258,0.470588235294
