,TEAM_NAME,FG3M,FG3A,FG3_PCT,FTM,FTA,FT_PCT,OREB,DREB,REB,AST,STL,BLK,TO,PF,PTS,FG2M,FG2A,FG2_PCT,OUTCOME,DEFICIT_FGM,DEFICIT_FGA,DEFICIT_FG3M,DEFICIT_FG3A,DEFICIT_FTM,DEFICIT_FTA,DEFICIT_OREB,DEFICIT_DREB,DEFICIT_REB,DEFICIT_AST,DEFICIT_STL,DEFICIT_BLK,DEFICIT_TO,DEFICIT_PF,DEFICIT_FG2M,DEFICIT_FG2A
0,Timberwolves,3,9,0.333,27,36,0.75,15,32,47,21,4,1,13,18,116,40,78,0.512820512821,0,0.472527472527,0.494318181818,0.142857142857,0.191489361702,0.642857142857,0.692307692308,0.714285714286,0.542372881356,0.5875,0.381818181818,0.333333333333,0.125,0.541666666667,0.418604651163,0.571428571429,0.604651162791
1,Warriors,18,38,0.474,15,16,0.938,6,27,33,34,8,7,11,25,129,30,51,0.588235294118,1,0.527472527473,0.505681818182,0.857142857143,0.808510638298,0.357142857143,0.307692307692,0.285714285714,0.457627118644,0.4125,0.618181818182,0.666666666667,0.875,0.458333333333,0.581395348837,0.428571428571,0.395348837209
