,TEAM_NAME,FG3M,FG3A,FG3_PCT,FTM,FTA,FT_PCT,OREB,DREB,REB,AST,STL,BLK,TO,PF,PTS,FG2M,FG2A,FG2_PCT,OUTCOME,DEFICIT_FGM,DEFICIT_FGA,DEFICIT_FG3M,DEFICIT_FG3A,DEFICIT_FTM,DEFICIT_FTA,DEFICIT_OREB,DEFICIT_DREB,DEFICIT_REB,DEFICIT_AST,DEFICIT_STL,DEFICIT_BLK,DEFICIT_TO,DEFICIT_PF,DEFICIT_FG2M,DEFICIT_FG2A
0,Trail Blazers,7,26,0.269,22,26,0.846,15,32,47,24,9,3,10,21,111,34,73,0.465753424658,1,0.482352941176,0.512953367876,0.7,0.634146341463,0.55,0.490566037736,0.454545454545,0.477611940299,0.47,0.558139534884,0.642857142857,0.375,0.416666666667,0.488372093023,0.453333333333,0.480263157895
1,Pistons,3,15,0.2,18,27,0.667,18,35,53,19,5,5,14,22,109,41,79,0.518987341772,0,0.517647058824,0.487046632124,0.3,0.365853658537,0.45,0.509433962264,0.545454545455,0.522388059701,0.53,0.441860465116,0.357142857143,0.625,0.583333333333,0.511627906977,0.546666666667,0.519736842105
