,TEAM_NAME,FG3M,FG3A,FG3_PCT,FTM,FTA,FT_PCT,OREB,DREB,REB,AST,STL,BLK,TO,PF,PTS,FG2M,FG2A,FG2_PCT,OUTCOME,DEFICIT_FGM,DEFICIT_FGA,DEFICIT_FG3M,DEFICIT_FG3A,DEFICIT_FTM,DEFICIT_FTA,DEFICIT_OREB,DEFICIT_DREB,DEFICIT_REB,DEFICIT_AST,DEFICIT_STL,DEFICIT_BLK,DEFICIT_TO,DEFICIT_PF,DEFICIT_FG2M,DEFICIT_FG2A
0,Pelicans,7,24,0.292,12,19,0.632,9,23,32,23,10,8,13,23,93,30,61,0.491803278689,0,0.5,0.5,0.5,0.5,0.363636363636,0.404255319149,0.375,0.389830508475,0.385542168675,0.5,0.588235294118,0.533333333333,0.448275862069,0.489361702128,0.5,0.5
1,Nuggets,7,24,0.292,21,28,0.75,15,36,51,23,7,7,16,24,102,30,61,0.491803278689,1,0.5,0.5,0.5,0.5,0.636363636364,0.595744680851,0.625,0.610169491525,0.614457831325,0.5,0.411764705882,0.466666666667,0.551724137931,0.510638297872,0.5,0.5
