,TEAM_NAME,FG3M,FG3A,FG3_PCT,FTM,FTA,FT_PCT,OREB,DREB,REB,AST,STL,BLK,TO,PF,PTS,FG2M,FG2A,FG2_PCT,OUTCOME,DEFICIT_FGM,DEFICIT_FGA,DEFICIT_FG3M,DEFICIT_FG3A,DEFICIT_FTM,DEFICIT_FTA,DEFICIT_OREB,DEFICIT_DREB,DEFICIT_REB,DEFICIT_AST,DEFICIT_STL,DEFICIT_BLK,DEFICIT_TO,DEFICIT_PF,DEFICIT_FG2M,DEFICIT_FG2A
0,Kings,3,13,0.231,25,30,0.833,7,36,43,17,8,6,15,25,106,36,68,0.529411764706,1,0.557142857143,0.519230769231,0.3,0.325,0.531914893617,0.441176470588,0.388888888889,0.537313432836,0.505882352941,0.53125,0.571428571429,0.545454545455,0.46875,0.490196078431,0.6,0.586206896552
1,Rockets,7,27,0.259,22,38,0.579,11,31,42,15,6,5,17,26,91,24,48,0.5,0,0.442857142857,0.480769230769,0.7,0.675,0.468085106383,0.558823529412,0.611111111111,0.462686567164,0.494117647059,0.46875,0.428571428571,0.454545454545,0.53125,0.509803921569,0.4,0.413793103448
