,TEAM_NAME,FG3M,FG3A,FG3_PCT,FTM,FTA,FT_PCT,OREB,DREB,REB,AST,STL,BLK,TO,PF,PTS,FG2M,FG2A,FG2_PCT,OUTCOME,DEFICIT_FGM,DEFICIT_FGA,DEFICIT_FG3M,DEFICIT_FG3A,DEFICIT_FTM,DEFICIT_FTA,DEFICIT_OREB,DEFICIT_DREB,DEFICIT_REB,DEFICIT_AST,DEFICIT_STL,DEFICIT_BLK,DEFICIT_TO,DEFICIT_PF,DEFICIT_FG2M,DEFICIT_FG2A
0,Nuggets,15,43,0.349,22,25,0.88,27,34,61,29,10,1,15,26,143,38,82,0.463414634146,0,0.481818181818,0.534188034188,0.576923076923,0.597222222222,0.536585365854,0.510204081633,0.710526315789,0.472222222222,0.554545454545,0.426470588235,0.555555555556,0.142857142857,0.46875,0.530612244898,0.452380952381,0.506172839506
1,Mavericks,11,29,0.379,19,24,0.792,11,38,49,39,8,6,17,23,144,46,80,0.575,1,0.518181818182,0.465811965812,0.423076923077,0.402777777778,0.463414634146,0.489795918367,0.289473684211,0.527777777778,0.445454545455,0.573529411765,0.444444444444,0.857142857143,0.53125,0.469387755102,0.547619047619,0.493827160494
