,TEAM_NAME,FG3M,FG3A,FG3_PCT,FTM,FTA,FT_PCT,OREB,DREB,REB,AST,STL,BLK,TO,PF,PTS,FG2M,FG2A,FG2_PCT,OUTCOME,DEFICIT_FGM,DEFICIT_FGA,DEFICIT_FG3M,DEFICIT_FG3A,DEFICIT_FTM,DEFICIT_FTA,DEFICIT_OREB,DEFICIT_DREB,DEFICIT_REB,DEFICIT_AST,DEFICIT_STL,DEFICIT_BLK,DEFICIT_TO,DEFICIT_PF,DEFICIT_FG2M,DEFICIT_FG2A
0,Wizards,5,15,0.333,11,17,0.647,17,33,50,23,3,4,17,21,80,27,67,0.402985074627,0,0.415584415584,0.479532163743,0.294117647059,0.428571428571,0.423076923077,0.425,0.586206896552,0.507692307692,0.531914893617,0.442307692308,0.230769230769,0.8,0.739130434783,0.512195121951,0.45,0.492647058824
1,Nets,12,20,0.6,15,23,0.652,12,32,44,29,10,1,6,20,117,33,69,0.478260869565,1,0.584415584416,0.520467836257,0.705882352941,0.571428571429,0.576923076923,0.575,0.413793103448,0.492307692308,0.468085106383,0.557692307692,0.769230769231,0.2,0.260869565217,0.487804878049,0.55,0.507352941176
