,TEAM_NAME,FG3M,FG3A,FG3_PCT,FTM,FTA,FT_PCT,OREB,DREB,REB,AST,STL,BLK,TO,PF,PTS,FG2M,FG2A,FG2_PCT,OUTCOME,DEFICIT_FGM,DEFICIT_FGA,DEFICIT_FG3M,DEFICIT_FG3A,DEFICIT_FTM,DEFICIT_FTA,DEFICIT_OREB,DEFICIT_DREB,DEFICIT_REB,DEFICIT_AST,DEFICIT_STL,DEFICIT_BLK,DEFICIT_TO,DEFICIT_PF,DEFICIT_FG2M,DEFICIT_FG2A
0,Cavaliers,9,34,0.265,17,25,0.68,12,30,42,25,4,2,20,21,90,23,43,0.53488372093,0,0.457142857143,0.478260869565,0.529411764706,0.607142857143,0.53125,0.54347826087,0.521739130435,0.483870967742,0.494117647059,0.454545454545,0.266666666667,0.5,0.588235294118,0.466666666667,0.433962264151,0.409523809524
1,Celtics,8,22,0.364,15,21,0.714,11,32,43,30,11,2,14,24,99,30,62,0.483870967742,1,0.542857142857,0.521739130435,0.470588235294,0.392857142857,0.46875,0.45652173913,0.478260869565,0.516129032258,0.505882352941,0.545454545455,0.733333333333,0.5,0.411764705882,0.533333333333,0.566037735849,0.590476190476
