,TEAM_NAME,FG3M,FG3A,FG3_PCT,FTM,FTA,FT_PCT,OREB,DREB,REB,AST,STL,BLK,TO,PF,PTS,FG2M,FG2A,FG2_PCT,OUTCOME,DEFICIT_FGM,DEFICIT_FGA,DEFICIT_FG3M,DEFICIT_FG3A,DEFICIT_FTM,DEFICIT_FTA,DEFICIT_OREB,DEFICIT_DREB,DEFICIT_REB,DEFICIT_AST,DEFICIT_STL,DEFICIT_BLK,DEFICIT_TO,DEFICIT_PF,DEFICIT_FG2M,DEFICIT_FG2A
0,Jazz,11,23,0.478,15,22,0.682,9,30,39,16,4,3,15,22,88,20,48,0.416666666667,0,0.462686567164,0.482993197279,0.6875,0.605263157895,0.555555555556,0.536585365854,0.5625,0.508474576271,0.52,0.421052631579,0.333333333333,0.75,0.576923076923,0.5,0.392156862745,0.440366972477
1,Grizzlies,5,15,0.333,12,19,0.632,7,29,36,22,8,1,11,22,89,31,61,0.508196721311,1,0.537313432836,0.517006802721,0.3125,0.394736842105,0.444444444444,0.463414634146,0.4375,0.491525423729,0.48,0.578947368421,0.666666666667,0.25,0.423076923077,0.5,0.607843137255,0.559633027523
