,TEAM_NAME,FG3M,FG3A,FG3_PCT,FTM,FTA,FT_PCT,OREB,DREB,REB,AST,STL,BLK,TO,PF,PTS,FG2M,FG2A,FG2_PCT,OUTCOME,DEFICIT_FGM,DEFICIT_FGA,DEFICIT_FG3M,DEFICIT_FG3A,DEFICIT_FTM,DEFICIT_FTA,DEFICIT_OREB,DEFICIT_DREB,DEFICIT_REB,DEFICIT_AST,DEFICIT_STL,DEFICIT_BLK,DEFICIT_TO,DEFICIT_PF,DEFICIT_FG2M,DEFICIT_FG2A
0,Knicks,5,13,0.385,18,24,0.75,5,37,42,22,7,5,24,26,91,29,59,0.491525423729,0,0.478873239437,0.486486486486,0.454545454545,0.433333333333,0.486486486486,0.452830188679,0.5,0.569230769231,0.56,0.55,0.291666666667,0.625,0.585365853659,0.541666666667,0.483333333333,0.5
1,Bucks,6,17,0.353,19,29,0.655,5,28,33,18,17,3,17,22,99,31,59,0.525423728814,1,0.521126760563,0.513513513514,0.545454545455,0.566666666667,0.513513513514,0.547169811321,0.5,0.430769230769,0.44,0.45,0.708333333333,0.375,0.414634146341,0.458333333333,0.516666666667,0.5
