,TEAM_NAME,FG3M,FG3A,FG3_PCT,FTM,FTA,FT_PCT,OREB,DREB,REB,AST,STL,BLK,TO,PF,PTS,FG2M,FG2A,FG2_PCT,OUTCOME,DEFICIT_FGM,DEFICIT_FGA,DEFICIT_FG3M,DEFICIT_FG3A,DEFICIT_FTM,DEFICIT_FTA,DEFICIT_OREB,DEFICIT_DREB,DEFICIT_REB,DEFICIT_AST,DEFICIT_STL,DEFICIT_BLK,DEFICIT_TO,DEFICIT_PF,DEFICIT_FG2M,DEFICIT_FG2A
0,Suns,7,25,0.28,8,10,0.8,10,33,43,18,9,4,10,18,75,23,60,0.383333333333,0,0.44776119403,0.502958579882,0.583333333333,0.568181818182,0.421052631579,0.344827586207,0.4,0.445945945946,0.434343434343,0.382978723404,0.692307692308,0.235294117647,0.47619047619,0.6,0.418181818182,0.48
1,Pelicans,5,19,0.263,11,19,0.579,15,41,56,29,4,13,11,12,90,32,65,0.492307692308,1,0.55223880597,0.497041420118,0.416666666667,0.431818181818,0.578947368421,0.655172413793,0.6,0.554054054054,0.565656565657,0.617021276596,0.307692307692,0.764705882353,0.52380952381,0.4,0.581818181818,0.52
