,TEAM_NAME,FG3M,FG3A,FG3_PCT,FTM,FTA,FT_PCT,OREB,DREB,REB,AST,STL,BLK,TO,PF,PTS,FG2M,FG2A,FG2_PCT,OUTCOME,DEFICIT_FGM,DEFICIT_FGA,DEFICIT_FG3M,DEFICIT_FG3A,DEFICIT_FTM,DEFICIT_FTA,DEFICIT_OREB,DEFICIT_DREB,DEFICIT_REB,DEFICIT_AST,DEFICIT_STL,DEFICIT_BLK,DEFICIT_TO,DEFICIT_PF,DEFICIT_FG2M,DEFICIT_FG2A
0,Pelicans,8,18,0.444,13,22,0.591,4,34,38,18,10,5,12,23,95,29,57,0.508771929825,1,0.528571428571,0.457317073171,0.571428571429,0.352941176471,0.40625,0.468085106383,0.235294117647,0.492753623188,0.441860465116,0.45,0.555555555556,0.625,0.444444444444,0.547619047619,0.517857142857,0.504424778761
1,Grizzlies,6,33,0.182,19,25,0.76,13,35,48,22,8,3,15,19,91,27,56,0.482142857143,0,0.471428571429,0.542682926829,0.428571428571,0.647058823529,0.59375,0.531914893617,0.764705882353,0.507246376812,0.558139534884,0.55,0.444444444444,0.375,0.555555555556,0.452380952381,0.482142857143,0.495575221239
