,TEAM_NAME,FG3M,FG3A,FG3_PCT,FTM,FTA,FT_PCT,OREB,DREB,REB,AST,STL,BLK,TO,PF,PTS,FG2M,FG2A,FG2_PCT,OUTCOME,DEFICIT_FGM,DEFICIT_FGA,DEFICIT_FG3M,DEFICIT_FG3A,DEFICIT_FTM,DEFICIT_FTA,DEFICIT_OREB,DEFICIT_DREB,DEFICIT_REB,DEFICIT_AST,DEFICIT_STL,DEFICIT_BLK,DEFICIT_TO,DEFICIT_PF,DEFICIT_FG2M,DEFICIT_FG2A
0,Thunder,12,23,0.522,22,31,0.71,12,36,48,21,10,4,12,13,116,29,65,0.446153846154,1,0.5,0.505747126437,0.521739130435,0.522727272727,0.647058823529,0.688888888889,0.666666666667,0.521739130435,0.551724137931,0.525,0.555555555556,0.25,0.444444444444,0.382352941176,0.491525423729,0.5
1,Knicks,11,21,0.524,12,14,0.857,6,33,39,19,8,12,15,21,105,30,65,0.461538461538,0,0.5,0.494252873563,0.478260869565,0.477272727273,0.352941176471,0.311111111111,0.333333333333,0.478260869565,0.448275862069,0.475,0.444444444444,0.75,0.555555555556,0.617647058824,0.508474576271,0.5
