,TEAM_NAME,FG3M,FG3A,FG3_PCT,FTM,FTA,FT_PCT,OREB,DREB,REB,AST,STL,BLK,TO,PF,PTS,FG2M,FG2A,FG2_PCT,OUTCOME,DEFICIT_FGM,DEFICIT_FGA,DEFICIT_FG3M,DEFICIT_FG3A,DEFICIT_FTM,DEFICIT_FTA,DEFICIT_OREB,DEFICIT_DREB,DEFICIT_REB,DEFICIT_AST,DEFICIT_STL,DEFICIT_BLK,DEFICIT_TO,DEFICIT_PF,DEFICIT_FG2M,DEFICIT_FG2A
0,Kings,7,24,0.292,13,17,0.765,12,38,50,23,4,6,18,17,86,26,65,0.4,0,0.445945945946,0.514450867052,0.35,0.4,0.481481481481,0.447368421053,0.666666666667,0.487179487179,0.520833333333,0.418181818182,0.285714285714,0.375,0.692307692308,0.515151515152,0.481481481481,0.575221238938
1,Warriors,13,36,0.361,14,21,0.667,6,40,46,32,10,10,8,16,109,28,48,0.583333333333,1,0.554054054054,0.485549132948,0.65,0.6,0.518518518519,0.552631578947,0.333333333333,0.512820512821,0.479166666667,0.581818181818,0.714285714286,0.625,0.307692307692,0.484848484848,0.518518518519,0.424778761062
