,TEAM_NAME,FG3M,FG3A,FG3_PCT,FTM,FTA,FT_PCT,OREB,DREB,REB,AST,STL,BLK,TO,PF,PTS,FG2M,FG2A,FG2_PCT,OUTCOME,DEFICIT_FGM,DEFICIT_FGA,DEFICIT_FG3M,DEFICIT_FG3A,DEFICIT_FTM,DEFICIT_FTA,DEFICIT_OREB,DEFICIT_DREB,DEFICIT_REB,DEFICIT_AST,DEFICIT_STL,DEFICIT_BLK,DEFICIT_TO,DEFICIT_PF,DEFICIT_FG2M,DEFICIT_FG2A
0,Wizards,10,22,0.455,18,21,0.857,9,33,42,25,8,3,13,27,102,27,62,0.435483870968,0,0.521126760563,0.506024096386,0.454545454545,0.44,0.418604651163,0.42,0.473684210526,0.492537313433,0.488372093023,0.581395348837,0.615384615385,0.375,0.52,0.586956521739,0.551020408163,0.534482758621
1,Mavericks,12,28,0.429,25,29,0.862,10,34,44,18,5,5,12,19,105,22,54,0.407407407407,1,0.478873239437,0.493975903614,0.545454545455,0.56,0.581395348837,0.58,0.526315789474,0.507462686567,0.511627906977,0.418604651163,0.384615384615,0.625,0.48,0.413043478261,0.448979591837,0.465517241379
