,TEAM_NAME,FG3M,FG3A,FG3_PCT,FTM,FTA,FT_PCT,OREB,DREB,REB,AST,STL,BLK,TO,PF,PTS,FG2M,FG2A,FG2_PCT,OUTCOME,DEFICIT_FGM,DEFICIT_FGA,DEFICIT_FG3M,DEFICIT_FG3A,DEFICIT_FTM,DEFICIT_FTA,DEFICIT_OREB,DEFICIT_DREB,DEFICIT_REB,DEFICIT_AST,DEFICIT_STL,DEFICIT_BLK,DEFICIT_TO,DEFICIT_PF,DEFICIT_FG2M,DEFICIT_FG2A
0,Thunder,10,23,0.435,18,25,0.72,13,26,39,21,5,0,10,24,100,26,56,0.464285714286,0,0.473684210526,0.490683229814,0.5,0.442307692308,0.514285714286,0.531914893617,0.52,0.464285714286,0.481481481481,0.45652173913,0.454545454545,0.0,0.555555555556,0.545454545455,0.464285714286,0.51376146789
1,Nuggets,10,29,0.345,17,22,0.773,12,30,42,25,6,5,8,20,107,30,53,0.566037735849,1,0.526315789474,0.509316770186,0.5,0.557692307692,0.485714285714,0.468085106383,0.48,0.535714285714,0.518518518519,0.54347826087,0.545454545455,1.0,0.444444444444,0.454545454545,0.535714285714,0.48623853211
