,TEAM_NAME,FG3M,FG3A,FG3_PCT,FTM,FTA,FT_PCT,OREB,DREB,REB,AST,STL,BLK,TO,PF,PTS,FG2M,FG2A,FG2_PCT,OUTCOME,DEFICIT_FGM,DEFICIT_FGA,DEFICIT_FG3M,DEFICIT_FG3A,DEFICIT_FTM,DEFICIT_FTA,DEFICIT_OREB,DEFICIT_DREB,DEFICIT_REB,DEFICIT_AST,DEFICIT_STL,DEFICIT_BLK,DEFICIT_TO,DEFICIT_PF,DEFICIT_FG2M,DEFICIT_FG2A
0,76ers,7,21,0.333,15,21,0.714,9,35,44,22,10,2,15,20,90,27,65,0.415384615385,0,0.453333333333,0.508875739645,0.538461538462,0.512195121951,0.535714285714,0.5,0.5625,0.486111111111,0.5,0.407407407407,0.47619047619,0.333333333333,0.5,0.512820512821,0.435483870968,0.5078125
1,Celtics,6,20,0.3,13,21,0.619,7,37,44,32,11,4,15,19,101,35,63,0.555555555556,1,0.546666666667,0.491124260355,0.461538461538,0.487804878049,0.464285714286,0.5,0.4375,0.513888888889,0.5,0.592592592593,0.52380952381,0.666666666667,0.5,0.487179487179,0.564516129032,0.4921875
