,TEAM_NAME,FG3M,FG3A,FG3_PCT,FTM,FTA,FT_PCT,OREB,DREB,REB,AST,STL,BLK,TO,PF,PTS,FG2M,FG2A,FG2_PCT,OUTCOME,DEFICIT_FGM,DEFICIT_FGA,DEFICIT_FG3M,DEFICIT_FG3A,DEFICIT_FTM,DEFICIT_FTA,DEFICIT_OREB,DEFICIT_DREB,DEFICIT_REB,DEFICIT_AST,DEFICIT_STL,DEFICIT_BLK,DEFICIT_TO,DEFICIT_PF,DEFICIT_FG2M,DEFICIT_FG2A
0,76ers,7,21,0.333,15,21,0.714,9,35,44,22,10,2,15,20,90,27,65,0.4153846153846154,0,0.4533333333333333,0.5088757396449705,0.5384615384615384,0.5121951219512195,0.5357142857142857,0.5,0.5625,0.4861111111111111,0.5,0.4074074074074074,0.47619047619047616,0.3333333333333333,0.5,0.5128205128205128,0.43548387096774194,0.5078125
1,Celtics,6,20,0.3,13,21,0.619,7,37,44,32,11,4,15,19,101,35,63,0.5555555555555556,1,0.5466666666666666,0.4911242603550296,0.46153846153846156,0.4878048780487805,0.4642857142857143,0.5,0.4375,0.5138888888888888,0.5,0.5925925925925926,0.5238095238095238,0.6666666666666666,0.5,0.48717948717948717,0.5645161290322581,0.4921875
