,TEAM_NAME,FG3M,FG3A,FG3_PCT,FTM,FTA,FT_PCT,OREB,DREB,REB,AST,STL,BLK,TO,PF,PTS,FG2M,FG2A,FG2_PCT,OUTCOME,DEFICIT_FGM,DEFICIT_FGA,DEFICIT_FG3M,DEFICIT_FG3A,DEFICIT_FTM,DEFICIT_FTA,DEFICIT_OREB,DEFICIT_DREB,DEFICIT_REB,DEFICIT_AST,DEFICIT_STL,DEFICIT_BLK,DEFICIT_TO,DEFICIT_PF,DEFICIT_FG2M,DEFICIT_FG2A
0,Lakers,5,20,0.25,19,23,0.826,14,33,47,17,8,3,13,18,98,32,71,0.4507042253521127,1,0.5522388059701493,0.5515151515151515,0.25,0.3448275862068966,0.5277777777777778,0.5,0.7,0.5076923076923077,0.5529411764705883,0.4594594594594595,0.5,0.3333333333333333,0.43333333333333335,0.4186046511627907,0.6808510638297872,0.6635514018691588
1,Rockets,15,38,0.395,17,23,0.739,6,32,38,20,8,6,17,25,92,15,36,0.4166666666666667,0,0.44776119402985076,0.4484848484848485,0.75,0.6551724137931034,0.4722222222222222,0.5,0.3,0.49230769230769234,0.4470588235294118,0.5405405405405406,0.5,0.6666666666666666,0.5666666666666667,0.5813953488372093,0.3191489361702128,0.3364485981308411
