,TEAM_NAME,FG3M,FG3A,FG3_PCT,FTM,FTA,FT_PCT,OREB,DREB,REB,AST,STL,BLK,TO,PF,PTS,FG2M,FG2A,FG2_PCT,OUTCOME,DEFICIT_FGM,DEFICIT_FGA,DEFICIT_FG3M,DEFICIT_FG3A,DEFICIT_FTM,DEFICIT_FTA,DEFICIT_OREB,DEFICIT_DREB,DEFICIT_REB,DEFICIT_AST,DEFICIT_STL,DEFICIT_BLK,DEFICIT_TO,DEFICIT_PF,DEFICIT_FG2M,DEFICIT_FG2A
0,Pistons,8,27,0.296,20,29,0.69,16,39,55,20,7,7,11,23,102,29,75,0.38666666666666666,0,0.5,0.5230769230769231,0.38095238095238093,0.47368421052631576,0.47619047619047616,0.5178571428571429,0.6666666666666666,0.4875,0.5288461538461539,0.4166666666666667,0.4666666666666667,0.5384615384615384,0.4782608695652174,0.5227272727272727,0.5471698113207547,0.5434782608695652
1,Celtics,13,30,0.433,22,27,0.815,8,41,49,28,8,6,12,21,109,24,63,0.38095238095238093,1,0.5,0.47692307692307695,0.6190476190476191,0.5263157894736842,0.5238095238095238,0.48214285714285715,0.3333333333333333,0.5125,0.47115384615384615,0.5833333333333334,0.5333333333333333,0.46153846153846156,0.5217391304347826,0.4772727272727273,0.4528301886792453,0.45652173913043476
