,TEAM_NAME,FG3M,FG3A,FG3_PCT,FTM,FTA,FT_PCT,OREB,DREB,REB,AST,STL,BLK,TO,PF,PTS,FG2M,FG2A,FG2_PCT,OUTCOME,DEFICIT_FGM,DEFICIT_FGA,DEFICIT_FG3M,DEFICIT_FG3A,DEFICIT_FTM,DEFICIT_FTA,DEFICIT_OREB,DEFICIT_DREB,DEFICIT_REB,DEFICIT_AST,DEFICIT_STL,DEFICIT_BLK,DEFICIT_TO,DEFICIT_PF,DEFICIT_FG2M,DEFICIT_FG2A
0,76ers,5,24,0.208,16,25,0.64,13,36,49,15,12,7,18,17,85,27,58,0.46551724137931033,1,0.5161290322580645,0.4939759036144578,0.625,0.5853658536585366,0.5333333333333333,0.5952380952380952,0.5416666666666666,0.48,0.494949494949495,0.46875,0.6,0.5833333333333334,0.5,0.4473684210526316,0.5,0.464
1,Timberwolves,3,17,0.176,14,17,0.824,11,39,50,17,8,5,18,21,77,27,67,0.40298507462686567,0,0.4838709677419355,0.5060240963855421,0.375,0.4146341463414634,0.4666666666666667,0.40476190476190477,0.4583333333333333,0.52,0.5050505050505051,0.53125,0.4,0.4166666666666667,0.5,0.5526315789473685,0.5,0.536
