,TEAM_NAME,FG3M,FG3A,FG3_PCT,FTM,FTA,FT_PCT,OREB,DREB,REB,AST,STL,BLK,TO,PF,PTS,FG2M,FG2A,FG2_PCT,OUTCOME,DEFICIT_FGM,DEFICIT_FGA,DEFICIT_FG3M,DEFICIT_FG3A,DEFICIT_FTM,DEFICIT_FTA,DEFICIT_OREB,DEFICIT_DREB,DEFICIT_REB,DEFICIT_AST,DEFICIT_STL,DEFICIT_BLK,DEFICIT_TO,DEFICIT_PF,DEFICIT_FG2M,DEFICIT_FG2A
0,Jazz,8,28,0.286,12,15,0.8,13,22,35,21,7,5,8,15,104,34,59,0.576271186441,0,0.48275862069,0.524096385542,0.4,0.571428571429,0.363636363636,0.384615384615,0.619047619048,0.43137254902,0.486111111111,0.583333333333,0.5,0.625,0.470588235294,0.483870967742,0.507462686567,0.504273504274
1,Raptors,12,21,0.571,21,24,0.875,8,29,37,15,7,3,9,16,123,33,58,0.568965517241,1,0.51724137931,0.475903614458,0.6,0.428571428571,0.636363636364,0.615384615385,0.380952380952,0.56862745098,0.513888888889,0.416666666667,0.5,0.375,0.529411764706,0.516129032258,0.492537313433,0.495726495726
