,TEAM_NAME,FG3M,FG3A,FG3_PCT,FTM,FTA,FT_PCT,OREB,DREB,REB,AST,STL,BLK,TO,PF,PTS,FG2M,FG2A,FG2_PCT,OUTCOME,DEFICIT_FGM,DEFICIT_FGA,DEFICIT_FG3M,DEFICIT_FG3A,DEFICIT_FTM,DEFICIT_FTA,DEFICIT_OREB,DEFICIT_DREB,DEFICIT_REB,DEFICIT_AST,DEFICIT_STL,DEFICIT_BLK,DEFICIT_TO,DEFICIT_PF,DEFICIT_FG2M,DEFICIT_FG2A
0,Pistons,8,27,0.296,20,29,0.69,16,39,55,20,7,7,11,23,102,29,75,0.386666666667,0,0.5,0.523076923077,0.380952380952,0.473684210526,0.47619047619,0.517857142857,0.666666666667,0.4875,0.528846153846,0.416666666667,0.466666666667,0.538461538462,0.478260869565,0.522727272727,0.547169811321,0.54347826087
1,Celtics,13,30,0.433,22,27,0.815,8,41,49,28,8,6,12,21,109,24,63,0.380952380952,1,0.5,0.476923076923,0.619047619048,0.526315789474,0.52380952381,0.482142857143,0.333333333333,0.5125,0.471153846154,0.583333333333,0.533333333333,0.461538461538,0.521739130435,0.477272727273,0.452830188679,0.45652173913
