,TEAM_NAME,FG3M,FG3A,FG3_PCT,FTM,FTA,FT_PCT,OREB,DREB,REB,AST,STL,BLK,TO,PF,PTS,FG2M,FG2A,FG2_PCT,OUTCOME,DEFICIT_FGM,DEFICIT_FGA,DEFICIT_FG3M,DEFICIT_FG3A,DEFICIT_FTM,DEFICIT_FTA,DEFICIT_OREB,DEFICIT_DREB,DEFICIT_REB,DEFICIT_AST,DEFICIT_STL,DEFICIT_BLK,DEFICIT_TO,DEFICIT_PF,DEFICIT_FG2M,DEFICIT_FG2A
0,Spurs,12,32,0.375,9,12,0.75,18,40,58,23,5,6,8,19,93,24,69,0.34782608695652173,0,0.4931506849315068,0.5287958115183246,0.5714285714285714,0.6274509803921569,0.42857142857142855,0.4,0.6666666666666666,0.47058823529411764,0.5178571428571429,0.5348837209302325,0.7142857142857143,0.75,0.4444444444444444,0.6551724137931034,0.46153846153846156,0.4928571428571429
1,Nets,9,19,0.474,12,18,0.667,9,45,54,20,2,2,10,10,95,28,71,0.39436619718309857,1,0.5068493150684932,0.4712041884816754,0.42857142857142855,0.37254901960784315,0.5714285714285714,0.6,0.3333333333333333,0.5294117647058824,0.48214285714285715,0.46511627906976744,0.2857142857142857,0.25,0.5555555555555556,0.3448275862068966,0.5384615384615384,0.5071428571428571
