,TEAM_NAME,FG3M,FG3A,FG3_PCT,FTM,FTA,FT_PCT,OREB,DREB,REB,AST,STL,BLK,TO,PF,PTS,FG2M,FG2A,FG2_PCT,OUTCOME,DEFICIT_FGM,DEFICIT_FGA,DEFICIT_FG3M,DEFICIT_FG3A,DEFICIT_FTM,DEFICIT_FTA,DEFICIT_OREB,DEFICIT_DREB,DEFICIT_REB,DEFICIT_AST,DEFICIT_STL,DEFICIT_BLK,DEFICIT_TO,DEFICIT_PF,DEFICIT_FG2M,DEFICIT_FG2A
0,76ers,5,24,0.208,16,25,0.64,13,36,49,15,12,7,18,17,85,27,58,0.465517241379,1,0.516129032258,0.493975903614,0.625,0.585365853659,0.533333333333,0.595238095238,0.541666666667,0.48,0.494949494949,0.46875,0.6,0.583333333333,0.5,0.447368421053,0.5,0.464
1,Timberwolves,3,17,0.176,14,17,0.824,11,39,50,17,8,5,18,21,77,27,67,0.402985074627,0,0.483870967742,0.506024096386,0.375,0.414634146341,0.466666666667,0.404761904762,0.458333333333,0.52,0.505050505051,0.53125,0.4,0.416666666667,0.5,0.552631578947,0.5,0.536
