,TEAM_NAME,FG3M,FG3A,FG3_PCT,FTM,FTA,FT_PCT,OREB,DREB,REB,AST,STL,BLK,TO,PF,PTS,FG2M,FG2A,FG2_PCT,OUTCOME,DEFICIT_FGM,DEFICIT_FGA,DEFICIT_FG3M,DEFICIT_FG3A,DEFICIT_FTM,DEFICIT_FTA,DEFICIT_OREB,DEFICIT_DREB,DEFICIT_REB,DEFICIT_AST,DEFICIT_STL,DEFICIT_BLK,DEFICIT_TO,DEFICIT_PF,DEFICIT_FG2M,DEFICIT_FG2A
0,Pelicans,11,32,0.344,17,25,0.68,9,41,50,16,12,4,16,16,104,27,58,0.465517241379,1,0.487179487179,0.48128342246,0.55,0.432432432432,0.739130434783,0.694444444444,0.5625,0.488095238095,0.5,0.421052631579,0.545454545455,0.4,0.5,0.444444444444,0.465517241379,0.513274336283
1,Nets,9,42,0.214,6,11,0.545,7,43,50,22,10,6,16,20,95,31,55,0.563636363636,0,0.512820512821,0.51871657754,0.45,0.567567567568,0.260869565217,0.305555555556,0.4375,0.511904761905,0.5,0.578947368421,0.454545454545,0.6,0.5,0.555555555556,0.534482758621,0.486725663717
