,TEAM_NAME,FG3M,FG3A,FG3_PCT,FTM,FTA,FT_PCT,OREB,DREB,REB,AST,STL,BLK,TO,PF,PTS,FG2M,FG2A,FG2_PCT,OUTCOME,DEFICIT_FGM,DEFICIT_FGA,DEFICIT_FG3M,DEFICIT_FG3A,DEFICIT_FTM,DEFICIT_FTA,DEFICIT_OREB,DEFICIT_DREB,DEFICIT_REB,DEFICIT_AST,DEFICIT_STL,DEFICIT_BLK,DEFICIT_TO,DEFICIT_PF,DEFICIT_FG2M,DEFICIT_FG2A
0,Suns,10,18,0.556,22,27,0.815,13,34,47,15,2,4,19,23,108,28,60,0.466666666667,0,0.469135802469,0.467065868263,0.4,0.346153846154,0.647058823529,0.613636363636,0.619047619048,0.586206896552,0.594936708861,0.340909090909,0.153846153846,0.363636363636,0.678571428571,0.53488372093,0.5,0.521739130435
1,Mavericks,15,34,0.441,12,17,0.706,8,24,32,29,11,7,9,20,113,28,55,0.509090909091,1,0.530864197531,0.532934131737,0.6,0.653846153846,0.352941176471,0.386363636364,0.380952380952,0.413793103448,0.405063291139,0.659090909091,0.846153846154,0.636363636364,0.321428571429,0.46511627907,0.5,0.478260869565
