,TEAM_NAME,FG3M,FG3A,FG3_PCT,FTM,FTA,FT_PCT,OREB,DREB,REB,AST,STL,BLK,TO,PF,PTS,FG2M,FG2A,FG2_PCT,OUTCOME,DEFICIT_FGM,DEFICIT_FGA,DEFICIT_FG3M,DEFICIT_FG3A,DEFICIT_FTM,DEFICIT_FTA,DEFICIT_OREB,DEFICIT_DREB,DEFICIT_REB,DEFICIT_AST,DEFICIT_STL,DEFICIT_BLK,DEFICIT_TO,DEFICIT_PF,DEFICIT_FG2M,DEFICIT_FG2A
0,Jazz,8,23,0.348,16,24,0.667,14,32,46,22,4,6,8,16,106,33,66,0.5,1,0.506172839506,0.523529411765,0.615384615385,0.511111111111,0.5,0.585365853659,0.7,0.492307692308,0.541176470588,0.628571428571,0.5,0.545454545455,0.470588235294,0.432432432432,0.485294117647,0.528
1,Suns,5,22,0.227,16,17,0.941,6,33,39,13,4,5,9,21,101,35,59,0.593220338983,0,0.493827160494,0.476470588235,0.384615384615,0.488888888889,0.5,0.414634146341,0.3,0.507692307692,0.458823529412,0.371428571429,0.5,0.454545454545,0.529411764706,0.567567567568,0.514705882353,0.472
