,TEAM_NAME,FG3M,FG3A,FG3_PCT,FTM,FTA,FT_PCT,OREB,DREB,REB,AST,STL,BLK,TO,PF,PTS,FG2M,FG2A,FG2_PCT,OUTCOME,DEFICIT_FGM,DEFICIT_FGA,DEFICIT_FG3M,DEFICIT_FG3A,DEFICIT_FTM,DEFICIT_FTA,DEFICIT_OREB,DEFICIT_DREB,DEFICIT_REB,DEFICIT_AST,DEFICIT_STL,DEFICIT_BLK,DEFICIT_TO,DEFICIT_PF,DEFICIT_FG2M,DEFICIT_FG2A
0,Pelicans,10,25,0.4,13,18,0.722,8,30,38,18,7,6,14,17,95,26,58,0.448275862069,0,0.467532467532,0.506097560976,0.666666666667,0.568181818182,0.541666666667,0.529411764706,0.615384615385,0.428571428571,0.457831325301,0.409090909091,0.388888888889,0.5,0.466666666667,0.485714285714,0.41935483871,0.483333333333
1,Pacers,5,19,0.263,11,16,0.688,5,40,45,26,11,6,16,18,98,36,62,0.58064516129,1,0.532467532468,0.493902439024,0.333333333333,0.431818181818,0.458333333333,0.470588235294,0.384615384615,0.571428571429,0.542168674699,0.590909090909,0.611111111111,0.5,0.533333333333,0.514285714286,0.58064516129,0.516666666667
