,TEAM_NAME,FG3M,FG3A,FG3_PCT,FTM,FTA,FT_PCT,OREB,DREB,REB,AST,STL,BLK,TO,PF,PTS,FG2M,FG2A,FG2_PCT,OUTCOME,DEFICIT_FGM,DEFICIT_FGA,DEFICIT_FG3M,DEFICIT_FG3A,DEFICIT_FTM,DEFICIT_FTA,DEFICIT_OREB,DEFICIT_DREB,DEFICIT_REB,DEFICIT_AST,DEFICIT_STL,DEFICIT_BLK,DEFICIT_TO,DEFICIT_PF,DEFICIT_FG2M,DEFICIT_FG2A
0,Knicks,8,26,0.308,15,23,0.652,15,38,53,21,8,3,18,22,107,34,59,0.576271186441,0,0.512195121951,0.494186046512,0.4,0.448275862069,0.483870967742,0.5,0.652173913043,0.575757575758,0.595505617978,0.446808510638,0.421052631579,0.5,0.642857142857,0.594594594595,0.548387096774,0.517543859649
1,Hawks,12,32,0.375,16,23,0.696,8,28,36,26,11,3,10,15,108,28,55,0.509090909091,1,0.487804878049,0.505813953488,0.6,0.551724137931,0.516129032258,0.5,0.347826086957,0.424242424242,0.404494382022,0.553191489362,0.578947368421,0.5,0.357142857143,0.405405405405,0.451612903226,0.482456140351
