,TEAM_NAME,FG3M,FG3A,FG3_PCT,FTM,FTA,FT_PCT,OREB,DREB,REB,AST,STL,BLK,TO,PF,PTS,FG2M,FG2A,FG2_PCT,OUTCOME,DEFICIT_FGM,DEFICIT_FGA,DEFICIT_FG3M,DEFICIT_FG3A,DEFICIT_FTM,DEFICIT_FTA,DEFICIT_OREB,DEFICIT_DREB,DEFICIT_REB,DEFICIT_AST,DEFICIT_STL,DEFICIT_BLK,DEFICIT_TO,DEFICIT_PF,DEFICIT_FG2M,DEFICIT_FG2A
0,76ers,14,37,0.378,29,36,0.806,13,38,51,25,8,9,18,23,113,21,41,0.512195121951,1,0.454545454545,0.467065868263,0.736842105263,0.725490196078,0.659090909091,0.620689655172,0.565217391304,0.575757575758,0.573033707865,0.520833333333,0.5,0.642857142857,0.6,0.5,0.362068965517,0.353448275862
1,Bucks,5,14,0.357,15,22,0.682,10,28,38,23,8,5,12,23,104,37,75,0.493333333333,0,0.545454545455,0.532934131737,0.263157894737,0.274509803922,0.340909090909,0.379310344828,0.434782608696,0.424242424242,0.426966292135,0.479166666667,0.5,0.357142857143,0.4,0.5,0.637931034483,0.646551724138
