,TEAM_NAME,FG3M,FG3A,FG3_PCT,FTM,FTA,FT_PCT,OREB,DREB,REB,AST,STL,BLK,TO,PF,PTS,FG2M,FG2A,FG2_PCT,OUTCOME,DEFICIT_FGM,DEFICIT_FGA,DEFICIT_FG3M,DEFICIT_FG3A,DEFICIT_FTM,DEFICIT_FTA,DEFICIT_OREB,DEFICIT_DREB,DEFICIT_REB,DEFICIT_AST,DEFICIT_STL,DEFICIT_BLK,DEFICIT_TO,DEFICIT_PF,DEFICIT_FG2M,DEFICIT_FG2A
0,Raptors,8,27,0.296,18,24,0.75,9,38,47,24,4,5,8,16,110,34,61,0.55737704918,1,0.506024096386,0.483516483516,0.5,0.519230769231,0.642857142857,0.615384615385,0.391304347826,0.520547945205,0.489583333333,0.461538461538,0.444444444444,0.416666666667,0.421052631579,0.444444444444,0.507462686567,0.469230769231
1,Pistons,8,25,0.32,10,15,0.667,14,35,49,28,5,7,11,20,100,33,69,0.478260869565,0,0.493975903614,0.516483516484,0.5,0.480769230769,0.357142857143,0.384615384615,0.608695652174,0.479452054795,0.510416666667,0.538461538462,0.555555555556,0.583333333333,0.578947368421,0.555555555556,0.492537313433,0.530769230769
