,TEAM_NAME,FG3M,FG3A,FG3_PCT,FTM,FTA,FT_PCT,OREB,DREB,REB,AST,STL,BLK,TO,PF,PTS,FG2M,FG2A,FG2_PCT,OUTCOME,DEFICIT_FGM,DEFICIT_FGA,DEFICIT_FG3M,DEFICIT_FG3A,DEFICIT_FTM,DEFICIT_FTA,DEFICIT_OREB,DEFICIT_DREB,DEFICIT_REB,DEFICIT_AST,DEFICIT_STL,DEFICIT_BLK,DEFICIT_TO,DEFICIT_PF,DEFICIT_FG2M,DEFICIT_FG2A
0,Raptors,8,27,0.296,18,24,0.75,9,38,47,24,4,5,8,16,110,34,61,0.5573770491803278,1,0.5060240963855421,0.4835164835164835,0.5,0.5192307692307693,0.6428571428571429,0.6153846153846154,0.391304347826087,0.5205479452054794,0.4895833333333333,0.46153846153846156,0.4444444444444444,0.4166666666666667,0.42105263157894735,0.4444444444444444,0.5074626865671642,0.46923076923076923
1,Pistons,8,25,0.32,10,15,0.667,14,35,49,28,5,7,11,20,100,33,69,0.4782608695652174,0,0.4939759036144578,0.5164835164835165,0.5,0.4807692307692308,0.35714285714285715,0.38461538461538464,0.6086956521739131,0.4794520547945205,0.5104166666666666,0.5384615384615384,0.5555555555555556,0.5833333333333334,0.5789473684210527,0.5555555555555556,0.4925373134328358,0.5307692307692308
