,TEAM_NAME,FG3M,FG3A,FG3_PCT,FTM,FTA,FT_PCT,OREB,DREB,REB,AST,STL,BLK,TO,PF,PTS,FG2M,FG2A,FG2_PCT,OUTCOME,DEFICIT_FGM,DEFICIT_FGA,DEFICIT_FG3M,DEFICIT_FG3A,DEFICIT_FTM,DEFICIT_FTA,DEFICIT_OREB,DEFICIT_DREB,DEFICIT_REB,DEFICIT_AST,DEFICIT_STL,DEFICIT_BLK,DEFICIT_TO,DEFICIT_PF,DEFICIT_FG2M,DEFICIT_FG2A
0,Spurs,8,20,0.4,21,26,0.808,17,43,60,24,8,4,16,22,119,37,89,0.4157303370786517,0,0.4891304347826087,0.4977168949771689,0.38095238095238093,0.36363636363636365,0.4883720930232558,0.5306122448979592,0.53125,0.5,0.5084745762711864,0.5714285714285714,0.4,0.4444444444444444,0.5333333333333333,0.4782608695652174,0.5211267605633803,0.5426829268292683
1,Trail Blazers,13,35,0.371,22,23,0.957,15,43,58,18,12,5,14,24,129,34,75,0.4533333333333333,1,0.5108695652173914,0.502283105022831,0.6190476190476191,0.6363636363636364,0.5116279069767442,0.46938775510204084,0.46875,0.5,0.4915254237288136,0.42857142857142855,0.6,0.5555555555555556,0.4666666666666667,0.5217391304347826,0.4788732394366197,0.4573170731707317
