,TEAM_NAME,FG3M,FG3A,FG3_PCT,FTM,FTA,FT_PCT,OREB,DREB,REB,AST,STL,BLK,TO,PF,PTS,FG2M,FG2A,FG2_PCT,OUTCOME,DEFICIT_FGM,DEFICIT_FGA,DEFICIT_FG3M,DEFICIT_FG3A,DEFICIT_FTM,DEFICIT_FTA,DEFICIT_OREB,DEFICIT_DREB,DEFICIT_REB,DEFICIT_AST,DEFICIT_STL,DEFICIT_BLK,DEFICIT_TO,DEFICIT_PF,DEFICIT_FG2M,DEFICIT_FG2A
0,Jazz,4,11,0.364,19,24,0.792,7,35,42,24,4,5,15,14,101,35,62,0.564516129032,1,0.513157894737,0.467948717949,0.25,0.333333333333,0.703703703704,0.666666666667,0.4375,0.583333333333,0.552631578947,0.461538461538,0.4,0.714285714286,0.555555555556,0.388888888889,0.583333333333,0.50406504065
1,Magic,12,22,0.545,8,12,0.667,9,25,34,28,6,2,12,22,94,25,61,0.409836065574,0,0.486842105263,0.532051282051,0.75,0.666666666667,0.296296296296,0.333333333333,0.5625,0.416666666667,0.447368421053,0.538461538462,0.6,0.285714285714,0.444444444444,0.611111111111,0.416666666667,0.49593495935
