,TEAM_NAME,FG3M,FG3A,FG3_PCT,FTM,FTA,FT_PCT,OREB,DREB,REB,AST,STL,BLK,TO,PF,PTS,FG2M,FG2A,FG2_PCT,OUTCOME,DEFICIT_FGM,DEFICIT_FGA,DEFICIT_FG3M,DEFICIT_FG3A,DEFICIT_FTM,DEFICIT_FTA,DEFICIT_OREB,DEFICIT_DREB,DEFICIT_REB,DEFICIT_AST,DEFICIT_STL,DEFICIT_BLK,DEFICIT_TO,DEFICIT_PF,DEFICIT_FG2M,DEFICIT_FG2A
0,Cavaliers,9,24,0.375,24,29,0.828,11,33,44,22,7,4,16,16,95,22,53,0.41509433962264153,1,0.45588235294117646,0.4967741935483871,0.5,0.5,0.75,0.7073170731707317,0.7333333333333333,0.5,0.5432098765432098,0.4888888888888889,0.4666666666666667,0.3333333333333333,0.5,0.38095238095238093,0.44,0.4953271028037383
1,Nets,9,24,0.375,8,12,0.667,4,33,37,23,8,8,16,26,91,28,54,0.5185185185185185,0,0.5441176470588235,0.5032258064516129,0.5,0.5,0.25,0.2926829268292683,0.26666666666666666,0.5,0.4567901234567901,0.5111111111111111,0.5333333333333333,0.6666666666666666,0.5,0.6190476190476191,0.56,0.5046728971962616
