,TEAM_NAME,FG3M,FG3A,FG3_PCT,FTM,FTA,FT_PCT,OREB,DREB,REB,AST,STL,BLK,TO,PF,PTS,FG2M,FG2A,FG2_PCT,OUTCOME,DEFICIT_FGM,DEFICIT_FGA,DEFICIT_FG3M,DEFICIT_FG3A,DEFICIT_FTM,DEFICIT_FTA,DEFICIT_OREB,DEFICIT_DREB,DEFICIT_REB,DEFICIT_AST,DEFICIT_STL,DEFICIT_BLK,DEFICIT_TO,DEFICIT_PF,DEFICIT_FG2M,DEFICIT_FG2A
0,76ers,12,26,0.462,15,17,0.882,2,33,35,23,6,12,24,17,91,20,45,0.4444444444444444,0,0.4266666666666667,0.42011834319526625,0.5454545454545454,0.52,0.5357142857142857,0.5,0.10526315789473684,0.5409836065573771,0.4375,0.4791666666666667,0.375,0.8,0.631578947368421,0.5,0.37735849056603776,0.37815126050420167
1,Hornets,10,24,0.417,13,17,0.765,17,28,45,25,10,3,14,17,109,33,74,0.44594594594594594,1,0.5733333333333334,0.5798816568047337,0.45454545454545453,0.48,0.4642857142857143,0.5,0.8947368421052632,0.45901639344262296,0.5625,0.5208333333333334,0.625,0.2,0.3684210526315789,0.5,0.6226415094339622,0.6218487394957983
