,TEAM_NAME,FG3M,FG3A,FG3_PCT,FTM,FTA,FT_PCT,OREB,DREB,REB,AST,STL,BLK,TO,PF,PTS,FG2M,FG2A,FG2_PCT,OUTCOME,DEFICIT_FGM,DEFICIT_FGA,DEFICIT_FG3M,DEFICIT_FG3A,DEFICIT_FTM,DEFICIT_FTA,DEFICIT_OREB,DEFICIT_DREB,DEFICIT_REB,DEFICIT_AST,DEFICIT_STL,DEFICIT_BLK,DEFICIT_TO,DEFICIT_PF,DEFICIT_FG2M,DEFICIT_FG2A
0,Timberwolves,6,12,0.5,8,16,0.5,15,22,37,23,8,5,13,13,98,36,81,0.444444444444,0,0.466666666667,0.522471910112,0.428571428571,0.342857142857,0.444444444444,0.533333333333,0.555555555556,0.415094339623,0.4625,0.442307692308,0.470588235294,0.454545454545,0.5,0.393939393939,0.473684210526,0.566433566434
1,Celtics,8,23,0.348,10,14,0.714,12,31,43,29,9,6,13,20,114,40,62,0.645161290323,1,0.533333333333,0.477528089888,0.571428571429,0.657142857143,0.555555555556,0.466666666667,0.444444444444,0.584905660377,0.5375,0.557692307692,0.529411764706,0.545454545455,0.5,0.606060606061,0.526315789474,0.433566433566
