,TEAM_NAME,FG3M,FG3A,FG3_PCT,FTM,FTA,FT_PCT,OREB,DREB,REB,AST,STL,BLK,TO,PF,PTS,FG2M,FG2A,FG2_PCT,OUTCOME,DEFICIT_FGM,DEFICIT_FGA,DEFICIT_FG3M,DEFICIT_FG3A,DEFICIT_FTM,DEFICIT_FTA,DEFICIT_OREB,DEFICIT_DREB,DEFICIT_REB,DEFICIT_AST,DEFICIT_STL,DEFICIT_BLK,DEFICIT_TO,DEFICIT_PF,DEFICIT_FG2M,DEFICIT_FG2A
0,Jazz,4,11,0.364,19,24,0.792,7,35,42,24,4,5,15,14,101,35,62,0.5645161290322581,1,0.5131578947368421,0.46794871794871795,0.25,0.3333333333333333,0.7037037037037037,0.6666666666666666,0.4375,0.5833333333333334,0.5526315789473685,0.46153846153846156,0.4,0.7142857142857143,0.5555555555555556,0.3888888888888889,0.5833333333333334,0.5040650406504065
1,Magic,12,22,0.545,8,12,0.667,9,25,34,28,6,2,12,22,94,25,61,0.4098360655737705,0,0.4868421052631579,0.532051282051282,0.75,0.6666666666666666,0.2962962962962963,0.3333333333333333,0.5625,0.4166666666666667,0.4473684210526316,0.5384615384615384,0.6,0.2857142857142857,0.4444444444444444,0.6111111111111112,0.4166666666666667,0.4959349593495935
