,TEAM_NAME,FG3M,FG3A,FG3_PCT,FTM,FTA,FT_PCT,OREB,DREB,REB,AST,STL,BLK,TO,PF,PTS,FG2M,FG2A,FG2_PCT,OUTCOME,DEFICIT_FGM,DEFICIT_FGA,DEFICIT_FG3M,DEFICIT_FG3A,DEFICIT_FTM,DEFICIT_FTA,DEFICIT_OREB,DEFICIT_DREB,DEFICIT_REB,DEFICIT_AST,DEFICIT_STL,DEFICIT_BLK,DEFICIT_TO,DEFICIT_PF,DEFICIT_FG2M,DEFICIT_FG2A
0,Wizards,3,14,0.214,24,33,0.727,13,23,36,24,6,3,9,17,105,36,65,0.5538461538461539,1,0.4936708860759494,0.512987012987013,0.25,0.42424242424242425,0.631578947368421,0.6346153846153846,0.7222222222222222,0.4423076923076923,0.5142857142857142,0.5217391304347826,0.46153846153846156,0.5,0.375,0.38636363636363635,0.5373134328358209,0.5371900826446281
1,Heat,9,19,0.474,14,19,0.737,5,29,34,22,7,3,15,27,103,31,56,0.5535714285714286,0,0.5063291139240507,0.487012987012987,0.75,0.5757575757575758,0.3684210526315789,0.36538461538461536,0.2777777777777778,0.5576923076923077,0.4857142857142857,0.4782608695652174,0.5384615384615384,0.5,0.625,0.6136363636363636,0.4626865671641791,0.4628099173553719
