,TEAM_NAME,FG3M,FG3A,FG3_PCT,FTM,FTA,FT_PCT,OREB,DREB,REB,AST,STL,BLK,TO,PF,PTS,FG2M,FG2A,FG2_PCT,OUTCOME,DEFICIT_FGM,DEFICIT_FGA,DEFICIT_FG3M,DEFICIT_FG3A,DEFICIT_FTM,DEFICIT_FTA,DEFICIT_OREB,DEFICIT_DREB,DEFICIT_REB,DEFICIT_AST,DEFICIT_STL,DEFICIT_BLK,DEFICIT_TO,DEFICIT_PF,DEFICIT_FG2M,DEFICIT_FG2A
0,Clippers,3,18,0.167,25,33,0.758,13,26,39,21,14,4,11,22,106,36,67,0.5373134328358209,0,0.5064935064935064,0.5151515151515151,0.21428571428571427,0.3829787234042553,0.5319148936170213,0.5238095238095238,0.5909090909090909,0.45614035087719296,0.4936708860759494,0.4117647058823529,0.7,0.8,0.34375,0.4782608695652174,0.5714285714285714,0.5677966101694916
1,Nuggets,11,29,0.379,22,30,0.733,9,31,40,30,6,1,21,24,109,27,51,0.5294117647058824,1,0.4935064935064935,0.48484848484848486,0.7857142857142857,0.6170212765957447,0.46808510638297873,0.47619047619047616,0.4090909090909091,0.543859649122807,0.5063291139240507,0.5882352941176471,0.3,0.2,0.65625,0.5217391304347826,0.42857142857142855,0.4322033898305085
