,TEAM_NAME,FG3M,FG3A,FG3_PCT,FTM,FTA,FT_PCT,OREB,DREB,REB,AST,STL,BLK,TO,PF,PTS,FG2M,FG2A,FG2_PCT,OUTCOME,DEFICIT_FGM,DEFICIT_FGA,DEFICIT_FG3M,DEFICIT_FG3A,DEFICIT_FTM,DEFICIT_FTA,DEFICIT_OREB,DEFICIT_DREB,DEFICIT_REB,DEFICIT_AST,DEFICIT_STL,DEFICIT_BLK,DEFICIT_TO,DEFICIT_PF,DEFICIT_FG2M,DEFICIT_FG2A
0,Cavaliers,9,24,0.375,24,29,0.828,11,33,44,22,7,4,16,16,95,22,53,0.415094339623,1,0.455882352941,0.496774193548,0.5,0.5,0.75,0.707317073171,0.733333333333,0.5,0.543209876543,0.488888888889,0.466666666667,0.333333333333,0.5,0.380952380952,0.44,0.495327102804
1,Nets,9,24,0.375,8,12,0.667,4,33,37,23,8,8,16,26,91,28,54,0.518518518519,0,0.544117647059,0.503225806452,0.5,0.5,0.25,0.292682926829,0.266666666667,0.5,0.456790123457,0.511111111111,0.533333333333,0.666666666667,0.5,0.619047619048,0.56,0.504672897196
