,TEAM_NAME,FG3M,FG3A,FG3_PCT,FTM,FTA,FT_PCT,OREB,DREB,REB,AST,STL,BLK,TO,PF,PTS,FG2M,FG2A,FG2_PCT,OUTCOME,DEFICIT_FGM,DEFICIT_FGA,DEFICIT_FG3M,DEFICIT_FG3A,DEFICIT_FTM,DEFICIT_FTA,DEFICIT_OREB,DEFICIT_DREB,DEFICIT_REB,DEFICIT_AST,DEFICIT_STL,DEFICIT_BLK,DEFICIT_TO,DEFICIT_PF,DEFICIT_FG2M,DEFICIT_FG2A
0,Heat,4,17,0.235,28,34,0.824,5,27,32,15,5,2,13,17,90,25,52,0.480769230769,0,0.426470588235,0.442307692308,0.4,0.404761904762,0.636363636364,0.666666666667,0.238095238095,0.5,0.426666666667,0.46875,0.416666666667,0.5,0.590909090909,0.404761904762,0.431034482759,0.456140350877
1,Celtics,6,25,0.24,16,17,0.941,16,27,43,17,7,2,9,25,100,33,62,0.532258064516,1,0.573529411765,0.557692307692,0.6,0.595238095238,0.363636363636,0.333333333333,0.761904761905,0.5,0.573333333333,0.53125,0.583333333333,0.5,0.409090909091,0.595238095238,0.568965517241,0.543859649123
