,TEAM_NAME,FG3M,FG3A,FG3_PCT,FTM,FTA,FT_PCT,OREB,DREB,REB,AST,STL,BLK,TO,PF,PTS,FG2M,FG2A,FG2_PCT,OUTCOME,DEFICIT_FGM,DEFICIT_FGA,DEFICIT_FG3M,DEFICIT_FG3A,DEFICIT_FTM,DEFICIT_FTA,DEFICIT_OREB,DEFICIT_DREB,DEFICIT_REB,DEFICIT_AST,DEFICIT_STL,DEFICIT_BLK,DEFICIT_TO,DEFICIT_PF,DEFICIT_FG2M,DEFICIT_FG2A
0,Wizards,4,23,0.174,18,23,0.783,9,30,39,17,7,2,12,20,104,37,71,0.5211267605633803,0,0.4939759036144578,0.5280898876404494,0.3333333333333333,0.5111111111111111,0.43902439024390244,0.4791666666666667,0.45,0.4166666666666667,0.42391304347826086,0.40476190476190477,0.7,0.25,0.4,0.4444444444444444,0.5211267605633803,0.5338345864661654
1,Knicks,8,22,0.364,23,25,0.92,11,42,53,25,3,6,18,25,115,34,62,0.5483870967741935,1,0.5060240963855421,0.47191011235955055,0.6666666666666666,0.4888888888888889,0.5609756097560976,0.5208333333333334,0.55,0.5833333333333334,0.5760869565217391,0.5952380952380952,0.3,0.75,0.6,0.5555555555555556,0.4788732394366197,0.46616541353383456
