,TEAM_NAME,FG3M,FG3A,FG3_PCT,FTM,FTA,FT_PCT,OREB,DREB,REB,AST,STL,BLK,TO,PF,PTS,FG2M,FG2A,FG2_PCT,OUTCOME,DEFICIT_FGM,DEFICIT_FGA,DEFICIT_FG3M,DEFICIT_FG3A,DEFICIT_FTM,DEFICIT_FTA,DEFICIT_OREB,DEFICIT_DREB,DEFICIT_REB,DEFICIT_AST,DEFICIT_STL,DEFICIT_BLK,DEFICIT_TO,DEFICIT_PF,DEFICIT_FG2M,DEFICIT_FG2A
0,Pelicans,7,27,0.259,22,31,0.71,6,38,44,15,8,7,13,26,93,25,57,0.43859649122807015,0,0.49230769230769234,0.5316455696202531,0.3888888888888889,0.5094339622641509,0.4583333333333333,0.4626865671641791,0.5454545454545454,0.4691358024691358,0.4782608695652174,0.4166666666666667,0.5,0.5833333333333334,0.4482758620689655,0.5306122448979592,0.5319148936170213,0.5428571428571428
1,Hawks,11,26,0.423,26,36,0.722,5,43,48,21,8,5,16,23,103,22,48,0.4583333333333333,1,0.5076923076923077,0.46835443037974683,0.6111111111111112,0.49056603773584906,0.5416666666666666,0.5373134328358209,0.45454545454545453,0.5308641975308642,0.5217391304347826,0.5833333333333334,0.5,0.4166666666666667,0.5517241379310345,0.46938775510204084,0.46808510638297873,0.45714285714285713
