,TEAM_NAME,FG3M,FG3A,FG3_PCT,FTM,FTA,FT_PCT,OREB,DREB,REB,AST,STL,BLK,TO,PF,PTS,FG2M,FG2A,FG2_PCT,OUTCOME,DEFICIT_FGM,DEFICIT_FGA,DEFICIT_FG3M,DEFICIT_FG3A,DEFICIT_FTM,DEFICIT_FTA,DEFICIT_OREB,DEFICIT_DREB,DEFICIT_REB,DEFICIT_AST,DEFICIT_STL,DEFICIT_BLK,DEFICIT_TO,DEFICIT_PF,DEFICIT_FG2M,DEFICIT_FG2A
0,Jazz,5,17,0.294,20,29,0.69,11,32,43,13,5,4,19,21,85,25,58,0.431034482759,0,0.422535211268,0.449101796407,0.416666666667,0.447368421053,0.625,0.630434782609,0.478260869565,0.5,0.494252873563,0.393939393939,0.3125,0.4,0.678571428571,0.466666666667,0.423728813559,0.449612403101
1,Suns,7,21,0.333,12,17,0.706,12,32,44,20,11,6,9,24,101,34,71,0.478873239437,1,0.577464788732,0.550898203593,0.583333333333,0.552631578947,0.375,0.369565217391,0.521739130435,0.5,0.505747126437,0.606060606061,0.6875,0.6,0.321428571429,0.533333333333,0.576271186441,0.550387596899
