,TEAM_NAME,FG3M,FG3A,FG3_PCT,FTM,FTA,FT_PCT,OREB,DREB,REB,AST,STL,BLK,TO,PF,PTS,FG2M,FG2A,FG2_PCT,OUTCOME,DEFICIT_FGM,DEFICIT_FGA,DEFICIT_FG3M,DEFICIT_FG3A,DEFICIT_FTM,DEFICIT_FTA,DEFICIT_OREB,DEFICIT_DREB,DEFICIT_REB,DEFICIT_AST,DEFICIT_STL,DEFICIT_BLK,DEFICIT_TO,DEFICIT_PF,DEFICIT_FG2M,DEFICIT_FG2A
0,Heat,7,19,0.368,14,16,0.875,9,38,47,31,2,4,10,19,103,34,72,0.472222222222,0,0.5,0.514124293785,0.5,0.452380952381,0.388888888889,0.347826086957,0.5,0.487179487179,0.489583333333,0.553571428571,0.285714285714,0.8,0.526315789474,0.513513513514,0.5,0.533333333333
1,Warriors,7,23,0.304,22,30,0.733,9,40,49,25,5,1,9,18,111,34,63,0.539682539683,1,0.5,0.485875706215,0.5,0.547619047619,0.611111111111,0.652173913043,0.5,0.512820512821,0.510416666667,0.446428571429,0.714285714286,0.2,0.473684210526,0.486486486486,0.5,0.466666666667
