,TEAM_NAME,FG3M,FG3A,FG3_PCT,FTM,FTA,FT_PCT,OREB,DREB,REB,AST,STL,BLK,TO,PF,PTS,FG2M,FG2A,FG2_PCT,OUTCOME,DEFICIT_FGM,DEFICIT_FGA,DEFICIT_FG3M,DEFICIT_FG3A,DEFICIT_FTM,DEFICIT_FTA,DEFICIT_OREB,DEFICIT_DREB,DEFICIT_REB,DEFICIT_AST,DEFICIT_STL,DEFICIT_BLK,DEFICIT_TO,DEFICIT_PF,DEFICIT_FG2M,DEFICIT_FG2A
0,Knicks,8,22,0.364,31,35,0.886,6,37,43,19,8,7,14,21,109,27,54,0.5,1,0.479452054795,0.469135802469,0.533333333333,0.458333333333,0.607843137255,0.583333333333,0.461538461538,0.55223880597,0.5375,0.513513513514,0.533333333333,0.636363636364,0.56,0.512195121951,0.465517241379,0.473684210526
1,Pacers,7,26,0.269,20,25,0.8,7,30,37,18,7,4,11,20,103,31,60,0.516666666667,0,0.520547945205,0.530864197531,0.466666666667,0.541666666667,0.392156862745,0.416666666667,0.538461538462,0.44776119403,0.4625,0.486486486486,0.466666666667,0.363636363636,0.44,0.487804878049,0.534482758621,0.526315789474
