,TEAM_NAME,FG3M,FG3A,FG3_PCT,FTM,FTA,FT_PCT,OREB,DREB,REB,AST,STL,BLK,TO,PF,PTS,FG2M,FG2A,FG2_PCT,OUTCOME,DEFICIT_FGM,DEFICIT_FGA,DEFICIT_FG3M,DEFICIT_FG3A,DEFICIT_FTM,DEFICIT_FTA,DEFICIT_OREB,DEFICIT_DREB,DEFICIT_REB,DEFICIT_AST,DEFICIT_STL,DEFICIT_BLK,DEFICIT_TO,DEFICIT_PF,DEFICIT_FG2M,DEFICIT_FG2A
0,Kings,9,21,0.429,20,26,0.769,10,33,43,25,10,3,14,15,109,31,61,0.508196721311,1,0.493827160494,0.5,0.473684210526,0.428571428571,0.625,0.604651162791,0.625,0.507692307692,0.530864197531,0.480769230769,0.555555555556,0.75,0.48275862069,0.416666666667,0.5,0.530434782609
1,Pistons,10,28,0.357,12,17,0.706,6,32,38,27,8,1,15,21,104,31,54,0.574074074074,0,0.506172839506,0.5,0.526315789474,0.571428571429,0.375,0.395348837209,0.375,0.492307692308,0.469135802469,0.519230769231,0.444444444444,0.25,0.51724137931,0.583333333333,0.5,0.469565217391
