,TEAM_NAME,FG3M,FG3A,FG3_PCT,FTM,FTA,FT_PCT,OREB,DREB,REB,AST,STL,BLK,TO,PF,PTS,FG2M,FG2A,FG2_PCT,OUTCOME,DEFICIT_FGM,DEFICIT_FGA,DEFICIT_FG3M,DEFICIT_FG3A,DEFICIT_FTM,DEFICIT_FTA,DEFICIT_OREB,DEFICIT_DREB,DEFICIT_REB,DEFICIT_AST,DEFICIT_STL,DEFICIT_BLK,DEFICIT_TO,DEFICIT_PF,DEFICIT_FG2M,DEFICIT_FG2A
0,Bucks,11,23,0.478,22,27,0.815,7,30,37,31,17,6,19,20,127,36,57,0.631578947368,1,0.546511627907,0.509554140127,0.44,0.396551724138,0.5,0.490909090909,0.583333333333,0.566037735849,0.569230769231,0.543859649123,0.607142857143,0.6,0.475,0.47619047619,0.590163934426,0.575757575758
1,Rockets,14,35,0.4,22,28,0.786,5,23,28,26,11,4,21,22,114,25,42,0.595238095238,0,0.453488372093,0.490445859873,0.56,0.603448275862,0.5,0.509090909091,0.416666666667,0.433962264151,0.430769230769,0.456140350877,0.392857142857,0.4,0.525,0.52380952381,0.409836065574,0.424242424242
