,TEAM_NAME,FG3M,FG3A,FG3_PCT,FTM,FTA,FT_PCT,OREB,DREB,REB,AST,STL,BLK,TO,PF,PTS,FG2M,FG2A,FG2_PCT,OUTCOME,DEFICIT_FGM,DEFICIT_FGA,DEFICIT_FG3M,DEFICIT_FG3A,DEFICIT_FTM,DEFICIT_FTA,DEFICIT_OREB,DEFICIT_DREB,DEFICIT_REB,DEFICIT_AST,DEFICIT_STL,DEFICIT_BLK,DEFICIT_TO,DEFICIT_PF,DEFICIT_FG2M,DEFICIT_FG2A
0,Nuggets,8,28,0.286,16,19,0.842,13,39,52,22,11,3,22,17,96,28,57,0.491228070175,1,0.514285714286,0.497076023392,0.470588235294,0.430769230769,0.64,0.633333333333,0.541666666667,0.557142857143,0.553191489362,0.488888888889,0.578947368421,0.272727272727,0.511627906977,0.485714285714,0.528301886792,0.537735849057
1,Mavericks,9,37,0.243,9,11,0.818,11,31,42,23,8,8,21,18,86,25,49,0.510204081633,0,0.485714285714,0.502923976608,0.529411764706,0.569230769231,0.36,0.366666666667,0.458333333333,0.442857142857,0.446808510638,0.511111111111,0.421052631579,0.727272727273,0.488372093023,0.514285714286,0.471698113208,0.462264150943
