,TEAM_NAME,FG3M,FG3A,FG3_PCT,FTM,FTA,FT_PCT,OREB,DREB,REB,AST,STL,BLK,TO,PF,PTS,FG2M,FG2A,FG2_PCT,OUTCOME,DEFICIT_FGM,DEFICIT_FGA,DEFICIT_FG3M,DEFICIT_FG3A,DEFICIT_FTM,DEFICIT_FTA,DEFICIT_OREB,DEFICIT_DREB,DEFICIT_REB,DEFICIT_AST,DEFICIT_STL,DEFICIT_BLK,DEFICIT_TO,DEFICIT_PF,DEFICIT_FG2M,DEFICIT_FG2A
0,Jazz,7,23,0.304,19,23,0.826,6,32,38,20,10,5,9,12,84,22,55,0.4,0,0.446153846154,0.5,0.411764705882,0.46,0.76,0.741935483871,0.428571428571,0.450704225352,0.447058823529,0.540540540541,0.714285714286,0.555555555556,0.36,0.342857142857,0.458333333333,0.518867924528
1,Trail Blazers,10,27,0.37,6,8,0.75,8,39,47,17,4,4,16,23,88,26,51,0.509803921569,1,0.553846153846,0.5,0.588235294118,0.54,0.24,0.258064516129,0.571428571429,0.549295774648,0.552941176471,0.459459459459,0.285714285714,0.444444444444,0.64,0.657142857143,0.541666666667,0.481132075472
