,TEAM_NAME,FG3M,FG3A,FG3_PCT,FTM,FTA,FT_PCT,OREB,DREB,REB,AST,STL,BLK,TO,PF,PTS,FG2M,FG2A,FG2_PCT,OUTCOME,DEFICIT_FGM,DEFICIT_FGA,DEFICIT_FG3M,DEFICIT_FG3A,DEFICIT_FTM,DEFICIT_FTA,DEFICIT_OREB,DEFICIT_DREB,DEFICIT_REB,DEFICIT_AST,DEFICIT_STL,DEFICIT_BLK,DEFICIT_TO,DEFICIT_PF,DEFICIT_FG2M,DEFICIT_FG2A
0,Knicks,6,25,0.24,25,36,0.694,16,34,50,33,17,6,13,25,121,39,67,0.582089552239,1,0.5625,0.522727272727,0.461538461538,0.510204081633,0.568181818182,0.590163934426,0.551724137931,0.548387096774,0.549450549451,0.634615384615,0.85,0.6,0.361111111111,0.490196078431,0.582089552239,0.527559055118
1,Celtics,7,24,0.292,19,25,0.76,13,28,41,19,3,4,23,26,96,28,60,0.466666666667,0,0.4375,0.477272727273,0.538461538462,0.489795918367,0.431818181818,0.409836065574,0.448275862069,0.451612903226,0.450549450549,0.365384615385,0.15,0.4,0.638888888889,0.509803921569,0.417910447761,0.472440944882
