,TEAM_NAME,FG3M,FG3A,FG3_PCT,FTM,FTA,FT_PCT,OREB,DREB,REB,AST,STL,BLK,TO,PF,PTS,FG2M,FG2A,FG2_PCT,OUTCOME,DEFICIT_FGM,DEFICIT_FGA,DEFICIT_FG3M,DEFICIT_FG3A,DEFICIT_FTM,DEFICIT_FTA,DEFICIT_OREB,DEFICIT_DREB,DEFICIT_REB,DEFICIT_AST,DEFICIT_STL,DEFICIT_BLK,DEFICIT_TO,DEFICIT_PF,DEFICIT_FG2M,DEFICIT_FG2A
0,Bucks,3,14,0.214,28,32,0.875,6,31,37,14,8,1,12,21,99,31,62,0.5,0,0.472222222222,0.487179487179,0.230769230769,0.411764705882,0.608695652174,0.551724137931,0.333333333333,0.455882352941,0.43023255814,0.333333333333,0.533333333333,0.142857142857,0.461538461538,0.477272727273,0.525423728814,0.508196721311
1,Pacers,10,20,0.5,18,26,0.692,12,37,49,28,7,6,14,23,104,28,60,0.466666666667,1,0.527777777778,0.512820512821,0.769230769231,0.588235294118,0.391304347826,0.448275862069,0.666666666667,0.544117647059,0.56976744186,0.666666666667,0.466666666667,0.857142857143,0.538461538462,0.522727272727,0.474576271186,0.491803278689
