,TEAM_NAME,FG3M,FG3A,FG3_PCT,FTM,FTA,FT_PCT,OREB,DREB,REB,AST,STL,BLK,TO,PF,PTS,FG2M,FG2A,FG2_PCT,OUTCOME,DEFICIT_FGM,DEFICIT_FGA,DEFICIT_FG3M,DEFICIT_FG3A,DEFICIT_FTM,DEFICIT_FTA,DEFICIT_OREB,DEFICIT_DREB,DEFICIT_REB,DEFICIT_AST,DEFICIT_STL,DEFICIT_BLK,DEFICIT_TO,DEFICIT_PF,DEFICIT_FG2M,DEFICIT_FG2A
0,Spurs,3,14,0.214,8,9,0.889,5,36,41,25,8,6,8,20,97,40,70,0.571428571429,1,0.581081081081,0.518518518519,0.333333333333,0.424242424242,0.380952380952,0.28125,0.416666666667,0.507042253521,0.493975903614,0.568181818182,0.727272727273,0.857142857143,0.347826086957,0.606060606061,0.615384615385,0.542635658915
1,Pistons,6,19,0.316,13,23,0.565,7,35,42,19,3,1,15,13,81,25,59,0.423728813559,0,0.418918918919,0.481481481481,0.666666666667,0.575757575758,0.619047619048,0.71875,0.583333333333,0.492957746479,0.506024096386,0.431818181818,0.272727272727,0.142857142857,0.652173913043,0.393939393939,0.384615384615,0.457364341085
