,TEAM_NAME,FG3M,FG3A,FG3_PCT,FTM,FTA,FT_PCT,OREB,DREB,REB,AST,STL,BLK,TO,PF,PTS,FG2M,FG2A,FG2_PCT,OUTCOME,DEFICIT_FGM,DEFICIT_FGA,DEFICIT_FG3M,DEFICIT_FG3A,DEFICIT_FTM,DEFICIT_FTA,DEFICIT_OREB,DEFICIT_DREB,DEFICIT_REB,DEFICIT_AST,DEFICIT_STL,DEFICIT_BLK,DEFICIT_TO,DEFICIT_PF,DEFICIT_FG2M,DEFICIT_FG2A
0,76ers,11,25,0.44,15,19,0.789,12,26,38,21,13,3,28,22,88,20,50,0.4,0,0.413333333333,0.477707006369,0.6875,0.625,0.576923076923,0.542857142857,0.5,0.456140350877,0.469135802469,0.396226415094,0.448275862069,0.375,0.56,0.536585365854,0.338983050847,0.42735042735
1,Bucks,5,15,0.333,11,16,0.688,12,31,43,32,16,5,22,19,104,39,67,0.582089552239,1,0.586666666667,0.522292993631,0.3125,0.375,0.423076923077,0.457142857143,0.5,0.543859649123,0.530864197531,0.603773584906,0.551724137931,0.625,0.44,0.463414634146,0.661016949153,0.57264957265
