,TEAM_NAME,FG3M,FG3A,FG3_PCT,FTM,FTA,FT_PCT,OREB,DREB,REB,AST,STL,BLK,TO,PF,PTS,FG2M,FG2A,FG2_PCT,OUTCOME,DEFICIT_FGM,DEFICIT_FGA,DEFICIT_FG3M,DEFICIT_FG3A,DEFICIT_FTM,DEFICIT_FTA,DEFICIT_OREB,DEFICIT_DREB,DEFICIT_REB,DEFICIT_AST,DEFICIT_STL,DEFICIT_BLK,DEFICIT_TO,DEFICIT_PF,DEFICIT_FG2M,DEFICIT_FG2A
0,Knicks,2,21,0.095,24,31,0.774,9,32,41,19,6,4,13,20,94,32,61,0.524590163934,0,0.447368421053,0.49696969697,0.125,0.403846153846,0.585365853659,0.607843137255,0.529411764706,0.457142857143,0.471264367816,0.395833333333,0.5,0.8,0.5,0.434782608696,0.533333333333,0.53982300885
1,Celtics,14,31,0.452,17,20,0.85,8,38,46,29,6,1,13,26,115,28,52,0.538461538462,1,0.552631578947,0.50303030303,0.875,0.596153846154,0.414634146341,0.392156862745,0.470588235294,0.542857142857,0.528735632184,0.604166666667,0.5,0.2,0.5,0.565217391304,0.466666666667,0.46017699115
