,TEAM_NAME,FG3M,FG3A,FG3_PCT,FTM,FTA,FT_PCT,OREB,DREB,REB,AST,STL,BLK,TO,PF,PTS,FG2M,FG2A,FG2_PCT,OUTCOME,DEFICIT_FGM,DEFICIT_FGA,DEFICIT_FG3M,DEFICIT_FG3A,DEFICIT_FTM,DEFICIT_FTA,DEFICIT_OREB,DEFICIT_DREB,DEFICIT_REB,DEFICIT_AST,DEFICIT_STL,DEFICIT_BLK,DEFICIT_TO,DEFICIT_PF,DEFICIT_FG2M,DEFICIT_FG2A
0,Wizards,4,18,0.222,7,8,0.875,10,33,43,21,5,3,19,27,77,29,69,0.420289855072,0,0.485294117647,0.517857142857,0.5,0.58064516129,0.233333333333,0.222222222222,0.5,0.434210526316,0.447916666667,0.552631578947,0.333333333333,0.428571428571,0.542857142857,0.642857142857,0.483333333333,0.503649635036
1,Timberwolves,4,13,0.308,23,28,0.821,10,43,53,17,10,4,16,15,97,31,68,0.455882352941,1,0.514705882353,0.482142857143,0.5,0.41935483871,0.766666666667,0.777777777778,0.5,0.565789473684,0.552083333333,0.447368421053,0.666666666667,0.571428571429,0.457142857143,0.357142857143,0.516666666667,0.496350364964
