,TEAM_NAME,FG3M,FG3A,FG3_PCT,FTM,FTA,FT_PCT,OREB,DREB,REB,AST,STL,BLK,TO,PF,PTS,FG2M,FG2A,FG2_PCT,OUTCOME,DEFICIT_FGM,DEFICIT_FGA,DEFICIT_FG3M,DEFICIT_FG3A,DEFICIT_FTM,DEFICIT_FTA,DEFICIT_OREB,DEFICIT_DREB,DEFICIT_REB,DEFICIT_AST,DEFICIT_STL,DEFICIT_BLK,DEFICIT_TO,DEFICIT_PF,DEFICIT_FG2M,DEFICIT_FG2A
0,Spurs,8,21,0.381,13,14,0.929,10,27,37,20,8,5,13,16,95,29,64,0.453125,0,0.4625,0.5,0.380952380952,0.446808510638,0.52,0.48275862069,0.454545454545,0.45,0.451219512195,0.444444444444,0.470588235294,0.555555555556,0.5,0.5,0.491525423729,0.520325203252
1,Trail Blazers,13,26,0.5,12,15,0.8,12,33,45,25,9,4,13,16,111,30,59,0.508474576271,1,0.5375,0.5,0.619047619048,0.553191489362,0.48,0.51724137931,0.545454545455,0.55,0.548780487805,0.555555555556,0.529411764706,0.444444444444,0.5,0.5,0.508474576271,0.479674796748
