,TEAM_NAME,FG3M,FG3A,FG3_PCT,FTM,FTA,FT_PCT,OREB,DREB,REB,AST,STL,BLK,TO,PF,PTS,FG2M,FG2A,FG2_PCT,OUTCOME,DEFICIT_FGM,DEFICIT_FGA,DEFICIT_FG3M,DEFICIT_FG3A,DEFICIT_FTM,DEFICIT_FTA,DEFICIT_OREB,DEFICIT_DREB,DEFICIT_REB,DEFICIT_AST,DEFICIT_STL,DEFICIT_BLK,DEFICIT_TO,DEFICIT_PF,DEFICIT_FG2M,DEFICIT_FG2A
0,Wizards,13,21,0.619,18,24,0.75,9,38,47,25,12,6,15,19,117,30,67,0.44776119403,1,0.551282051282,0.502857142857,0.684210526316,0.512195121951,0.473684210526,0.510638297872,0.5,0.550724637681,0.540229885057,0.555555555556,0.545454545455,0.666666666667,0.454545454545,0.487179487179,0.508474576271,0.5
1,Bulls,6,20,0.3,20,23,0.87,9,31,40,20,10,3,18,20,96,29,67,0.432835820896,0,0.448717948718,0.497142857143,0.315789473684,0.487804878049,0.526315789474,0.489361702128,0.5,0.449275362319,0.459770114943,0.444444444444,0.454545454545,0.333333333333,0.545454545455,0.512820512821,0.491525423729,0.5
