,TEAM_NAME,FG3M,FG3A,FG3_PCT,FTM,FTA,FT_PCT,OREB,DREB,REB,AST,STL,BLK,TO,PF,PTS,FG2M,FG2A,FG2_PCT,OUTCOME,DEFICIT_FGM,DEFICIT_FGA,DEFICIT_FG3M,DEFICIT_FG3A,DEFICIT_FTM,DEFICIT_FTA,DEFICIT_OREB,DEFICIT_DREB,DEFICIT_REB,DEFICIT_AST,DEFICIT_STL,DEFICIT_BLK,DEFICIT_TO,DEFICIT_PF,DEFICIT_FG2M,DEFICIT_FG2A
0,Warriors,8,20,0.4,16,24,0.667,9,31,40,24,14,6,24,24,104,32,61,0.524590163934,1,0.526315789474,0.50625,0.533333333333,0.526315789474,0.421052631579,0.444444444444,0.375,0.469696969697,0.444444444444,0.571428571429,0.5,0.545454545455,0.452830188679,0.489795918367,0.524590163934,0.5
1,Nuggets,7,18,0.389,22,30,0.733,15,35,50,18,14,5,29,25,101,29,61,0.475409836066,0,0.473684210526,0.49375,0.466666666667,0.473684210526,0.578947368421,0.555555555556,0.625,0.530303030303,0.555555555556,0.428571428571,0.5,0.454545454545,0.547169811321,0.510204081633,0.475409836066,0.5
