,TEAM_NAME,FG3M,FG3A,FG3_PCT,FTM,FTA,FT_PCT,OREB,DREB,REB,AST,STL,BLK,TO,PF,PTS,FG2M,FG2A,FG2_PCT,OUTCOME,DEFICIT_FGM,DEFICIT_FGA,DEFICIT_FG3M,DEFICIT_FG3A,DEFICIT_FTM,DEFICIT_FTA,DEFICIT_OREB,DEFICIT_DREB,DEFICIT_REB,DEFICIT_AST,DEFICIT_STL,DEFICIT_BLK,DEFICIT_TO,DEFICIT_PF,DEFICIT_FG2M,DEFICIT_FG2A
0,Knicks,7,22,0.318,20,25,0.8,12,35,47,18,5,6,15,20,105,32,61,0.524590163934,0,0.493670886076,0.485380116959,0.35,0.385964912281,0.512820512821,0.520833333333,0.521739130435,0.593220338983,0.573170731707,0.461538461538,0.3125,0.666666666667,0.652173913043,0.526315789474,0.542372881356,0.535087719298
1,Warriors,13,35,0.371,19,23,0.826,11,24,35,21,11,3,8,18,112,27,53,0.509433962264,1,0.506329113924,0.514619883041,0.65,0.614035087719,0.487179487179,0.479166666667,0.478260869565,0.406779661017,0.426829268293,0.538461538462,0.6875,0.333333333333,0.347826086957,0.473684210526,0.457627118644,0.464912280702
