,TEAM_NAME,FG3M,FG3A,FG3_PCT,FTM,FTA,FT_PCT,OREB,DREB,REB,AST,STL,BLK,TO,PF,PTS,FG2M,FG2A,FG2_PCT,OUTCOME,DEFICIT_FGM,DEFICIT_FGA,DEFICIT_FG3M,DEFICIT_FG3A,DEFICIT_FTM,DEFICIT_FTA,DEFICIT_OREB,DEFICIT_DREB,DEFICIT_REB,DEFICIT_AST,DEFICIT_STL,DEFICIT_BLK,DEFICIT_TO,DEFICIT_PF,DEFICIT_FG2M,DEFICIT_FG2A
0,Knicks,10,28,0.357,11,14,0.786,12,28,40,16,8,6,16,27,85,22,55,0.4,0,0.477611940299,0.5,0.714285714286,0.7,0.333333333333,0.318181818182,0.444444444444,0.417910447761,0.425531914894,0.432432432432,0.421052631579,0.6,0.5,0.658536585366,0.415094339623,0.436507936508
1,Pistons,4,12,0.333,22,30,0.733,15,39,54,21,11,4,16,14,96,31,71,0.43661971831,1,0.522388059701,0.5,0.285714285714,0.3,0.666666666667,0.681818181818,0.555555555556,0.582089552239,0.574468085106,0.567567567568,0.578947368421,0.4,0.5,0.341463414634,0.584905660377,0.563492063492
