,TEAM_NAME,FG3M,FG3A,FG3_PCT,FTM,FTA,FT_PCT,OREB,DREB,REB,AST,STL,BLK,TO,PF,PTS,FG2M,FG2A,FG2_PCT,OUTCOME,DEFICIT_FGM,DEFICIT_FGA,DEFICIT_FG3M,DEFICIT_FG3A,DEFICIT_FTM,DEFICIT_FTA,DEFICIT_OREB,DEFICIT_DREB,DEFICIT_REB,DEFICIT_AST,DEFICIT_STL,DEFICIT_BLK,DEFICIT_TO,DEFICIT_PF,DEFICIT_FG2M,DEFICIT_FG2A
0,Timberwolves,4,16,0.25,52,64,0.813,14,36,50,21,10,0,17,22,132,34,64,0.53125,1,0.431818181818,0.457142857143,0.25,0.326530612245,0.764705882353,0.719101123596,0.608695652174,0.529411764706,0.549450549451,0.477272727273,0.526315789474,0.0,0.485714285714,0.372881355932,0.472222222222,0.507936507937
1,Nuggets,12,33,0.364,16,25,0.64,9,32,41,23,9,5,18,37,128,38,62,0.612903225806,0,0.568181818182,0.542857142857,0.75,0.673469387755,0.235294117647,0.280898876404,0.391304347826,0.470588235294,0.450549450549,0.522727272727,0.473684210526,1.0,0.514285714286,0.627118644068,0.527777777778,0.492063492063
