,TEAM_NAME,FG3M,FG3A,FG3_PCT,FTM,FTA,FT_PCT,OREB,DREB,REB,AST,STL,BLK,TO,PF,PTS,FG2M,FG2A,FG2_PCT,OUTCOME,DEFICIT_FGM,DEFICIT_FGA,DEFICIT_FG3M,DEFICIT_FG3A,DEFICIT_FTM,DEFICIT_FTA,DEFICIT_OREB,DEFICIT_DREB,DEFICIT_REB,DEFICIT_AST,DEFICIT_STL,DEFICIT_BLK,DEFICIT_TO,DEFICIT_PF,DEFICIT_FG2M,DEFICIT_FG2A
0,Jazz,6,21,0.286,20,26,0.769,18,21,39,18,5,5,13,21,88,25,58,0.431034482759,0,0.424657534247,0.516339869281,0.428571428571,0.617647058824,0.47619047619,0.5,0.58064516129,0.396226415094,0.464285714286,0.391304347826,0.416666666667,0.555555555556,0.5,0.466666666667,0.423728813559,0.487394957983
1,Bucks,8,13,0.615,22,26,0.846,13,32,45,28,7,4,13,24,114,34,61,0.55737704918,1,0.575342465753,0.483660130719,0.571428571429,0.382352941176,0.52380952381,0.5,0.41935483871,0.603773584906,0.535714285714,0.608695652174,0.583333333333,0.444444444444,0.5,0.533333333333,0.576271186441,0.512605042017
