,TEAM_NAME,FG3M,FG3A,FG3_PCT,FTM,FTA,FT_PCT,OREB,DREB,REB,AST,STL,BLK,TO,PF,PTS,FG2M,FG2A,FG2_PCT,OUTCOME,DEFICIT_FGM,DEFICIT_FGA,DEFICIT_FG3M,DEFICIT_FG3A,DEFICIT_FTM,DEFICIT_FTA,DEFICIT_OREB,DEFICIT_DREB,DEFICIT_REB,DEFICIT_AST,DEFICIT_STL,DEFICIT_BLK,DEFICIT_TO,DEFICIT_PF,DEFICIT_FG2M,DEFICIT_FG2A
0,Kings,6,17,0.353,17,28,0.607,4,36,40,25,11,12,18,19,105,35,66,0.530303030303,1,0.5,0.453551912568,0.545454545455,0.435897435897,0.548387096774,0.622222222222,0.190476190476,0.514285714286,0.43956043956,0.54347826087,0.578947368421,0.8,0.486486486486,0.431818181818,0.492957746479,0.458333333333
1,Suns,5,22,0.227,14,17,0.824,17,34,51,21,8,3,19,25,101,36,78,0.461538461538,0,0.5,0.546448087432,0.454545454545,0.564102564103,0.451612903226,0.377777777778,0.809523809524,0.485714285714,0.56043956044,0.45652173913,0.421052631579,0.2,0.513513513514,0.568181818182,0.507042253521,0.541666666667
