,TEAM_NAME,FG3M,FG3A,FG3_PCT,FTM,FTA,FT_PCT,OREB,DREB,REB,AST,STL,BLK,TO,PF,PTS,FG2M,FG2A,FG2_PCT,OUTCOME,DEFICIT_FGM,DEFICIT_FGA,DEFICIT_FG3M,DEFICIT_FG3A,DEFICIT_FTM,DEFICIT_FTA,DEFICIT_OREB,DEFICIT_DREB,DEFICIT_REB,DEFICIT_AST,DEFICIT_STL,DEFICIT_BLK,DEFICIT_TO,DEFICIT_PF,DEFICIT_FG2M,DEFICIT_FG2A
0,Cavaliers,11,29,0.379,18,20,0.9,9,38,47,17,9,4,15,14,109,29,54,0.537037037037,1,0.506329113924,0.488235294118,0.578947368421,0.491525423729,0.692307692308,0.571428571429,0.473684210526,0.542857142857,0.52808988764,0.425,0.529411764706,0.4,0.5,0.4375,0.483333333333,0.486486486486
1,Hawks,8,30,0.267,8,15,0.533,10,32,42,23,8,6,15,18,94,31,57,0.543859649123,0,0.493670886076,0.511764705882,0.421052631579,0.508474576271,0.307692307692,0.428571428571,0.526315789474,0.457142857143,0.47191011236,0.575,0.470588235294,0.6,0.5,0.5625,0.516666666667,0.513513513514
