,TEAM_NAME,FG3M,FG3A,FG3_PCT,FTM,FTA,FT_PCT,OREB,DREB,REB,AST,STL,BLK,TO,PF,PTS,FG2M,FG2A,FG2_PCT,OUTCOME,DEFICIT_FGM,DEFICIT_FGA,DEFICIT_FG3M,DEFICIT_FG3A,DEFICIT_FTM,DEFICIT_FTA,DEFICIT_OREB,DEFICIT_DREB,DEFICIT_REB,DEFICIT_AST,DEFICIT_STL,DEFICIT_BLK,DEFICIT_TO,DEFICIT_PF,DEFICIT_FG2M,DEFICIT_FG2A
0,Trail Blazers,9,25,0.36,9,15,0.6,10,35,45,25,11,3,13,25,114,39,65,0.6,1,0.615384615385,0.514285714286,0.75,0.625,0.264705882353,0.348837209302,0.333333333333,0.555555555556,0.483870967742,0.625,0.611111111111,0.333333333333,0.448275862069,0.694444444444,0.590909090909,0.481481481481
1,Pelicans,3,15,0.2,25,28,0.893,20,28,48,15,7,6,16,11,88,27,70,0.385714285714,0,0.384615384615,0.485714285714,0.25,0.375,0.735294117647,0.651162790698,0.666666666667,0.444444444444,0.516129032258,0.375,0.388888888889,0.666666666667,0.551724137931,0.305555555556,0.409090909091,0.518518518519
