,TEAM_NAME,FG3M,FG3A,FG3_PCT,FTM,FTA,FT_PCT,OREB,DREB,REB,AST,STL,BLK,TO,PF,PTS,FG2M,FG2A,FG2_PCT,OUTCOME,DEFICIT_FGM,DEFICIT_FGA,DEFICIT_FG3M,DEFICIT_FG3A,DEFICIT_FTM,DEFICIT_FTA,DEFICIT_OREB,DEFICIT_DREB,DEFICIT_REB,DEFICIT_AST,DEFICIT_STL,DEFICIT_BLK,DEFICIT_TO,DEFICIT_PF,DEFICIT_FG2M,DEFICIT_FG2A
0,Spurs,3,13,0.231,26,26,1.0,12,36,48,10,6,2,19,20,93,29,64,0.453125,0,0.463768115942029,0.4723926380368098,0.25,0.3333333333333333,0.6190476190476191,0.5652173913043478,0.48,0.5714285714285714,0.5454545454545454,0.35714285714285715,0.375,0.4,0.6129032258064516,0.45454545454545453,0.5087719298245614,0.5161290322580645
1,Mavericks,9,26,0.346,16,20,0.8,13,27,40,18,10,3,12,24,99,28,60,0.4666666666666667,1,0.5362318840579711,0.5276073619631901,0.75,0.6666666666666666,0.38095238095238093,0.43478260869565216,0.52,0.42857142857142855,0.45454545454545453,0.6428571428571429,0.625,0.6,0.3870967741935484,0.5454545454545454,0.49122807017543857,0.4838709677419355
