,TEAM_NAME,FG3M,FG3A,FG3_PCT,FTM,FTA,FT_PCT,OREB,DREB,REB,AST,STL,BLK,TO,PF,PTS,FG2M,FG2A,FG2_PCT,OUTCOME,DEFICIT_FGM,DEFICIT_FGA,DEFICIT_FG3M,DEFICIT_FG3A,DEFICIT_FTM,DEFICIT_FTA,DEFICIT_OREB,DEFICIT_DREB,DEFICIT_REB,DEFICIT_AST,DEFICIT_STL,DEFICIT_BLK,DEFICIT_TO,DEFICIT_PF,DEFICIT_FG2M,DEFICIT_FG2A
0,Jazz,8,31,0.258,12,15,0.8,13,26,39,18,3,5,9,15,86,25,54,0.462962962963,0,0.44,0.494186046512,0.470588235294,0.584905660377,0.521739130435,0.483870967742,0.464285714286,0.433333333333,0.443181818182,0.461538461538,0.272727272727,0.625,0.642857142857,0.51724137931,0.431034482759,0.453781512605
1,Hornets,9,22,0.409,11,16,0.688,15,34,49,21,8,3,5,14,104,33,65,0.507692307692,1,0.56,0.505813953488,0.529411764706,0.415094339623,0.478260869565,0.516129032258,0.535714285714,0.566666666667,0.556818181818,0.538461538462,0.727272727273,0.375,0.357142857143,0.48275862069,0.568965517241,0.546218487395
