,TEAM_NAME,FG3M,FG3A,FG3_PCT,FTM,FTA,FT_PCT,OREB,DREB,REB,AST,STL,BLK,TO,PF,PTS,FG2M,FG2A,FG2_PCT,OUTCOME,DEFICIT_FGM,DEFICIT_FGA,DEFICIT_FG3M,DEFICIT_FG3A,DEFICIT_FTM,DEFICIT_FTA,DEFICIT_OREB,DEFICIT_DREB,DEFICIT_REB,DEFICIT_AST,DEFICIT_STL,DEFICIT_BLK,DEFICIT_TO,DEFICIT_PF,DEFICIT_FG2M,DEFICIT_FG2A
0,Trail Blazers,9,25,0.36,9,15,0.6,10,35,45,25,11,3,13,25,114,39,65,0.6,1,0.6153846153846154,0.5142857142857142,0.75,0.625,0.2647058823529412,0.3488372093023256,0.3333333333333333,0.5555555555555556,0.4838709677419355,0.625,0.6111111111111112,0.3333333333333333,0.4482758620689655,0.6944444444444444,0.5909090909090909,0.48148148148148145
1,Pelicans,3,15,0.2,25,28,0.893,20,28,48,15,7,6,16,11,88,27,70,0.38571428571428573,0,0.38461538461538464,0.4857142857142857,0.25,0.375,0.7352941176470589,0.6511627906976745,0.6666666666666666,0.4444444444444444,0.5161290322580645,0.375,0.3888888888888889,0.6666666666666666,0.5517241379310345,0.3055555555555556,0.4090909090909091,0.5185185185185185
