,TEAM_NAME,FG3M,FG3A,FG3_PCT,FTM,FTA,FT_PCT,OREB,DREB,REB,AST,STL,BLK,TO,PF,PTS,FG2M,FG2A,FG2_PCT,OUTCOME,DEFICIT_FGM,DEFICIT_FGA,DEFICIT_FG3M,DEFICIT_FG3A,DEFICIT_FTM,DEFICIT_FTA,DEFICIT_OREB,DEFICIT_DREB,DEFICIT_REB,DEFICIT_AST,DEFICIT_STL,DEFICIT_BLK,DEFICIT_TO,DEFICIT_PF,DEFICIT_FG2M,DEFICIT_FG2A
0,Magic,9,26,0.346,7,13,0.538,10,30,40,22,10,7,17,17,88,27,54,0.5,0,0.5,0.496894409938,0.391304347826,0.456140350877,0.4375,0.52,0.47619047619,0.491803278689,0.487804878049,0.448979591837,0.47619047619,0.583333333333,0.485714285714,0.586206896552,0.551020408163,0.519230769231
1,Hawks,14,31,0.452,9,12,0.75,11,31,42,27,11,5,18,12,95,22,50,0.44,1,0.5,0.503105590062,0.608695652174,0.543859649123,0.5625,0.48,0.52380952381,0.508196721311,0.512195121951,0.551020408163,0.52380952381,0.416666666667,0.514285714286,0.413793103448,0.448979591837,0.480769230769
