,TEAM_NAME,FG3M,FG3A,FG3_PCT,FTM,FTA,FT_PCT,OREB,DREB,REB,AST,STL,BLK,TO,PF,PTS,FG2M,FG2A,FG2_PCT,OUTCOME,DEFICIT_FGM,DEFICIT_FGA,DEFICIT_FG3M,DEFICIT_FG3A,DEFICIT_FTM,DEFICIT_FTA,DEFICIT_OREB,DEFICIT_DREB,DEFICIT_REB,DEFICIT_AST,DEFICIT_STL,DEFICIT_BLK,DEFICIT_TO,DEFICIT_PF,DEFICIT_FG2M,DEFICIT_FG2A
0,Pelicans,6,16,0.375,20,27,0.741,7,30,37,26,3,6,10,19,104,33,60,0.55,1,0.4875,0.475,0.428571428571,0.432432432432,0.625,0.627906976744,0.538461538462,0.545454545455,0.544117647059,0.553191489362,0.5,0.461538461538,0.625,0.452380952381,0.5,0.487804878049
1,Heat,8,21,0.381,12,16,0.75,6,25,31,21,3,7,6,23,102,33,63,0.52380952381,0,0.5125,0.525,0.571428571429,0.567567567568,0.375,0.372093023256,0.461538461538,0.454545454545,0.455882352941,0.446808510638,0.5,0.538461538462,0.375,0.547619047619,0.5,0.512195121951
