,TEAM_NAME,FG3M,FG3A,FG3_PCT,FTM,FTA,FT_PCT,OREB,DREB,REB,AST,STL,BLK,TO,PF,PTS,FG2M,FG2A,FG2_PCT,OUTCOME,DEFICIT_FGM,DEFICIT_FGA,DEFICIT_FG3M,DEFICIT_FG3A,DEFICIT_FTM,DEFICIT_FTA,DEFICIT_OREB,DEFICIT_DREB,DEFICIT_REB,DEFICIT_AST,DEFICIT_STL,DEFICIT_BLK,DEFICIT_TO,DEFICIT_PF,DEFICIT_FG2M,DEFICIT_FG2A
0,Wizards,4,17,0.235,17,22,0.773,13,38,51,20,4,5,13,25,81,26,76,0.342105263158,0,0.51724137931,0.537572254335,0.25,0.34,0.447368421053,0.392857142857,0.52,0.481012658228,0.490384615385,0.487804878049,0.363636363636,0.555555555556,0.464285714286,0.555555555556,0.619047619048,0.617886178862
1,76ers,12,33,0.364,21,34,0.618,12,41,53,21,7,4,15,20,89,16,47,0.340425531915,1,0.48275862069,0.462427745665,0.75,0.66,0.552631578947,0.607142857143,0.48,0.518987341772,0.509615384615,0.512195121951,0.636363636364,0.444444444444,0.535714285714,0.444444444444,0.380952380952,0.382113821138
