,TEAM_NAME,FG3M,FG3A,FG3_PCT,FTM,FTA,FT_PCT,OREB,DREB,REB,AST,STL,BLK,TO,PF,PTS,FG2M,FG2A,FG2_PCT,OUTCOME,DEFICIT_FGM,DEFICIT_FGA,DEFICIT_FG3M,DEFICIT_FG3A,DEFICIT_FTM,DEFICIT_FTA,DEFICIT_OREB,DEFICIT_DREB,DEFICIT_REB,DEFICIT_AST,DEFICIT_STL,DEFICIT_BLK,DEFICIT_TO,DEFICIT_PF,DEFICIT_FG2M,DEFICIT_FG2A
0,Knicks,6,18,0.333,25,26,0.962,18,40,58,28,6,9,10,35,121,39,91,0.428571428571,1,0.535714285714,0.529126213592,0.428571428571,0.367346938776,0.462962962963,0.393939393939,0.529411764706,0.512820512821,0.517857142857,0.56,0.666666666667,0.473684210526,0.4,0.573770491803,0.557142857143,0.579617834395
1,Pistons,8,31,0.258,29,40,0.725,16,38,54,22,3,10,15,26,115,31,66,0.469696969697,0,0.464285714286,0.470873786408,0.571428571429,0.632653061224,0.537037037037,0.606060606061,0.470588235294,0.487179487179,0.482142857143,0.44,0.333333333333,0.526315789474,0.6,0.426229508197,0.442857142857,0.420382165605
