,TEAM_NAME,FG3M,FG3A,FG3_PCT,FTM,FTA,FT_PCT,OREB,DREB,REB,AST,STL,BLK,TO,PF,PTS,FG2M,FG2A,FG2_PCT,OUTCOME,DEFICIT_FGM,DEFICIT_FGA,DEFICIT_FG3M,DEFICIT_FG3A,DEFICIT_FTM,DEFICIT_FTA,DEFICIT_OREB,DEFICIT_DREB,DEFICIT_REB,DEFICIT_AST,DEFICIT_STL,DEFICIT_BLK,DEFICIT_TO,DEFICIT_PF,DEFICIT_FG2M,DEFICIT_FG2A
0,Spurs,8,23,0.348,29,32,0.906,10,32,42,18,8,7,5,16,107,27,65,0.415384615385,1,0.479452054795,0.526946107784,0.888888888889,0.851851851852,0.604166666667,0.581818181818,0.588235294118,0.444444444444,0.47191011236,0.545454545455,0.727272727273,0.777777777778,0.227272727273,0.363636363636,0.421875,0.464285714286
1,Kings,1,4,0.25,19,23,0.826,7,40,47,15,3,2,17,28,96,37,75,0.493333333333,0,0.520547945205,0.473053892216,0.111111111111,0.148148148148,0.395833333333,0.418181818182,0.411764705882,0.555555555556,0.52808988764,0.454545454545,0.272727272727,0.222222222222,0.772727272727,0.636363636364,0.578125,0.535714285714
