,TEAM_NAME,FG3M,FG3A,FG3_PCT,FTM,FTA,FT_PCT,OREB,DREB,REB,AST,STL,BLK,TO,PF,PTS,FG2M,FG2A,FG2_PCT,OUTCOME,DEFICIT_FGM,DEFICIT_FGA,DEFICIT_FG3M,DEFICIT_FG3A,DEFICIT_FTM,DEFICIT_FTA,DEFICIT_OREB,DEFICIT_DREB,DEFICIT_REB,DEFICIT_AST,DEFICIT_STL,DEFICIT_BLK,DEFICIT_TO,DEFICIT_PF,DEFICIT_FG2M,DEFICIT_FG2A
0,Rockets,13,51,0.255,25,33,0.758,7,30,37,19,11,4,9,20,108,22,42,0.52380952381,0,0.443037974684,0.522471910112,0.619047619048,0.62962962963,0.595238095238,0.589285714286,0.466666666667,0.384615384615,0.397849462366,0.422222222222,0.578947368421,0.444444444444,0.310344827586,0.5,0.379310344828,0.432989690722
1,Hawks,8,30,0.267,17,23,0.739,8,48,56,26,8,5,20,20,113,36,55,0.654545454545,1,0.556962025316,0.477528089888,0.380952380952,0.37037037037,0.404761904762,0.410714285714,0.533333333333,0.615384615385,0.602150537634,0.577777777778,0.421052631579,0.555555555556,0.689655172414,0.5,0.620689655172,0.567010309278
