,TEAM_NAME,FG3M,FG3A,FG3_PCT,FTM,FTA,FT_PCT,OREB,DREB,REB,AST,STL,BLK,TO,PF,PTS,FG2M,FG2A,FG2_PCT,OUTCOME,DEFICIT_FGM,DEFICIT_FGA,DEFICIT_FG3M,DEFICIT_FG3A,DEFICIT_FTM,DEFICIT_FTA,DEFICIT_OREB,DEFICIT_DREB,DEFICIT_REB,DEFICIT_AST,DEFICIT_STL,DEFICIT_BLK,DEFICIT_TO,DEFICIT_PF,DEFICIT_FG2M,DEFICIT_FG2A
0,Raptors,4,16,0.25,17,18,0.944,18,33,51,12,9,3,18,20,91,31,74,0.418918918919,0,0.514705882353,0.532544378698,0.25,0.333333333333,0.515151515152,0.45,0.666666666667,0.515625,0.56043956044,0.375,0.529411764706,0.5,0.514285714286,0.571428571429,0.596153846154,0.611570247934
1,Cavaliers,12,32,0.375,16,22,0.727,9,31,40,20,8,3,17,15,94,21,47,0.446808510638,1,0.485294117647,0.467455621302,0.75,0.666666666667,0.484848484848,0.55,0.333333333333,0.484375,0.43956043956,0.625,0.470588235294,0.5,0.485714285714,0.428571428571,0.403846153846,0.388429752066
