,TEAM_NAME,FG3M,FG3A,FG3_PCT,FTM,FTA,FT_PCT,OREB,DREB,REB,AST,STL,BLK,TO,PF,PTS,FG2M,FG2A,FG2_PCT,OUTCOME,DEFICIT_FGM,DEFICIT_FGA,DEFICIT_FG3M,DEFICIT_FG3A,DEFICIT_FTM,DEFICIT_FTA,DEFICIT_OREB,DEFICIT_DREB,DEFICIT_REB,DEFICIT_AST,DEFICIT_STL,DEFICIT_BLK,DEFICIT_TO,DEFICIT_PF,DEFICIT_FG2M,DEFICIT_FG2A
0,Kings,3,11,0.273,23,31,0.742,15,32,47,20,7,3,18,19,102,35,69,0.507246376812,1,0.513513513514,0.522875816993,0.375,0.44,0.53488372093,0.543859649123,0.833333333333,0.542372881356,0.61038961039,0.47619047619,0.388888888889,0.230769230769,0.58064516129,0.422222222222,0.530303030303,0.5390625
1,Pelicans,5,14,0.357,20,26,0.769,3,27,30,22,11,10,13,26,97,31,59,0.525423728814,0,0.486486486486,0.477124183007,0.625,0.56,0.46511627907,0.456140350877,0.166666666667,0.457627118644,0.38961038961,0.52380952381,0.611111111111,0.769230769231,0.41935483871,0.577777777778,0.469696969697,0.4609375
