,TEAM_NAME,FG3M,FG3A,FG3_PCT,FTM,FTA,FT_PCT,OREB,DREB,REB,AST,STL,BLK,TO,PF,PTS,FG2M,FG2A,FG2_PCT,OUTCOME,DEFICIT_FGM,DEFICIT_FGA,DEFICIT_FG3M,DEFICIT_FG3A,DEFICIT_FTM,DEFICIT_FTA,DEFICIT_OREB,DEFICIT_DREB,DEFICIT_REB,DEFICIT_AST,DEFICIT_STL,DEFICIT_BLK,DEFICIT_TO,DEFICIT_PF,DEFICIT_FG2M,DEFICIT_FG2A
0,Spurs,8,17,0.471,21,25,0.84,15,25,40,18,10,5,8,19,103,29,63,0.460317460317,1,0.587301587302,0.536912751678,0.571428571429,0.548387096774,0.525,0.510204081633,0.681818181818,0.480769230769,0.540540540541,0.5625,0.714285714286,0.625,0.347826086957,0.463414634146,0.591836734694,0.533898305085
1,Pacers,6,14,0.429,19,24,0.792,7,27,34,14,4,3,15,22,77,20,55,0.363636363636,0,0.412698412698,0.463087248322,0.428571428571,0.451612903226,0.475,0.489795918367,0.318181818182,0.519230769231,0.459459459459,0.4375,0.285714285714,0.375,0.652173913043,0.536585365854,0.408163265306,0.466101694915
