,TEAM_NAME,FG3M,FG3A,FG3_PCT,FTM,FTA,FT_PCT,OREB,DREB,REB,AST,STL,BLK,TO,PF,PTS,FG2M,FG2A,FG2_PCT,OUTCOME,DEFICIT_FGM,DEFICIT_FGA,DEFICIT_FG3M,DEFICIT_FG3A,DEFICIT_FTM,DEFICIT_FTA,DEFICIT_OREB,DEFICIT_DREB,DEFICIT_REB,DEFICIT_AST,DEFICIT_STL,DEFICIT_BLK,DEFICIT_TO,DEFICIT_PF,DEFICIT_FG2M,DEFICIT_FG2A
0,Magic,5,25,0.2,10,13,0.769,9,43,52,12,3,5,14,17,69,22,59,0.372881355932,0,0.435483870968,0.48275862069,0.384615384615,0.5,0.5,0.565217391304,0.5625,0.505882352941,0.514851485149,0.352941176471,0.25,0.357142857143,0.608695652174,0.548387096774,0.448979591837,0.475806451613
1,Pacers,8,25,0.32,10,10,1.0,7,42,49,22,9,9,9,14,88,27,65,0.415384615385,1,0.564516129032,0.51724137931,0.615384615385,0.5,0.5,0.434782608696,0.4375,0.494117647059,0.485148514851,0.647058823529,0.75,0.642857142857,0.391304347826,0.451612903226,0.551020408163,0.524193548387
