,TEAM_NAME,FG3M,FG3A,FG3_PCT,FTM,FTA,FT_PCT,OREB,DREB,REB,AST,STL,BLK,TO,PF,PTS,FG2M,FG2A,FG2_PCT,OUTCOME,DEFICIT_FGM,DEFICIT_FGA,DEFICIT_FG3M,DEFICIT_FG3A,DEFICIT_FTM,DEFICIT_FTA,DEFICIT_OREB,DEFICIT_DREB,DEFICIT_REB,DEFICIT_AST,DEFICIT_STL,DEFICIT_BLK,DEFICIT_TO,DEFICIT_PF,DEFICIT_FG2M,DEFICIT_FG2A
0,Spurs,5,20,0.25,19,23,0.826,14,32,46,18,6,9,9,13,98,32,71,0.450704225352,0,0.451219512195,0.514124293785,0.294117647059,0.454545454545,0.678571428571,0.560975609756,0.56,0.450704225352,0.479166666667,0.391304347826,0.666666666667,0.5,0.473684210526,0.448275862069,0.492307692308,0.533834586466
1,Rockets,12,24,0.5,9,18,0.5,11,39,50,28,3,9,10,16,111,33,62,0.532258064516,1,0.548780487805,0.485875706215,0.705882352941,0.545454545455,0.321428571429,0.439024390244,0.44,0.549295774648,0.520833333333,0.608695652174,0.333333333333,0.5,0.526315789474,0.551724137931,0.507692307692,0.466165413534
