,TEAM_NAME,FG3M,FG3A,FG3_PCT,FTM,FTA,FT_PCT,OREB,DREB,REB,AST,STL,BLK,TO,PF,PTS,FG2M,FG2A,FG2_PCT,OUTCOME,DEFICIT_FGM,DEFICIT_FGA,DEFICIT_FG3M,DEFICIT_FG3A,DEFICIT_FTM,DEFICIT_FTA,DEFICIT_OREB,DEFICIT_DREB,DEFICIT_REB,DEFICIT_AST,DEFICIT_STL,DEFICIT_BLK,DEFICIT_TO,DEFICIT_PF,DEFICIT_FG2M,DEFICIT_FG2A
0,Thunder,13,24,0.542,20,26,0.769,8,38,46,32,8,3,10,21,123,32,60,0.533333333333,1,0.542168674699,0.48275862069,0.684210526316,0.510638297872,0.625,0.577777777778,0.4,0.558823529412,0.522727272727,0.581818181818,0.615384615385,0.6,0.454545454545,0.488372093023,0.5,0.472440944882
1,Knicks,6,23,0.261,12,19,0.632,12,30,42,23,5,2,12,22,94,32,67,0.477611940299,0,0.457831325301,0.51724137931,0.315789473684,0.489361702128,0.375,0.422222222222,0.6,0.441176470588,0.477272727273,0.418181818182,0.384615384615,0.4,0.545454545455,0.511627906977,0.5,0.527559055118
