,TEAM_NAME,FG3M,FG3A,FG3_PCT,FTM,FTA,FT_PCT,OREB,DREB,REB,AST,STL,BLK,TO,PF,PTS,FG2M,FG2A,FG2_PCT,OUTCOME,DEFICIT_FGM,DEFICIT_FGA,DEFICIT_FG3M,DEFICIT_FG3A,DEFICIT_FTM,DEFICIT_FTA,DEFICIT_OREB,DEFICIT_DREB,DEFICIT_REB,DEFICIT_AST,DEFICIT_STL,DEFICIT_BLK,DEFICIT_TO,DEFICIT_PF,DEFICIT_FG2M,DEFICIT_FG2A
0,Timberwolves,7,19,0.368,25,29,0.862,8,35,43,22,5,8,10,27,108,31,68,0.455882352941,0,0.5,0.50289017341,0.388888888889,0.404255319149,0.510204081633,0.467741935484,0.5,0.454545454545,0.462365591398,0.511627906977,0.416666666667,0.888888888889,0.454545454545,0.519230769231,0.534482758621,0.539682539683
1,Nuggets,11,28,0.393,24,33,0.727,8,42,50,21,7,1,12,25,111,27,58,0.465517241379,1,0.5,0.49710982659,0.611111111111,0.595744680851,0.489795918367,0.532258064516,0.5,0.545454545455,0.537634408602,0.488372093023,0.583333333333,0.111111111111,0.545454545455,0.480769230769,0.465517241379,0.460317460317
