,TEAM_NAME,FG3M,FG3A,FG3_PCT,FTM,FTA,FT_PCT,OREB,DREB,REB,AST,STL,BLK,TO,PF,PTS,FG2M,FG2A,FG2_PCT,OUTCOME,DEFICIT_FGM,DEFICIT_FGA,DEFICIT_FG3M,DEFICIT_FG3A,DEFICIT_FTM,DEFICIT_FTA,DEFICIT_OREB,DEFICIT_DREB,DEFICIT_REB,DEFICIT_AST,DEFICIT_STL,DEFICIT_BLK,DEFICIT_TO,DEFICIT_PF,DEFICIT_FG2M,DEFICIT_FG2A
0,Jazz,8,28,0.286,16,24,0.667,11,28,39,17,7,4,11,16,90,25,50,0.5,0,0.471428571429,0.496815286624,0.571428571429,0.622222222222,0.533333333333,0.6,0.5,0.451612903226,0.464285714286,0.548387096774,0.636363636364,0.666666666667,0.458333333333,0.457142857143,0.446428571429,0.446428571429
1,Thunder,6,17,0.353,14,16,0.875,11,34,45,14,4,2,13,19,94,31,62,0.5,1,0.528571428571,0.503184713376,0.428571428571,0.377777777778,0.466666666667,0.4,0.5,0.548387096774,0.535714285714,0.451612903226,0.363636363636,0.333333333333,0.541666666667,0.542857142857,0.553571428571,0.553571428571
