,TEAM_NAME,FG3M,FG3A,FG3_PCT,FTM,FTA,FT_PCT,OREB,DREB,REB,AST,STL,BLK,TO,PF,PTS,FG2M,FG2A,FG2_PCT,OUTCOME,DEFICIT_FGM,DEFICIT_FGA,DEFICIT_FG3M,DEFICIT_FG3A,DEFICIT_FTM,DEFICIT_FTA,DEFICIT_OREB,DEFICIT_DREB,DEFICIT_REB,DEFICIT_AST,DEFICIT_STL,DEFICIT_BLK,DEFICIT_TO,DEFICIT_PF,DEFICIT_FG2M,DEFICIT_FG2A
0,76ers,6,18,0.333,17,24,0.708,13,31,44,22,5,5,21,16,95,30,62,0.483870967742,0,0.455696202532,0.462427745665,0.375,0.4,0.607142857143,0.6,0.433333333333,0.5,0.478260869565,0.55,0.357142857143,0.357142857143,0.6,0.432432432432,0.47619047619,0.484375
1,Pistons,10,27,0.37,11,16,0.688,17,31,48,18,9,9,14,21,107,33,66,0.5,1,0.544303797468,0.537572254335,0.625,0.6,0.392857142857,0.4,0.566666666667,0.5,0.521739130435,0.45,0.642857142857,0.642857142857,0.4,0.567567567568,0.52380952381,0.515625
