,TEAM_NAME,FG3M,FG3A,FG3_PCT,FTM,FTA,FT_PCT,OREB,DREB,REB,AST,STL,BLK,TO,PF,PTS,FG2M,FG2A,FG2_PCT,OUTCOME,DEFICIT_FGM,DEFICIT_FGA,DEFICIT_FG3M,DEFICIT_FG3A,DEFICIT_FTM,DEFICIT_FTA,DEFICIT_OREB,DEFICIT_DREB,DEFICIT_REB,DEFICIT_AST,DEFICIT_STL,DEFICIT_BLK,DEFICIT_TO,DEFICIT_PF,DEFICIT_FG2M,DEFICIT_FG2A
0,Magic,6,22,0.273,14,20,0.7,6,24,30,16,8,3,19,24,76,22,50,0.44,0,0.405797101449,0.5,0.352941176471,0.511627906977,0.4375,0.425531914894,0.4,0.4,0.4,0.363636363636,0.4,1.0,0.513513513514,0.558139534884,0.423076923077,0.49504950495
1,Cavaliers,11,21,0.524,18,27,0.667,9,36,45,28,12,0,18,19,111,30,51,0.588235294118,1,0.594202898551,0.5,0.647058823529,0.488372093023,0.5625,0.574468085106,0.6,0.6,0.6,0.636363636364,0.6,0.0,0.486486486486,0.441860465116,0.576923076923,0.50495049505
