,TEAM_NAME,FG3M,FG3A,FG3_PCT,FTM,FTA,FT_PCT,OREB,DREB,REB,AST,STL,BLK,TO,PF,PTS,FG2M,FG2A,FG2_PCT,OUTCOME,DEFICIT_FGM,DEFICIT_FGA,DEFICIT_FG3M,DEFICIT_FG3A,DEFICIT_FTM,DEFICIT_FTA,DEFICIT_OREB,DEFICIT_DREB,DEFICIT_REB,DEFICIT_AST,DEFICIT_STL,DEFICIT_BLK,DEFICIT_TO,DEFICIT_PF,DEFICIT_FG2M,DEFICIT_FG2A
0,Knicks,5,24,0.208,25,27,0.926,8,31,39,20,7,6,28,23,86,23,45,0.511111111111,0,0.417910447761,0.463087248322,0.3125,0.521739130435,0.595238095238,0.519230769231,0.5,0.516666666667,0.513157894737,0.47619047619,0.333333333333,0.666666666667,0.651162790698,0.511111111111,0.450980392157,0.436893203883
1,Celtics,11,22,0.5,17,25,0.68,8,29,37,22,14,3,15,22,106,28,58,0.48275862069,1,0.582089552239,0.536912751678,0.6875,0.478260869565,0.404761904762,0.480769230769,0.5,0.483333333333,0.486842105263,0.52380952381,0.666666666667,0.333333333333,0.348837209302,0.488888888889,0.549019607843,0.563106796117
