,TEAM_NAME,FG3M,FG3A,FG3_PCT,FTM,FTA,FT_PCT,OREB,DREB,REB,AST,STL,BLK,TO,PF,PTS,FG2M,FG2A,FG2_PCT,OUTCOME,DEFICIT_FGM,DEFICIT_FGA,DEFICIT_FG3M,DEFICIT_FG3A,DEFICIT_FTM,DEFICIT_FTA,DEFICIT_OREB,DEFICIT_DREB,DEFICIT_REB,DEFICIT_AST,DEFICIT_STL,DEFICIT_BLK,DEFICIT_TO,DEFICIT_PF,DEFICIT_FG2M,DEFICIT_FG2A
0,Wizards,3,14,0.214,21,29,0.724,10,38,48,16,6,3,20,24,94,32,58,0.5517241379310345,1,0.5223880597014925,0.45,0.3,0.3333333333333333,0.5384615384615384,0.5576923076923077,0.45454545454545453,0.5671641791044776,0.5393258426966292,0.5,0.375,0.5,0.6666666666666666,0.5106382978723404,0.5614035087719298,0.4915254237288136
1,Pelicans,7,28,0.25,18,23,0.783,12,29,41,16,10,3,10,23,89,25,60,0.4166666666666667,0,0.47761194029850745,0.55,0.7,0.6666666666666666,0.46153846153846156,0.4423076923076923,0.5454545454545454,0.43283582089552236,0.4606741573033708,0.5,0.625,0.5,0.3333333333333333,0.48936170212765956,0.43859649122807015,0.5084745762711864
