,TEAM_NAME,FG3M,FG3A,FG3_PCT,FTM,FTA,FT_PCT,OREB,DREB,REB,AST,STL,BLK,TO,PF,PTS,FG2M,FG2A,FG2_PCT,OUTCOME,DEFICIT_FGM,DEFICIT_FGA,DEFICIT_FG3M,DEFICIT_FG3A,DEFICIT_FTM,DEFICIT_FTA,DEFICIT_OREB,DEFICIT_DREB,DEFICIT_REB,DEFICIT_AST,DEFICIT_STL,DEFICIT_BLK,DEFICIT_TO,DEFICIT_PF,DEFICIT_FG2M,DEFICIT_FG2A
0,Bucks,6,12,0.5,14,22,0.636,13,36,49,23,9,5,21,26,86,27,68,0.39705882352941174,1,0.5076923076923077,0.5063291139240507,0.6666666666666666,0.5,0.4666666666666667,0.46808510638297873,0.5652173913043478,0.5294117647058824,0.5384615384615384,0.5111111111111111,0.42857142857142855,0.45454545454545453,0.5833333333333334,0.5416666666666666,0.48214285714285715,0.5074626865671642
1,Grizzlies,3,12,0.25,16,25,0.64,10,32,42,22,12,6,15,22,83,29,66,0.4393939393939394,0,0.49230769230769234,0.4936708860759494,0.3333333333333333,0.5,0.5333333333333333,0.5319148936170213,0.43478260869565216,0.47058823529411764,0.46153846153846156,0.4888888888888889,0.5714285714285714,0.5454545454545454,0.4166666666666667,0.4583333333333333,0.5178571428571429,0.4925373134328358
