,TEAM_NAME,FG3M,FG3A,FG3_PCT,FTM,FTA,FT_PCT,OREB,DREB,REB,AST,STL,BLK,TO,PF,PTS,FG2M,FG2A,FG2_PCT,OUTCOME,DEFICIT_FGM,DEFICIT_FGA,DEFICIT_FG3M,DEFICIT_FG3A,DEFICIT_FTM,DEFICIT_FTA,DEFICIT_OREB,DEFICIT_DREB,DEFICIT_REB,DEFICIT_AST,DEFICIT_STL,DEFICIT_BLK,DEFICIT_TO,DEFICIT_PF,DEFICIT_FG2M,DEFICIT_FG2A
0,Thunder,4,19,0.211,29,35,0.829,22,20,42,18,16,5,14,32,101,30,73,0.41095890411,0,0.453333333333,0.560975609756,0.4,0.612903225806,0.527272727273,0.5,0.6875,0.37037037037,0.488372093023,0.418604651163,0.727272727273,0.5,0.368421052632,0.551724137931,0.461538461538,0.548872180451
1,Nuggets,6,12,0.5,26,35,0.743,10,34,44,25,6,5,24,26,114,35,60,0.583333333333,1,0.546666666667,0.439024390244,0.6,0.387096774194,0.472727272727,0.5,0.3125,0.62962962963,0.511627906977,0.581395348837,0.272727272727,0.5,0.631578947368,0.448275862069,0.538461538462,0.451127819549
