,TEAM_NAME,FG3M,FG3A,FG3_PCT,FTM,FTA,FT_PCT,OREB,DREB,REB,AST,STL,BLK,TO,PF,PTS,FG2M,FG2A,FG2_PCT,OUTCOME,DEFICIT_FGM,DEFICIT_FGA,DEFICIT_FG3M,DEFICIT_FG3A,DEFICIT_FTM,DEFICIT_FTA,DEFICIT_OREB,DEFICIT_DREB,DEFICIT_REB,DEFICIT_AST,DEFICIT_STL,DEFICIT_BLK,DEFICIT_TO,DEFICIT_PF,DEFICIT_FG2M,DEFICIT_FG2A
0,Wizards,3,14,0.214,21,29,0.724,10,38,48,16,6,3,20,24,94,32,58,0.551724137931,1,0.522388059701,0.45,0.3,0.333333333333,0.538461538462,0.557692307692,0.454545454545,0.567164179104,0.539325842697,0.5,0.375,0.5,0.666666666667,0.510638297872,0.561403508772,0.491525423729
1,Pelicans,7,28,0.25,18,23,0.783,12,29,41,16,10,3,10,23,89,25,60,0.416666666667,0,0.477611940299,0.55,0.7,0.666666666667,0.461538461538,0.442307692308,0.545454545455,0.432835820896,0.460674157303,0.5,0.625,0.5,0.333333333333,0.489361702128,0.438596491228,0.508474576271
