,TEAM_NAME,FG3M,FG3A,FG3_PCT,FTM,FTA,FT_PCT,OREB,DREB,REB,AST,STL,BLK,TO,PF,PTS,FG2M,FG2A,FG2_PCT,OUTCOME,DEFICIT_FGM,DEFICIT_FGA,DEFICIT_FG3M,DEFICIT_FG3A,DEFICIT_FTM,DEFICIT_FTA,DEFICIT_OREB,DEFICIT_DREB,DEFICIT_REB,DEFICIT_AST,DEFICIT_STL,DEFICIT_BLK,DEFICIT_TO,DEFICIT_PF,DEFICIT_FG2M,DEFICIT_FG2A
0,Trail Blazers,11,26,0.423,9,16,0.563,10,26,36,21,3,2,18,25,100,29,53,0.547169811321,0,0.5,0.5,0.55,0.553191489362,0.36,0.444444444444,0.625,0.52,0.545454545455,0.538461538462,0.230769230769,0.333333333333,0.692307692308,0.581395348837,0.483333333333,0.477477477477
1,Cavaliers,9,21,0.429,16,20,0.8,6,24,30,18,10,4,8,18,105,31,58,0.534482758621,1,0.5,0.5,0.45,0.446808510638,0.64,0.555555555556,0.375,0.48,0.454545454545,0.461538461538,0.769230769231,0.666666666667,0.307692307692,0.418604651163,0.516666666667,0.522522522523
