,TEAM_NAME,FG3M,FG3A,FG3_PCT,FTM,FTA,FT_PCT,OREB,DREB,REB,AST,STL,BLK,TO,PF,PTS,FG2M,FG2A,FG2_PCT,OUTCOME,DEFICIT_FGM,DEFICIT_FGA,DEFICIT_FG3M,DEFICIT_FG3A,DEFICIT_FTM,DEFICIT_FTA,DEFICIT_OREB,DEFICIT_DREB,DEFICIT_REB,DEFICIT_AST,DEFICIT_STL,DEFICIT_BLK,DEFICIT_TO,DEFICIT_PF,DEFICIT_FG2M,DEFICIT_FG2A
0,Rockets,15,35,0.429,12,17,0.706,10,26,36,26,20,3,23,15,105,24,47,0.510638297872,0,0.464285714286,0.503067484663,0.681818181818,0.660377358491,0.48,0.515151515152,0.454545454545,0.464285714286,0.461538461538,0.490566037736,0.588235294118,0.3,0.489361702128,0.46875,0.387096774194,0.427272727273
1,Nets,7,18,0.389,13,16,0.813,12,30,42,27,14,7,24,17,110,38,63,0.603174603175,1,0.535714285714,0.496932515337,0.318181818182,0.339622641509,0.52,0.484848484848,0.545454545455,0.535714285714,0.538461538462,0.509433962264,0.411764705882,0.7,0.510638297872,0.53125,0.612903225806,0.572727272727
