,TEAM_NAME,FG3M,FG3A,FG3_PCT,FTM,FTA,FT_PCT,OREB,DREB,REB,AST,STL,BLK,TO,PF,PTS,FG2M,FG2A,FG2_PCT,OUTCOME,DEFICIT_FGM,DEFICIT_FGA,DEFICIT_FG3M,DEFICIT_FG3A,DEFICIT_FTM,DEFICIT_FTA,DEFICIT_OREB,DEFICIT_DREB,DEFICIT_REB,DEFICIT_AST,DEFICIT_STL,DEFICIT_BLK,DEFICIT_TO,DEFICIT_PF,DEFICIT_FG2M,DEFICIT_FG2A
0,Rockets,10,35,0.286,22,28,0.786,10,34,44,20,6,3,15,16,96,22,49,0.448979591837,0,0.421052631579,0.502994011976,0.625,0.583333333333,0.666666666667,0.622222222222,0.625,0.485714285714,0.511627906977,0.46511627907,0.4,0.375,0.535714285714,0.380952380952,0.366666666667,0.457943925234
1,Nets,6,25,0.24,11,17,0.647,6,36,42,23,9,5,13,26,105,38,58,0.655172413793,1,0.578947368421,0.497005988024,0.375,0.416666666667,0.333333333333,0.377777777778,0.375,0.514285714286,0.488372093023,0.53488372093,0.6,0.625,0.464285714286,0.619047619048,0.633333333333,0.542056074766
