,TEAM_NAME,FG3M,FG3A,FG3_PCT,FTM,FTA,FT_PCT,OREB,DREB,REB,AST,STL,BLK,TO,PF,PTS,FG2M,FG2A,FG2_PCT,OUTCOME,DEFICIT_FGM,DEFICIT_FGA,DEFICIT_FG3M,DEFICIT_FG3A,DEFICIT_FTM,DEFICIT_FTA,DEFICIT_OREB,DEFICIT_DREB,DEFICIT_REB,DEFICIT_AST,DEFICIT_STL,DEFICIT_BLK,DEFICIT_TO,DEFICIT_PF,DEFICIT_FG2M,DEFICIT_FG2A
0,Wizards,11,32,0.344,22,30,0.733,7,38,45,30,6,5,12,25,123,34,54,0.62962962963,1,0.523255813953,0.5,0.392857142857,0.477611940299,0.488888888889,0.47619047619,0.411764705882,0.584615384615,0.548780487805,0.555555555556,0.428571428571,0.625,0.545454545455,0.520833333333,0.586206896552,0.514285714286
1,Rockets,17,35,0.486,23,33,0.697,10,27,37,24,8,3,10,23,122,24,51,0.470588235294,0,0.476744186047,0.5,0.607142857143,0.522388059701,0.511111111111,0.52380952381,0.588235294118,0.415384615385,0.451219512195,0.444444444444,0.571428571429,0.375,0.454545454545,0.479166666667,0.413793103448,0.485714285714
