,TEAM_NAME,FG3M,FG3A,FG3_PCT,FTM,FTA,FT_PCT,OREB,DREB,REB,AST,STL,BLK,TO,PF,PTS,FG2M,FG2A,FG2_PCT,OUTCOME,DEFICIT_FGM,DEFICIT_FGA,DEFICIT_FG3M,DEFICIT_FG3A,DEFICIT_FTM,DEFICIT_FTA,DEFICIT_OREB,DEFICIT_DREB,DEFICIT_REB,DEFICIT_AST,DEFICIT_STL,DEFICIT_BLK,DEFICIT_TO,DEFICIT_PF,DEFICIT_FG2M,DEFICIT_FG2A
0,Kings,9,24,0.375,32,38,0.842,18,33,51,16,10,3,19,27,117,29,68,0.426470588235,0,0.481012658228,0.538011695906,0.529411764706,0.571428571429,0.507936507937,0.506666666667,0.9,0.52380952381,0.614457831325,0.410256410256,0.4,0.25,0.59375,0.509433962264,0.467741935484,0.527131782946
1,Grizzlies,8,18,0.444,31,37,0.838,2,30,32,23,15,9,13,26,121,33,61,0.540983606557,1,0.518987341772,0.461988304094,0.470588235294,0.428571428571,0.492063492063,0.493333333333,0.1,0.47619047619,0.385542168675,0.589743589744,0.6,0.75,0.40625,0.490566037736,0.532258064516,0.472868217054
