,TEAM_NAME,FG3M,FG3A,FG3_PCT,FTM,FTA,FT_PCT,OREB,DREB,REB,AST,STL,BLK,TO,PF,PTS,FG2M,FG2A,FG2_PCT,OUTCOME,DEFICIT_FGM,DEFICIT_FGA,DEFICIT_FG3M,DEFICIT_FG3A,DEFICIT_FTM,DEFICIT_FTA,DEFICIT_OREB,DEFICIT_DREB,DEFICIT_REB,DEFICIT_AST,DEFICIT_STL,DEFICIT_BLK,DEFICIT_TO,DEFICIT_PF,DEFICIT_FG2M,DEFICIT_FG2A
0,Magic,10,27,0.37,20,24,0.833,8,22,30,27,11,5,19,32,100,25,49,0.5102040816326531,1,0.5384615384615384,0.5277777777777778,0.5555555555555556,0.5869565217391305,0.40816326530612246,0.3870967741935484,0.42105263157894735,0.44,0.43478260869565216,0.5510204081632653,0.6470588235294118,0.5555555555555556,0.48717948717948717,0.5714285714285714,0.5319148936170213,0.5
1,Heat,8,19,0.421,29,38,0.763,11,28,39,22,6,4,20,24,97,22,49,0.4489795918367347,0,0.46153846153846156,0.4722222222222222,0.4444444444444444,0.41304347826086957,0.5918367346938775,0.6129032258064516,0.5789473684210527,0.56,0.5652173913043478,0.4489795918367347,0.35294117647058826,0.4444444444444444,0.5128205128205128,0.42857142857142855,0.46808510638297873,0.5
