,TEAM_NAME,FG3M,FG3A,FG3_PCT,FTM,FTA,FT_PCT,OREB,DREB,REB,AST,STL,BLK,TO,PF,PTS,FG2M,FG2A,FG2_PCT,OUTCOME,DEFICIT_FGM,DEFICIT_FGA,DEFICIT_FG3M,DEFICIT_FG3A,DEFICIT_FTM,DEFICIT_FTA,DEFICIT_OREB,DEFICIT_DREB,DEFICIT_REB,DEFICIT_AST,DEFICIT_STL,DEFICIT_BLK,DEFICIT_TO,DEFICIT_PF,DEFICIT_FG2M,DEFICIT_FG2A
0,Magic,10,27,0.37,20,24,0.833,8,22,30,27,11,5,19,32,100,25,49,0.510204081633,1,0.538461538462,0.527777777778,0.555555555556,0.586956521739,0.408163265306,0.387096774194,0.421052631579,0.44,0.434782608696,0.551020408163,0.647058823529,0.555555555556,0.487179487179,0.571428571429,0.531914893617,0.5
1,Heat,8,19,0.421,29,38,0.763,11,28,39,22,6,4,20,24,97,22,49,0.448979591837,0,0.461538461538,0.472222222222,0.444444444444,0.413043478261,0.591836734694,0.612903225806,0.578947368421,0.56,0.565217391304,0.448979591837,0.352941176471,0.444444444444,0.512820512821,0.428571428571,0.468085106383,0.5
