,TEAM_NAME,FG3M,FG3A,FG3_PCT,FTM,FTA,FT_PCT,OREB,DREB,REB,AST,STL,BLK,TO,PF,PTS,FG2M,FG2A,FG2_PCT,OUTCOME,DEFICIT_FGM,DEFICIT_FGA,DEFICIT_FG3M,DEFICIT_FG3A,DEFICIT_FTM,DEFICIT_FTA,DEFICIT_OREB,DEFICIT_DREB,DEFICIT_REB,DEFICIT_AST,DEFICIT_STL,DEFICIT_BLK,DEFICIT_TO,DEFICIT_PF,DEFICIT_FG2M,DEFICIT_FG2A
0,Kings,9,32,0.281,21,28,0.75,11,35,46,15,12,7,21,20,98,25,51,0.49019607843137253,0,0.4657534246575342,0.46111111111111114,0.5,0.5333333333333333,0.5833333333333334,0.5957446808510638,0.39285714285714285,0.4794520547945205,0.45544554455445546,0.4166666666666667,0.46153846153846156,0.6363636363636364,0.5121951219512195,0.425531914893617,0.45454545454545453,0.425
1,Suns,9,28,0.321,15,19,0.789,17,38,55,21,14,4,20,27,102,30,69,0.43478260869565216,1,0.5342465753424658,0.5388888888888889,0.5,0.4666666666666667,0.4166666666666667,0.40425531914893614,0.6071428571428571,0.5205479452054794,0.5445544554455446,0.5833333333333334,0.5384615384615384,0.36363636363636365,0.4878048780487805,0.574468085106383,0.5454545454545454,0.575
