,TEAM_NAME,FG3M,FG3A,FG3_PCT,FTM,FTA,FT_PCT,OREB,DREB,REB,AST,STL,BLK,TO,PF,PTS,FG2M,FG2A,FG2_PCT,OUTCOME,DEFICIT_FGM,DEFICIT_FGA,DEFICIT_FG3M,DEFICIT_FG3A,DEFICIT_FTM,DEFICIT_FTA,DEFICIT_OREB,DEFICIT_DREB,DEFICIT_REB,DEFICIT_AST,DEFICIT_STL,DEFICIT_BLK,DEFICIT_TO,DEFICIT_PF,DEFICIT_FG2M,DEFICIT_FG2A
0,Spurs,9,21,0.429,13,20,0.65,9,37,46,24,7,11,13,16,96,28,57,0.491228070175,1,0.536231884058,0.490566037736,0.75,0.636363636364,0.5,0.555555555556,0.529411764706,0.528571428571,0.528735632184,0.6,0.5,0.846153846154,0.541666666667,0.457142857143,0.491228070175,0.452380952381
1,Pelicans,3,12,0.25,13,16,0.813,8,33,41,16,7,2,11,19,80,29,69,0.420289855072,0,0.463768115942,0.509433962264,0.25,0.363636363636,0.5,0.444444444444,0.470588235294,0.471428571429,0.471264367816,0.4,0.5,0.153846153846,0.458333333333,0.542857142857,0.508771929825,0.547619047619
