,TEAM_NAME,FG3M,FG3A,FG3_PCT,FTM,FTA,FT_PCT,OREB,DREB,REB,AST,STL,BLK,TO,PF,PTS,FG2M,FG2A,FG2_PCT,OUTCOME,DEFICIT_FGM,DEFICIT_FGA,DEFICIT_FG3M,DEFICIT_FG3A,DEFICIT_FTM,DEFICIT_FTA,DEFICIT_OREB,DEFICIT_DREB,DEFICIT_REB,DEFICIT_AST,DEFICIT_STL,DEFICIT_BLK,DEFICIT_TO,DEFICIT_PF,DEFICIT_FG2M,DEFICIT_FG2A
0,76ers,12,21,0.571,15,19,0.789,13,33,46,29,14,8,14,25,123,36,71,0.507042253521,1,0.592592592593,0.519774011299,0.666666666667,0.5,0.365853658537,0.372549019608,0.464285714286,0.532258064516,0.511111111111,0.591836734694,0.636363636364,0.571428571429,0.4375,0.555555555556,0.571428571429,0.525925925926
1,Pistons,6,21,0.286,26,32,0.813,15,29,44,20,8,6,18,20,98,27,64,0.421875,0,0.407407407407,0.480225988701,0.333333333333,0.5,0.634146341463,0.627450980392,0.535714285714,0.467741935484,0.488888888889,0.408163265306,0.363636363636,0.428571428571,0.5625,0.444444444444,0.428571428571,0.474074074074
