,TEAM_NAME,FG3M,FG3A,FG3_PCT,FTM,FTA,FT_PCT,OREB,DREB,REB,AST,STL,BLK,TO,PF,PTS,FG2M,FG2A,FG2_PCT,OUTCOME,DEFICIT_FGM,DEFICIT_FGA,DEFICIT_FG3M,DEFICIT_FG3A,DEFICIT_FTM,DEFICIT_FTA,DEFICIT_OREB,DEFICIT_DREB,DEFICIT_REB,DEFICIT_AST,DEFICIT_STL,DEFICIT_BLK,DEFICIT_TO,DEFICIT_PF,DEFICIT_FG2M,DEFICIT_FG2A
0,Bucks,4,14,0.286,9,14,0.643,17,23,40,15,6,4,14,16,67,23,65,0.353846153846,0,0.457627118644,0.516339869281,0.363636363636,0.378378378378,0.346153846154,0.4,0.548387096774,0.442307692308,0.481927710843,0.454545454545,0.545454545455,0.333333333333,0.56,0.571428571429,0.479166666667,0.560344827586
1,Heat,7,23,0.304,17,21,0.81,14,29,43,18,5,8,11,12,88,25,51,0.490196078431,1,0.542372881356,0.483660130719,0.636363636364,0.621621621622,0.653846153846,0.6,0.451612903226,0.557692307692,0.518072289157,0.545454545455,0.454545454545,0.666666666667,0.44,0.428571428571,0.520833333333,0.439655172414
