,TEAM_NAME,FG3M,FG3A,FG3_PCT,FTM,FTA,FT_PCT,OREB,DREB,REB,AST,STL,BLK,TO,PF,PTS,FG2M,FG2A,FG2_PCT,OUTCOME,DEFICIT_FGM,DEFICIT_FGA,DEFICIT_FG3M,DEFICIT_FG3A,DEFICIT_FTM,DEFICIT_FTA,DEFICIT_OREB,DEFICIT_DREB,DEFICIT_REB,DEFICIT_AST,DEFICIT_STL,DEFICIT_BLK,DEFICIT_TO,DEFICIT_PF,DEFICIT_FG2M,DEFICIT_FG2A
0,Kings,3,10,0.3,13,19,0.684,14,33,47,17,10,2,18,29,100,39,71,0.549295774648,0,0.552631578947,0.53642384106,0.3,0.30303030303,0.317073170732,0.351851851852,0.7,0.532258064516,0.573170731707,0.377777777778,0.625,0.222222222222,0.6,0.617021276596,0.590909090909,0.601694915254
1,Mavericks,7,23,0.304,28,35,0.8,6,29,35,28,6,7,12,18,103,27,47,0.574468085106,1,0.447368421053,0.46357615894,0.7,0.69696969697,0.682926829268,0.648148148148,0.3,0.467741935484,0.426829268293,0.622222222222,0.375,0.777777777778,0.4,0.382978723404,0.409090909091,0.398305084746
