,TEAM_NAME,FG3M,FG3A,FG3_PCT,FTM,FTA,FT_PCT,OREB,DREB,REB,AST,STL,BLK,TO,PF,PTS,FG2M,FG2A,FG2_PCT,OUTCOME,DEFICIT_FGM,DEFICIT_FGA,DEFICIT_FG3M,DEFICIT_FG3A,DEFICIT_FTM,DEFICIT_FTA,DEFICIT_OREB,DEFICIT_DREB,DEFICIT_REB,DEFICIT_AST,DEFICIT_STL,DEFICIT_BLK,DEFICIT_TO,DEFICIT_PF,DEFICIT_FG2M,DEFICIT_FG2A
0,Jazz,10,34,0.294,15,18,0.833,9,46,55,17,9,9,16,16,95,25,46,0.54347826087,1,0.573770491803,0.490797546012,0.555555555556,0.576271186441,0.652173913043,0.6,0.6,0.575,0.578947368421,0.607142857143,0.529411764706,0.692307692308,0.533333333333,0.5,0.581395348837,0.442307692308
1,Hawks,8,25,0.32,8,12,0.667,6,34,40,11,8,4,14,16,68,18,58,0.310344827586,0,0.426229508197,0.509202453988,0.444444444444,0.423728813559,0.347826086957,0.4,0.4,0.425,0.421052631579,0.392857142857,0.470588235294,0.307692307692,0.466666666667,0.5,0.418604651163,0.557692307692
