,TEAM_NAME,FG3M,FG3A,FG3_PCT,FTM,FTA,FT_PCT,OREB,DREB,REB,AST,STL,BLK,TO,PF,PTS,FG2M,FG2A,FG2_PCT,OUTCOME,DEFICIT_FGM,DEFICIT_FGA,DEFICIT_FG3M,DEFICIT_FG3A,DEFICIT_FTM,DEFICIT_FTA,DEFICIT_OREB,DEFICIT_DREB,DEFICIT_REB,DEFICIT_AST,DEFICIT_STL,DEFICIT_BLK,DEFICIT_TO,DEFICIT_PF,DEFICIT_FG2M,DEFICIT_FG2A
0,Thunder,13,26,0.5,23,29,0.793,7,33,40,29,11,4,12,21,132,35,70,0.5,1,0.5,0.48730964467,0.52,0.433333333333,0.522727272727,0.517857142857,0.35,0.458333333333,0.434782608696,0.460317460317,0.55,0.363636363636,0.428571428571,0.5,0.492957746479,0.510948905109
1,Nuggets,12,34,0.353,21,27,0.778,13,39,52,34,9,7,16,21,129,36,67,0.537313432836,0,0.5,0.51269035533,0.48,0.566666666667,0.477272727273,0.482142857143,0.65,0.541666666667,0.565217391304,0.539682539683,0.45,0.636363636364,0.571428571429,0.5,0.507042253521,0.489051094891
