,TEAM_NAME,FG3M,FG3A,FG3_PCT,FTM,FTA,FT_PCT,OREB,DREB,REB,AST,STL,BLK,TO,PF,PTS,FG2M,FG2A,FG2_PCT,OUTCOME,DEFICIT_FGM,DEFICIT_FGA,DEFICIT_FG3M,DEFICIT_FG3A,DEFICIT_FTM,DEFICIT_FTA,DEFICIT_OREB,DEFICIT_DREB,DEFICIT_REB,DEFICIT_AST,DEFICIT_STL,DEFICIT_BLK,DEFICIT_TO,DEFICIT_PF,DEFICIT_FG2M,DEFICIT_FG2A
0,Kings,9,32,0.281,17,21,0.81,4,33,37,24,7,6,14,18,104,30,48,0.625,0,0.493670886076,0.484848484848,0.3,0.390243902439,0.515151515152,0.512195121951,0.333333333333,0.492537313433,0.46835443038,0.470588235294,0.466666666667,0.75,0.5,0.486486486486,0.612244897959,0.578313253012
1,Rockets,21,50,0.42,16,20,0.8,8,34,42,27,8,2,14,19,117,19,35,0.542857142857,1,0.506329113924,0.515151515152,0.7,0.609756097561,0.484848484848,0.487804878049,0.666666666667,0.507462686567,0.53164556962,0.529411764706,0.533333333333,0.25,0.5,0.513513513514,0.387755102041,0.421686746988
