,TEAM_NAME,FG3M,FG3A,FG3_PCT,FTM,FTA,FT_PCT,OREB,DREB,REB,AST,STL,BLK,TO,PF,PTS,FG2M,FG2A,FG2_PCT,OUTCOME,DEFICIT_FGM,DEFICIT_FGA,DEFICIT_FG3M,DEFICIT_FG3A,DEFICIT_FTM,DEFICIT_FTA,DEFICIT_OREB,DEFICIT_DREB,DEFICIT_REB,DEFICIT_AST,DEFICIT_STL,DEFICIT_BLK,DEFICIT_TO,DEFICIT_PF,DEFICIT_FG2M,DEFICIT_FG2A
0,Pacers,11,26,0.423,11,16,0.688,9,38,47,25,11,5,14,19,118,37,61,0.606557377049,1,0.571428571429,0.524096385542,0.5,0.433333333333,0.44,0.410256410256,0.5,0.567164179104,0.552941176471,0.510204081633,0.578947368421,0.555555555556,0.424242424242,0.527777777778,0.596774193548,0.575471698113
1,Nets,11,34,0.324,14,23,0.609,9,29,38,24,8,4,19,17,97,25,45,0.555555555556,0,0.428571428571,0.475903614458,0.5,0.566666666667,0.56,0.589743589744,0.5,0.432835820896,0.447058823529,0.489795918367,0.421052631579,0.444444444444,0.575757575758,0.472222222222,0.403225806452,0.424528301887
