,TEAM_NAME,FG3M,FG3A,FG3_PCT,FTM,FTA,FT_PCT,OREB,DREB,REB,AST,STL,BLK,TO,PF,PTS,FG2M,FG2A,FG2_PCT,OUTCOME,DEFICIT_FGM,DEFICIT_FGA,DEFICIT_FG3M,DEFICIT_FG3A,DEFICIT_FTM,DEFICIT_FTA,DEFICIT_OREB,DEFICIT_DREB,DEFICIT_REB,DEFICIT_AST,DEFICIT_STL,DEFICIT_BLK,DEFICIT_TO,DEFICIT_PF,DEFICIT_FG2M,DEFICIT_FG2A
0,Timberwolves,6,20,0.3,18,31,0.581,5,39,44,26,11,5,15,20,104,34,63,0.539682539683,1,0.533333333333,0.488235294118,0.5,0.47619047619,0.545454545455,0.607843137255,0.357142857143,0.493670886076,0.47311827957,0.604651162791,0.52380952381,0.625,0.416666666667,0.425531914894,0.539682539683,0.4921875
1,Pacers,6,22,0.273,15,20,0.75,9,40,49,17,10,3,21,27,91,29,65,0.446153846154,0,0.466666666667,0.511764705882,0.5,0.52380952381,0.454545454545,0.392156862745,0.642857142857,0.506329113924,0.52688172043,0.395348837209,0.47619047619,0.375,0.583333333333,0.574468085106,0.460317460317,0.5078125
