,TEAM_NAME,FG3M,FG3A,FG3_PCT,FTM,FTA,FT_PCT,OREB,DREB,REB,AST,STL,BLK,TO,PF,PTS,FG2M,FG2A,FG2_PCT,OUTCOME,DEFICIT_FGM,DEFICIT_FGA,DEFICIT_FG3M,DEFICIT_FG3A,DEFICIT_FTM,DEFICIT_FTA,DEFICIT_OREB,DEFICIT_DREB,DEFICIT_REB,DEFICIT_AST,DEFICIT_STL,DEFICIT_BLK,DEFICIT_TO,DEFICIT_PF,DEFICIT_FG2M,DEFICIT_FG2A
0,Wizards,13,24,0.542,9,11,0.818,9,32,41,30,6,5,10,23,114,33,65,0.507692307692,1,0.582278481013,0.549382716049,0.684210526316,0.6,0.264705882353,0.268292682927,0.642857142857,0.492307692308,0.518987341772,0.6,0.545454545455,0.833333333333,0.384615384615,0.676470588235,0.55,0.532786885246
1,Hawks,6,16,0.375,25,30,0.833,5,33,38,20,5,1,16,11,97,27,57,0.473684210526,0,0.417721518987,0.450617283951,0.315789473684,0.4,0.735294117647,0.731707317073,0.357142857143,0.507692307692,0.481012658228,0.4,0.454545454545,0.166666666667,0.615384615385,0.323529411765,0.45,0.467213114754
