,TEAM_NAME,FG3M,FG3A,FG3_PCT,FTM,FTA,FT_PCT,OREB,DREB,REB,AST,STL,BLK,TO,PF,PTS,FG2M,FG2A,FG2_PCT,OUTCOME,DEFICIT_FGM,DEFICIT_FGA,DEFICIT_FG3M,DEFICIT_FG3A,DEFICIT_FTM,DEFICIT_FTA,DEFICIT_OREB,DEFICIT_DREB,DEFICIT_REB,DEFICIT_AST,DEFICIT_STL,DEFICIT_BLK,DEFICIT_TO,DEFICIT_PF,DEFICIT_FG2M,DEFICIT_FG2A
0,Pistons,8,18,0.444,14,20,0.7,7,24,31,20,8,5,9,20,98,30,72,0.416666666667,0,0.475,0.523255813953,0.5,0.473684210526,0.368421052632,0.392156862745,0.466666666667,0.369230769231,0.3875,0.384615384615,0.615384615385,0.3125,0.375,0.526315789474,0.46875,0.537313432836
1,Bobcats,8,20,0.4,24,31,0.774,8,41,49,32,5,11,15,18,116,34,62,0.548387096774,1,0.525,0.476744186047,0.5,0.526315789474,0.631578947368,0.607843137255,0.533333333333,0.630769230769,0.6125,0.615384615385,0.384615384615,0.6875,0.625,0.473684210526,0.53125,0.462686567164
