,TEAM_NAME,FG3M,FG3A,FG3_PCT,FTM,FTA,FT_PCT,OREB,DREB,REB,AST,STL,BLK,TO,PF,PTS,FG2M,FG2A,FG2_PCT,OUTCOME,DEFICIT_FGM,DEFICIT_FGA,DEFICIT_FG3M,DEFICIT_FG3A,DEFICIT_FTM,DEFICIT_FTA,DEFICIT_OREB,DEFICIT_DREB,DEFICIT_REB,DEFICIT_AST,DEFICIT_STL,DEFICIT_BLK,DEFICIT_TO,DEFICIT_PF,DEFICIT_FG2M,DEFICIT_FG2A
0,Knicks,10,21,0.476,14,20,0.7,13,25,38,20,8,6,9,17,98,27,62,0.435483870968,1,0.513888888889,0.525316455696,0.588235294118,0.5,0.5,0.487804878049,0.565217391304,0.438596491228,0.475,0.555555555556,0.571428571429,0.4,0.409090909091,0.459459459459,0.490909090909,0.534482758621
1,Pelicans,7,21,0.333,14,21,0.667,10,32,42,16,6,9,13,20,91,28,54,0.518518518519,0,0.486111111111,0.474683544304,0.411764705882,0.5,0.5,0.512195121951,0.434782608696,0.561403508772,0.525,0.444444444444,0.428571428571,0.6,0.590909090909,0.540540540541,0.509090909091,0.465517241379
