,TEAM_NAME,FG3M,FG3A,FG3_PCT,FTM,FTA,FT_PCT,OREB,DREB,REB,AST,STL,BLK,TO,PF,PTS,FG2M,FG2A,FG2_PCT,OUTCOME,DEFICIT_FGM,DEFICIT_FGA,DEFICIT_FG3M,DEFICIT_FG3A,DEFICIT_FTM,DEFICIT_FTA,DEFICIT_OREB,DEFICIT_DREB,DEFICIT_REB,DEFICIT_AST,DEFICIT_STL,DEFICIT_BLK,DEFICIT_TO,DEFICIT_PF,DEFICIT_FG2M,DEFICIT_FG2A
0,Spurs,8,18,0.444,28,35,0.8,6,28,34,27,9,3,7,29,122,35,66,0.530303030303,1,0.544303797468,0.535031847134,0.571428571429,0.58064516129,0.4375,0.460526315789,0.5,0.459016393443,0.465753424658,0.509433962264,0.642857142857,0.333333333333,0.28,0.56862745098,0.538461538462,0.52380952381
1,Timberwolves,6,13,0.462,36,41,0.878,6,33,39,26,5,6,18,22,114,30,60,0.5,0,0.455696202532,0.464968152866,0.428571428571,0.41935483871,0.5625,0.539473684211,0.5,0.540983606557,0.534246575342,0.490566037736,0.357142857143,0.666666666667,0.72,0.43137254902,0.461538461538,0.47619047619
