,TEAM_NAME,FG3M,FG3A,FG3_PCT,FTM,FTA,FT_PCT,OREB,DREB,REB,AST,STL,BLK,TO,PF,PTS,FG2M,FG2A,FG2_PCT,OUTCOME,DEFICIT_FGM,DEFICIT_FGA,DEFICIT_FG3M,DEFICIT_FG3A,DEFICIT_FTM,DEFICIT_FTA,DEFICIT_OREB,DEFICIT_DREB,DEFICIT_REB,DEFICIT_AST,DEFICIT_STL,DEFICIT_BLK,DEFICIT_TO,DEFICIT_PF,DEFICIT_FG2M,DEFICIT_FG2A
0,Knicks,8,24,0.333,11,16,0.688,10,35,45,17,6,9,15,23,85,25,62,0.4032258064516129,0,0.4647887323943662,0.48863636363636365,0.5333333333333333,0.5333333333333333,0.4074074074074074,0.38095238095238093,0.4166666666666667,0.4666666666666667,0.45454545454545453,0.37777777777777777,0.46153846153846156,0.6428571428571429,0.5357142857142857,0.5111111111111111,0.44642857142857145,0.4732824427480916
1,Celtics,7,21,0.333,16,26,0.615,14,40,54,28,7,5,13,22,99,31,69,0.4492753623188406,1,0.5352112676056338,0.5113636363636364,0.4666666666666667,0.4666666666666667,0.5925925925925926,0.6190476190476191,0.5833333333333334,0.5333333333333333,0.5454545454545454,0.6222222222222222,0.5384615384615384,0.35714285714285715,0.4642857142857143,0.4888888888888889,0.5535714285714286,0.5267175572519084
