,TEAM_NAME,FG3M,FG3A,FG3_PCT,FTM,FTA,FT_PCT,OREB,DREB,REB,AST,STL,BLK,TO,PF,PTS,FG2M,FG2A,FG2_PCT,OUTCOME,DEFICIT_FGM,DEFICIT_FGA,DEFICIT_FG3M,DEFICIT_FG3A,DEFICIT_FTM,DEFICIT_FTA,DEFICIT_OREB,DEFICIT_DREB,DEFICIT_REB,DEFICIT_AST,DEFICIT_STL,DEFICIT_BLK,DEFICIT_TO,DEFICIT_PF,DEFICIT_FG2M,DEFICIT_FG2A
0,Wizards,8,29,0.276,24,26,0.923,12,33,45,27,7,3,11,25,104,28,51,0.549019607843,1,0.521739130435,0.490797546012,0.5,0.537037037037,0.470588235294,0.433333333333,0.413793103448,0.540983606557,0.5,0.574468085106,0.466666666667,0.75,0.478260869565,0.555555555556,0.528301886792,0.467889908257
1,Grizzlies,8,25,0.32,27,34,0.794,17,28,45,20,8,1,12,20,101,25,58,0.431034482759,0,0.478260869565,0.509202453988,0.5,0.462962962963,0.529411764706,0.566666666667,0.586206896552,0.459016393443,0.5,0.425531914894,0.533333333333,0.25,0.521739130435,0.444444444444,0.471698113208,0.532110091743
