,TEAM_NAME,FG3M,FG3A,FG3_PCT,FTM,FTA,FT_PCT,OREB,DREB,REB,AST,STL,BLK,TO,PF,PTS,FG2M,FG2A,FG2_PCT,OUTCOME,DEFICIT_FGM,DEFICIT_FGA,DEFICIT_FG3M,DEFICIT_FG3A,DEFICIT_FTM,DEFICIT_FTA,DEFICIT_OREB,DEFICIT_DREB,DEFICIT_REB,DEFICIT_AST,DEFICIT_STL,DEFICIT_BLK,DEFICIT_TO,DEFICIT_PF,DEFICIT_FG2M,DEFICIT_FG2A
0,Pistons,10,25,0.4,18,28,0.643,18,42,60,27,6,0,12,29,118,35,66,0.530303030303,1,0.6,0.538461538462,0.625,0.5,0.382978723404,0.430769230769,0.692307692308,0.636363636364,0.652173913043,0.551020408163,0.857142857143,0.0,0.5,0.58,0.593220338983,0.554621848739
1,Hawks,6,25,0.24,29,37,0.784,8,24,32,22,1,4,12,21,95,24,53,0.452830188679,0,0.4,0.461538461538,0.375,0.5,0.617021276596,0.569230769231,0.307692307692,0.363636363636,0.347826086957,0.448979591837,0.142857142857,1.0,0.5,0.42,0.406779661017,0.445378151261
