,TEAM_NAME,FG3M,FG3A,FG3_PCT,FTM,FTA,FT_PCT,OREB,DREB,REB,AST,STL,BLK,TO,PF,PTS,FG2M,FG2A,FG2_PCT,OUTCOME,DEFICIT_FGM,DEFICIT_FGA,DEFICIT_FG3M,DEFICIT_FG3A,DEFICIT_FTM,DEFICIT_FTA,DEFICIT_OREB,DEFICIT_DREB,DEFICIT_REB,DEFICIT_AST,DEFICIT_STL,DEFICIT_BLK,DEFICIT_TO,DEFICIT_PF,DEFICIT_FG2M,DEFICIT_FG2A
0,76ers,12,30,0.4,17,25,0.68,17,25,42,29,7,2,12,29,115,31,61,0.5081967213114754,0,0.5180722891566265,0.5384615384615384,0.5,0.5555555555555556,0.3953488372093023,0.423728813559322,0.5862068965517241,0.4716981132075472,0.5121951219512195,0.5370370370370371,0.6363636363636364,0.25,0.41379310344827586,0.58,0.5254237288135594,0.5304347826086957
1,Bulls,12,24,0.5,26,34,0.765,12,28,40,25,4,6,17,21,118,28,54,0.5185185185185185,1,0.4819277108433735,0.46153846153846156,0.5,0.4444444444444444,0.6046511627906976,0.576271186440678,0.41379310344827586,0.5283018867924528,0.4878048780487805,0.46296296296296297,0.36363636363636365,0.75,0.5862068965517241,0.42,0.4745762711864407,0.46956521739130436
