,TEAM_NAME,FG3M,FG3A,FG3_PCT,FTM,FTA,FT_PCT,OREB,DREB,REB,AST,STL,BLK,TO,PF,PTS,FG2M,FG2A,FG2_PCT,OUTCOME,DEFICIT_FGM,DEFICIT_FGA,DEFICIT_FG3M,DEFICIT_FG3A,DEFICIT_FTM,DEFICIT_FTA,DEFICIT_OREB,DEFICIT_DREB,DEFICIT_REB,DEFICIT_AST,DEFICIT_STL,DEFICIT_BLK,DEFICIT_TO,DEFICIT_PF,DEFICIT_FG2M,DEFICIT_FG2A
0,Magic,5,10,0.5,15,19,0.789,12,40,52,19,5,6,21,27,112,41,81,0.5061728395061729,1,0.5348837209302325,0.4945652173913043,0.5555555555555556,0.35714285714285715,0.4411764705882353,0.4318181818181818,0.5714285714285714,0.5797101449275363,0.5777777777777777,0.4418604651162791,0.35714285714285715,0.46153846153846156,0.6363636363636364,0.5510204081632653,0.5324675324675324,0.5192307692307693
1,Timberwolves,4,18,0.222,19,25,0.76,9,29,38,24,9,7,12,22,103,36,75,0.48,0,0.46511627906976744,0.5054347826086957,0.4444444444444444,0.6428571428571429,0.5588235294117647,0.5681818181818182,0.42857142857142855,0.42028985507246375,0.4222222222222222,0.5581395348837209,0.6428571428571429,0.5384615384615384,0.36363636363636365,0.4489795918367347,0.4675324675324675,0.4807692307692308
