,TEAM_NAME,FG3M,FG3A,FG3_PCT,FTM,FTA,FT_PCT,OREB,DREB,REB,AST,STL,BLK,TO,PF,PTS,FG2M,FG2A,FG2_PCT,OUTCOME,DEFICIT_FGM,DEFICIT_FGA,DEFICIT_FG3M,DEFICIT_FG3A,DEFICIT_FTM,DEFICIT_FTA,DEFICIT_OREB,DEFICIT_DREB,DEFICIT_REB,DEFICIT_AST,DEFICIT_STL,DEFICIT_BLK,DEFICIT_TO,DEFICIT_PF,DEFICIT_FG2M,DEFICIT_FG2A
0,Bucks,5,20,0.25,18,23,0.783,9,26,35,26,10,6,13,19,95,31,57,0.543859649123,0,0.493150684932,0.506578947368,0.3125,0.46511627907,0.58064516129,0.489361702128,0.428571428571,0.481481481481,0.466666666667,0.590909090909,0.588235294118,0.545454545455,0.41935483871,0.441860465116,0.543859649123,0.522935779817
1,Pistons,11,23,0.478,13,24,0.542,12,28,40,18,7,5,18,24,98,26,52,0.5,1,0.506849315068,0.493421052632,0.6875,0.53488372093,0.41935483871,0.510638297872,0.571428571429,0.518518518519,0.533333333333,0.409090909091,0.411764705882,0.454545454545,0.58064516129,0.558139534884,0.456140350877,0.477064220183
