,TEAM_NAME,FG3M,FG3A,FG3_PCT,FTM,FTA,FT_PCT,OREB,DREB,REB,AST,STL,BLK,TO,PF,PTS,FG2M,FG2A,FG2_PCT,OUTCOME,DEFICIT_FGM,DEFICIT_FGA,DEFICIT_FG3M,DEFICIT_FG3A,DEFICIT_FTM,DEFICIT_FTA,DEFICIT_OREB,DEFICIT_DREB,DEFICIT_REB,DEFICIT_AST,DEFICIT_STL,DEFICIT_BLK,DEFICIT_TO,DEFICIT_PF,DEFICIT_FG2M,DEFICIT_FG2A
0,Hornets,6,21,0.286,20,27,0.741,11,40,51,31,6,7,19,30,122,42,76,0.5526315789473685,1,0.5274725274725275,0.5105263157894737,0.3157894736842105,0.3888888888888889,0.5,0.5094339622641509,0.6111111111111112,0.5633802816901409,0.5730337078651685,0.5254237288135594,0.42857142857142855,0.7,0.5,0.47619047619047616,0.5833333333333334,0.5588235294117647
1,Hawks,13,33,0.394,20,26,0.769,7,31,38,28,8,3,19,33,119,30,60,0.5,0,0.4725274725274725,0.48947368421052634,0.6842105263157895,0.6111111111111112,0.5,0.49056603773584906,0.3888888888888889,0.43661971830985913,0.42696629213483145,0.4745762711864407,0.5714285714285714,0.3,0.5,0.5238095238095238,0.4166666666666667,0.4411764705882353
