,TEAM_NAME,FG3M,FG3A,FG3_PCT,FTM,FTA,FT_PCT,OREB,DREB,REB,AST,STL,BLK,TO,PF,PTS,FG2M,FG2A,FG2_PCT,OUTCOME,DEFICIT_FGM,DEFICIT_FGA,DEFICIT_FG3M,DEFICIT_FG3A,DEFICIT_FTM,DEFICIT_FTA,DEFICIT_OREB,DEFICIT_DREB,DEFICIT_REB,DEFICIT_AST,DEFICIT_STL,DEFICIT_BLK,DEFICIT_TO,DEFICIT_PF,DEFICIT_FG2M,DEFICIT_FG2A
0,Heat,7,23,0.304,19,21,0.905,13,33,46,16,11,7,14,21,108,34,69,0.492753623188,1,0.539473684211,0.531791907514,0.466666666667,0.53488372093,0.475,0.428571428571,0.464285714286,0.5,0.489361702128,0.457142857143,0.733333333333,0.538461538462,0.388888888889,0.538461538462,0.55737704918,0.530769230769
1,Nets,8,20,0.4,21,28,0.75,15,33,48,19,4,6,22,18,99,27,61,0.44262295082,0,0.460526315789,0.468208092486,0.533333333333,0.46511627907,0.525,0.571428571429,0.535714285714,0.5,0.510638297872,0.542857142857,0.266666666667,0.461538461538,0.611111111111,0.461538461538,0.44262295082,0.469230769231
