,TEAM_NAME,FG3M,FG3A,FG3_PCT,FTM,FTA,FT_PCT,OREB,DREB,REB,AST,STL,BLK,TO,PF,PTS,FG2M,FG2A,FG2_PCT,OUTCOME,DEFICIT_FGM,DEFICIT_FGA,DEFICIT_FG3M,DEFICIT_FG3A,DEFICIT_FTM,DEFICIT_FTA,DEFICIT_OREB,DEFICIT_DREB,DEFICIT_REB,DEFICIT_AST,DEFICIT_STL,DEFICIT_BLK,DEFICIT_TO,DEFICIT_PF,DEFICIT_FG2M,DEFICIT_FG2A
0,Knicks,16,38,0.421,3,5,0.6,10,23,33,36,10,5,10,14,123,36,55,0.654545454545,0,0.490566037736,0.494680851064,0.5,0.542857142857,0.3,0.333333333333,0.384615384615,0.450980392157,0.428571428571,0.545454545455,0.625,0.5,0.4,0.56,0.486486486486,0.466101694915
1,Nuggets,16,32,0.5,7,10,0.7,16,28,44,30,6,5,15,11,131,38,63,0.603174603175,1,0.509433962264,0.505319148936,0.5,0.457142857143,0.7,0.666666666667,0.615384615385,0.549019607843,0.571428571429,0.454545454545,0.375,0.5,0.6,0.44,0.513513513514,0.533898305085
