,TEAM_NAME,FG3M,FG3A,FG3_PCT,FTM,FTA,FT_PCT,OREB,DREB,REB,AST,STL,BLK,TO,PF,PTS,FG2M,FG2A,FG2_PCT,OUTCOME,DEFICIT_FGM,DEFICIT_FGA,DEFICIT_FG3M,DEFICIT_FG3A,DEFICIT_FTM,DEFICIT_FTA,DEFICIT_OREB,DEFICIT_DREB,DEFICIT_REB,DEFICIT_AST,DEFICIT_STL,DEFICIT_BLK,DEFICIT_TO,DEFICIT_PF,DEFICIT_FG2M,DEFICIT_FG2A
0,Spurs,9,19,0.474,12,15,0.8,11,41,52,27,4,5,18,18,103,32,63,0.507936507937,1,0.5125,0.471264367816,0.642857142857,0.527777777778,0.571428571429,0.535714285714,0.611111111111,0.594202898551,0.597701149425,0.551020408163,0.333333333333,0.625,0.642857142857,0.545454545455,0.484848484848,0.45652173913
1,Pistons,5,17,0.294,9,13,0.692,7,28,35,22,8,3,10,15,92,34,75,0.453333333333,0,0.4875,0.528735632184,0.357142857143,0.472222222222,0.428571428571,0.464285714286,0.388888888889,0.405797101449,0.402298850575,0.448979591837,0.666666666667,0.375,0.357142857143,0.454545454545,0.515151515152,0.54347826087
