,TEAM_NAME,FG3M,FG3A,FG3_PCT,FTM,FTA,FT_PCT,OREB,DREB,REB,AST,STL,BLK,TO,PF,PTS,FG2M,FG2A,FG2_PCT,OUTCOME,DEFICIT_FGM,DEFICIT_FGA,DEFICIT_FG3M,DEFICIT_FG3A,DEFICIT_FTM,DEFICIT_FTA,DEFICIT_OREB,DEFICIT_DREB,DEFICIT_REB,DEFICIT_AST,DEFICIT_STL,DEFICIT_BLK,DEFICIT_TO,DEFICIT_PF,DEFICIT_FG2M,DEFICIT_FG2A
0,Pelicans,12,25,0.48,20,27,0.741,8,35,43,27,8,3,21,23,122,33,50,0.66,1,0.542168674699,0.477707006369,0.666666666667,0.480769230769,0.454545454545,0.457627118644,0.4,0.614035087719,0.558441558442,0.551020408163,0.421052631579,1.0,0.617647058824,0.522727272727,0.507692307692,0.47619047619
1,Timberwolves,6,27,0.222,24,32,0.75,12,22,34,22,11,0,13,21,106,32,55,0.581818181818,0,0.457831325301,0.522292993631,0.333333333333,0.519230769231,0.545454545455,0.542372881356,0.6,0.385964912281,0.441558441558,0.448979591837,0.578947368421,0.0,0.382352941176,0.477272727273,0.492307692308,0.52380952381
