,TEAM_NAME,FG3M,FG3A,FG3_PCT,FTM,FTA,FT_PCT,OREB,DREB,REB,AST,STL,BLK,TO,PF,PTS,FG2M,FG2A,FG2_PCT,OUTCOME,DEFICIT_FGM,DEFICIT_FGA,DEFICIT_FG3M,DEFICIT_FG3A,DEFICIT_FTM,DEFICIT_FTA,DEFICIT_OREB,DEFICIT_DREB,DEFICIT_REB,DEFICIT_AST,DEFICIT_STL,DEFICIT_BLK,DEFICIT_TO,DEFICIT_PF,DEFICIT_FG2M,DEFICIT_FG2A
0,Suns,11,29,0.379,31,39,0.795,15,41,56,21,11,4,15,31,112,24,64,0.375,1,0.479452054795,0.484375,0.6875,0.508771929825,0.543859649123,0.513157894737,0.46875,0.5125,0.5,0.552631578947,0.52380952381,0.4,0.555555555556,0.543859649123,0.421052631579,0.474074074074
1,Nuggets,5,28,0.179,26,37,0.703,17,39,56,17,10,6,12,26,107,33,71,0.464788732394,0,0.520547945205,0.515625,0.3125,0.491228070175,0.456140350877,0.486842105263,0.53125,0.4875,0.5,0.447368421053,0.47619047619,0.6,0.444444444444,0.456140350877,0.578947368421,0.525925925926
