,TEAM_NAME,FG3M,FG3A,FG3_PCT,FTM,FTA,FT_PCT,OREB,DREB,REB,AST,STL,BLK,TO,PF,PTS,FG2M,FG2A,FG2_PCT,OUTCOME,DEFICIT_FGM,DEFICIT_FGA,DEFICIT_FG3M,DEFICIT_FG3A,DEFICIT_FTM,DEFICIT_FTA,DEFICIT_OREB,DEFICIT_DREB,DEFICIT_REB,DEFICIT_AST,DEFICIT_STL,DEFICIT_BLK,DEFICIT_TO,DEFICIT_PF,DEFICIT_FG2M,DEFICIT_FG2A
0,76ers,5,22,0.227,18,27,0.667,18,26,44,17,6,2,17,24,85,26,65,0.4,0,0.43661971831,0.5,0.454545454545,0.55,0.391304347826,0.45,0.461538461538,0.393939393939,0.419047619048,0.377777777778,0.461538461538,0.5,0.459459459459,0.533333333333,0.433333333333,0.485074626866
1,Cavaliers,6,18,0.333,28,33,0.848,21,40,61,28,7,2,20,21,114,34,69,0.492753623188,1,0.56338028169,0.5,0.545454545455,0.45,0.608695652174,0.55,0.538461538462,0.606060606061,0.580952380952,0.622222222222,0.538461538462,0.5,0.540540540541,0.466666666667,0.566666666667,0.514925373134
