,TEAM_NAME,FG3M,FG3A,FG3_PCT,FTM,FTA,FT_PCT,OREB,DREB,REB,AST,STL,BLK,TO,PF,PTS,FG2M,FG2A,FG2_PCT,OUTCOME,DEFICIT_FGM,DEFICIT_FGA,DEFICIT_FG3M,DEFICIT_FG3A,DEFICIT_FTM,DEFICIT_FTA,DEFICIT_OREB,DEFICIT_DREB,DEFICIT_REB,DEFICIT_AST,DEFICIT_STL,DEFICIT_BLK,DEFICIT_TO,DEFICIT_PF,DEFICIT_FG2M,DEFICIT_FG2A
0,76ers,10,29,0.345,17,27,0.63,10,26,36,24,11,5,8,17,97,25,60,0.416666666667,0,0.4375,0.5,0.588235294118,0.56862745098,0.548387096774,0.6,0.384615384615,0.356164383562,0.363636363636,0.470588235294,0.785714285714,0.384615384615,0.285714285714,0.414634146341,0.396825396825,0.472440944882
1,Thunder,7,22,0.318,14,18,0.778,16,47,63,27,3,8,20,24,111,38,67,0.567164179104,1,0.5625,0.5,0.411764705882,0.43137254902,0.451612903226,0.4,0.615384615385,0.643835616438,0.636363636364,0.529411764706,0.214285714286,0.615384615385,0.714285714286,0.585365853659,0.603174603175,0.527559055118
