,TEAM_NAME,FG3M,FG3A,FG3_PCT,FTM,FTA,FT_PCT,OREB,DREB,REB,AST,STL,BLK,TO,PF,PTS,FG2M,FG2A,FG2_PCT,OUTCOME,DEFICIT_FGM,DEFICIT_FGA,DEFICIT_FG3M,DEFICIT_FG3A,DEFICIT_FTM,DEFICIT_FTA,DEFICIT_OREB,DEFICIT_DREB,DEFICIT_REB,DEFICIT_AST,DEFICIT_STL,DEFICIT_BLK,DEFICIT_TO,DEFICIT_PF,DEFICIT_FG2M,DEFICIT_FG2A
0,Raptors,13,28,0.464,18,25,0.72,7,33,40,18,10,8,12,19,105,24,49,0.489795918367,1,0.506849315068,0.48427672956,0.590909090909,0.571428571429,0.642857142857,0.675675675676,0.5,0.52380952381,0.519480519481,0.5,0.555555555556,0.727272727273,0.444444444444,0.513513513514,0.470588235294,0.445454545455
1,Celtics,9,21,0.429,10,12,0.833,7,30,37,18,8,3,15,18,91,27,61,0.44262295082,0,0.493150684932,0.51572327044,0.409090909091,0.428571428571,0.357142857143,0.324324324324,0.5,0.47619047619,0.480519480519,0.5,0.444444444444,0.272727272727,0.555555555556,0.486486486486,0.529411764706,0.554545454545
