,TEAM_NAME,FG3M,FG3A,FG3_PCT,FTM,FTA,FT_PCT,OREB,DREB,REB,AST,STL,BLK,TO,PF,PTS,FG2M,FG2A,FG2_PCT,OUTCOME,DEFICIT_FGM,DEFICIT_FGA,DEFICIT_FG3M,DEFICIT_FG3A,DEFICIT_FTM,DEFICIT_FTA,DEFICIT_OREB,DEFICIT_DREB,DEFICIT_REB,DEFICIT_AST,DEFICIT_STL,DEFICIT_BLK,DEFICIT_TO,DEFICIT_PF,DEFICIT_FG2M,DEFICIT_FG2A
0,Kings,4,15,0.267,24,29,0.828,7,28,35,21,8,4,11,20,108,36,64,0.5625,0,0.47619047619,0.461988304094,0.25,0.365853658537,0.615384615385,0.617021276596,0.304347826087,0.459016393443,0.416666666667,0.45652173913,0.533333333333,0.4,0.423076923077,0.47619047619,0.529411764706,0.492307692308
1,Pistons,12,26,0.462,15,18,0.833,16,33,49,25,7,6,15,22,115,32,66,0.484848484848,1,0.52380952381,0.538011695906,0.75,0.634146341463,0.384615384615,0.382978723404,0.695652173913,0.540983606557,0.583333333333,0.54347826087,0.466666666667,0.6,0.576923076923,0.52380952381,0.470588235294,0.507692307692
