,TEAM_NAME,FG3M,FG3A,FG3_PCT,FTM,FTA,FT_PCT,OREB,DREB,REB,AST,STL,BLK,TO,PF,PTS,FG2M,FG2A,FG2_PCT,OUTCOME,DEFICIT_FGM,DEFICIT_FGA,DEFICIT_FG3M,DEFICIT_FG3A,DEFICIT_FTM,DEFICIT_FTA,DEFICIT_OREB,DEFICIT_DREB,DEFICIT_REB,DEFICIT_AST,DEFICIT_STL,DEFICIT_BLK,DEFICIT_TO,DEFICIT_PF,DEFICIT_FG2M,DEFICIT_FG2A
0,Trail Blazers,9,27,0.333,36,40,0.9,6,39,45,17,4,3,12,26,117,27,51,0.529411764706,1,0.473684210526,0.484472049689,0.473684210526,0.5625,0.620689655172,0.588235294118,0.666666666667,0.557142857143,0.569620253165,0.425,0.363636363636,0.428571428571,0.631578947368,0.5,0.473684210526,0.451327433628
1,Pelicans,10,21,0.476,22,28,0.786,3,31,34,23,7,4,7,26,112,30,62,0.483870967742,0,0.526315789474,0.515527950311,0.526315789474,0.4375,0.379310344828,0.411764705882,0.333333333333,0.442857142857,0.430379746835,0.575,0.636363636364,0.571428571429,0.368421052632,0.5,0.526315789474,0.548672566372
