,TEAM_NAME,FG3M,FG3A,FG3_PCT,FTM,FTA,FT_PCT,OREB,DREB,REB,AST,STL,BLK,TO,PF,PTS,FG2M,FG2A,FG2_PCT,OUTCOME,DEFICIT_FGM,DEFICIT_FGA,DEFICIT_FG3M,DEFICIT_FG3A,DEFICIT_FTM,DEFICIT_FTA,DEFICIT_OREB,DEFICIT_DREB,DEFICIT_REB,DEFICIT_AST,DEFICIT_STL,DEFICIT_BLK,DEFICIT_TO,DEFICIT_PF,DEFICIT_FG2M,DEFICIT_FG2A
0,Jazz,7,13,0.538,20,25,0.8,13,38,51,19,10,9,7,22,99,29,75,0.38666666666666666,1,0.6545454545454545,0.5827814569536424,0.5384615384615384,0.4642857142857143,0.425531914893617,0.4032258064516129,0.6190476190476191,0.5507246376811594,0.5666666666666667,0.5588235294117647,0.7142857142857143,0.6428571428571429,0.28,0.5,0.6904761904761905,0.6097560975609756
1,76ers,6,15,0.4,27,37,0.73,8,31,39,15,4,5,18,22,71,13,48,0.2708333333333333,0,0.34545454545454546,0.41721854304635764,0.46153846153846156,0.5357142857142857,0.574468085106383,0.5967741935483871,0.38095238095238093,0.4492753623188406,0.43333333333333335,0.4411764705882353,0.2857142857142857,0.35714285714285715,0.72,0.5,0.30952380952380953,0.3902439024390244
