,TEAM_NAME,FG3M,FG3A,FG3_PCT,FTM,FTA,FT_PCT,OREB,DREB,REB,AST,STL,BLK,TO,PF,PTS,FG2M,FG2A,FG2_PCT,OUTCOME,DEFICIT_FGM,DEFICIT_FGA,DEFICIT_FG3M,DEFICIT_FG3A,DEFICIT_FTM,DEFICIT_FTA,DEFICIT_OREB,DEFICIT_DREB,DEFICIT_REB,DEFICIT_AST,DEFICIT_STL,DEFICIT_BLK,DEFICIT_TO,DEFICIT_PF,DEFICIT_FG2M,DEFICIT_FG2A
0,Raptors,11,26,0.423,30,35,0.857,9,44,53,23,11,3,21,33,113,25,56,0.44642857142857145,1,0.5294117647058824,0.49101796407185627,0.6111111111111112,0.5,0.4838709677419355,0.4605263157894737,0.5625,0.5866666666666667,0.5824175824175825,0.5,0.44,0.5,0.5526315789473685,0.5409836065573771,0.5,0.48695652173913045
1,Celtics,7,26,0.269,32,41,0.78,7,31,38,23,14,3,17,28,103,25,59,0.423728813559322,0,0.47058823529411764,0.5089820359281437,0.3888888888888889,0.5,0.5161290322580645,0.5394736842105263,0.4375,0.41333333333333333,0.4175824175824176,0.5,0.56,0.5,0.4473684210526316,0.45901639344262296,0.5,0.5130434782608696
