,TEAM_NAME,FG3M,FG3A,FG3_PCT,FTM,FTA,FT_PCT,OREB,DREB,REB,AST,STL,BLK,TO,PF,PTS,FG2M,FG2A,FG2_PCT,OUTCOME,DEFICIT_FGM,DEFICIT_FGA,DEFICIT_FG3M,DEFICIT_FG3A,DEFICIT_FTM,DEFICIT_FTA,DEFICIT_OREB,DEFICIT_DREB,DEFICIT_REB,DEFICIT_AST,DEFICIT_STL,DEFICIT_BLK,DEFICIT_TO,DEFICIT_PF,DEFICIT_FG2M,DEFICIT_FG2A
0,Spurs,9,22,0.409,13,13,1.0,12,44,56,23,7,4,18,16,102,31,64,0.484375,1,0.56338028169,0.527607361963,0.642857142857,0.578947368421,0.619047619048,0.464285714286,0.857142857143,0.594594594595,0.636363636364,0.575,0.538461538462,0.4,0.545454545455,0.484848484848,0.543859649123,0.512
1,Nets,5,16,0.313,8,15,0.533,2,30,32,17,6,6,15,17,75,26,61,0.426229508197,0,0.43661971831,0.472392638037,0.357142857143,0.421052631579,0.380952380952,0.535714285714,0.142857142857,0.405405405405,0.363636363636,0.425,0.461538461538,0.6,0.454545454545,0.515151515152,0.456140350877,0.488
