,TEAM_NAME,FG3M,FG3A,FG3_PCT,FTM,FTA,FT_PCT,OREB,DREB,REB,AST,STL,BLK,TO,PF,PTS,FG2M,FG2A,FG2_PCT,OUTCOME,DEFICIT_FGM,DEFICIT_FGA,DEFICIT_FG3M,DEFICIT_FG3A,DEFICIT_FTM,DEFICIT_FTA,DEFICIT_OREB,DEFICIT_DREB,DEFICIT_REB,DEFICIT_AST,DEFICIT_STL,DEFICIT_BLK,DEFICIT_TO,DEFICIT_PF,DEFICIT_FG2M,DEFICIT_FG2A
0,Heat,6,21,0.286,20,22,0.909,6,32,38,21,5,7,13,20,92,27,56,0.48214285714285715,0,0.4583333333333333,0.4723926380368098,0.5,0.45652173913043476,0.5263157894736842,0.5116279069767442,0.3,0.47761194029850745,0.4367816091954023,0.45652173913043476,0.5555555555555556,0.6363636363636364,0.5416666666666666,0.5128205128205128,0.45,0.47863247863247865
1,Cavaliers,6,25,0.24,18,21,0.857,14,35,49,25,4,4,11,19,102,33,61,0.5409836065573771,1,0.5416666666666666,0.5276073619631901,0.5,0.5434782608695652,0.47368421052631576,0.4883720930232558,0.7,0.5223880597014925,0.5632183908045977,0.5434782608695652,0.4444444444444444,0.36363636363636365,0.4583333333333333,0.48717948717948717,0.55,0.5213675213675214
