,TEAM_NAME,FG3M,FG3A,FG3_PCT,FTM,FTA,FT_PCT,OREB,DREB,REB,AST,STL,BLK,TO,PF,PTS,FG2M,FG2A,FG2_PCT,OUTCOME,DEFICIT_FGM,DEFICIT_FGA,DEFICIT_FG3M,DEFICIT_FG3A,DEFICIT_FTM,DEFICIT_FTA,DEFICIT_OREB,DEFICIT_DREB,DEFICIT_REB,DEFICIT_AST,DEFICIT_STL,DEFICIT_BLK,DEFICIT_TO,DEFICIT_PF,DEFICIT_FG2M,DEFICIT_FG2A
0,Trail Blazers,9,24,0.375,15,19,0.789,11,31,42,17,9,5,23,33,92,25,62,0.403225806452,0,0.478873239437,0.508875739645,0.692307692308,0.571428571429,0.31914893617,0.311475409836,0.5,0.413333333333,0.432989690722,0.5,0.409090909091,0.416666666667,0.547619047619,0.66,0.431034482759,0.488188976378
1,Suns,4,18,0.222,32,42,0.762,11,44,55,17,13,7,19,17,110,33,65,0.507692307692,1,0.521126760563,0.491124260355,0.307692307692,0.428571428571,0.68085106383,0.688524590164,0.5,0.586666666667,0.567010309278,0.5,0.590909090909,0.583333333333,0.452380952381,0.34,0.568965517241,0.511811023622
