,TEAM_NAME,FG3M,FG3A,FG3_PCT,FTM,FTA,FT_PCT,OREB,DREB,REB,AST,STL,BLK,TO,PF,PTS,FG2M,FG2A,FG2_PCT,OUTCOME,DEFICIT_FGM,DEFICIT_FGA,DEFICIT_FG3M,DEFICIT_FG3A,DEFICIT_FTM,DEFICIT_FTA,DEFICIT_OREB,DEFICIT_DREB,DEFICIT_REB,DEFICIT_AST,DEFICIT_STL,DEFICIT_BLK,DEFICIT_TO,DEFICIT_PF,DEFICIT_FG2M,DEFICIT_FG2A
0,Pistons,6,28,0.214,14,28,0.5,20,41,61,18,9,2,14,19,98,33,76,0.4342105263157895,1,0.5342465753424658,0.5531914893617021,0.46153846153846156,0.56,0.42424242424242425,0.5185185185185185,0.7142857142857143,0.4939759036144578,0.5495495495495496,0.5,0.5294117647058824,0.2,0.42424242424242425,0.4418604651162791,0.55,0.5507246376811594
1,Bulls,7,22,0.318,19,26,0.731,8,42,50,18,8,8,19,24,94,27,62,0.43548387096774194,0,0.4657534246575342,0.44680851063829785,0.5384615384615384,0.44,0.5757575757575758,0.48148148148148145,0.2857142857142857,0.5060240963855421,0.45045045045045046,0.5,0.47058823529411764,0.8,0.5757575757575758,0.5581395348837209,0.45,0.4492753623188406
