,TEAM_NAME,FG3M,FG3A,FG3_PCT,FTM,FTA,FT_PCT,OREB,DREB,REB,AST,STL,BLK,TO,PF,PTS,FG2M,FG2A,FG2_PCT,OUTCOME,DEFICIT_FGM,DEFICIT_FGA,DEFICIT_FG3M,DEFICIT_FG3A,DEFICIT_FTM,DEFICIT_FTA,DEFICIT_OREB,DEFICIT_DREB,DEFICIT_REB,DEFICIT_AST,DEFICIT_STL,DEFICIT_BLK,DEFICIT_TO,DEFICIT_PF,DEFICIT_FG2M,DEFICIT_FG2A
0,Jazz,7,13,0.538,20,25,0.8,13,38,51,19,10,9,7,22,99,29,75,0.386666666667,1,0.654545454545,0.582781456954,0.538461538462,0.464285714286,0.425531914894,0.403225806452,0.619047619048,0.550724637681,0.566666666667,0.558823529412,0.714285714286,0.642857142857,0.28,0.5,0.690476190476,0.609756097561
1,76ers,6,15,0.4,27,37,0.73,8,31,39,15,4,5,18,22,71,13,48,0.270833333333,0,0.345454545455,0.417218543046,0.461538461538,0.535714285714,0.574468085106,0.596774193548,0.380952380952,0.449275362319,0.433333333333,0.441176470588,0.285714285714,0.357142857143,0.72,0.5,0.309523809524,0.390243902439
