,TEAM_NAME,FG3M,FG3A,FG3_PCT,FTM,FTA,FT_PCT,OREB,DREB,REB,AST,STL,BLK,TO,PF,PTS,FG2M,FG2A,FG2_PCT,OUTCOME,DEFICIT_FGM,DEFICIT_FGA,DEFICIT_FG3M,DEFICIT_FG3A,DEFICIT_FTM,DEFICIT_FTA,DEFICIT_OREB,DEFICIT_DREB,DEFICIT_REB,DEFICIT_AST,DEFICIT_STL,DEFICIT_BLK,DEFICIT_TO,DEFICIT_PF,DEFICIT_FG2M,DEFICIT_FG2A
0,Pistons,9,27,0.333,13,21,0.619,19,27,46,23,6,2,9,14,104,32,61,0.524590163934,0,0.471264367816,0.536585365854,0.375,0.465517241379,0.590909090909,0.65625,0.904761904762,0.529411764706,0.638888888889,0.450980392157,0.5,0.4,0.473684210526,0.424242424242,0.507936507937,0.575471698113
1,Nets,15,31,0.484,9,11,0.818,2,24,26,28,6,3,10,19,116,31,45,0.688888888889,1,0.528735632184,0.463414634146,0.625,0.534482758621,0.409090909091,0.34375,0.0952380952381,0.470588235294,0.361111111111,0.549019607843,0.5,0.6,0.526315789474,0.575757575758,0.492063492063,0.424528301887
