,TEAM_NAME,FG3M,FG3A,FG3_PCT,FTM,FTA,FT_PCT,OREB,DREB,REB,AST,STL,BLK,TO,PF,PTS,FG2M,FG2A,FG2_PCT,OUTCOME,DEFICIT_FGM,DEFICIT_FGA,DEFICIT_FG3M,DEFICIT_FG3A,DEFICIT_FTM,DEFICIT_FTA,DEFICIT_OREB,DEFICIT_DREB,DEFICIT_REB,DEFICIT_AST,DEFICIT_STL,DEFICIT_BLK,DEFICIT_TO,DEFICIT_PF,DEFICIT_FG2M,DEFICIT_FG2A
0,Raptors,10,22,0.455,12,16,0.75,9,33,42,23,6,5,11,20,102,30,62,0.483870967742,1,0.547945205479,0.518518518519,0.625,0.666666666667,0.352941176471,0.363636363636,0.529411764706,0.515625,0.518518518519,0.547619047619,0.5,0.625,0.52380952381,0.512820512821,0.526315789474,0.480620155039
1,Pacers,6,11,0.545,22,28,0.786,8,31,39,19,6,3,10,19,94,27,67,0.402985074627,0,0.452054794521,0.481481481481,0.375,0.333333333333,0.647058823529,0.636363636364,0.470588235294,0.484375,0.481481481481,0.452380952381,0.5,0.375,0.47619047619,0.487179487179,0.473684210526,0.519379844961
