,TEAM_NAME,FG3M,FG3A,FG3_PCT,FTM,FTA,FT_PCT,OREB,DREB,REB,AST,STL,BLK,TO,PF,PTS,FG2M,FG2A,FG2_PCT,OUTCOME,DEFICIT_FGM,DEFICIT_FGA,DEFICIT_FG3M,DEFICIT_FG3A,DEFICIT_FTM,DEFICIT_FTA,DEFICIT_OREB,DEFICIT_DREB,DEFICIT_REB,DEFICIT_AST,DEFICIT_STL,DEFICIT_BLK,DEFICIT_TO,DEFICIT_PF,DEFICIT_FG2M,DEFICIT_FG2A
0,Magic,3,11,0.273,15,18,0.833,14,29,43,15,8,10,13,25,80,28,76,0.368421052632,0,0.484375,0.527272727273,0.333333333333,0.407407407407,0.441176470588,0.439024390244,0.608695652174,0.439393939394,0.483146067416,0.428571428571,0.615384615385,0.588235294118,0.481481481481,0.625,0.509090909091,0.550724637681
1,Bobcats,6,16,0.375,19,23,0.826,9,37,46,20,5,7,14,15,91,27,62,0.435483870968,1,0.515625,0.472727272727,0.666666666667,0.592592592593,0.558823529412,0.560975609756,0.391304347826,0.560606060606,0.516853932584,0.571428571429,0.384615384615,0.411764705882,0.518518518519,0.375,0.490909090909,0.449275362319
