,TEAM_NAME,FG3M,FG3A,FG3_PCT,FTM,FTA,FT_PCT,OREB,DREB,REB,AST,STL,BLK,TO,PF,PTS,FG2M,FG2A,FG2_PCT,OUTCOME,DEFICIT_FGM,DEFICIT_FGA,DEFICIT_FG3M,DEFICIT_FG3A,DEFICIT_FTM,DEFICIT_FTA,DEFICIT_OREB,DEFICIT_DREB,DEFICIT_REB,DEFICIT_AST,DEFICIT_STL,DEFICIT_BLK,DEFICIT_TO,DEFICIT_PF,DEFICIT_FG2M,DEFICIT_FG2A
0,Jazz,4,11,0.364,30,35,0.857,6,28,34,22,8,6,17,24,100,29,53,0.547169811321,1,0.492537313433,0.467153284672,0.333333333333,0.366666666667,0.6,0.546875,0.4,0.509090909091,0.485714285714,0.536585365854,0.571428571429,0.4,0.548387096774,0.470588235294,0.527272727273,0.495327102804
1,Pelicans,8,19,0.421,20,29,0.69,9,27,36,19,6,9,14,27,96,26,54,0.481481481481,0,0.507462686567,0.532846715328,0.666666666667,0.633333333333,0.4,0.453125,0.6,0.490909090909,0.514285714286,0.463414634146,0.428571428571,0.6,0.451612903226,0.529411764706,0.472727272727,0.504672897196
