,TEAM_NAME,FG3M,FG3A,FG3_PCT,FTM,FTA,FT_PCT,OREB,DREB,REB,AST,STL,BLK,TO,PF,PTS,FG2M,FG2A,FG2_PCT,OUTCOME,DEFICIT_FGM,DEFICIT_FGA,DEFICIT_FG3M,DEFICIT_FG3A,DEFICIT_FTM,DEFICIT_FTA,DEFICIT_OREB,DEFICIT_DREB,DEFICIT_REB,DEFICIT_AST,DEFICIT_STL,DEFICIT_BLK,DEFICIT_TO,DEFICIT_PF,DEFICIT_FG2M,DEFICIT_FG2A
0,Bucks,2,8,0.25,26,35,0.743,9,29,38,17,7,9,20,24,90,29,60,0.483333333333,0,0.5,0.447368421053,0.222222222222,0.266666666667,0.440677966102,0.454545454545,0.36,0.508771929825,0.463414634146,0.414634146341,0.35,0.642857142857,0.645161290323,0.5,0.547169811321,0.491803278689
1,Bulls,7,22,0.318,33,42,0.786,16,28,44,24,13,5,11,24,102,24,62,0.387096774194,1,0.5,0.552631578947,0.777777777778,0.733333333333,0.559322033898,0.545454545455,0.64,0.491228070175,0.536585365854,0.585365853659,0.65,0.357142857143,0.354838709677,0.5,0.452830188679,0.508196721311
