,TEAM_NAME,FG3M,FG3A,FG3_PCT,FTM,FTA,FT_PCT,OREB,DREB,REB,AST,STL,BLK,TO,PF,PTS,FG2M,FG2A,FG2_PCT,OUTCOME,DEFICIT_FGM,DEFICIT_FGA,DEFICIT_FG3M,DEFICIT_FG3A,DEFICIT_FTM,DEFICIT_FTA,DEFICIT_OREB,DEFICIT_DREB,DEFICIT_REB,DEFICIT_AST,DEFICIT_STL,DEFICIT_BLK,DEFICIT_TO,DEFICIT_PF,DEFICIT_FG2M,DEFICIT_FG2A
0,Kings,1,10,0.1,18,25,0.72,10,34,44,12,4,2,16,14,69,24,68,0.352941176471,0,0.373134328358,0.456140350877,0.0909090909091,0.25,0.692307692308,0.675675675676,0.4,0.447368421053,0.435643564356,0.324324324324,0.4,0.285714285714,0.571428571429,0.388888888889,0.428571428571,0.519083969466
1,Warriors,10,30,0.333,8,12,0.667,15,42,57,25,6,5,12,22,102,32,63,0.507936507937,1,0.626865671642,0.543859649123,0.909090909091,0.75,0.307692307692,0.324324324324,0.6,0.552631578947,0.564356435644,0.675675675676,0.6,0.714285714286,0.428571428571,0.611111111111,0.571428571429,0.480916030534
