,TEAM_NAME,FG3M,FG3A,FG3_PCT,FTM,FTA,FT_PCT,OREB,DREB,REB,AST,STL,BLK,TO,PF,PTS,FG2M,FG2A,FG2_PCT,OUTCOME,DEFICIT_FGM,DEFICIT_FGA,DEFICIT_FG3M,DEFICIT_FG3A,DEFICIT_FTM,DEFICIT_FTA,DEFICIT_OREB,DEFICIT_DREB,DEFICIT_REB,DEFICIT_AST,DEFICIT_STL,DEFICIT_BLK,DEFICIT_TO,DEFICIT_PF,DEFICIT_FG2M,DEFICIT_FG2A
0,Thunder,13,31,0.419,18,20,0.9,10,35,45,24,5,8,14,24,107,25,54,0.462962962963,0,0.535211267606,0.521472392638,0.5,0.5,0.36,0.350877192982,0.526315789474,0.492957746479,0.5,0.533333333333,0.384615384615,0.8,0.56,0.533333333333,0.555555555556,0.534653465347
1,Rockets,13,31,0.419,32,37,0.865,9,36,45,21,8,2,11,21,111,20,47,0.425531914894,1,0.464788732394,0.478527607362,0.5,0.5,0.64,0.649122807018,0.473684210526,0.507042253521,0.5,0.466666666667,0.615384615385,0.2,0.44,0.466666666667,0.444444444444,0.465346534653
