,TEAM_NAME,FG3M,FG3A,FG3_PCT,FTM,FTA,FT_PCT,OREB,DREB,REB,AST,STL,BLK,TO,PF,PTS,FG2M,FG2A,FG2_PCT,OUTCOME,DEFICIT_FGM,DEFICIT_FGA,DEFICIT_FG3M,DEFICIT_FG3A,DEFICIT_FTM,DEFICIT_FTA,DEFICIT_OREB,DEFICIT_DREB,DEFICIT_REB,DEFICIT_AST,DEFICIT_STL,DEFICIT_BLK,DEFICIT_TO,DEFICIT_PF,DEFICIT_FG2M,DEFICIT_FG2A
0,Timberwolves,12,32,0.375,24,34,0.706,10,36,46,27,10,5,17,22,122,31,61,0.508196721311,1,0.5,0.484375,0.521739130435,0.470588235294,0.5,0.53125,0.4,0.493150684932,0.469387755102,0.574468085106,0.47619047619,0.454545454545,0.515151515152,0.448979591837,0.492063492063,0.491935483871
1,Heat,11,36,0.306,24,30,0.8,15,37,52,20,11,6,16,27,121,32,63,0.507936507937,0,0.5,0.515625,0.478260869565,0.529411764706,0.5,0.46875,0.6,0.506849315068,0.530612244898,0.425531914894,0.52380952381,0.545454545455,0.484848484848,0.551020408163,0.507936507937,0.508064516129
