,TEAM_NAME,FG3M,FG3A,FG3_PCT,FTM,FTA,FT_PCT,OREB,DREB,REB,AST,STL,BLK,TO,PF,PTS,FG2M,FG2A,FG2_PCT,OUTCOME,DEFICIT_FGM,DEFICIT_FGA,DEFICIT_FG3M,DEFICIT_FG3A,DEFICIT_FTM,DEFICIT_FTA,DEFICIT_OREB,DEFICIT_DREB,DEFICIT_REB,DEFICIT_AST,DEFICIT_STL,DEFICIT_BLK,DEFICIT_TO,DEFICIT_PF,DEFICIT_FG2M,DEFICIT_FG2A
0,Knicks,5,16,0.313,9,13,0.692,6,27,33,22,3,6,10,18,82,29,65,0.4461538461538462,0,0.4473684210526316,0.50625,0.45454545454545453,0.47058823529411764,0.4090909090909091,0.41935483870967744,0.42857142857142855,0.39705882352941174,0.4024390243902439,0.46808510638297873,0.42857142857142855,0.6,0.47619047619047616,0.5294117647058824,0.4461538461538462,0.5158730158730159
1,Pacers,6,18,0.333,13,18,0.722,8,41,49,25,4,4,11,16,103,36,61,0.5901639344262295,1,0.5526315789473685,0.49375,0.5454545454545454,0.5294117647058824,0.5909090909090909,0.5806451612903226,0.5714285714285714,0.6029411764705882,0.5975609756097561,0.5319148936170213,0.5714285714285714,0.4,0.5238095238095238,0.47058823529411764,0.5538461538461539,0.48412698412698413
