,TEAM_NAME,FG3M,FG3A,FG3_PCT,FTM,FTA,FT_PCT,OREB,DREB,REB,AST,STL,BLK,TO,PF,PTS,FG2M,FG2A,FG2_PCT,OUTCOME,DEFICIT_FGM,DEFICIT_FGA,DEFICIT_FG3M,DEFICIT_FG3A,DEFICIT_FTM,DEFICIT_FTA,DEFICIT_OREB,DEFICIT_DREB,DEFICIT_REB,DEFICIT_AST,DEFICIT_STL,DEFICIT_BLK,DEFICIT_TO,DEFICIT_PF,DEFICIT_FG2M,DEFICIT_FG2A
0,Grizzlies,3,16,0.188,18,27,0.667,13,44,57,17,8,4,9,11,99,36,72,0.5,1,0.573529411765,0.502857142857,0.6,0.380952380952,0.666666666667,0.72972972973,0.565217391304,0.543209876543,0.548076923077,0.472222222222,0.571428571429,0.444444444444,0.36,0.366666666667,0.571428571429,0.541353383459
1,Nuggets,2,26,0.077,9,10,0.9,10,37,47,19,6,5,16,19,69,27,61,0.44262295082,0,0.426470588235,0.497142857143,0.4,0.619047619048,0.333333333333,0.27027027027,0.434782608696,0.456790123457,0.451923076923,0.527777777778,0.428571428571,0.555555555556,0.64,0.633333333333,0.428571428571,0.458646616541
