,TEAM_NAME,FG3M,FG3A,FG3_PCT,FTM,FTA,FT_PCT,OREB,DREB,REB,AST,STL,BLK,TO,PF,PTS,FG2M,FG2A,FG2_PCT,OUTCOME,DEFICIT_FGM,DEFICIT_FGA,DEFICIT_FG3M,DEFICIT_FG3A,DEFICIT_FTM,DEFICIT_FTA,DEFICIT_OREB,DEFICIT_DREB,DEFICIT_REB,DEFICIT_AST,DEFICIT_STL,DEFICIT_BLK,DEFICIT_TO,DEFICIT_PF,DEFICIT_FG2M,DEFICIT_FG2A
0,Magic,5,18,0.278,21,30,0.7,14,35,49,14,8,4,23,18,100,32,64,0.5,0,0.45121951219512196,0.48520710059171596,0.29411764705882354,0.4186046511627907,0.6176470588235294,0.625,0.6666666666666666,0.5303030303030303,0.5632183908045977,0.32558139534883723,0.3333333333333333,0.3333333333333333,0.6052631578947368,0.42857142857142855,0.49230769230769234,0.5079365079365079
1,Bucks,12,25,0.48,13,18,0.722,7,31,38,29,16,8,15,24,115,33,62,0.532258064516129,1,0.5487804878048781,0.514792899408284,0.7058823529411765,0.5813953488372093,0.38235294117647056,0.375,0.3333333333333333,0.4696969696969697,0.4367816091954023,0.6744186046511628,0.6666666666666666,0.6666666666666666,0.39473684210526316,0.5714285714285714,0.5076923076923077,0.49206349206349204
