,TEAM_NAME,FG3M,FG3A,FG3_PCT,FTM,FTA,FT_PCT,OREB,DREB,REB,AST,STL,BLK,TO,PF,PTS,FG2M,FG2A,FG2_PCT,OUTCOME,DEFICIT_FGM,DEFICIT_FGA,DEFICIT_FG3M,DEFICIT_FG3A,DEFICIT_FTM,DEFICIT_FTA,DEFICIT_OREB,DEFICIT_DREB,DEFICIT_REB,DEFICIT_AST,DEFICIT_STL,DEFICIT_BLK,DEFICIT_TO,DEFICIT_PF,DEFICIT_FG2M,DEFICIT_FG2A
0,Knicks,5,16,0.313,9,13,0.692,6,27,33,22,3,6,10,18,82,29,65,0.446153846154,0,0.447368421053,0.50625,0.454545454545,0.470588235294,0.409090909091,0.41935483871,0.428571428571,0.397058823529,0.40243902439,0.468085106383,0.428571428571,0.6,0.47619047619,0.529411764706,0.446153846154,0.515873015873
1,Pacers,6,18,0.333,13,18,0.722,8,41,49,25,4,4,11,16,103,36,61,0.590163934426,1,0.552631578947,0.49375,0.545454545455,0.529411764706,0.590909090909,0.58064516129,0.571428571429,0.602941176471,0.59756097561,0.531914893617,0.571428571429,0.4,0.52380952381,0.470588235294,0.553846153846,0.484126984127
