,TEAM_NAME,FG3M,FG3A,FG3_PCT,FTM,FTA,FT_PCT,OREB,DREB,REB,AST,STL,BLK,TO,PF,PTS,FG2M,FG2A,FG2_PCT,OUTCOME,DEFICIT_FGM,DEFICIT_FGA,DEFICIT_FG3M,DEFICIT_FG3A,DEFICIT_FTM,DEFICIT_FTA,DEFICIT_OREB,DEFICIT_DREB,DEFICIT_REB,DEFICIT_AST,DEFICIT_STL,DEFICIT_BLK,DEFICIT_TO,DEFICIT_PF,DEFICIT_FG2M,DEFICIT_FG2A
0,Wizards,7,11,0.636,16,18,0.889,9,34,43,25,13,3,18,26,105,34,70,0.485714285714,0,0.5125,0.503105590062,0.466666666667,0.354838709677,0.432432432432,0.352941176471,0.428571428571,0.576271186441,0.5375,0.480769230769,0.541666666667,0.428571428571,0.545454545455,0.604651162791,0.523076923077,0.538461538462
1,Spurs,8,20,0.4,21,33,0.636,12,25,37,27,11,4,15,17,107,31,60,0.516666666667,1,0.4875,0.496894409938,0.533333333333,0.645161290323,0.567567567568,0.647058823529,0.571428571429,0.423728813559,0.4625,0.519230769231,0.458333333333,0.571428571429,0.454545454545,0.395348837209,0.476923076923,0.461538461538
