,TEAM_NAME,FG3M,FG3A,FG3_PCT,FTM,FTA,FT_PCT,OREB,DREB,REB,AST,STL,BLK,TO,PF,PTS,FG2M,FG2A,FG2_PCT,OUTCOME,DEFICIT_FGM,DEFICIT_FGA,DEFICIT_FG3M,DEFICIT_FG3A,DEFICIT_FTM,DEFICIT_FTA,DEFICIT_OREB,DEFICIT_DREB,DEFICIT_REB,DEFICIT_AST,DEFICIT_STL,DEFICIT_BLK,DEFICIT_TO,DEFICIT_PF,DEFICIT_FG2M,DEFICIT_FG2A
0,76ers,11,27,0.407,20,23,0.87,9,35,44,24,10,3,19,22,125,36,72,0.5,0,0.5053763440860215,0.4925373134328358,0.4583333333333333,0.46551724137931033,0.47619047619047616,0.4423076923076923,0.391304347826087,0.49295774647887325,0.46808510638297873,0.46153846153846156,0.5,0.23076923076923078,0.5135135135135135,0.5116279069767442,0.5217391304347826,0.5034965034965035
1,Cavaliers,13,31,0.419,22,29,0.759,14,36,50,28,10,10,18,21,127,33,71,0.4647887323943662,1,0.4946236559139785,0.5074626865671642,0.5416666666666666,0.5344827586206896,0.5238095238095238,0.5576923076923077,0.6086956521739131,0.5070422535211268,0.5319148936170213,0.5384615384615384,0.5,0.7692307692307693,0.4864864864864865,0.4883720930232558,0.4782608695652174,0.4965034965034965
