,TEAM_NAME,FG3M,FG3A,FG3_PCT,FTM,FTA,FT_PCT,OREB,DREB,REB,AST,STL,BLK,TO,PF,PTS,FG2M,FG2A,FG2_PCT,OUTCOME,DEFICIT_FGM,DEFICIT_FGA,DEFICIT_FG3M,DEFICIT_FG3A,DEFICIT_FTM,DEFICIT_FTA,DEFICIT_OREB,DEFICIT_DREB,DEFICIT_REB,DEFICIT_AST,DEFICIT_STL,DEFICIT_BLK,DEFICIT_TO,DEFICIT_PF,DEFICIT_FG2M,DEFICIT_FG2A
0,76ers,11,27,0.407,20,23,0.87,9,35,44,24,10,3,19,22,125,36,72,0.5,0,0.505376344086,0.492537313433,0.458333333333,0.465517241379,0.47619047619,0.442307692308,0.391304347826,0.492957746479,0.468085106383,0.461538461538,0.5,0.230769230769,0.513513513514,0.511627906977,0.521739130435,0.503496503497
1,Cavaliers,13,31,0.419,22,29,0.759,14,36,50,28,10,10,18,21,127,33,71,0.464788732394,1,0.494623655914,0.507462686567,0.541666666667,0.534482758621,0.52380952381,0.557692307692,0.608695652174,0.507042253521,0.531914893617,0.538461538462,0.5,0.769230769231,0.486486486486,0.488372093023,0.478260869565,0.496503496503
