,TEAM_NAME,FG3M,FG3A,FG3_PCT,FTM,FTA,FT_PCT,OREB,DREB,REB,AST,STL,BLK,TO,PF,PTS,FG2M,FG2A,FG2_PCT,OUTCOME,DEFICIT_FGM,DEFICIT_FGA,DEFICIT_FG3M,DEFICIT_FG3A,DEFICIT_FTM,DEFICIT_FTA,DEFICIT_OREB,DEFICIT_DREB,DEFICIT_REB,DEFICIT_AST,DEFICIT_STL,DEFICIT_BLK,DEFICIT_TO,DEFICIT_PF,DEFICIT_FG2M,DEFICIT_FG2A
0,Kings,3,12,0.25,10,14,0.714,8,25,33,17,7,2,10,20,85,33,66,0.5,0,0.5,0.4875,0.25,0.375,0.4,0.3888888888888889,0.2962962962962963,0.43103448275862066,0.38823529411764707,0.40476190476190477,0.5384615384615384,0.5,0.45454545454545453,0.5405405405405406,0.55,0.515625
1,Trail Blazers,9,20,0.45,15,22,0.682,19,33,52,25,6,2,12,17,96,27,62,0.43548387096774194,1,0.5,0.5125,0.75,0.625,0.6,0.6111111111111112,0.7037037037037037,0.5689655172413793,0.611764705882353,0.5952380952380952,0.46153846153846156,0.5,0.5454545454545454,0.4594594594594595,0.45,0.484375
