,TEAM_NAME,FG3M,FG3A,FG3_PCT,FTM,FTA,FT_PCT,OREB,DREB,REB,AST,STL,BLK,TO,PF,PTS,FG2M,FG2A,FG2_PCT,OUTCOME,DEFICIT_FGM,DEFICIT_FGA,DEFICIT_FG3M,DEFICIT_FG3A,DEFICIT_FTM,DEFICIT_FTA,DEFICIT_OREB,DEFICIT_DREB,DEFICIT_REB,DEFICIT_AST,DEFICIT_STL,DEFICIT_BLK,DEFICIT_TO,DEFICIT_PF,DEFICIT_FG2M,DEFICIT_FG2A
0,Pacers,7,14,0.5,15,20,0.75,11,31,42,24,9,3,13,18,96,30,66,0.454545454545,1,0.513888888889,0.512820512821,0.466666666667,0.424242424242,0.535714285714,0.555555555556,0.611111111111,0.5,0.525,0.545454545455,0.5,0.6,0.464285714286,0.461538461538,0.526315789474,0.536585365854
1,Nets,8,19,0.421,13,16,0.813,7,31,38,20,9,2,15,21,91,27,57,0.473684210526,0,0.486111111111,0.487179487179,0.533333333333,0.575757575758,0.464285714286,0.444444444444,0.388888888889,0.5,0.475,0.454545454545,0.5,0.4,0.535714285714,0.538461538462,0.473684210526,0.463414634146
