,TEAM_NAME,FG3M,FG3A,FG3_PCT,FTM,FTA,FT_PCT,OREB,DREB,REB,AST,STL,BLK,TO,PF,PTS,FG2M,FG2A,FG2_PCT,OUTCOME,DEFICIT_FGM,DEFICIT_FGA,DEFICIT_FG3M,DEFICIT_FG3A,DEFICIT_FTM,DEFICIT_FTA,DEFICIT_OREB,DEFICIT_DREB,DEFICIT_REB,DEFICIT_AST,DEFICIT_STL,DEFICIT_BLK,DEFICIT_TO,DEFICIT_PF,DEFICIT_FG2M,DEFICIT_FG2A
0,Magic,8,17,0.471,10,18,0.556,9,27,36,22,9,2,17,24,94,30,65,0.461538461538,0,0.469135802469,0.476744186047,0.571428571429,0.472222222222,0.454545454545,0.514285714286,0.5625,0.457627118644,0.48,0.379310344828,0.5,0.25,0.586206896552,0.615384615385,0.44776119403,0.477941176471
1,Hawks,6,19,0.316,12,17,0.706,7,32,39,36,9,6,12,15,104,37,71,0.521126760563,1,0.530864197531,0.523255813953,0.428571428571,0.527777777778,0.545454545455,0.485714285714,0.4375,0.542372881356,0.52,0.620689655172,0.5,0.75,0.413793103448,0.384615384615,0.55223880597,0.522058823529
