,TEAM_NAME,FG3M,FG3A,FG3_PCT,FTM,FTA,FT_PCT,OREB,DREB,REB,AST,STL,BLK,TO,PF,PTS,FG2M,FG2A,FG2_PCT,OUTCOME,DEFICIT_FGM,DEFICIT_FGA,DEFICIT_FG3M,DEFICIT_FG3A,DEFICIT_FTM,DEFICIT_FTA,DEFICIT_OREB,DEFICIT_DREB,DEFICIT_REB,DEFICIT_AST,DEFICIT_STL,DEFICIT_BLK,DEFICIT_TO,DEFICIT_PF,DEFICIT_FG2M,DEFICIT_FG2A
0,Magic,8,17,0.471,10,18,0.556,9,27,36,22,9,2,17,24,94,30,65,0.46153846153846156,0,0.4691358024691358,0.47674418604651164,0.5714285714285714,0.4722222222222222,0.45454545454545453,0.5142857142857142,0.5625,0.4576271186440678,0.48,0.3793103448275862,0.5,0.25,0.5862068965517241,0.6153846153846154,0.44776119402985076,0.47794117647058826
1,Hawks,6,19,0.316,12,17,0.706,7,32,39,36,9,6,12,15,104,37,71,0.5211267605633803,1,0.5308641975308642,0.5232558139534884,0.42857142857142855,0.5277777777777778,0.5454545454545454,0.4857142857142857,0.4375,0.5423728813559322,0.52,0.6206896551724138,0.5,0.75,0.41379310344827586,0.38461538461538464,0.5522388059701493,0.5220588235294118
