,TEAM_NAME,FG3M,FG3A,FG3_PCT,FTM,FTA,FT_PCT,OREB,DREB,REB,AST,STL,BLK,TO,PF,PTS,FG2M,FG2A,FG2_PCT,OUTCOME,DEFICIT_FGM,DEFICIT_FGA,DEFICIT_FG3M,DEFICIT_FG3A,DEFICIT_FTM,DEFICIT_FTA,DEFICIT_OREB,DEFICIT_DREB,DEFICIT_REB,DEFICIT_AST,DEFICIT_STL,DEFICIT_BLK,DEFICIT_TO,DEFICIT_PF,DEFICIT_FG2M,DEFICIT_FG2A
0,Grizzlies,5,13,0.385,19,25,0.76,8,36,44,25,8,5,16,23,108,37,66,0.5606060606060606,1,0.56,0.5031847133757962,0.3333333333333333,0.3023255813953488,0.5757575757575758,0.49019607843137253,0.47058823529411764,0.6,0.5714285714285714,0.5952380952380952,0.5,0.625,0.48484848484848486,0.48936170212765956,0.6166666666666667,0.5789473684210527
1,Warriors,10,30,0.333,14,26,0.538,9,24,33,17,8,3,17,24,90,23,48,0.4791666666666667,0,0.44,0.4968152866242038,0.6666666666666666,0.6976744186046512,0.42424242424242425,0.5098039215686274,0.5294117647058824,0.4,0.42857142857142855,0.40476190476190477,0.5,0.375,0.5151515151515151,0.5106382978723404,0.38333333333333336,0.42105263157894735
