,TEAM_NAME,FG3M,FG3A,FG3_PCT,FTM,FTA,FT_PCT,OREB,DREB,REB,AST,STL,BLK,TO,PF,PTS,FG2M,FG2A,FG2_PCT,OUTCOME,DEFICIT_FGM,DEFICIT_FGA,DEFICIT_FG3M,DEFICIT_FG3A,DEFICIT_FTM,DEFICIT_FTA,DEFICIT_OREB,DEFICIT_DREB,DEFICIT_REB,DEFICIT_AST,DEFICIT_STL,DEFICIT_BLK,DEFICIT_TO,DEFICIT_PF,DEFICIT_FG2M,DEFICIT_FG2A
0,Heat,5,10,0.5,23,34,0.676,4,27,31,26,4,7,10,13,110,36,61,0.5901639344262295,0,0.47126436781609193,0.44375,0.3333333333333333,0.3225806451612903,0.71875,0.7391304347826086,0.26666666666666666,0.4909090909090909,0.44285714285714284,0.52,0.5,0.5833333333333334,0.45454545454545453,0.34210526315789475,0.5,0.4728682170542636
1,Celtics,10,21,0.476,9,12,0.75,11,28,39,24,4,5,12,25,111,36,68,0.5294117647058824,1,0.5287356321839081,0.55625,0.6666666666666666,0.6774193548387096,0.28125,0.2608695652173913,0.7333333333333333,0.509090909090909,0.5571428571428572,0.48,0.5,0.4166666666666667,0.5454545454545454,0.6578947368421053,0.5,0.5271317829457365
