,TEAM_NAME,FG3M,FG3A,FG3_PCT,FTM,FTA,FT_PCT,OREB,DREB,REB,AST,STL,BLK,TO,PF,PTS,FG2M,FG2A,FG2_PCT,OUTCOME,DEFICIT_FGM,DEFICIT_FGA,DEFICIT_FG3M,DEFICIT_FG3A,DEFICIT_FTM,DEFICIT_FTA,DEFICIT_OREB,DEFICIT_DREB,DEFICIT_REB,DEFICIT_AST,DEFICIT_STL,DEFICIT_BLK,DEFICIT_TO,DEFICIT_PF,DEFICIT_FG2M,DEFICIT_FG2A
0,Jazz,9,18,0.5,16,24,0.667,8,36,44,22,5,4,14,24,109,33,56,0.589285714286,1,0.575342465753,0.480519480519,0.6,0.486486486486,0.470588235294,0.452830188679,0.363636363636,0.58064516129,0.52380952381,0.611111111111,0.416666666667,0.444444444444,0.518518518519,0.533333333333,0.568965517241,0.478632478632
1,Suns,6,19,0.316,18,29,0.621,14,26,40,14,7,5,13,21,86,25,61,0.409836065574,0,0.424657534247,0.519480519481,0.4,0.513513513514,0.529411764706,0.547169811321,0.636363636364,0.41935483871,0.47619047619,0.388888888889,0.583333333333,0.555555555556,0.481481481481,0.466666666667,0.431034482759,0.521367521368
