,TEAM_NAME,FG3M,FG3A,FG3_PCT,FTM,FTA,FT_PCT,OREB,DREB,REB,AST,STL,BLK,TO,PF,PTS,FG2M,FG2A,FG2_PCT,OUTCOME,DEFICIT_FGM,DEFICIT_FGA,DEFICIT_FG3M,DEFICIT_FG3A,DEFICIT_FTM,DEFICIT_FTA,DEFICIT_OREB,DEFICIT_DREB,DEFICIT_REB,DEFICIT_AST,DEFICIT_STL,DEFICIT_BLK,DEFICIT_TO,DEFICIT_PF,DEFICIT_FG2M,DEFICIT_FG2A
0,Spurs,9,19,0.474,23,25,0.92,9,28,37,34,10,7,18,16,120,35,63,0.555555555556,1,0.494382022472,0.476744186047,0.642857142857,0.655172413793,0.605263157895,0.595238095238,0.5,0.5,0.5,0.586206896552,0.5,0.636363636364,0.58064516129,0.457142857143,0.466666666667,0.440559440559
1,Pistons,5,10,0.5,15,17,0.882,9,28,37,24,10,4,13,19,110,40,80,0.5,0,0.505617977528,0.523255813953,0.357142857143,0.344827586207,0.394736842105,0.404761904762,0.5,0.5,0.5,0.413793103448,0.5,0.363636363636,0.41935483871,0.542857142857,0.533333333333,0.559440559441
