,TEAM_NAME,FG3M,FG3A,FG3_PCT,FTM,FTA,FT_PCT,OREB,DREB,REB,AST,STL,BLK,TO,PF,PTS,FG2M,FG2A,FG2_PCT,OUTCOME,DEFICIT_FGM,DEFICIT_FGA,DEFICIT_FG3M,DEFICIT_FG3A,DEFICIT_FTM,DEFICIT_FTA,DEFICIT_OREB,DEFICIT_DREB,DEFICIT_REB,DEFICIT_AST,DEFICIT_STL,DEFICIT_BLK,DEFICIT_TO,DEFICIT_PF,DEFICIT_FG2M,DEFICIT_FG2A
0,Timberwolves,2,12,0.167,21,22,0.955,9,19,28,14,6,6,11,21,105,39,70,0.557142857143,0,0.450549450549,0.491017964072,0.2,0.315789473684,0.583333333333,0.536585365854,0.473684210526,0.387755102041,0.411764705882,0.325581395349,0.5,0.4,0.423076923077,0.567567567568,0.481481481481,0.542635658915
1,Heat,8,26,0.308,15,19,0.789,10,30,40,29,6,9,15,16,123,42,59,0.71186440678,1,0.549450549451,0.508982035928,0.8,0.684210526316,0.416666666667,0.463414634146,0.526315789474,0.612244897959,0.588235294118,0.674418604651,0.5,0.6,0.576923076923,0.432432432432,0.518518518519,0.457364341085
