,TEAM_NAME,FG3M,FG3A,FG3_PCT,FTM,FTA,FT_PCT,OREB,DREB,REB,AST,STL,BLK,TO,PF,PTS,FG2M,FG2A,FG2_PCT,OUTCOME,DEFICIT_FGM,DEFICIT_FGA,DEFICIT_FG3M,DEFICIT_FG3A,DEFICIT_FTM,DEFICIT_FTA,DEFICIT_OREB,DEFICIT_DREB,DEFICIT_REB,DEFICIT_AST,DEFICIT_STL,DEFICIT_BLK,DEFICIT_TO,DEFICIT_PF,DEFICIT_FG2M,DEFICIT_FG2A
0,Wizards,10,26,0.385,10,12,0.833,13,27,40,34,5,6,10,17,112,36,75,0.48,1,0.511111111111,0.534391534392,0.588235294118,0.490566037736,0.454545454545,0.4,0.464285714286,0.415384615385,0.430107526882,0.548387096774,0.5,0.545454545455,0.357142857143,0.472222222222,0.493150684932,0.551470588235
1,Bulls,7,27,0.259,12,18,0.667,15,38,53,28,5,5,18,19,107,37,61,0.606557377049,0,0.488888888889,0.465608465608,0.411764705882,0.509433962264,0.545454545455,0.6,0.535714285714,0.584615384615,0.569892473118,0.451612903226,0.5,0.454545454545,0.642857142857,0.527777777778,0.506849315068,0.448529411765
