,TEAM_NAME,FG3M,FG3A,FG3_PCT,FTM,FTA,FT_PCT,OREB,DREB,REB,AST,STL,BLK,TO,PF,PTS,FG2M,FG2A,FG2_PCT,OUTCOME,DEFICIT_FGM,DEFICIT_FGA,DEFICIT_FG3M,DEFICIT_FG3A,DEFICIT_FTM,DEFICIT_FTA,DEFICIT_OREB,DEFICIT_DREB,DEFICIT_REB,DEFICIT_AST,DEFICIT_STL,DEFICIT_BLK,DEFICIT_TO,DEFICIT_PF,DEFICIT_FG2M,DEFICIT_FG2A
0,Pelicans,12,34,0.353,18,24,0.75,9,45,54,29,8,7,13,20,128,37,58,0.637931034483,1,0.56976744186,0.502732240437,0.48,0.459459459459,0.418604651163,0.428571428571,0.473684210526,0.555555555556,0.54,0.617021276596,0.571428571429,0.7,0.52,0.512820512821,0.606557377049,0.532110091743
1,Rockets,13,40,0.325,25,32,0.781,10,36,46,18,6,3,12,19,112,24,51,0.470588235294,0,0.43023255814,0.497267759563,0.52,0.540540540541,0.581395348837,0.571428571429,0.526315789474,0.444444444444,0.46,0.382978723404,0.428571428571,0.3,0.48,0.487179487179,0.393442622951,0.467889908257
