,TEAM_NAME,FG3M,FG3A,FG3_PCT,FTM,FTA,FT_PCT,OREB,DREB,REB,AST,STL,BLK,TO,PF,PTS,FG2M,FG2A,FG2_PCT,OUTCOME,DEFICIT_FGM,DEFICIT_FGA,DEFICIT_FG3M,DEFICIT_FG3A,DEFICIT_FTM,DEFICIT_FTA,DEFICIT_OREB,DEFICIT_DREB,DEFICIT_REB,DEFICIT_AST,DEFICIT_STL,DEFICIT_BLK,DEFICIT_TO,DEFICIT_PF,DEFICIT_FG2M,DEFICIT_FG2A
0,Celtics,10,34,0.294,20,25,0.8,9,31,40,21,9,7,18,20,98,24,53,0.452830188679,0,0.425,0.478021978022,0.625,0.576271186441,0.555555555556,0.555555555556,0.409090909091,0.424657534247,0.421052631579,0.488372093023,0.473684210526,0.411764705882,0.5625,0.512820512821,0.375,0.430894308943
1,Hawks,6,25,0.24,16,20,0.8,13,42,55,22,10,10,14,19,114,40,70,0.571428571429,1,0.575,0.521978021978,0.375,0.423728813559,0.444444444444,0.444444444444,0.590909090909,0.575342465753,0.578947368421,0.511627906977,0.526315789474,0.588235294118,0.4375,0.487179487179,0.625,0.569105691057
