,TEAM_NAME,FG3M,FG3A,FG3_PCT,FTM,FTA,FT_PCT,OREB,DREB,REB,AST,STL,BLK,TO,PF,PTS,FG2M,FG2A,FG2_PCT,OUTCOME,DEFICIT_FGM,DEFICIT_FGA,DEFICIT_FG3M,DEFICIT_FG3A,DEFICIT_FTM,DEFICIT_FTA,DEFICIT_OREB,DEFICIT_DREB,DEFICIT_REB,DEFICIT_AST,DEFICIT_STL,DEFICIT_BLK,DEFICIT_TO,DEFICIT_PF,DEFICIT_FG2M,DEFICIT_FG2A
0,Pacers,13,30,0.433,22,25,0.88,13,42,55,29,7,5,15,26,117,28,61,0.459016393443,1,0.561643835616,0.508379888268,0.565217391304,0.4,0.392857142857,0.373134328358,0.52,0.608695652174,0.585106382979,0.56862745098,0.466666666667,0.5,0.6,0.541666666667,0.56,0.586538461538
1,Rockets,10,45,0.222,34,42,0.81,12,27,39,22,8,5,10,22,108,22,43,0.511627906977,0,0.438356164384,0.491620111732,0.434782608696,0.6,0.607142857143,0.626865671642,0.48,0.391304347826,0.414893617021,0.43137254902,0.533333333333,0.5,0.4,0.458333333333,0.44,0.413461538462
