,TEAM_NAME,FG3M,FG3A,FG3_PCT,FTM,FTA,FT_PCT,OREB,DREB,REB,AST,STL,BLK,TO,PF,PTS,FG2M,FG2A,FG2_PCT,OUTCOME,DEFICIT_FGM,DEFICIT_FGA,DEFICIT_FG3M,DEFICIT_FG3A,DEFICIT_FTM,DEFICIT_FTA,DEFICIT_OREB,DEFICIT_DREB,DEFICIT_REB,DEFICIT_AST,DEFICIT_STL,DEFICIT_BLK,DEFICIT_TO,DEFICIT_PF,DEFICIT_FG2M,DEFICIT_FG2A
0,Wizards,5,21,0.238,10,16,0.625,15,35,50,25,7,6,16,15,93,34,64,0.53125,0,0.5571428571428572,0.5279503105590062,0.3125,0.44680851063829785,0.3125,0.38095238095238093,0.625,0.5555555555555556,0.5747126436781609,0.5952380952380952,0.4375,0.5454545454545454,0.5517241379310345,0.5357142857142857,0.6296296296296297,0.5614035087719298
1,Raptors,11,26,0.423,22,26,0.846,9,28,37,17,9,5,13,13,95,20,50,0.4,1,0.44285714285714284,0.4720496894409938,0.6875,0.5531914893617021,0.6875,0.6190476190476191,0.375,0.4444444444444444,0.42528735632183906,0.40476190476190477,0.5625,0.45454545454545453,0.4482758620689655,0.4642857142857143,0.37037037037037035,0.43859649122807015
