,TEAM_NAME,FG3M,FG3A,FG3_PCT,FTM,FTA,FT_PCT,OREB,DREB,REB,AST,STL,BLK,TO,PF,PTS,FG2M,FG2A,FG2_PCT,OUTCOME,DEFICIT_FGM,DEFICIT_FGA,DEFICIT_FG3M,DEFICIT_FG3A,DEFICIT_FTM,DEFICIT_FTA,DEFICIT_OREB,DEFICIT_DREB,DEFICIT_REB,DEFICIT_AST,DEFICIT_STL,DEFICIT_BLK,DEFICIT_TO,DEFICIT_PF,DEFICIT_FG2M,DEFICIT_FG2A
0,Kings,8,22,0.364,23,30,0.767,16,32,48,24,7,5,18,23,103,28,62,0.451612903226,0,0.48,0.512195121951,0.533333333333,0.594594594595,0.469387755102,0.483870967742,0.615384615385,0.477611940299,0.516129032258,0.510638297872,0.388888888889,0.5,0.5625,0.489361702128,0.466666666667,0.488188976378
1,Bucks,7,15,0.467,26,32,0.813,10,35,45,23,11,5,14,24,111,32,65,0.492307692308,1,0.52,0.487804878049,0.466666666667,0.405405405405,0.530612244898,0.516129032258,0.384615384615,0.522388059701,0.483870967742,0.489361702128,0.611111111111,0.5,0.4375,0.510638297872,0.533333333333,0.511811023622
