,TEAM_NAME,FG3M,FG3A,FG3_PCT,FTM,FTA,FT_PCT,OREB,DREB,REB,AST,STL,BLK,TO,PF,PTS,FG2M,FG2A,FG2_PCT,OUTCOME,DEFICIT_FGM,DEFICIT_FGA,DEFICIT_FG3M,DEFICIT_FG3A,DEFICIT_FTM,DEFICIT_FTA,DEFICIT_OREB,DEFICIT_DREB,DEFICIT_REB,DEFICIT_AST,DEFICIT_STL,DEFICIT_BLK,DEFICIT_TO,DEFICIT_PF,DEFICIT_FG2M,DEFICIT_FG2A
0,Timberwolves,5,14,0.357,20,27,0.741,11,39,50,18,7,2,12,14,91,28,72,0.388888888889,0,0.452054794521,0.488636363636,0.416666666667,0.341463414634,0.740740740741,0.75,0.52380952381,0.5,0.505050505051,0.409090909091,0.5,0.25,0.444444444444,0.4375,0.459016393443,0.533333333333
1,Warriors,7,27,0.259,7,9,0.778,10,39,49,26,7,6,15,18,94,33,63,0.52380952381,1,0.547945205479,0.511363636364,0.583333333333,0.658536585366,0.259259259259,0.25,0.47619047619,0.5,0.494949494949,0.590909090909,0.5,0.75,0.555555555556,0.5625,0.540983606557,0.466666666667
