,TEAM_NAME,FG3M,FG3A,FG3_PCT,FTM,FTA,FT_PCT,OREB,DREB,REB,AST,STL,BLK,TO,PF,PTS,FG2M,FG2A,FG2_PCT,OUTCOME,DEFICIT_FGM,DEFICIT_FGA,DEFICIT_FG3M,DEFICIT_FG3A,DEFICIT_FTM,DEFICIT_FTA,DEFICIT_OREB,DEFICIT_DREB,DEFICIT_REB,DEFICIT_AST,DEFICIT_STL,DEFICIT_BLK,DEFICIT_TO,DEFICIT_PF,DEFICIT_FG2M,DEFICIT_FG2A
0,Celtics,10,31,0.323,19,20,0.95,16,40,56,21,7,4,10,23,89,20,62,0.322580645161,1,0.47619047619,0.543859649123,0.588235294118,0.516666666667,0.558823529412,0.46511627907,0.761904761905,0.506329113924,0.56,0.477272727273,0.538461538462,0.444444444444,0.454545454545,0.575,0.434782608696,0.558558558559
1,Hawks,7,29,0.241,15,23,0.652,5,39,44,23,6,5,12,17,88,26,49,0.530612244898,0,0.52380952381,0.456140350877,0.411764705882,0.483333333333,0.441176470588,0.53488372093,0.238095238095,0.493670886076,0.44,0.522727272727,0.461538461538,0.555555555556,0.545454545455,0.425,0.565217391304,0.441441441441
