,TEAM_NAME,FG3M,FG3A,FG3_PCT,FTM,FTA,FT_PCT,OREB,DREB,REB,AST,STL,BLK,TO,PF,PTS,FG2M,FG2A,FG2_PCT,OUTCOME,DEFICIT_FGM,DEFICIT_FGA,DEFICIT_FG3M,DEFICIT_FG3A,DEFICIT_FTM,DEFICIT_FTA,DEFICIT_OREB,DEFICIT_DREB,DEFICIT_REB,DEFICIT_AST,DEFICIT_STL,DEFICIT_BLK,DEFICIT_TO,DEFICIT_PF,DEFICIT_FG2M,DEFICIT_FG2A
0,Magic,9,25,0.36,10,13,0.769,13,32,45,21,9,4,16,21,97,30,58,0.5172413793103449,0,0.5131578947368421,0.51875,0.5294117647058824,0.5319148936170213,0.38461538461538464,0.41935483870967744,0.65,0.5333333333333333,0.5625,0.4375,0.45,0.8,0.5161290322580645,0.65625,0.5084745762711864,0.5132743362831859
1,Bulls,8,22,0.364,16,18,0.889,7,28,35,27,11,1,15,11,98,29,55,0.5272727272727272,1,0.4868421052631579,0.48125,0.47058823529411764,0.46808510638297873,0.6153846153846154,0.5806451612903226,0.35,0.4666666666666667,0.4375,0.5625,0.55,0.2,0.4838709677419355,0.34375,0.4915254237288136,0.48672566371681414
