,TEAM_NAME,FG3M,FG3A,FG3_PCT,FTM,FTA,FT_PCT,OREB,DREB,REB,AST,STL,BLK,TO,PF,PTS,FG2M,FG2A,FG2_PCT,OUTCOME,DEFICIT_FGM,DEFICIT_FGA,DEFICIT_FG3M,DEFICIT_FG3A,DEFICIT_FTM,DEFICIT_FTA,DEFICIT_OREB,DEFICIT_DREB,DEFICIT_REB,DEFICIT_AST,DEFICIT_STL,DEFICIT_BLK,DEFICIT_TO,DEFICIT_PF,DEFICIT_FG2M,DEFICIT_FG2A
0,Grizzlies,3,13,0.231,19,21,0.905,17,38,55,18,8,4,11,12,94,33,79,0.417721518987,1,0.521739130435,0.53488372093,0.2,0.302325581395,0.655172413793,0.65625,0.85,0.527777777778,0.597826086957,0.514285714286,0.571428571429,0.444444444444,0.44,0.428571428571,0.611111111111,0.612403100775
1,Hawks,12,30,0.4,10,11,0.909,3,34,37,17,6,5,14,16,88,21,50,0.42,0,0.478260869565,0.46511627907,0.8,0.697674418605,0.344827586207,0.34375,0.15,0.472222222222,0.402173913043,0.485714285714,0.428571428571,0.555555555556,0.56,0.571428571429,0.388888888889,0.387596899225
