,TEAM_NAME,FG3M,FG3A,FG3_PCT,FTM,FTA,FT_PCT,OREB,DREB,REB,AST,STL,BLK,TO,PF,PTS,FG2M,FG2A,FG2_PCT,OUTCOME,DEFICIT_FGM,DEFICIT_FGA,DEFICIT_FG3M,DEFICIT_FG3A,DEFICIT_FTM,DEFICIT_FTA,DEFICIT_OREB,DEFICIT_DREB,DEFICIT_REB,DEFICIT_AST,DEFICIT_STL,DEFICIT_BLK,DEFICIT_TO,DEFICIT_PF,DEFICIT_FG2M,DEFICIT_FG2A
0,Grizzlies,3,13,0.231,19,21,0.905,17,38,55,18,8,4,11,12,94,33,79,0.4177215189873418,1,0.5217391304347826,0.5348837209302325,0.2,0.3023255813953488,0.6551724137931034,0.65625,0.85,0.5277777777777778,0.5978260869565217,0.5142857142857142,0.5714285714285714,0.4444444444444444,0.44,0.42857142857142855,0.6111111111111112,0.6124031007751938
1,Hawks,12,30,0.4,10,11,0.909,3,34,37,17,6,5,14,16,88,21,50,0.42,0,0.4782608695652174,0.46511627906976744,0.8,0.6976744186046512,0.3448275862068966,0.34375,0.15,0.4722222222222222,0.40217391304347827,0.4857142857142857,0.42857142857142855,0.5555555555555556,0.56,0.5714285714285714,0.3888888888888889,0.3875968992248062
