,TEAM_NAME,FG3M,FG3A,FG3_PCT,FTM,FTA,FT_PCT,OREB,DREB,REB,AST,STL,BLK,TO,PF,PTS,FG2M,FG2A,FG2_PCT,OUTCOME,DEFICIT_FGM,DEFICIT_FGA,DEFICIT_FG3M,DEFICIT_FG3A,DEFICIT_FTM,DEFICIT_FTA,DEFICIT_OREB,DEFICIT_DREB,DEFICIT_REB,DEFICIT_AST,DEFICIT_STL,DEFICIT_BLK,DEFICIT_TO,DEFICIT_PF,DEFICIT_FG2M,DEFICIT_FG2A
0,Pacers,7,19,0.368,22,25,0.88,8,32,40,19,4,2,12,25,103,30,65,0.46153846153846156,1,0.5068493150684932,0.5217391304347826,0.4666666666666667,0.5757575757575758,0.5,0.4716981132075472,0.6666666666666666,0.5079365079365079,0.5333333333333333,0.4418604651162791,0.4444444444444444,0.3333333333333333,0.5454545454545454,0.5208333333333334,0.5172413793103449,0.5078125
1,Hornets,8,14,0.571,22,28,0.786,4,31,35,24,5,4,10,23,102,28,63,0.4444444444444444,0,0.4931506849315068,0.4782608695652174,0.5333333333333333,0.42424242424242425,0.5,0.5283018867924528,0.3333333333333333,0.49206349206349204,0.4666666666666667,0.5581395348837209,0.5555555555555556,0.6666666666666666,0.45454545454545453,0.4791666666666667,0.4827586206896552,0.4921875
