,TEAM_NAME,FG3M,FG3A,FG3_PCT,FTM,FTA,FT_PCT,OREB,DREB,REB,AST,STL,BLK,TO,PF,PTS,FG2M,FG2A,FG2_PCT,OUTCOME,DEFICIT_FGM,DEFICIT_FGA,DEFICIT_FG3M,DEFICIT_FG3A,DEFICIT_FTM,DEFICIT_FTA,DEFICIT_OREB,DEFICIT_DREB,DEFICIT_REB,DEFICIT_AST,DEFICIT_STL,DEFICIT_BLK,DEFICIT_TO,DEFICIT_PF,DEFICIT_FG2M,DEFICIT_FG2A
0,Timberwolves,5,12,0.417,29,34,0.853,9,31,40,26,6,1,15,20,112,34,64,0.53125,1,0.513157894737,0.490322580645,0.333333333333,0.279069767442,0.630434782609,0.607142857143,0.428571428571,0.574074074074,0.533333333333,0.590909090909,0.428571428571,0.2,0.5,0.444444444444,0.55737704918,0.571428571429
1,Pistons,10,31,0.323,17,22,0.773,12,23,35,18,8,4,15,25,101,27,48,0.5625,0,0.486842105263,0.509677419355,0.666666666667,0.720930232558,0.369565217391,0.392857142857,0.571428571429,0.425925925926,0.466666666667,0.409090909091,0.571428571429,0.8,0.5,0.555555555556,0.44262295082,0.428571428571
