,TEAM_NAME,FG3M,FG3A,FG3_PCT,FTM,FTA,FT_PCT,OREB,DREB,REB,AST,STL,BLK,TO,PF,PTS,FG2M,FG2A,FG2_PCT,OUTCOME,DEFICIT_FGM,DEFICIT_FGA,DEFICIT_FG3M,DEFICIT_FG3A,DEFICIT_FTM,DEFICIT_FTA,DEFICIT_OREB,DEFICIT_DREB,DEFICIT_REB,DEFICIT_AST,DEFICIT_STL,DEFICIT_BLK,DEFICIT_TO,DEFICIT_PF,DEFICIT_FG2M,DEFICIT_FG2A
0,Wizards,5,18,0.278,28,35,0.8,10,43,53,25,5,12,16,28,107,32,66,0.484848484848,1,0.5,0.488372093023,0.555555555556,0.5,0.571428571429,0.530303030303,0.555555555556,0.544303797468,0.546391752577,0.625,0.384615384615,0.8,0.551724137931,0.528301886792,0.492307692308,0.485294117647
1,76ers,4,18,0.222,21,31,0.677,8,36,44,15,8,3,13,25,99,33,70,0.471428571429,0,0.5,0.511627906977,0.444444444444,0.5,0.428571428571,0.469696969697,0.444444444444,0.455696202532,0.453608247423,0.375,0.615384615385,0.2,0.448275862069,0.471698113208,0.507692307692,0.514705882353
