,TEAM_NAME,FG3M,FG3A,FG3_PCT,FTM,FTA,FT_PCT,OREB,DREB,REB,AST,STL,BLK,TO,PF,PTS,FG2M,FG2A,FG2_PCT,OUTCOME,DEFICIT_FGM,DEFICIT_FGA,DEFICIT_FG3M,DEFICIT_FG3A,DEFICIT_FTM,DEFICIT_FTA,DEFICIT_OREB,DEFICIT_DREB,DEFICIT_REB,DEFICIT_AST,DEFICIT_STL,DEFICIT_BLK,DEFICIT_TO,DEFICIT_PF,DEFICIT_FG2M,DEFICIT_FG2A
0,Mavericks,4,20,0.2,22,28,0.786,8,31,39,22,7,3,8,25,102,34,63,0.539682539683,1,0.535211267606,0.506097560976,0.444444444444,0.46511627907,0.458333333333,0.459016393443,0.363636363636,0.492063492063,0.458823529412,0.511627906977,0.583333333333,0.75,0.380952380952,0.510204081633,0.548387096774,0.520661157025
1,Cavaliers,5,23,0.217,26,33,0.788,14,32,46,21,5,1,13,24,97,28,58,0.48275862069,0,0.464788732394,0.493902439024,0.555555555556,0.53488372093,0.541666666667,0.540983606557,0.636363636364,0.507936507937,0.541176470588,0.488372093023,0.416666666667,0.25,0.619047619048,0.489795918367,0.451612903226,0.479338842975
