,TEAM_NAME,FG3M,FG3A,FG3_PCT,FTM,FTA,FT_PCT,OREB,DREB,REB,AST,STL,BLK,TO,PF,PTS,FG2M,FG2A,FG2_PCT,OUTCOME,DEFICIT_FGM,DEFICIT_FGA,DEFICIT_FG3M,DEFICIT_FG3A,DEFICIT_FTM,DEFICIT_FTA,DEFICIT_OREB,DEFICIT_DREB,DEFICIT_REB,DEFICIT_AST,DEFICIT_STL,DEFICIT_BLK,DEFICIT_TO,DEFICIT_PF,DEFICIT_FG2M,DEFICIT_FG2A
0,Pacers,8,19,0.421,12,15,0.8,17,35,52,19,7,5,14,19,102,33,72,0.458333333333,1,0.539473684211,0.514124293785,0.444444444444,0.387755102041,0.461538461538,0.428571428571,0.566666666667,0.522388059701,0.536082474227,0.475,0.5,0.714285714286,0.48275862069,0.463414634146,0.568965517241,0.5625
1,Warriors,10,30,0.333,14,20,0.7,13,32,45,21,7,2,15,22,94,25,56,0.446428571429,0,0.460526315789,0.485875706215,0.555555555556,0.612244897959,0.538461538462,0.571428571429,0.433333333333,0.477611940299,0.463917525773,0.525,0.5,0.285714285714,0.51724137931,0.536585365854,0.431034482759,0.4375
