,TEAM_NAME,FG3M,FG3A,FG3_PCT,FTM,FTA,FT_PCT,OREB,DREB,REB,AST,STL,BLK,TO,PF,PTS,FG2M,FG2A,FG2_PCT,OUTCOME,DEFICIT_FGM,DEFICIT_FGA,DEFICIT_FG3M,DEFICIT_FG3A,DEFICIT_FTM,DEFICIT_FTA,DEFICIT_OREB,DEFICIT_DREB,DEFICIT_REB,DEFICIT_AST,DEFICIT_STL,DEFICIT_BLK,DEFICIT_TO,DEFICIT_PF,DEFICIT_FG2M,DEFICIT_FG2A
0,Knicks,8,25,0.32,24,37,0.649,14,31,45,13,4,3,16,17,80,16,46,0.347826086957,0,0.393442622951,0.486301369863,0.363636363636,0.396825396825,0.615384615385,0.649122807018,0.636363636364,0.455882352941,0.5,0.342105263158,0.266666666667,0.428571428571,0.533333333333,0.386363636364,0.410256410256,0.55421686747
1,Nets,14,38,0.368,15,20,0.75,8,37,45,25,11,4,14,27,103,23,37,0.621621621622,1,0.606557377049,0.513698630137,0.636363636364,0.603174603175,0.384615384615,0.350877192982,0.363636363636,0.544117647059,0.5,0.657894736842,0.733333333333,0.571428571429,0.466666666667,0.613636363636,0.589743589744,0.44578313253
