,TEAM_NAME,FG3M,FG3A,FG3_PCT,FTM,FTA,FT_PCT,OREB,DREB,REB,AST,STL,BLK,TO,PF,PTS,FG2M,FG2A,FG2_PCT,OUTCOME,DEFICIT_FGM,DEFICIT_FGA,DEFICIT_FG3M,DEFICIT_FG3A,DEFICIT_FTM,DEFICIT_FTA,DEFICIT_OREB,DEFICIT_DREB,DEFICIT_REB,DEFICIT_AST,DEFICIT_STL,DEFICIT_BLK,DEFICIT_TO,DEFICIT_PF,DEFICIT_FG2M,DEFICIT_FG2A
0,Thunder,5,13,0.385,23,27,0.852,8,39,47,28,8,12,11,21,116,39,69,0.565217391304,1,0.556962025316,0.488095238095,0.357142857143,0.41935483871,0.605263157895,0.586956521739,0.5,0.590909090909,0.573170731707,0.538461538462,0.666666666667,0.75,0.478260869565,0.512195121951,0.6,0.503649635036
1,Pelicans,9,18,0.5,15,19,0.789,8,27,35,24,4,4,12,20,94,26,68,0.382352941176,0,0.443037974684,0.511904761905,0.642857142857,0.58064516129,0.394736842105,0.413043478261,0.5,0.409090909091,0.426829268293,0.461538461538,0.333333333333,0.25,0.521739130435,0.487804878049,0.4,0.496350364964
