,TEAM_NAME,FG3M,FG3A,FG3_PCT,FTM,FTA,FT_PCT,OREB,DREB,REB,AST,STL,BLK,TO,PF,PTS,FG2M,FG2A,FG2_PCT,OUTCOME,DEFICIT_FGM,DEFICIT_FGA,DEFICIT_FG3M,DEFICIT_FG3A,DEFICIT_FTM,DEFICIT_FTA,DEFICIT_OREB,DEFICIT_DREB,DEFICIT_REB,DEFICIT_AST,DEFICIT_STL,DEFICIT_BLK,DEFICIT_TO,DEFICIT_PF,DEFICIT_FG2M,DEFICIT_FG2A
0,Spurs,9,22,0.409,19,24,0.792,8,27,35,14,15,4,7,22,116,35,68,0.514705882353,1,0.543209876543,0.552147239264,0.642857142857,0.594594594595,0.422222222222,0.452830188679,0.533333333333,0.421875,0.443037974684,0.411764705882,0.714285714286,0.4,0.259259259259,0.478260869565,0.522388059701,0.539682539683
1,Bulls,5,15,0.333,26,29,0.897,7,37,44,20,6,6,20,24,105,32,58,0.551724137931,0,0.456790123457,0.447852760736,0.357142857143,0.405405405405,0.577777777778,0.547169811321,0.466666666667,0.578125,0.556962025316,0.588235294118,0.285714285714,0.6,0.740740740741,0.521739130435,0.477611940299,0.460317460317
