,TEAM_NAME,FG3M,FG3A,FG3_PCT,FTM,FTA,FT_PCT,OREB,DREB,REB,AST,STL,BLK,TO,PF,PTS,FG2M,FG2A,FG2_PCT,OUTCOME,DEFICIT_FGM,DEFICIT_FGA,DEFICIT_FG3M,DEFICIT_FG3A,DEFICIT_FTM,DEFICIT_FTA,DEFICIT_OREB,DEFICIT_DREB,DEFICIT_REB,DEFICIT_AST,DEFICIT_STL,DEFICIT_BLK,DEFICIT_TO,DEFICIT_PF,DEFICIT_FG2M,DEFICIT_FG2A
0,Magic,7,22,0.318,20,30,0.667,18,38,56,20,8,8,15,15,103,31,65,0.476923076923,1,0.520547945205,0.494318181818,0.318181818182,0.392857142857,0.606060606061,0.652173913043,0.5,0.558823529412,0.538461538462,0.454545454545,0.470588235294,0.727272727273,0.51724137931,0.394736842105,0.607843137255,0.541666666667
1,Celtics,15,34,0.441,13,16,0.813,18,30,48,24,9,3,14,23,98,20,55,0.363636363636,0,0.479452054795,0.505681818182,0.681818181818,0.607142857143,0.393939393939,0.347826086957,0.5,0.441176470588,0.461538461538,0.545454545455,0.529411764706,0.272727272727,0.48275862069,0.605263157895,0.392156862745,0.458333333333
