,TEAM_NAME,FG3M,FG3A,FG3_PCT,FTM,FTA,FT_PCT,OREB,DREB,REB,AST,STL,BLK,TO,PF,PTS,FG2M,FG2A,FG2_PCT,OUTCOME,DEFICIT_FGM,DEFICIT_FGA,DEFICIT_FG3M,DEFICIT_FG3A,DEFICIT_FTM,DEFICIT_FTA,DEFICIT_OREB,DEFICIT_DREB,DEFICIT_REB,DEFICIT_AST,DEFICIT_STL,DEFICIT_BLK,DEFICIT_TO,DEFICIT_PF,DEFICIT_FG2M,DEFICIT_FG2A
0,Pacers,5,30,0.167,15,20,0.75,13,35,48,18,12,3,17,20,94,32,61,0.524590163934,0,0.480519480519,0.502762430939,0.357142857143,0.535714285714,0.51724137931,0.5,0.481481481481,0.5,0.494845360825,0.428571428571,0.631578947368,0.6,0.472222222222,0.526315789474,0.507936507937,0.488
1,Celtics,9,26,0.346,14,20,0.7,14,35,49,24,7,2,19,18,103,31,64,0.484375,1,0.519480519481,0.497237569061,0.642857142857,0.464285714286,0.48275862069,0.5,0.518518518519,0.5,0.505154639175,0.571428571429,0.368421052632,0.4,0.527777777778,0.473684210526,0.492063492063,0.512
