,TEAM_NAME,FG3M,FG3A,FG3_PCT,FTM,FTA,FT_PCT,OREB,DREB,REB,AST,STL,BLK,TO,PF,PTS,FG2M,FG2A,FG2_PCT,OUTCOME,DEFICIT_FGM,DEFICIT_FGA,DEFICIT_FG3M,DEFICIT_FG3A,DEFICIT_FTM,DEFICIT_FTA,DEFICIT_OREB,DEFICIT_DREB,DEFICIT_REB,DEFICIT_AST,DEFICIT_STL,DEFICIT_BLK,DEFICIT_TO,DEFICIT_PF,DEFICIT_FG2M,DEFICIT_FG2A
0,Timberwolves,8,17,0.471,24,30,0.8,14,29,43,25,11,1,20,27,104,28,61,0.459016393443,0,0.493150684932,0.509803921569,0.533333333333,0.36170212766,0.48,0.441176470588,0.636363636364,0.483333333333,0.524390243902,0.568181818182,0.5,0.25,0.555555555556,0.586956521739,0.48275862069,0.575471698113
1,Rockets,7,30,0.233,26,38,0.684,8,31,39,19,11,3,16,19,107,30,45,0.666666666667,1,0.506849315068,0.490196078431,0.466666666667,0.63829787234,0.52,0.558823529412,0.363636363636,0.516666666667,0.475609756098,0.431818181818,0.5,0.75,0.444444444444,0.413043478261,0.51724137931,0.424528301887
