,TEAM_NAME,FG3M,FG3A,FG3_PCT,FTM,FTA,FT_PCT,OREB,DREB,REB,AST,STL,BLK,TO,PF,PTS,FG2M,FG2A,FG2_PCT,OUTCOME,DEFICIT_FGM,DEFICIT_FGA,DEFICIT_FG3M,DEFICIT_FG3A,DEFICIT_FTM,DEFICIT_FTA,DEFICIT_OREB,DEFICIT_DREB,DEFICIT_REB,DEFICIT_AST,DEFICIT_STL,DEFICIT_BLK,DEFICIT_TO,DEFICIT_PF,DEFICIT_FG2M,DEFICIT_FG2A
0,Knicks,7,22,0.318,15,23,0.652,15,32,47,19,10,3,13,13,104,34,69,0.492753623188,0,0.476744186047,0.514124293785,0.4375,0.564102564103,0.576923076923,0.621621621622,0.652173913043,0.463768115942,0.510869565217,0.441860465116,0.555555555556,0.5,0.464285714286,0.464285714286,0.485714285714,0.5
1,Nets,9,17,0.529,11,14,0.786,8,37,45,24,8,3,15,15,110,36,69,0.521739130435,1,0.523255813953,0.485875706215,0.5625,0.435897435897,0.423076923077,0.378378378378,0.347826086957,0.536231884058,0.489130434783,0.558139534884,0.444444444444,0.5,0.535714285714,0.535714285714,0.514285714286,0.5
