,TEAM_NAME,FG3M,FG3A,FG3_PCT,FTM,FTA,FT_PCT,OREB,DREB,REB,AST,STL,BLK,TO,PF,PTS,FG2M,FG2A,FG2_PCT,OUTCOME,DEFICIT_FGM,DEFICIT_FGA,DEFICIT_FG3M,DEFICIT_FG3A,DEFICIT_FTM,DEFICIT_FTA,DEFICIT_OREB,DEFICIT_DREB,DEFICIT_REB,DEFICIT_AST,DEFICIT_STL,DEFICIT_BLK,DEFICIT_TO,DEFICIT_PF,DEFICIT_FG2M,DEFICIT_FG2A
0,Thunder,15,33,0.455,17,29,0.586,13,41,54,24,11,5,18,26,108,23,49,0.469387755102,1,0.542857142857,0.5,0.714285714286,0.515625,0.472222222222,0.537037037037,0.619047619048,0.554054054054,0.568421052632,0.571428571429,0.611111111111,0.625,0.529411764706,0.565217391304,0.469387755102,0.49
1,Mavericks,6,31,0.194,19,25,0.76,8,33,41,18,7,3,16,20,89,26,51,0.509803921569,0,0.457142857143,0.5,0.285714285714,0.484375,0.527777777778,0.462962962963,0.380952380952,0.445945945946,0.431578947368,0.428571428571,0.388888888889,0.375,0.470588235294,0.434782608696,0.530612244898,0.51
