,TEAM_NAME,FG3M,FG3A,FG3_PCT,FTM,FTA,FT_PCT,OREB,DREB,REB,AST,STL,BLK,TO,PF,PTS,FG2M,FG2A,FG2_PCT,OUTCOME,DEFICIT_FGM,DEFICIT_FGA,DEFICIT_FG3M,DEFICIT_FG3A,DEFICIT_FTM,DEFICIT_FTA,DEFICIT_OREB,DEFICIT_DREB,DEFICIT_REB,DEFICIT_AST,DEFICIT_STL,DEFICIT_BLK,DEFICIT_TO,DEFICIT_PF,DEFICIT_FG2M,DEFICIT_FG2A
0,Heat,6,20,0.3,15,21,0.714,7,26,33,18,10,4,13,26,95,31,52,0.5961538461538461,0,0.5211267605633803,0.496551724137931,0.46153846153846156,0.5555555555555556,0.3488372093023256,0.3620689655172414,0.4375,0.5306122448979592,0.5076923076923077,0.45,0.5,0.4444444444444444,0.5,0.5416666666666666,0.5344827586206896,0.47706422018348627
1,Grizzlies,7,16,0.438,28,37,0.757,9,23,32,22,10,5,13,22,103,27,57,0.47368421052631576,1,0.4788732394366197,0.503448275862069,0.5384615384615384,0.4444444444444444,0.6511627906976745,0.6379310344827587,0.5625,0.46938775510204084,0.49230769230769234,0.55,0.5,0.5555555555555556,0.5,0.4583333333333333,0.46551724137931033,0.5229357798165137
