,TEAM_NAME,FG3M,FG3A,FG3_PCT,FTM,FTA,FT_PCT,OREB,DREB,REB,AST,STL,BLK,TO,PF,PTS,FG2M,FG2A,FG2_PCT,OUTCOME,DEFICIT_FGM,DEFICIT_FGA,DEFICIT_FG3M,DEFICIT_FG3A,DEFICIT_FTM,DEFICIT_FTA,DEFICIT_OREB,DEFICIT_DREB,DEFICIT_REB,DEFICIT_AST,DEFICIT_STL,DEFICIT_BLK,DEFICIT_TO,DEFICIT_PF,DEFICIT_FG2M,DEFICIT_FG2A
0,Bucks,12,30,0.4,11,14,0.786,13,34,47,21,5,10,19,18,85,19,50,0.38,0,0.484375,0.47058823529411764,0.5714285714285714,0.5084745762711864,0.4230769230769231,0.42424242424242425,0.43333333333333335,0.5,0.47959183673469385,0.45652173913043476,0.35714285714285715,0.7142857142857143,0.6333333333333333,0.5142857142857142,0.4418604651162791,0.45045045045045046
1,Hawks,9,29,0.31,15,19,0.789,17,34,51,25,9,4,11,17,90,24,61,0.39344262295081966,1,0.515625,0.5294117647058824,0.42857142857142855,0.4915254237288136,0.5769230769230769,0.5757575757575758,0.5666666666666667,0.5,0.5204081632653061,0.5434782608695652,0.6428571428571429,0.2857142857142857,0.36666666666666664,0.4857142857142857,0.5581395348837209,0.5495495495495496
