,TEAM_NAME,FG3M,FG3A,FG3_PCT,FTM,FTA,FT_PCT,OREB,DREB,REB,AST,STL,BLK,TO,PF,PTS,FG2M,FG2A,FG2_PCT,OUTCOME,DEFICIT_FGM,DEFICIT_FGA,DEFICIT_FG3M,DEFICIT_FG3A,DEFICIT_FTM,DEFICIT_FTA,DEFICIT_OREB,DEFICIT_DREB,DEFICIT_REB,DEFICIT_AST,DEFICIT_STL,DEFICIT_BLK,DEFICIT_TO,DEFICIT_PF,DEFICIT_FG2M,DEFICIT_FG2A
0,Pacers,9,18,0.5,13,18,0.722,7,38,45,33,11,5,10,25,110,35,68,0.5147058823529411,1,0.6111111111111112,0.5276073619631901,0.5625,0.4186046511627907,0.37142857142857144,0.4,0.5833333333333334,0.5588235294117647,0.5625,0.6875,0.8461538461538461,0.5555555555555556,0.4,0.5555555555555556,0.625,0.5666666666666667
1,Nets,7,25,0.28,22,27,0.815,5,30,35,15,2,4,15,20,85,21,52,0.40384615384615385,0,0.3888888888888889,0.4723926380368098,0.4375,0.5813953488372093,0.6285714285714286,0.6,0.4166666666666667,0.4411764705882353,0.4375,0.3125,0.15384615384615385,0.4444444444444444,0.6,0.4444444444444444,0.375,0.43333333333333335
