,TEAM_NAME,FG3M,FG3A,FG3_PCT,FTM,FTA,FT_PCT,OREB,DREB,REB,AST,STL,BLK,TO,PF,PTS,FG2M,FG2A,FG2_PCT,OUTCOME,DEFICIT_FGM,DEFICIT_FGA,DEFICIT_FG3M,DEFICIT_FG3A,DEFICIT_FTM,DEFICIT_FTA,DEFICIT_OREB,DEFICIT_DREB,DEFICIT_REB,DEFICIT_AST,DEFICIT_STL,DEFICIT_BLK,DEFICIT_TO,DEFICIT_PF,DEFICIT_FG2M,DEFICIT_FG2A
0,Pelicans,4,14,0.286,14,16,0.875,10,27,37,18,9,8,15,19,100,37,74,0.5,0,0.5,0.497175141243,0.4,0.411764705882,0.424242424242,0.421052631579,0.4,0.473684210526,0.451219512195,0.486486486486,0.529411764706,0.571428571429,0.535714285714,0.527777777778,0.513888888889,0.517482517483
1,Bulls,6,20,0.3,19,22,0.864,15,30,45,19,8,6,13,17,107,35,69,0.507246376812,1,0.5,0.502824858757,0.6,0.588235294118,0.575757575758,0.578947368421,0.6,0.526315789474,0.548780487805,0.513513513514,0.470588235294,0.428571428571,0.464285714286,0.472222222222,0.486111111111,0.482517482517
