,TEAM_NAME,FG3M,FG3A,FG3_PCT,FTM,FTA,FT_PCT,OREB,DREB,REB,AST,STL,BLK,TO,PF,PTS,FG2M,FG2A,FG2_PCT,OUTCOME,DEFICIT_FGM,DEFICIT_FGA,DEFICIT_FG3M,DEFICIT_FG3A,DEFICIT_FTM,DEFICIT_FTA,DEFICIT_OREB,DEFICIT_DREB,DEFICIT_REB,DEFICIT_AST,DEFICIT_STL,DEFICIT_BLK,DEFICIT_TO,DEFICIT_PF,DEFICIT_FG2M,DEFICIT_FG2A
0,Timberwolves,8,19,0.421,21,36,0.583,13,34,47,29,10,5,24,18,97,26,58,0.4482758620689655,0,0.4533333333333333,0.4666666666666667,0.42105263157894735,0.40425531914893614,0.5526315789473685,0.631578947368421,0.5909090909090909,0.5,0.5222222222222223,0.47540983606557374,0.37037037037037035,0.45454545454545453,0.6,0.46153846153846156,0.4642857142857143,0.4915254237288136
1,Warriors,11,28,0.393,17,21,0.81,9,34,43,32,17,6,16,21,110,30,60,0.5,1,0.5466666666666666,0.5333333333333333,0.5789473684210527,0.5957446808510638,0.4473684210526316,0.3684210526315789,0.4090909090909091,0.5,0.4777777777777778,0.5245901639344263,0.6296296296296297,0.5454545454545454,0.4,0.5384615384615384,0.5357142857142857,0.5084745762711864
