,TEAM_NAME,FG3M,FG3A,FG3_PCT,FTM,FTA,FT_PCT,OREB,DREB,REB,AST,STL,BLK,TO,PF,PTS,FG2M,FG2A,FG2_PCT,OUTCOME,DEFICIT_FGM,DEFICIT_FGA,DEFICIT_FG3M,DEFICIT_FG3A,DEFICIT_FTM,DEFICIT_FTA,DEFICIT_OREB,DEFICIT_DREB,DEFICIT_REB,DEFICIT_AST,DEFICIT_STL,DEFICIT_BLK,DEFICIT_TO,DEFICIT_PF,DEFICIT_FG2M,DEFICIT_FG2A
0,Pelicans,4,14,0.286,14,16,0.875,10,27,37,18,9,8,15,19,100,37,74,0.5,0,0.5,0.4971751412429379,0.4,0.4117647058823529,0.42424242424242425,0.42105263157894735,0.4,0.47368421052631576,0.45121951219512196,0.4864864864864865,0.5294117647058824,0.5714285714285714,0.5357142857142857,0.5277777777777778,0.5138888888888888,0.5174825174825175
1,Bulls,6,20,0.3,19,22,0.864,15,30,45,19,8,6,13,17,107,35,69,0.5072463768115942,1,0.5,0.5028248587570622,0.6,0.5882352941176471,0.5757575757575758,0.5789473684210527,0.6,0.5263157894736842,0.5487804878048781,0.5135135135135135,0.47058823529411764,0.42857142857142855,0.4642857142857143,0.4722222222222222,0.4861111111111111,0.4825174825174825
