,TEAM_NAME,FG3M,FG3A,FG3_PCT,FTM,FTA,FT_PCT,OREB,DREB,REB,AST,STL,BLK,TO,PF,PTS,FG2M,FG2A,FG2_PCT,OUTCOME,DEFICIT_FGM,DEFICIT_FGA,DEFICIT_FG3M,DEFICIT_FG3A,DEFICIT_FTM,DEFICIT_FTA,DEFICIT_OREB,DEFICIT_DREB,DEFICIT_REB,DEFICIT_AST,DEFICIT_STL,DEFICIT_BLK,DEFICIT_TO,DEFICIT_PF,DEFICIT_FG2M,DEFICIT_FG2A
0,Jazz,4,23,0.174,24,28,0.857,14,41,55,17,11,10,12,23,88,26,61,0.426229508197,1,0.555555555556,0.53164556962,0.444444444444,0.469387755102,0.571428571429,0.5,0.583333333333,0.546666666667,0.555555555556,0.607142857143,0.578947368421,0.666666666667,0.428571428571,0.53488372093,0.577777777778,0.559633027523
1,76ers,5,26,0.192,18,28,0.643,10,34,44,11,8,5,16,20,71,19,48,0.395833333333,0,0.444444444444,0.46835443038,0.555555555556,0.530612244898,0.428571428571,0.5,0.416666666667,0.453333333333,0.444444444444,0.392857142857,0.421052631579,0.333333333333,0.571428571429,0.46511627907,0.422222222222,0.440366972477
