,TEAM_NAME,FG3M,FG3A,FG3_PCT,FTM,FTA,FT_PCT,OREB,DREB,REB,AST,STL,BLK,TO,PF,PTS,FG2M,FG2A,FG2_PCT,OUTCOME,DEFICIT_FGM,DEFICIT_FGA,DEFICIT_FG3M,DEFICIT_FG3A,DEFICIT_FTM,DEFICIT_FTA,DEFICIT_OREB,DEFICIT_DREB,DEFICIT_REB,DEFICIT_AST,DEFICIT_STL,DEFICIT_BLK,DEFICIT_TO,DEFICIT_PF,DEFICIT_FG2M,DEFICIT_FG2A
0,Wizards,5,13,0.385,6,10,0.6,9,39,48,28,11,4,18,24,101,40,77,0.519480519481,1,0.584415584416,0.532544378698,0.454545454545,0.351351351351,0.25,0.294117647059,0.529411764706,0.582089552239,0.571428571429,0.622222222222,0.52380952381,0.666666666667,0.5,0.615384615385,0.606060606061,0.583333333333
1,Celtics,6,24,0.25,18,24,0.75,8,28,36,17,10,2,18,15,88,26,55,0.472727272727,0,0.415584415584,0.467455621302,0.545454545455,0.648648648649,0.75,0.705882352941,0.470588235294,0.417910447761,0.428571428571,0.377777777778,0.47619047619,0.333333333333,0.5,0.384615384615,0.393939393939,0.416666666667
