,TEAM_NAME,FG3M,FG3A,FG3_PCT,FTM,FTA,FT_PCT,OREB,DREB,REB,AST,STL,BLK,TO,PF,PTS,FG2M,FG2A,FG2_PCT,OUTCOME,DEFICIT_FGM,DEFICIT_FGA,DEFICIT_FG3M,DEFICIT_FG3A,DEFICIT_FTM,DEFICIT_FTA,DEFICIT_OREB,DEFICIT_DREB,DEFICIT_REB,DEFICIT_AST,DEFICIT_STL,DEFICIT_BLK,DEFICIT_TO,DEFICIT_PF,DEFICIT_FG2M,DEFICIT_FG2A
0,Magic,8,20,0.4,18,24,0.75,5,35,40,22,6,4,6,18,102,30,63,0.47619047619,1,0.513513513514,0.491124260355,0.5,0.454545454545,0.5625,0.571428571429,0.357142857143,0.522388059701,0.493827160494,0.55,0.75,0.333333333333,0.375,0.486486486486,0.51724137931,0.504
1,Hornets,8,24,0.333,14,18,0.778,9,32,41,18,2,8,10,19,94,28,62,0.451612903226,0,0.486486486486,0.508875739645,0.5,0.545454545455,0.4375,0.428571428571,0.642857142857,0.477611940299,0.506172839506,0.45,0.25,0.666666666667,0.625,0.513513513514,0.48275862069,0.496
