,TEAM_NAME,FG3M,FG3A,FG3_PCT,FTM,FTA,FT_PCT,OREB,DREB,REB,AST,STL,BLK,TO,PF,PTS,FG2M,FG2A,FG2_PCT,OUTCOME,DEFICIT_FGM,DEFICIT_FGA,DEFICIT_FG3M,DEFICIT_FG3A,DEFICIT_FTM,DEFICIT_FTA,DEFICIT_OREB,DEFICIT_DREB,DEFICIT_REB,DEFICIT_AST,DEFICIT_STL,DEFICIT_BLK,DEFICIT_TO,DEFICIT_PF,DEFICIT_FG2M,DEFICIT_FG2A
0,Spurs,4,20,0.2,18,24,0.75,11,33,44,19,10,7,13,27,94,32,65,0.492307692308,0,0.521739130435,0.497076023392,0.444444444444,0.454545454545,0.409090909091,0.452830188679,0.458333333333,0.478260869565,0.47311827957,0.527777777778,0.555555555556,0.7,0.5,0.574468085106,0.533333333333,0.511811023622
1,Heat,5,24,0.208,26,29,0.897,13,36,49,17,8,3,13,20,97,28,62,0.451612903226,1,0.478260869565,0.502923976608,0.555555555556,0.545454545455,0.590909090909,0.547169811321,0.541666666667,0.521739130435,0.52688172043,0.472222222222,0.444444444444,0.3,0.5,0.425531914894,0.466666666667,0.488188976378
