,TEAM_NAME,FG3M,FG3A,FG3_PCT,FTM,FTA,FT_PCT,OREB,DREB,REB,AST,STL,BLK,TO,PF,PTS,FG2M,FG2A,FG2_PCT,OUTCOME,DEFICIT_FGM,DEFICIT_FGA,DEFICIT_FG3M,DEFICIT_FG3A,DEFICIT_FTM,DEFICIT_FTA,DEFICIT_OREB,DEFICIT_DREB,DEFICIT_REB,DEFICIT_AST,DEFICIT_STL,DEFICIT_BLK,DEFICIT_TO,DEFICIT_PF,DEFICIT_FG2M,DEFICIT_FG2A
0,Jazz,5,22,0.227,28,41,0.683,9,38,47,13,9,4,14,23,81,19,55,0.34545454545454546,0,0.4444444444444444,0.4967741935483871,0.38461538461538464,0.44,0.5833333333333334,0.6119402985074627,0.6,0.4634146341463415,0.4845360824742268,0.41935483870967744,0.5294117647058824,0.3333333333333333,0.5,0.46,0.4634146341463415,0.5238095238095238
1,Trail Blazers,8,28,0.286,20,26,0.769,6,44,50,18,8,8,14,27,88,22,50,0.44,1,0.5555555555555556,0.5032258064516129,0.6153846153846154,0.56,0.4166666666666667,0.3880597014925373,0.4,0.5365853658536586,0.5154639175257731,0.5806451612903226,0.47058823529411764,0.6666666666666666,0.5,0.54,0.5365853658536586,0.47619047619047616
