,TEAM_NAME,FG3M,FG3A,FG3_PCT,FTM,FTA,FT_PCT,OREB,DREB,REB,AST,STL,BLK,TO,PF,PTS,FG2M,FG2A,FG2_PCT,OUTCOME,DEFICIT_FGM,DEFICIT_FGA,DEFICIT_FG3M,DEFICIT_FG3A,DEFICIT_FTM,DEFICIT_FTA,DEFICIT_OREB,DEFICIT_DREB,DEFICIT_REB,DEFICIT_AST,DEFICIT_STL,DEFICIT_BLK,DEFICIT_TO,DEFICIT_PF,DEFICIT_FG2M,DEFICIT_FG2A
0,76ers,8,39,0.205,22,37,0.595,15,33,48,12,12,6,20,27,88,21,42,0.5,0,0.460317460317,0.50625,0.615384615385,0.709090909091,0.511627906977,0.569230769231,0.681818181818,0.458333333333,0.510638297872,0.352941176471,0.571428571429,0.461538461538,0.46511627907,0.5,0.42,0.4
1,Knicks,5,16,0.313,21,28,0.75,7,39,46,22,9,7,23,27,94,29,63,0.460317460317,1,0.539682539683,0.49375,0.384615384615,0.290909090909,0.488372093023,0.430769230769,0.318181818182,0.541666666667,0.489361702128,0.647058823529,0.428571428571,0.538461538462,0.53488372093,0.5,0.58,0.6
