,TEAM_NAME,FG3M,FG3A,FG3_PCT,FTM,FTA,FT_PCT,OREB,DREB,REB,AST,STL,BLK,TO,PF,PTS,FG2M,FG2A,FG2_PCT,OUTCOME,DEFICIT_FGM,DEFICIT_FGA,DEFICIT_FG3M,DEFICIT_FG3A,DEFICIT_FTM,DEFICIT_FTA,DEFICIT_OREB,DEFICIT_DREB,DEFICIT_REB,DEFICIT_AST,DEFICIT_STL,DEFICIT_BLK,DEFICIT_TO,DEFICIT_PF,DEFICIT_FG2M,DEFICIT_FG2A
0,Magic,7,27,0.259,25,28,0.893,7,26,33,17,8,4,13,19,86,20,51,0.392156862745,0,0.397058823529,0.5,0.411764705882,0.490909090909,0.54347826087,0.509090909091,0.411764705882,0.40625,0.407407407407,0.377777777778,0.5,0.666666666667,0.464285714286,0.487179487179,0.392156862745,0.50495049505
1,Hawks,10,28,0.357,21,27,0.778,10,38,48,28,8,2,15,20,113,31,50,0.62,1,0.602941176471,0.5,0.588235294118,0.509090909091,0.45652173913,0.490909090909,0.588235294118,0.59375,0.592592592593,0.622222222222,0.5,0.333333333333,0.535714285714,0.512820512821,0.607843137255,0.49504950495
