,TEAM_NAME,FG3M,FG3A,FG3_PCT,FTM,FTA,FT_PCT,OREB,DREB,REB,AST,STL,BLK,TO,PF,PTS,FG2M,FG2A,FG2_PCT,OUTCOME,DEFICIT_FGM,DEFICIT_FGA,DEFICIT_FG3M,DEFICIT_FG3A,DEFICIT_FTM,DEFICIT_FTA,DEFICIT_OREB,DEFICIT_DREB,DEFICIT_REB,DEFICIT_AST,DEFICIT_STL,DEFICIT_BLK,DEFICIT_TO,DEFICIT_PF,DEFICIT_FG2M,DEFICIT_FG2A
0,76ers,6,23,0.261,26,31,0.839,6,27,33,20,10,1,15,21,102,29,61,0.475409836066,0,0.421686746988,0.506024096386,0.333333333333,0.511111111111,0.604651162791,0.574074074074,0.375,0.409090909091,0.40243902439,0.416666666667,0.625,0.166666666667,0.416666666667,0.466666666667,0.446153846154,0.504132231405
1,Heat,12,22,0.545,17,23,0.739,10,39,49,28,6,5,21,24,125,36,60,0.6,1,0.578313253012,0.493975903614,0.666666666667,0.488888888889,0.395348837209,0.425925925926,0.625,0.590909090909,0.59756097561,0.583333333333,0.375,0.833333333333,0.583333333333,0.533333333333,0.553846153846,0.495867768595
