,TEAM_NAME,FG3M,FG3A,FG3_PCT,FTM,FTA,FT_PCT,OREB,DREB,REB,AST,STL,BLK,TO,PF,PTS,FG2M,FG2A,FG2_PCT,OUTCOME,DEFICIT_FGM,DEFICIT_FGA,DEFICIT_FG3M,DEFICIT_FG3A,DEFICIT_FTM,DEFICIT_FTA,DEFICIT_OREB,DEFICIT_DREB,DEFICIT_REB,DEFICIT_AST,DEFICIT_STL,DEFICIT_BLK,DEFICIT_TO,DEFICIT_PF,DEFICIT_FG2M,DEFICIT_FG2A
0,Jazz,9,29,0.31,15,18,0.833,12,37,49,18,5,4,13,26,92,25,56,0.446428571429,0,0.5,0.53125,0.45,0.56862745098,0.483870967742,0.352941176471,0.631578947368,0.513888888889,0.538461538462,0.486486486486,0.416666666667,0.8,0.565217391304,0.590909090909,0.520833333333,0.51376146789
1,Pistons,11,22,0.5,16,33,0.485,7,35,42,19,7,1,10,18,95,23,53,0.433962264151,1,0.5,0.46875,0.55,0.43137254902,0.516129032258,0.647058823529,0.368421052632,0.486111111111,0.461538461538,0.513513513514,0.583333333333,0.2,0.434782608696,0.409090909091,0.479166666667,0.48623853211
