,TEAM_NAME,FG3M,FG3A,FG3_PCT,FTM,FTA,FT_PCT,OREB,DREB,REB,AST,STL,BLK,TO,PF,PTS,FG2M,FG2A,FG2_PCT,OUTCOME,DEFICIT_FGM,DEFICIT_FGA,DEFICIT_FG3M,DEFICIT_FG3A,DEFICIT_FTM,DEFICIT_FTA,DEFICIT_OREB,DEFICIT_DREB,DEFICIT_REB,DEFICIT_AST,DEFICIT_STL,DEFICIT_BLK,DEFICIT_TO,DEFICIT_PF,DEFICIT_FG2M,DEFICIT_FG2A
0,Wizards,7,24,0.292,20,30,0.667,5,34,39,24,5,3,20,19,91,25,51,0.490196078431,0,0.421052631579,0.454545454545,0.4375,0.521739130435,0.512820512821,0.566037735849,0.416666666667,0.485714285714,0.475609756098,0.436363636364,0.294117647059,0.75,0.666666666667,0.452380952381,0.416666666667,0.428571428571
1,Celtics,9,22,0.409,19,23,0.826,7,36,43,31,12,1,10,23,116,35,68,0.514705882353,1,0.578947368421,0.545454545455,0.5625,0.478260869565,0.487179487179,0.433962264151,0.583333333333,0.514285714286,0.524390243902,0.563636363636,0.705882352941,0.25,0.333333333333,0.547619047619,0.583333333333,0.571428571429
