,TEAM_NAME,FG3M,FG3A,FG3_PCT,FTM,FTA,FT_PCT,OREB,DREB,REB,AST,STL,BLK,TO,PF,PTS,FG2M,FG2A,FG2_PCT,OUTCOME,DEFICIT_FGM,DEFICIT_FGA,DEFICIT_FG3M,DEFICIT_FG3A,DEFICIT_FTM,DEFICIT_FTA,DEFICIT_OREB,DEFICIT_DREB,DEFICIT_REB,DEFICIT_AST,DEFICIT_STL,DEFICIT_BLK,DEFICIT_TO,DEFICIT_PF,DEFICIT_FG2M,DEFICIT_FG2A
0,Timberwolves,4,16,0.25,21,23,0.913,8,30,38,28,10,2,10,24,107,37,68,0.544117647059,0,0.476744186047,0.485549132948,0.266666666667,0.340425531915,0.617647058824,0.53488372093,0.4,0.491803278689,0.469135802469,0.48275862069,0.588235294118,0.4,0.4,0.571428571429,0.521126760563,0.539682539683
1,Cavaliers,11,31,0.355,13,20,0.65,12,31,43,30,7,3,15,18,114,34,58,0.586206896552,1,0.523255813953,0.514450867052,0.733333333333,0.659574468085,0.382352941176,0.46511627907,0.6,0.508196721311,0.530864197531,0.51724137931,0.411764705882,0.6,0.6,0.428571428571,0.478873239437,0.460317460317
