,TEAM_NAME,FG3M,FG3A,FG3_PCT,FTM,FTA,FT_PCT,OREB,DREB,REB,AST,STL,BLK,TO,PF,PTS,FG2M,FG2A,FG2_PCT,OUTCOME,DEFICIT_FGM,DEFICIT_FGA,DEFICIT_FG3M,DEFICIT_FG3A,DEFICIT_FTM,DEFICIT_FTA,DEFICIT_OREB,DEFICIT_DREB,DEFICIT_REB,DEFICIT_AST,DEFICIT_STL,DEFICIT_BLK,DEFICIT_TO,DEFICIT_PF,DEFICIT_FG2M,DEFICIT_FG2A
0,Magic,11,24,0.458,18,30,0.6,11,30,41,26,10,5,14,24,115,32,53,0.603773584906,1,0.530864197531,0.49358974359,0.52380952381,0.452830188679,0.418604651163,0.46875,0.458333333333,0.51724137931,0.5,0.541666666667,0.588235294118,1.0,0.518518518519,0.510638297872,0.533333333333,0.514563106796
1,Nets,10,29,0.345,25,34,0.735,13,28,41,22,7,0,13,23,111,28,50,0.56,0,0.469135802469,0.50641025641,0.47619047619,0.547169811321,0.581395348837,0.53125,0.541666666667,0.48275862069,0.5,0.458333333333,0.411764705882,0.0,0.481481481481,0.489361702128,0.466666666667,0.485436893204
