,TEAM_NAME,FG3M,FG3A,FG3_PCT,FTM,FTA,FT_PCT,OREB,DREB,REB,AST,STL,BLK,TO,PF,PTS,FG2M,FG2A,FG2_PCT,OUTCOME,DEFICIT_FGM,DEFICIT_FGA,DEFICIT_FG3M,DEFICIT_FG3A,DEFICIT_FTM,DEFICIT_FTA,DEFICIT_OREB,DEFICIT_DREB,DEFICIT_REB,DEFICIT_AST,DEFICIT_STL,DEFICIT_BLK,DEFICIT_TO,DEFICIT_PF,DEFICIT_FG2M,DEFICIT_FG2A
0,Pistons,9,28,0.321,23,32,0.719,21,25,46,19,10,2,15,12,100,25,68,0.367647058824,0,0.390804597701,0.507936507937,0.45,0.518518518519,0.821428571429,0.780487804878,0.617647058824,0.423728813559,0.494623655914,0.316666666667,0.555555555556,0.25,0.5,0.333333333333,0.373134328358,0.503703703704
1,Cavaliers,11,26,0.423,5,9,0.556,13,34,47,41,8,6,15,24,122,42,67,0.626865671642,1,0.609195402299,0.492063492063,0.55,0.481481481481,0.178571428571,0.219512195122,0.382352941176,0.576271186441,0.505376344086,0.683333333333,0.444444444444,0.75,0.5,0.666666666667,0.626865671642,0.496296296296
