,TEAM_NAME,FG3M,FG3A,FG3_PCT,FTM,FTA,FT_PCT,OREB,DREB,REB,AST,STL,BLK,TO,PF,PTS,FG2M,FG2A,FG2_PCT,OUTCOME,DEFICIT_FGM,DEFICIT_FGA,DEFICIT_FG3M,DEFICIT_FG3A,DEFICIT_FTM,DEFICIT_FTA,DEFICIT_OREB,DEFICIT_DREB,DEFICIT_REB,DEFICIT_AST,DEFICIT_STL,DEFICIT_BLK,DEFICIT_TO,DEFICIT_PF,DEFICIT_FG2M,DEFICIT_FG2A
0,Heat,15,25,0.6,11,12,0.917,6,21,27,24,11,2,15,17,102,23,48,0.479166666667,0,0.469135802469,0.483443708609,0.681818181818,0.555555555556,0.44,0.363636363636,0.333333333333,0.42,0.397058823529,0.510638297872,0.52380952381,0.25,0.51724137931,0.472222222222,0.389830508475,0.452830188679
1,Grizzlies,7,20,0.35,14,21,0.667,12,29,41,23,10,6,14,19,107,36,58,0.620689655172,1,0.530864197531,0.516556291391,0.318181818182,0.444444444444,0.56,0.636363636364,0.666666666667,0.58,0.602941176471,0.489361702128,0.47619047619,0.75,0.48275862069,0.527777777778,0.610169491525,0.547169811321
