,TEAM_NAME,FG3M,FG3A,FG3_PCT,FTM,FTA,FT_PCT,OREB,DREB,REB,AST,STL,BLK,TO,PF,PTS,FG2M,FG2A,FG2_PCT,OUTCOME,DEFICIT_FGM,DEFICIT_FGA,DEFICIT_FG3M,DEFICIT_FG3A,DEFICIT_FTM,DEFICIT_FTA,DEFICIT_OREB,DEFICIT_DREB,DEFICIT_REB,DEFICIT_AST,DEFICIT_STL,DEFICIT_BLK,DEFICIT_TO,DEFICIT_PF,DEFICIT_FG2M,DEFICIT_FG2A
0,Wizards,13,33,0.394,17,24,0.708,10,30,40,27,9,1,21,18,106,25,50,0.5,0,0.4634146341463415,0.50920245398773,0.40625,0.559322033898305,0.5151515151515151,0.5106382978723404,0.5882352941176471,0.46875,0.49382716049382713,0.5192307692307693,0.45,1.0,0.5121951219512195,0.5,0.5,0.4807692307692308
1,Pacers,19,26,0.731,16,23,0.696,7,34,41,25,11,0,20,18,123,25,54,0.46296296296296297,1,0.5365853658536586,0.49079754601226994,0.59375,0.4406779661016949,0.48484848484848486,0.48936170212765956,0.4117647058823529,0.53125,0.5061728395061729,0.4807692307692308,0.55,0.0,0.4878048780487805,0.5,0.5,0.5192307692307693
