,TEAM_NAME,FG3M,FG3A,FG3_PCT,FTM,FTA,FT_PCT,OREB,DREB,REB,AST,STL,BLK,TO,PF,PTS,FG2M,FG2A,FG2_PCT,OUTCOME,DEFICIT_FGM,DEFICIT_FGA,DEFICIT_FG3M,DEFICIT_FG3A,DEFICIT_FTM,DEFICIT_FTA,DEFICIT_OREB,DEFICIT_DREB,DEFICIT_REB,DEFICIT_AST,DEFICIT_STL,DEFICIT_BLK,DEFICIT_TO,DEFICIT_PF,DEFICIT_FG2M,DEFICIT_FG2A
0,Grizzlies,7,21,0.333,29,37,0.784,5,37,42,20,12,4,9,24,110,30,65,0.461538461538,1,0.55223880597,0.527607361963,0.388888888889,0.381818181818,0.537037037037,0.569230769231,0.555555555556,0.456790123457,0.466666666667,0.47619047619,0.75,0.4,0.321428571429,0.489795918367,0.612244897959,0.601851851852
1,Mavericks,11,34,0.324,25,28,0.893,4,44,48,22,4,6,19,25,96,19,43,0.441860465116,0,0.44776119403,0.472392638037,0.611111111111,0.618181818182,0.462962962963,0.430769230769,0.444444444444,0.543209876543,0.533333333333,0.52380952381,0.25,0.6,0.678571428571,0.510204081633,0.387755102041,0.398148148148
