,TEAM_NAME,FG3M,FG3A,FG3_PCT,FTM,FTA,FT_PCT,OREB,DREB,REB,AST,STL,BLK,TO,PF,PTS,FG2M,FG2A,FG2_PCT,OUTCOME,DEFICIT_FGM,DEFICIT_FGA,DEFICIT_FG3M,DEFICIT_FG3A,DEFICIT_FTM,DEFICIT_FTA,DEFICIT_OREB,DEFICIT_DREB,DEFICIT_REB,DEFICIT_AST,DEFICIT_STL,DEFICIT_BLK,DEFICIT_TO,DEFICIT_PF,DEFICIT_FG2M,DEFICIT_FG2A
0,Wizards,13,33,0.394,17,24,0.708,10,30,40,27,9,1,21,18,106,25,50,0.5,0,0.463414634146,0.509202453988,0.40625,0.559322033898,0.515151515152,0.510638297872,0.588235294118,0.46875,0.493827160494,0.519230769231,0.45,1.0,0.512195121951,0.5,0.5,0.480769230769
1,Pacers,19,26,0.731,16,23,0.696,7,34,41,25,11,0,20,18,123,25,54,0.462962962963,1,0.536585365854,0.490797546012,0.59375,0.440677966102,0.484848484848,0.489361702128,0.411764705882,0.53125,0.506172839506,0.480769230769,0.55,0.0,0.487804878049,0.5,0.5,0.519230769231
