,TEAM_NAME,FG3M,FG3A,FG3_PCT,FTM,FTA,FT_PCT,OREB,DREB,REB,AST,STL,BLK,TO,PF,PTS,FG2M,FG2A,FG2_PCT,OUTCOME,DEFICIT_FGM,DEFICIT_FGA,DEFICIT_FG3M,DEFICIT_FG3A,DEFICIT_FTM,DEFICIT_FTA,DEFICIT_OREB,DEFICIT_DREB,DEFICIT_REB,DEFICIT_AST,DEFICIT_STL,DEFICIT_BLK,DEFICIT_TO,DEFICIT_PF,DEFICIT_FG2M,DEFICIT_FG2A
0,Grizzlies,12,32,0.375,16,18,0.889,9,34,43,22,8,3,8,19,110,29,56,0.517857142857,1,0.525641025641,0.508670520231,0.545454545455,0.561403508772,0.551724137931,0.545454545455,0.428571428571,0.523076923077,0.5,0.536585365854,0.615384615385,0.3,0.4,0.513513513514,0.517857142857,0.48275862069
1,Pacers,10,25,0.4,13,15,0.867,12,31,43,19,5,7,12,18,97,27,60,0.45,0,0.474358974359,0.491329479769,0.454545454545,0.438596491228,0.448275862069,0.454545454545,0.571428571429,0.476923076923,0.5,0.463414634146,0.384615384615,0.7,0.6,0.486486486486,0.482142857143,0.51724137931
