,TEAM_NAME,FG3M,FG3A,FG3_PCT,FTM,FTA,FT_PCT,OREB,DREB,REB,AST,STL,BLK,TO,PF,PTS,FG2M,FG2A,FG2_PCT,OUTCOME,DEFICIT_FGM,DEFICIT_FGA,DEFICIT_FG3M,DEFICIT_FG3A,DEFICIT_FTM,DEFICIT_FTA,DEFICIT_OREB,DEFICIT_DREB,DEFICIT_REB,DEFICIT_AST,DEFICIT_STL,DEFICIT_BLK,DEFICIT_TO,DEFICIT_PF,DEFICIT_FG2M,DEFICIT_FG2A
0,Knicks,5,25,0.2,17,21,0.81,17,35,52,19,2,6,14,16,88,28,64,0.4375,0,0.452054794521,0.514450867052,0.294117647059,0.5,0.566666666667,0.552631578947,0.68,0.522388059701,0.565217391304,0.513513513514,0.153846153846,0.461538461538,0.583333333333,0.410256410256,0.5,0.520325203252
1,Heat,12,25,0.48,13,17,0.765,8,32,40,18,11,7,10,23,105,28,59,0.474576271186,1,0.547945205479,0.485549132948,0.705882352941,0.5,0.433333333333,0.447368421053,0.32,0.477611940299,0.434782608696,0.486486486486,0.846153846154,0.538461538462,0.416666666667,0.589743589744,0.5,0.479674796748
