,TEAM_NAME,FG3M,FG3A,FG3_PCT,FTM,FTA,FT_PCT,OREB,DREB,REB,AST,STL,BLK,TO,PF,PTS,FG2M,FG2A,FG2_PCT,OUTCOME,DEFICIT_FGM,DEFICIT_FGA,DEFICIT_FG3M,DEFICIT_FG3A,DEFICIT_FTM,DEFICIT_FTA,DEFICIT_OREB,DEFICIT_DREB,DEFICIT_REB,DEFICIT_AST,DEFICIT_STL,DEFICIT_BLK,DEFICIT_TO,DEFICIT_PF,DEFICIT_FG2M,DEFICIT_FG2A
0,76ers,11,39,0.282,9,11,0.818,13,27,40,30,7,3,14,19,92,25,48,0.520833333333,0,0.514285714286,0.520958083832,0.55,0.684210526316,0.290322580645,0.297297297297,0.464285714286,0.457627118644,0.459770114943,0.612244897959,0.5,0.5,0.451612903226,0.558823529412,0.5,0.436363636364
1,Hawks,9,18,0.5,22,26,0.846,15,32,47,19,7,3,17,15,99,25,62,0.403225806452,1,0.485714285714,0.479041916168,0.45,0.315789473684,0.709677419355,0.702702702703,0.535714285714,0.542372881356,0.540229885057,0.387755102041,0.5,0.5,0.548387096774,0.441176470588,0.5,0.563636363636
