,TEAM_NAME,FG3M,FG3A,FG3_PCT,FTM,FTA,FT_PCT,OREB,DREB,REB,AST,STL,BLK,TO,PF,PTS,FG2M,FG2A,FG2_PCT,OUTCOME,DEFICIT_FGM,DEFICIT_FGA,DEFICIT_FG3M,DEFICIT_FG3A,DEFICIT_FTM,DEFICIT_FTA,DEFICIT_OREB,DEFICIT_DREB,DEFICIT_REB,DEFICIT_AST,DEFICIT_STL,DEFICIT_BLK,DEFICIT_TO,DEFICIT_PF,DEFICIT_FG2M,DEFICIT_FG2A
0,Wizards,3,10,0.3,11,16,0.688,9,31,40,31,5,8,11,16,98,39,74,0.527027027027,1,0.53164556962,0.518518518519,0.3,0.37037037037,0.478260869565,0.470588235294,0.5,0.5,0.5,0.688888888889,0.5,0.8,0.423076923077,0.432432432432,0.565217391304,0.548148148148
1,Magic,7,17,0.412,12,18,0.667,9,31,40,14,5,2,15,21,93,30,61,0.491803278689,0,0.46835443038,0.481481481481,0.7,0.62962962963,0.521739130435,0.529411764706,0.5,0.5,0.5,0.311111111111,0.5,0.2,0.576923076923,0.567567567568,0.434782608696,0.451851851852
