,TEAM_NAME,FG3M,FG3A,FG3_PCT,FTM,FTA,FT_PCT,OREB,DREB,REB,AST,STL,BLK,TO,PF,PTS,FG2M,FG2A,FG2_PCT,OUTCOME,DEFICIT_FGM,DEFICIT_FGA,DEFICIT_FG3M,DEFICIT_FG3A,DEFICIT_FTM,DEFICIT_FTA,DEFICIT_OREB,DEFICIT_DREB,DEFICIT_REB,DEFICIT_AST,DEFICIT_STL,DEFICIT_BLK,DEFICIT_TO,DEFICIT_PF,DEFICIT_FG2M,DEFICIT_FG2A
0,Trail Blazers,11,26,0.423,20,27,0.741,13,34,47,26,6,3,14,16,97,22,52,0.423076923077,1,0.485294117647,0.467065868263,0.916666666667,0.577777777778,0.555555555556,0.613636363636,0.52,0.523076923077,0.522222222222,0.634146341463,0.461538461538,0.6,0.608695652174,0.4,0.392857142857,0.426229508197
1,Nets,1,19,0.053,16,17,0.941,12,31,43,15,7,2,9,24,87,34,70,0.485714285714,0,0.514705882353,0.532934131737,0.0833333333333,0.422222222222,0.444444444444,0.386363636364,0.48,0.476923076923,0.477777777778,0.365853658537,0.538461538462,0.4,0.391304347826,0.6,0.607142857143,0.573770491803
