,TEAM_NAME,FG3M,FG3A,FG3_PCT,FTM,FTA,FT_PCT,OREB,DREB,REB,AST,STL,BLK,TO,PF,PTS,FG2M,FG2A,FG2_PCT,OUTCOME,DEFICIT_FGM,DEFICIT_FGA,DEFICIT_FG3M,DEFICIT_FG3A,DEFICIT_FTM,DEFICIT_FTA,DEFICIT_OREB,DEFICIT_DREB,DEFICIT_REB,DEFICIT_AST,DEFICIT_STL,DEFICIT_BLK,DEFICIT_TO,DEFICIT_PF,DEFICIT_FG2M,DEFICIT_FG2A
0,Warriors,11,26,0.423,11,14,0.786,11,40,51,30,7,3,14,25,112,34,61,0.55737704918,1,0.584415584416,0.508771929825,0.611111111111,0.604651162791,0.407407407407,0.333333333333,0.52380952381,0.56338028169,0.554347826087,0.681818181818,0.583333333333,0.6,0.538461538462,0.657894736842,0.576271186441,0.4765625
1,Hornets,7,17,0.412,16,28,0.571,10,31,41,14,5,2,12,13,87,25,67,0.373134328358,0,0.415584415584,0.491228070175,0.388888888889,0.395348837209,0.592592592593,0.666666666667,0.47619047619,0.43661971831,0.445652173913,0.318181818182,0.416666666667,0.4,0.461538461538,0.342105263158,0.423728813559,0.5234375
