,TEAM_NAME,FG3M,FG3A,FG3_PCT,FTM,FTA,FT_PCT,OREB,DREB,REB,AST,STL,BLK,TO,PF,PTS,FG2M,FG2A,FG2_PCT,OUTCOME,DEFICIT_FGM,DEFICIT_FGA,DEFICIT_FG3M,DEFICIT_FG3A,DEFICIT_FTM,DEFICIT_FTA,DEFICIT_OREB,DEFICIT_DREB,DEFICIT_REB,DEFICIT_AST,DEFICIT_STL,DEFICIT_BLK,DEFICIT_TO,DEFICIT_PF,DEFICIT_FG2M,DEFICIT_FG2A
0,Grizzlies,4,15,0.267,27,33,0.818,18,35,53,18,5,4,8,18,95,28,71,0.394366197183,1,0.484848484848,0.511904761905,0.285714285714,0.365853658537,0.72972972973,0.66,0.666666666667,0.507246376812,0.552083333333,0.545454545455,0.555555555556,0.4,0.470588235294,0.45,0.538461538462,0.55905511811
1,Pistons,10,26,0.385,10,17,0.588,9,34,43,15,4,6,9,22,88,24,56,0.428571428571,0,0.515151515152,0.488095238095,0.714285714286,0.634146341463,0.27027027027,0.34,0.333333333333,0.492753623188,0.447916666667,0.454545454545,0.444444444444,0.6,0.529411764706,0.55,0.461538461538,0.44094488189
