,TEAM_NAME,FG3M,FG3A,FG3_PCT,FTM,FTA,FT_PCT,OREB,DREB,REB,AST,STL,BLK,TO,PF,PTS,FG2M,FG2A,FG2_PCT,OUTCOME,DEFICIT_FGM,DEFICIT_FGA,DEFICIT_FG3M,DEFICIT_FG3A,DEFICIT_FTM,DEFICIT_FTA,DEFICIT_OREB,DEFICIT_DREB,DEFICIT_REB,DEFICIT_AST,DEFICIT_STL,DEFICIT_BLK,DEFICIT_TO,DEFICIT_PF,DEFICIT_FG2M,DEFICIT_FG2A
0,Grizzlies,4,15,0.267,27,33,0.818,18,35,53,18,5,4,8,18,95,28,71,0.39436619718309857,1,0.48484848484848486,0.5119047619047619,0.2857142857142857,0.36585365853658536,0.7297297297297297,0.66,0.6666666666666666,0.5072463768115942,0.5520833333333334,0.5454545454545454,0.5555555555555556,0.4,0.47058823529411764,0.45,0.5384615384615384,0.5590551181102362
1,Pistons,10,26,0.385,10,17,0.588,9,34,43,15,4,6,9,22,88,24,56,0.42857142857142855,0,0.5151515151515151,0.4880952380952381,0.7142857142857143,0.6341463414634146,0.2702702702702703,0.34,0.3333333333333333,0.4927536231884058,0.4479166666666667,0.45454545454545453,0.4444444444444444,0.6,0.5294117647058824,0.55,0.46153846153846156,0.4409448818897638
