,TEAM_NAME,FG3M,FG3A,FG3_PCT,FTM,FTA,FT_PCT,OREB,DREB,REB,AST,STL,BLK,TO,PF,PTS,FG2M,FG2A,FG2_PCT,OUTCOME,DEFICIT_FGM,DEFICIT_FGA,DEFICIT_FG3M,DEFICIT_FG3A,DEFICIT_FTM,DEFICIT_FTA,DEFICIT_OREB,DEFICIT_DREB,DEFICIT_REB,DEFICIT_AST,DEFICIT_STL,DEFICIT_BLK,DEFICIT_TO,DEFICIT_PF,DEFICIT_FG2M,DEFICIT_FG2A
0,Spurs,7,24,0.292,16,18,0.889,7,31,38,24,6,8,14,25,91,27,56,0.48214285714285715,0,0.4788732394366197,0.4819277108433735,1.0,0.6666666666666666,0.4444444444444444,0.42857142857142855,0.4666666666666667,0.47692307692307695,0.475,0.5581395348837209,0.5454545454545454,0.5714285714285714,0.6086956521739131,0.5813953488372093,0.421875,0.4307692307692308
1,Kings,0,12,0.0,20,24,0.833,8,34,42,19,5,6,9,18,94,37,74,0.5,1,0.5211267605633803,0.5180722891566265,0.0,0.3333333333333333,0.5555555555555556,0.5714285714285714,0.5333333333333333,0.5230769230769231,0.525,0.4418604651162791,0.45454545454545453,0.42857142857142855,0.391304347826087,0.4186046511627907,0.578125,0.5692307692307692
