,TEAM_NAME,FG3M,FG3A,FG3_PCT,FTM,FTA,FT_PCT,OREB,DREB,REB,AST,STL,BLK,TO,PF,PTS,FG2M,FG2A,FG2_PCT,OUTCOME,DEFICIT_FGM,DEFICIT_FGA,DEFICIT_FG3M,DEFICIT_FG3A,DEFICIT_FTM,DEFICIT_FTA,DEFICIT_OREB,DEFICIT_DREB,DEFICIT_REB,DEFICIT_AST,DEFICIT_STL,DEFICIT_BLK,DEFICIT_TO,DEFICIT_PF,DEFICIT_FG2M,DEFICIT_FG2A
0,Pacers,7,18,0.389,18,25,0.72,10,36,46,18,5,6,14,22,99,30,59,0.5084745762711864,1,0.5138888888888888,0.48125,0.6363636363636364,0.5142857142857142,0.5294117647058824,0.5208333333333334,0.5,0.6,0.575,0.5,0.45454545454545453,0.46153846153846156,0.5185185185185185,0.5365853658536586,0.4918032786885246,0.472
1,Bulls,4,17,0.235,16,23,0.696,10,24,34,18,6,7,13,19,90,31,66,0.4696969696969697,0,0.4861111111111111,0.51875,0.36363636363636365,0.4857142857142857,0.47058823529411764,0.4791666666666667,0.5,0.4,0.425,0.5,0.5454545454545454,0.5384615384615384,0.48148148148148145,0.4634146341463415,0.5081967213114754,0.528
