,TEAM_NAME,FG3M,FG3A,FG3_PCT,FTM,FTA,FT_PCT,OREB,DREB,REB,AST,STL,BLK,TO,PF,PTS,FG2M,FG2A,FG2_PCT,OUTCOME,DEFICIT_FGM,DEFICIT_FGA,DEFICIT_FG3M,DEFICIT_FG3A,DEFICIT_FTM,DEFICIT_FTA,DEFICIT_OREB,DEFICIT_DREB,DEFICIT_REB,DEFICIT_AST,DEFICIT_STL,DEFICIT_BLK,DEFICIT_TO,DEFICIT_PF,DEFICIT_FG2M,DEFICIT_FG2A
0,Pistons,10,27,0.37,6,7,0.857,7,35,42,21,5,8,14,19,92,28,61,0.459016393443,0,0.493506493506,0.514619883041,0.625,0.586956521739,0.24,0.225806451613,0.466666666667,0.472972972973,0.47191011236,0.45652173913,0.333333333333,0.727272727273,0.538461538462,0.59375,0.459016393443,0.488
1,Nuggets,6,19,0.316,19,24,0.792,8,39,47,25,10,3,12,13,103,33,64,0.515625,1,0.506493506494,0.485380116959,0.375,0.413043478261,0.76,0.774193548387,0.533333333333,0.527027027027,0.52808988764,0.54347826087,0.666666666667,0.272727272727,0.461538461538,0.40625,0.540983606557,0.512
