,TEAM_NAME,FG3M,FG3A,FG3_PCT,FTM,FTA,FT_PCT,OREB,DREB,REB,AST,STL,BLK,TO,PF,PTS,FG2M,FG2A,FG2_PCT,OUTCOME,DEFICIT_FGM,DEFICIT_FGA,DEFICIT_FG3M,DEFICIT_FG3A,DEFICIT_FTM,DEFICIT_FTA,DEFICIT_OREB,DEFICIT_DREB,DEFICIT_REB,DEFICIT_AST,DEFICIT_STL,DEFICIT_BLK,DEFICIT_TO,DEFICIT_PF,DEFICIT_FG2M,DEFICIT_FG2A
0,Kings,4,16,0.25,22,29,0.759,15,29,44,29,7,6,13,16,114,40,71,0.56338028169,1,0.511627906977,0.488764044944,0.210526315789,0.313725490196,0.666666666667,0.630434782609,0.454545454545,0.527272727273,0.5,0.5,0.4375,0.375,0.40625,0.432432432432,0.597014925373,0.55905511811
1,76ers,15,35,0.429,11,17,0.647,18,26,44,29,9,10,19,21,110,27,56,0.482142857143,0,0.488372093023,0.511235955056,0.789473684211,0.686274509804,0.333333333333,0.369565217391,0.545454545455,0.472727272727,0.5,0.5,0.5625,0.625,0.59375,0.567567567568,0.402985074627,0.44094488189
