,TEAM_NAME,FG3M,FG3A,FG3_PCT,FTM,FTA,FT_PCT,OREB,DREB,REB,AST,STL,BLK,TO,PF,PTS,FG2M,FG2A,FG2_PCT,OUTCOME,DEFICIT_FGM,DEFICIT_FGA,DEFICIT_FG3M,DEFICIT_FG3A,DEFICIT_FTM,DEFICIT_FTA,DEFICIT_OREB,DEFICIT_DREB,DEFICIT_REB,DEFICIT_AST,DEFICIT_STL,DEFICIT_BLK,DEFICIT_TO,DEFICIT_PF,DEFICIT_FG2M,DEFICIT_FG2A
0,Jazz,7,21,0.333,23,30,0.767,8,36,44,19,6,3,17,21,96,26,49,0.530612244898,0,0.458333333333,0.460526315789,0.466666666667,0.525,0.621621621622,0.588235294118,0.470588235294,0.537313432836,0.52380952381,0.452380952381,0.4,0.5,0.653846153846,0.5,0.456140350877,0.4375
1,Pelicans,8,19,0.421,14,21,0.667,9,31,40,23,9,3,9,21,100,31,63,0.492063492063,1,0.541666666667,0.539473684211,0.533333333333,0.475,0.378378378378,0.411764705882,0.529411764706,0.462686567164,0.47619047619,0.547619047619,0.6,0.5,0.346153846154,0.5,0.543859649123,0.5625
