,TEAM_NAME,FG3M,FG3A,FG3_PCT,FTM,FTA,FT_PCT,OREB,DREB,REB,AST,STL,BLK,TO,PF,PTS,FG2M,FG2A,FG2_PCT,OUTCOME,DEFICIT_FGM,DEFICIT_FGA,DEFICIT_FG3M,DEFICIT_FG3A,DEFICIT_FTM,DEFICIT_FTA,DEFICIT_OREB,DEFICIT_DREB,DEFICIT_REB,DEFICIT_AST,DEFICIT_STL,DEFICIT_BLK,DEFICIT_TO,DEFICIT_PF,DEFICIT_FG2M,DEFICIT_FG2A
0,Raptors,10,31,0.323,24,32,0.75,11,29,40,19,3,10,6,34,112,29,55,0.527272727273,0,0.527027027027,0.530864197531,0.714285714286,0.688888888889,0.358208955224,0.376470588235,0.478260869565,0.467741935484,0.470588235294,0.463414634146,0.375,0.625,0.461538461538,0.618181818182,0.483333333333,0.470085470085
1,Timberwolves,4,14,0.286,43,53,0.811,12,33,45,22,5,6,7,21,117,31,62,0.5,1,0.472972972973,0.469135802469,0.285714285714,0.311111111111,0.641791044776,0.623529411765,0.521739130435,0.532258064516,0.529411764706,0.536585365854,0.625,0.375,0.538461538462,0.381818181818,0.516666666667,0.529914529915
