,TEAM_NAME,FG3M,FG3A,FG3_PCT,FTM,FTA,FT_PCT,OREB,DREB,REB,AST,STL,BLK,TO,PF,PTS,FG2M,FG2A,FG2_PCT,OUTCOME,DEFICIT_FGM,DEFICIT_FGA,DEFICIT_FG3M,DEFICIT_FG3A,DEFICIT_FTM,DEFICIT_FTA,DEFICIT_OREB,DEFICIT_DREB,DEFICIT_REB,DEFICIT_AST,DEFICIT_STL,DEFICIT_BLK,DEFICIT_TO,DEFICIT_PF,DEFICIT_FG2M,DEFICIT_FG2A
0,Raptors,4,22,0.182,17,18,0.944,12,37,49,16,12,7,17,15,91,31,58,0.534482758621,1,0.530303030303,0.506329113924,0.444444444444,0.578947368421,0.708333333333,0.6,0.666666666667,0.528571428571,0.556818181818,0.470588235294,0.6,0.636363636364,0.485714285714,0.454545454545,0.543859649123,0.483333333333
1,Nets,5,16,0.313,7,12,0.583,6,33,39,18,8,4,18,18,74,26,62,0.41935483871,0,0.469696969697,0.493670886076,0.555555555556,0.421052631579,0.291666666667,0.4,0.333333333333,0.471428571429,0.443181818182,0.529411764706,0.4,0.363636363636,0.514285714286,0.545454545455,0.456140350877,0.516666666667
