,TEAM_NAME,FG3M,FG3A,FG3_PCT,FTM,FTA,FT_PCT,OREB,DREB,REB,AST,STL,BLK,TO,PF,PTS,FG2M,FG2A,FG2_PCT,OUTCOME,DEFICIT_FGM,DEFICIT_FGA,DEFICIT_FG3M,DEFICIT_FG3A,DEFICIT_FTM,DEFICIT_FTA,DEFICIT_OREB,DEFICIT_DREB,DEFICIT_REB,DEFICIT_AST,DEFICIT_STL,DEFICIT_BLK,DEFICIT_TO,DEFICIT_PF,DEFICIT_FG2M,DEFICIT_FG2A
0,Warriors,4,20,0.2,13,16,0.813,18,32,50,18,7,4,16,18,75,25,73,0.342465753425,0,0.439393939394,0.543859649123,0.444444444444,0.606060606061,0.52,0.457142857143,0.666666666667,0.450704225352,0.510204081633,0.45,0.4375,0.666666666667,0.516129032258,0.473684210526,0.438596491228,0.528985507246
1,Bobcats,5,13,0.385,12,19,0.632,9,39,48,22,9,2,15,20,91,32,65,0.492307692308,1,0.560606060606,0.456140350877,0.555555555556,0.393939393939,0.48,0.542857142857,0.333333333333,0.549295774648,0.489795918367,0.55,0.5625,0.333333333333,0.483870967742,0.526315789474,0.561403508772,0.471014492754
