,TEAM_NAME,FG3M,FG3A,FG3_PCT,FTM,FTA,FT_PCT,OREB,DREB,REB,AST,STL,BLK,TO,PF,PTS,FG2M,FG2A,FG2_PCT,OUTCOME,DEFICIT_FGM,DEFICIT_FGA,DEFICIT_FG3M,DEFICIT_FG3A,DEFICIT_FTM,DEFICIT_FTA,DEFICIT_OREB,DEFICIT_DREB,DEFICIT_REB,DEFICIT_AST,DEFICIT_STL,DEFICIT_BLK,DEFICIT_TO,DEFICIT_PF,DEFICIT_FG2M,DEFICIT_FG2A
0,Suns,8,28,0.286,22,29,0.759,11,36,47,12,8,5,21,23,92,23,52,0.442307692308,0,0.469696969697,0.506329113924,0.571428571429,0.608695652174,0.468085106383,0.483333333333,0.578947368421,0.5,0.516483516484,0.48,0.470588235294,0.454545454545,0.538461538462,0.5,0.442307692308,0.464285714286
1,Bulls,6,18,0.333,25,31,0.806,8,36,44,13,9,6,18,23,101,29,60,0.483333333333,1,0.530303030303,0.493670886076,0.428571428571,0.391304347826,0.531914893617,0.516666666667,0.421052631579,0.5,0.483516483516,0.52,0.529411764706,0.545454545455,0.461538461538,0.5,0.557692307692,0.535714285714
