,TEAM_NAME,FG3M,FG3A,FG3_PCT,FTM,FTA,FT_PCT,OREB,DREB,REB,AST,STL,BLK,TO,PF,PTS,FG2M,FG2A,FG2_PCT,OUTCOME,DEFICIT_FGM,DEFICIT_FGA,DEFICIT_FG3M,DEFICIT_FG3A,DEFICIT_FTM,DEFICIT_FTA,DEFICIT_OREB,DEFICIT_DREB,DEFICIT_REB,DEFICIT_AST,DEFICIT_STL,DEFICIT_BLK,DEFICIT_TO,DEFICIT_PF,DEFICIT_FG2M,DEFICIT_FG2A
0,Cavaliers,19,40,0.475,11,18,0.611,12,30,42,24,5,5,15,18,102,17,43,0.395348837209,0,0.473684210526,0.482558139535,0.703703703704,0.625,0.392857142857,0.461538461538,0.48,0.483870967742,0.48275862069,0.558139534884,0.384615384615,0.454545454545,0.555555555556,0.45,0.34693877551,0.398148148148
1,Bulls,8,24,0.333,17,21,0.81,13,32,45,19,8,6,12,22,105,32,65,0.492307692308,1,0.526315789474,0.517441860465,0.296296296296,0.375,0.607142857143,0.538461538462,0.52,0.516129032258,0.51724137931,0.441860465116,0.615384615385,0.545454545455,0.444444444444,0.55,0.65306122449,0.601851851852
