,TEAM_NAME,FG3M,FG3A,FG3_PCT,FTM,FTA,FT_PCT,OREB,DREB,REB,AST,STL,BLK,TO,PF,PTS,FG2M,FG2A,FG2_PCT,OUTCOME,DEFICIT_FGM,DEFICIT_FGA,DEFICIT_FG3M,DEFICIT_FG3A,DEFICIT_FTM,DEFICIT_FTA,DEFICIT_OREB,DEFICIT_DREB,DEFICIT_REB,DEFICIT_AST,DEFICIT_STL,DEFICIT_BLK,DEFICIT_TO,DEFICIT_PF,DEFICIT_FG2M,DEFICIT_FG2A
0,Trail Blazers,9,24,0.375,16,18,0.889,11,26,37,19,2,4,17,20,105,31,56,0.553571428571,0,0.493827160494,0.487804878049,0.642857142857,0.648648648649,0.457142857143,0.418604651163,0.458333333333,0.52,0.5,0.441860465116,0.2,0.363636363636,0.607142857143,0.526315789474,0.462686567164,0.44094488189
1,Timberwolves,5,13,0.385,19,25,0.76,13,24,37,24,8,7,11,18,106,36,71,0.507042253521,1,0.506172839506,0.512195121951,0.357142857143,0.351351351351,0.542857142857,0.581395348837,0.541666666667,0.48,0.5,0.558139534884,0.8,0.636363636364,0.392857142857,0.473684210526,0.537313432836,0.55905511811
