,TEAM_NAME,FG3M,FG3A,FG3_PCT,FTM,FTA,FT_PCT,OREB,DREB,REB,AST,STL,BLK,TO,PF,PTS,FG2M,FG2A,FG2_PCT,OUTCOME,DEFICIT_FGM,DEFICIT_FGA,DEFICIT_FG3M,DEFICIT_FG3A,DEFICIT_FTM,DEFICIT_FTA,DEFICIT_OREB,DEFICIT_DREB,DEFICIT_REB,DEFICIT_AST,DEFICIT_STL,DEFICIT_BLK,DEFICIT_TO,DEFICIT_PF,DEFICIT_FG2M,DEFICIT_FG2A
0,Spurs,10,19,0.526,19,25,0.76,8,34,42,16,4,11,9,20,111,31,57,0.543859649123,1,0.569444444444,0.490322580645,0.588235294118,0.487179487179,0.59375,0.595238095238,0.5,0.55737704918,0.545454545455,0.484848484848,0.363636363636,0.647058823529,0.529411764706,0.5,0.563636363636,0.491379310345
1,Grizzlies,7,20,0.35,13,17,0.765,8,27,35,17,7,6,8,20,82,24,59,0.406779661017,0,0.430555555556,0.509677419355,0.411764705882,0.512820512821,0.40625,0.404761904762,0.5,0.44262295082,0.454545454545,0.515151515152,0.636363636364,0.352941176471,0.470588235294,0.5,0.436363636364,0.508620689655
