,TEAM_NAME,FG3M,FG3A,FG3_PCT,FTM,FTA,FT_PCT,OREB,DREB,REB,AST,STL,BLK,TO,PF,PTS,FG2M,FG2A,FG2_PCT,OUTCOME,DEFICIT_FGM,DEFICIT_FGA,DEFICIT_FG3M,DEFICIT_FG3A,DEFICIT_FTM,DEFICIT_FTA,DEFICIT_OREB,DEFICIT_DREB,DEFICIT_REB,DEFICIT_AST,DEFICIT_STL,DEFICIT_BLK,DEFICIT_TO,DEFICIT_PF,DEFICIT_FG2M,DEFICIT_FG2A
0,Bucks,9,15,0.6,21,27,0.778,8,34,42,29,7,8,12,19,116,34,61,0.55737704918,1,0.565789473684,0.477987421384,0.473684210526,0.357142857143,0.512195121951,0.490909090909,0.363636363636,0.59649122807,0.53164556962,0.557692307692,0.4375,0.615384615385,0.521739130435,0.475,0.59649122807,0.521367521368
1,Bulls,10,27,0.37,20,28,0.714,14,23,37,23,9,5,11,21,96,23,56,0.410714285714,0,0.434210526316,0.522012578616,0.526315789474,0.642857142857,0.487804878049,0.509090909091,0.636363636364,0.40350877193,0.46835443038,0.442307692308,0.5625,0.384615384615,0.478260869565,0.525,0.40350877193,0.478632478632
