,TEAM_NAME,FG3M,FG3A,FG3_PCT,FTM,FTA,FT_PCT,OREB,DREB,REB,AST,STL,BLK,TO,PF,PTS,FG2M,FG2A,FG2_PCT,OUTCOME,DEFICIT_FGM,DEFICIT_FGA,DEFICIT_FG3M,DEFICIT_FG3A,DEFICIT_FTM,DEFICIT_FTA,DEFICIT_OREB,DEFICIT_DREB,DEFICIT_REB,DEFICIT_AST,DEFICIT_STL,DEFICIT_BLK,DEFICIT_TO,DEFICIT_PF,DEFICIT_FG2M,DEFICIT_FG2A
0,Kings,11,28,0.393,25,28,0.893,11,28,39,17,6,3,12,12,98,20,44,0.454545454545,0,0.413333333333,0.452830188679,0.392857142857,0.444444444444,0.78125,0.756756756757,0.478260869565,0.5,0.493670886076,0.404761904762,0.5,0.5,0.631578947368,0.375,0.425531914894,0.458333333333
1,Grizzlies,17,35,0.486,7,9,0.778,12,28,40,25,6,3,7,20,112,27,52,0.519230769231,1,0.586666666667,0.547169811321,0.607142857143,0.555555555556,0.21875,0.243243243243,0.521739130435,0.5,0.506329113924,0.595238095238,0.5,0.5,0.368421052632,0.625,0.574468085106,0.541666666667
