,TEAM_NAME,FG3M,FG3A,FG3_PCT,FTM,FTA,FT_PCT,OREB,DREB,REB,AST,STL,BLK,TO,PF,PTS,FG2M,FG2A,FG2_PCT,OUTCOME,DEFICIT_FGM,DEFICIT_FGA,DEFICIT_FG3M,DEFICIT_FG3A,DEFICIT_FTM,DEFICIT_FTA,DEFICIT_OREB,DEFICIT_DREB,DEFICIT_REB,DEFICIT_AST,DEFICIT_STL,DEFICIT_BLK,DEFICIT_TO,DEFICIT_PF,DEFICIT_FG2M,DEFICIT_FG2A
0,Cavaliers,14,31,0.452,21,25,0.84,8,27,35,17,6,1,6,17,121,29,54,0.537037037037,1,0.518072289157,0.521472392638,0.608695652174,0.563636363636,0.512195121951,0.520833333333,0.444444444444,0.482142857143,0.472972972973,0.414634146341,0.666666666667,0.125,0.352941176471,0.472222222222,0.483333333333,0.5
1,Hornets,9,24,0.375,20,23,0.87,10,29,39,24,3,7,11,19,109,31,54,0.574074074074,0,0.481927710843,0.478527607362,0.391304347826,0.436363636364,0.487804878049,0.479166666667,0.555555555556,0.517857142857,0.527027027027,0.585365853659,0.333333333333,0.875,0.647058823529,0.527777777778,0.516666666667,0.5
