,TEAM_NAME,FG3M,FG3A,FG3_PCT,FTM,FTA,FT_PCT,OREB,DREB,REB,AST,STL,BLK,TO,PF,PTS,FG2M,FG2A,FG2_PCT,OUTCOME,DEFICIT_FGM,DEFICIT_FGA,DEFICIT_FG3M,DEFICIT_FG3A,DEFICIT_FTM,DEFICIT_FTA,DEFICIT_OREB,DEFICIT_DREB,DEFICIT_REB,DEFICIT_AST,DEFICIT_STL,DEFICIT_BLK,DEFICIT_TO,DEFICIT_PF,DEFICIT_FG2M,DEFICIT_FG2A
0,Spurs,7,17,0.412,11,16,0.688,11,30,41,25,8,3,15,18,102,35,62,0.564516129032,1,0.545454545455,0.496855345912,0.7,0.607142857143,0.458333333333,0.484848484848,0.478260869565,0.535714285714,0.518987341772,0.609756097561,0.533333333333,0.6,0.51724137931,0.5,0.522388059701,0.473282442748
1,Grizzlies,3,11,0.273,13,17,0.765,12,26,38,16,7,2,14,18,86,32,69,0.463768115942,0,0.454545454545,0.503144654088,0.3,0.392857142857,0.541666666667,0.515151515152,0.521739130435,0.464285714286,0.481012658228,0.390243902439,0.466666666667,0.4,0.48275862069,0.5,0.477611940299,0.526717557252
