,TEAM_NAME,FG3M,FG3A,FG3_PCT,FTM,FTA,FT_PCT,OREB,DREB,REB,AST,STL,BLK,TO,PF,PTS,FG2M,FG2A,FG2_PCT,OUTCOME,DEFICIT_FGM,DEFICIT_FGA,DEFICIT_FG3M,DEFICIT_FG3A,DEFICIT_FTM,DEFICIT_FTA,DEFICIT_OREB,DEFICIT_DREB,DEFICIT_REB,DEFICIT_AST,DEFICIT_STL,DEFICIT_BLK,DEFICIT_TO,DEFICIT_PF,DEFICIT_FG2M,DEFICIT_FG2A
0,Jazz,7,20,0.35,8,12,0.667,9,22,31,27,10,6,17,22,93,32,58,0.551724137931,0,0.506493506494,0.509803921569,0.5,0.540540540541,0.285714285714,0.307692307692,0.409090909091,0.44,0.430555555556,0.586956521739,0.5,0.6,0.515151515152,0.564102564103,0.507936507937,0.5
1,Mavericks,7,17,0.412,20,27,0.741,13,28,41,19,10,4,16,17,103,31,58,0.534482758621,1,0.493506493506,0.490196078431,0.5,0.459459459459,0.714285714286,0.692307692308,0.590909090909,0.56,0.569444444444,0.413043478261,0.5,0.4,0.484848484848,0.435897435897,0.492063492063,0.5
