,TEAM_NAME,FG3M,FG3A,FG3_PCT,FTM,FTA,FT_PCT,OREB,DREB,REB,AST,STL,BLK,TO,PF,PTS,FG2M,FG2A,FG2_PCT,OUTCOME,DEFICIT_FGM,DEFICIT_FGA,DEFICIT_FG3M,DEFICIT_FG3A,DEFICIT_FTM,DEFICIT_FTA,DEFICIT_OREB,DEFICIT_DREB,DEFICIT_REB,DEFICIT_AST,DEFICIT_STL,DEFICIT_BLK,DEFICIT_TO,DEFICIT_PF,DEFICIT_FG2M,DEFICIT_FG2A
0,Pistons,3,13,0.231,14,22,0.636,11,41,52,19,8,7,15,16,89,33,71,0.464788732394,0,0.493150684932,0.497041420118,0.272727272727,0.361111111111,0.5,0.511627906977,0.5,0.539473684211,0.530612244898,0.487179487179,0.444444444444,0.777777777778,0.51724137931,0.533333333333,0.532258064516,0.533834586466
1,Hawks,8,23,0.348,14,21,0.667,11,35,46,20,10,2,14,14,96,29,62,0.467741935484,1,0.506849315068,0.502958579882,0.727272727273,0.638888888889,0.5,0.488372093023,0.5,0.460526315789,0.469387755102,0.512820512821,0.555555555556,0.222222222222,0.48275862069,0.466666666667,0.467741935484,0.466165413534
