,TEAM_NAME,FG3M,FG3A,FG3_PCT,FTM,FTA,FT_PCT,OREB,DREB,REB,AST,STL,BLK,TO,PF,PTS,FG2M,FG2A,FG2_PCT,OUTCOME,DEFICIT_FGM,DEFICIT_FGA,DEFICIT_FG3M,DEFICIT_FG3A,DEFICIT_FTM,DEFICIT_FTA,DEFICIT_OREB,DEFICIT_DREB,DEFICIT_REB,DEFICIT_AST,DEFICIT_STL,DEFICIT_BLK,DEFICIT_TO,DEFICIT_PF,DEFICIT_FG2M,DEFICIT_FG2A
0,76ers,8,26,0.308,15,25,0.6,10,26,36,13,8,1,18,21,83,22,49,0.4489795918367347,0,0.47619047619047616,0.5319148936170213,0.5714285714285714,0.6046511627906976,0.4411764705882353,0.5434782608695652,0.625,0.43333333333333335,0.47368421052631576,0.4642857142857143,0.5333333333333333,0.3333333333333333,0.5,0.4883720930232558,0.4489795918367347,0.5
1,Knicks,6,17,0.353,19,21,0.905,6,34,40,15,7,2,18,22,91,27,49,0.5510204081632653,1,0.5238095238095238,0.46808510638297873,0.42857142857142855,0.3953488372093023,0.5588235294117647,0.45652173913043476,0.375,0.5666666666666667,0.5263157894736842,0.5357142857142857,0.4666666666666667,0.6666666666666666,0.5,0.5116279069767442,0.5510204081632653,0.5
