,TEAM_NAME,FG3M,FG3A,FG3_PCT,FTM,FTA,FT_PCT,OREB,DREB,REB,AST,STL,BLK,TO,PF,PTS,FG2M,FG2A,FG2_PCT,OUTCOME,DEFICIT_FGM,DEFICIT_FGA,DEFICIT_FG3M,DEFICIT_FG3A,DEFICIT_FTM,DEFICIT_FTA,DEFICIT_OREB,DEFICIT_DREB,DEFICIT_REB,DEFICIT_AST,DEFICIT_STL,DEFICIT_BLK,DEFICIT_TO,DEFICIT_PF,DEFICIT_FG2M,DEFICIT_FG2A
0,Trail Blazers,12,26,0.462,14,15,0.933,10,29,39,21,11,3,12,18,98,24,62,0.387096774194,1,0.529411764706,0.514619883041,0.705882352941,0.65,0.35,0.340909090909,0.37037037037,0.453125,0.428571428571,0.65625,0.578947368421,0.75,0.461538461538,0.514285714286,0.470588235294,0.473282442748
1,Bulls,5,14,0.357,26,29,0.897,17,35,52,11,8,1,14,17,95,27,69,0.391304347826,0,0.470588235294,0.485380116959,0.294117647059,0.35,0.65,0.659090909091,0.62962962963,0.546875,0.571428571429,0.34375,0.421052631579,0.25,0.538461538462,0.485714285714,0.529411764706,0.526717557252
