,TEAM_NAME,FG3M,FG3A,FG3_PCT,FTM,FTA,FT_PCT,OREB,DREB,REB,AST,STL,BLK,TO,PF,PTS,FG2M,FG2A,FG2_PCT,OUTCOME,DEFICIT_FGM,DEFICIT_FGA,DEFICIT_FG3M,DEFICIT_FG3A,DEFICIT_FTM,DEFICIT_FTA,DEFICIT_OREB,DEFICIT_DREB,DEFICIT_REB,DEFICIT_AST,DEFICIT_STL,DEFICIT_BLK,DEFICIT_TO,DEFICIT_PF,DEFICIT_FG2M,DEFICIT_FG2A
0,Rockets,9,21,0.429,18,24,0.75,6,42,48,22,7,10,19,20,109,32,51,0.627450980392,1,0.561643835616,0.421052631579,0.5625,0.512195121951,0.5625,0.545454545455,0.25,0.626865671642,0.527472527473,0.578947368421,0.411764705882,0.769230769231,0.612903225806,0.512820512821,0.561403508772,0.392307692308
1,Celtics,7,20,0.35,14,20,0.7,18,25,43,16,10,3,12,19,85,25,79,0.316455696203,0,0.438356164384,0.578947368421,0.4375,0.487804878049,0.4375,0.454545454545,0.75,0.373134328358,0.472527472527,0.421052631579,0.588235294118,0.230769230769,0.387096774194,0.487179487179,0.438596491228,0.607692307692
