,TEAM_NAME,FG3M,FG3A,FG3_PCT,FTM,FTA,FT_PCT,OREB,DREB,REB,AST,STL,BLK,TO,PF,PTS,FG2M,FG2A,FG2_PCT,OUTCOME,DEFICIT_FGM,DEFICIT_FGA,DEFICIT_FG3M,DEFICIT_FG3A,DEFICIT_FTM,DEFICIT_FTA,DEFICIT_OREB,DEFICIT_DREB,DEFICIT_REB,DEFICIT_AST,DEFICIT_STL,DEFICIT_BLK,DEFICIT_TO,DEFICIT_PF,DEFICIT_FG2M,DEFICIT_FG2A
0,Knicks,6,24,0.25,14,18,0.778,10,25,35,16,9,3,13,22,86,27,52,0.519230769231,0,0.485294117647,0.520547945205,0.461538461538,0.558139534884,0.48275862069,0.461538461538,0.5,0.480769230769,0.486111111111,0.457142857143,0.6,0.428571428571,0.464285714286,0.52380952381,0.490909090909,0.504854368932
1,Pistons,7,19,0.368,15,21,0.714,10,27,37,19,6,4,15,20,92,28,51,0.549019607843,1,0.514705882353,0.479452054795,0.538461538462,0.441860465116,0.51724137931,0.538461538462,0.5,0.519230769231,0.513888888889,0.542857142857,0.4,0.571428571429,0.535714285714,0.47619047619,0.509090909091,0.495145631068
