,TEAM_NAME,FG3M,FG3A,FG3_PCT,FTM,FTA,FT_PCT,OREB,DREB,REB,AST,STL,BLK,TO,PF,PTS,FG2M,FG2A,FG2_PCT,OUTCOME,DEFICIT_FGM,DEFICIT_FGA,DEFICIT_FG3M,DEFICIT_FG3A,DEFICIT_FTM,DEFICIT_FTA,DEFICIT_OREB,DEFICIT_DREB,DEFICIT_REB,DEFICIT_AST,DEFICIT_STL,DEFICIT_BLK,DEFICIT_TO,DEFICIT_PF,DEFICIT_FG2M,DEFICIT_FG2A
0,Jazz,17,30,0.567,13,17,0.765,5,26,31,24,5,8,11,14,110,23,43,0.53488372093,0,0.47619047619,0.459119496855,0.68,0.612244897959,0.464285714286,0.472222222222,0.277777777778,0.490566037736,0.43661971831,0.6,0.416666666667,0.8,0.647058823529,0.48275862069,0.389830508475,0.390909090909
1,Heat,8,19,0.421,15,19,0.789,13,27,40,16,7,2,6,15,111,36,67,0.537313432836,1,0.52380952381,0.540880503145,0.32,0.387755102041,0.535714285714,0.527777777778,0.722222222222,0.509433962264,0.56338028169,0.4,0.583333333333,0.2,0.352941176471,0.51724137931,0.610169491525,0.609090909091
