,TEAM_NAME,FG3M,FG3A,FG3_PCT,FTM,FTA,FT_PCT,OREB,DREB,REB,AST,STL,BLK,TO,PF,PTS,FG2M,FG2A,FG2_PCT,OUTCOME,DEFICIT_FGM,DEFICIT_FGA,DEFICIT_FG3M,DEFICIT_FG3A,DEFICIT_FTM,DEFICIT_FTA,DEFICIT_OREB,DEFICIT_DREB,DEFICIT_REB,DEFICIT_AST,DEFICIT_STL,DEFICIT_BLK,DEFICIT_TO,DEFICIT_PF,DEFICIT_FG2M,DEFICIT_FG2A
0,Magic,9,34,0.265,11,14,0.786,9,31,40,22,6,2,8,17,88,25,57,0.438596491228,0,0.453333333333,0.517045454545,0.5,0.607142857143,0.379310344828,0.378378378378,0.409090909091,0.402597402597,0.40404040404,0.488888888889,0.6,0.285714285714,0.4,0.566666666667,0.438596491228,0.475
1,Hornets,9,22,0.409,18,23,0.783,13,46,59,23,4,5,12,13,109,32,63,0.507936507937,1,0.546666666667,0.482954545455,0.5,0.392857142857,0.620689655172,0.621621621622,0.590909090909,0.597402597403,0.59595959596,0.511111111111,0.4,0.714285714286,0.6,0.433333333333,0.561403508772,0.525
