,TEAM_NAME,FG3M,FG3A,FG3_PCT,FTM,FTA,FT_PCT,OREB,DREB,REB,AST,STL,BLK,TO,PF,PTS,FG2M,FG2A,FG2_PCT,OUTCOME,DEFICIT_FGM,DEFICIT_FGA,DEFICIT_FG3M,DEFICIT_FG3A,DEFICIT_FTM,DEFICIT_FTA,DEFICIT_OREB,DEFICIT_DREB,DEFICIT_REB,DEFICIT_AST,DEFICIT_STL,DEFICIT_BLK,DEFICIT_TO,DEFICIT_PF,DEFICIT_FG2M,DEFICIT_FG2A
0,Kings,7,28,0.25,23,27,0.852,6,33,39,24,10,1,7,20,100,28,59,0.474576271186,0,0.492957746479,0.508771929825,0.411764705882,0.491228070175,0.522727272727,0.519230769231,0.333333333333,0.44,0.41935483871,0.521739130435,0.769230769231,0.142857142857,0.304347826087,0.444444444444,0.518518518519,0.517543859649
1,Knicks,10,29,0.345,21,25,0.84,12,42,54,22,3,6,16,25,103,26,55,0.472727272727,1,0.507042253521,0.491228070175,0.588235294118,0.508771929825,0.477272727273,0.480769230769,0.666666666667,0.56,0.58064516129,0.478260869565,0.230769230769,0.857142857143,0.695652173913,0.555555555556,0.481481481481,0.482456140351
