,TEAM_NAME,FG3M,FG3A,FG3_PCT,FTM,FTA,FT_PCT,OREB,DREB,REB,AST,STL,BLK,TO,PF,PTS,FG2M,FG2A,FG2_PCT,OUTCOME,DEFICIT_FGM,DEFICIT_FGA,DEFICIT_FG3M,DEFICIT_FG3A,DEFICIT_FTM,DEFICIT_FTA,DEFICIT_OREB,DEFICIT_DREB,DEFICIT_REB,DEFICIT_AST,DEFICIT_STL,DEFICIT_BLK,DEFICIT_TO,DEFICIT_PF,DEFICIT_FG2M,DEFICIT_FG2A
0,Heat,6,27,0.222,16,21,0.762,23,23,46,18,6,3,13,18,84,25,63,0.396825396825,0,0.402597402597,0.520231213873,0.4,0.529411764706,0.551724137931,0.525,0.676470588235,0.389830508475,0.494623655914,0.439024390244,0.461538461538,0.25,0.541666666667,0.529411764706,0.403225806452,0.516393442623
1,Cavaliers,9,24,0.375,13,19,0.684,11,36,47,23,7,9,11,16,114,37,59,0.627118644068,1,0.597402597403,0.479768786127,0.6,0.470588235294,0.448275862069,0.475,0.323529411765,0.610169491525,0.505376344086,0.560975609756,0.538461538462,0.75,0.458333333333,0.470588235294,0.596774193548,0.483606557377
