,TEAM_NAME,FG3M,FG3A,FG3_PCT,FTM,FTA,FT_PCT,OREB,DREB,REB,AST,STL,BLK,TO,PF,PTS,FG2M,FG2A,FG2_PCT,OUTCOME,DEFICIT_FGM,DEFICIT_FGA,DEFICIT_FG3M,DEFICIT_FG3A,DEFICIT_FTM,DEFICIT_FTA,DEFICIT_OREB,DEFICIT_DREB,DEFICIT_REB,DEFICIT_AST,DEFICIT_STL,DEFICIT_BLK,DEFICIT_TO,DEFICIT_PF,DEFICIT_FG2M,DEFICIT_FG2A
0,Mavericks,15,30,0.5,23,27,0.852,12,34,46,30,9,6,14,28,132,32,72,0.444444444444,1,0.5,0.49756097561,0.652173913043,0.535714285714,0.46,0.44262295082,0.444444444444,0.478873239437,0.469387755102,0.441176470588,0.642857142857,0.5,0.4375,0.56,0.450704225352,0.48322147651
1,Bulls,8,26,0.308,27,34,0.794,15,37,52,38,5,6,18,22,129,39,77,0.506493506494,0,0.5,0.50243902439,0.347826086957,0.464285714286,0.54,0.55737704918,0.555555555556,0.521126760563,0.530612244898,0.558823529412,0.357142857143,0.5,0.5625,0.44,0.549295774648,0.51677852349
