,TEAM_NAME,FG3M,FG3A,FG3_PCT,FTM,FTA,FT_PCT,OREB,DREB,REB,AST,STL,BLK,TO,PF,PTS,FG2M,FG2A,FG2_PCT,OUTCOME,DEFICIT_FGM,DEFICIT_FGA,DEFICIT_FG3M,DEFICIT_FG3A,DEFICIT_FTM,DEFICIT_FTA,DEFICIT_OREB,DEFICIT_DREB,DEFICIT_REB,DEFICIT_AST,DEFICIT_STL,DEFICIT_BLK,DEFICIT_TO,DEFICIT_PF,DEFICIT_FG2M,DEFICIT_FG2A
0,Bucks,7,20,0.35,11,13,0.846,12,28,40,31,11,3,13,26,108,38,72,0.5277777777777778,0,0.5357142857142857,0.5575757575757576,0.5384615384615384,0.4878048780487805,0.2894736842105263,0.2549019607843137,0.631578947368421,0.45901639344262296,0.5,0.5849056603773585,0.6875,0.375,0.40625,0.6046511627906976,0.5352112676056338,0.5806451612903226
1,Cavaliers,6,21,0.286,27,38,0.711,7,33,40,22,5,5,19,17,111,33,52,0.6346153846153846,1,0.4642857142857143,0.44242424242424244,0.46153846153846156,0.5121951219512195,0.7105263157894737,0.7450980392156863,0.3684210526315789,0.5409836065573771,0.5,0.41509433962264153,0.3125,0.625,0.59375,0.3953488372093023,0.4647887323943662,0.41935483870967744
