,TEAM_NAME,FG3M,FG3A,FG3_PCT,FTM,FTA,FT_PCT,OREB,DREB,REB,AST,STL,BLK,TO,PF,PTS,FG2M,FG2A,FG2_PCT,OUTCOME,DEFICIT_FGM,DEFICIT_FGA,DEFICIT_FG3M,DEFICIT_FG3A,DEFICIT_FTM,DEFICIT_FTA,DEFICIT_OREB,DEFICIT_DREB,DEFICIT_REB,DEFICIT_AST,DEFICIT_STL,DEFICIT_BLK,DEFICIT_TO,DEFICIT_PF,DEFICIT_FG2M,DEFICIT_FG2A
0,Celtics,12,23,0.522,11,13,0.846,9,33,42,33,10,3,21,20,105,29,61,0.475409836066,0,0.488095238095,0.506024096386,0.521739130435,0.489361702128,0.478260869565,0.481481481481,0.692307692308,0.55,0.575342465753,0.478260869565,0.555555555556,0.272727272727,0.567567567568,0.588235294118,0.475409836066,0.512605042017
1,Hawks,11,24,0.458,12,14,0.857,4,27,31,36,8,8,16,14,109,32,58,0.551724137931,1,0.511904761905,0.493975903614,0.478260869565,0.510638297872,0.521739130435,0.518518518519,0.307692307692,0.45,0.424657534247,0.521739130435,0.444444444444,0.727272727273,0.432432432432,0.411764705882,0.524590163934,0.487394957983
