,TEAM_NAME,FG3M,FG3A,FG3_PCT,FTM,FTA,FT_PCT,OREB,DREB,REB,AST,STL,BLK,TO,PF,PTS,FG2M,FG2A,FG2_PCT,OUTCOME,DEFICIT_FGM,DEFICIT_FGA,DEFICIT_FG3M,DEFICIT_FG3A,DEFICIT_FTM,DEFICIT_FTA,DEFICIT_OREB,DEFICIT_DREB,DEFICIT_REB,DEFICIT_AST,DEFICIT_STL,DEFICIT_BLK,DEFICIT_TO,DEFICIT_PF,DEFICIT_FG2M,DEFICIT_FG2A
0,Knicks,11,28,0.393,12,14,0.857,13,27,40,22,8,3,14,21,93,24,53,0.452830188679,0,0.472972972973,0.476470588235,0.647058823529,0.622222222222,0.461538461538,0.411764705882,0.382352941176,0.490909090909,0.449438202247,0.5,0.533333333333,0.375,0.5,0.512195121951,0.421052631579,0.424
1,Nets,6,17,0.353,14,20,0.7,21,28,49,22,7,5,14,20,98,33,72,0.458333333333,1,0.527027027027,0.523529411765,0.352941176471,0.377777777778,0.538461538462,0.588235294118,0.617647058824,0.509090909091,0.550561797753,0.5,0.466666666667,0.625,0.5,0.487804878049,0.578947368421,0.576
