,TEAM_NAME,FG3M,FG3A,FG3_PCT,FTM,FTA,FT_PCT,OREB,DREB,REB,AST,STL,BLK,TO,PF,PTS,FG2M,FG2A,FG2_PCT,OUTCOME,DEFICIT_FGM,DEFICIT_FGA,DEFICIT_FG3M,DEFICIT_FG3A,DEFICIT_FTM,DEFICIT_FTA,DEFICIT_OREB,DEFICIT_DREB,DEFICIT_REB,DEFICIT_AST,DEFICIT_STL,DEFICIT_BLK,DEFICIT_TO,DEFICIT_PF,DEFICIT_FG2M,DEFICIT_FG2A
0,Celtics,12,23,0.522,11,13,0.846,9,33,42,33,10,3,21,20,105,29,61,0.47540983606557374,0,0.4880952380952381,0.5060240963855421,0.5217391304347826,0.48936170212765956,0.4782608695652174,0.48148148148148145,0.6923076923076923,0.55,0.5753424657534246,0.4782608695652174,0.5555555555555556,0.2727272727272727,0.5675675675675675,0.5882352941176471,0.47540983606557374,0.5126050420168067
1,Hawks,11,24,0.458,12,14,0.857,4,27,31,36,8,8,16,14,109,32,58,0.5517241379310345,1,0.5119047619047619,0.4939759036144578,0.4782608695652174,0.5106382978723404,0.5217391304347826,0.5185185185185185,0.3076923076923077,0.45,0.4246575342465753,0.5217391304347826,0.4444444444444444,0.7272727272727273,0.43243243243243246,0.4117647058823529,0.5245901639344263,0.48739495798319327
