,TEAM_NAME,FG3M,FG3A,FG3_PCT,FTM,FTA,FT_PCT,OREB,DREB,REB,AST,STL,BLK,TO,PF,PTS,FG2M,FG2A,FG2_PCT,OUTCOME,DEFICIT_FGM,DEFICIT_FGA,DEFICIT_FG3M,DEFICIT_FG3A,DEFICIT_FTM,DEFICIT_FTA,DEFICIT_OREB,DEFICIT_DREB,DEFICIT_REB,DEFICIT_AST,DEFICIT_STL,DEFICIT_BLK,DEFICIT_TO,DEFICIT_PF,DEFICIT_FG2M,DEFICIT_FG2A
0,Thunder,7,24,0.292,23,27,0.852,9,36,45,16,7,6,17,32,104,30,60,0.5,0,0.486842105263,0.488372093023,0.583333333333,0.585365853659,0.442307692308,0.375,0.36,0.521739130435,0.478723404255,0.410256410256,0.35,0.352941176471,0.566666666667,0.603773584906,0.46875,0.458015267176
1,Pelicans,5,17,0.294,29,45,0.644,16,33,49,23,13,11,13,21,112,34,71,0.478873239437,1,0.513157894737,0.511627906977,0.416666666667,0.414634146341,0.557692307692,0.625,0.64,0.478260869565,0.521276595745,0.589743589744,0.65,0.647058823529,0.433333333333,0.396226415094,0.53125,0.541984732824
