,TEAM_NAME,FG3M,FG3A,FG3_PCT,FTM,FTA,FT_PCT,OREB,DREB,REB,AST,STL,BLK,TO,PF,PTS,FG2M,FG2A,FG2_PCT,OUTCOME,DEFICIT_FGM,DEFICIT_FGA,DEFICIT_FG3M,DEFICIT_FG3A,DEFICIT_FTM,DEFICIT_FTA,DEFICIT_OREB,DEFICIT_DREB,DEFICIT_REB,DEFICIT_AST,DEFICIT_STL,DEFICIT_BLK,DEFICIT_TO,DEFICIT_PF,DEFICIT_FG2M,DEFICIT_FG2A
0,Knicks,11,28,0.393,12,14,0.857,13,27,40,22,8,3,14,21,93,24,53,0.4528301886792453,0,0.47297297297297297,0.4764705882352941,0.6470588235294118,0.6222222222222222,0.46153846153846156,0.4117647058823529,0.38235294117647056,0.4909090909090909,0.449438202247191,0.5,0.5333333333333333,0.375,0.5,0.5121951219512195,0.42105263157894735,0.424
1,Nets,6,17,0.353,14,20,0.7,21,28,49,22,7,5,14,20,98,33,72,0.4583333333333333,1,0.527027027027027,0.5235294117647059,0.35294117647058826,0.37777777777777777,0.5384615384615384,0.5882352941176471,0.6176470588235294,0.509090909090909,0.550561797752809,0.5,0.4666666666666667,0.625,0.5,0.4878048780487805,0.5789473684210527,0.576
