,TEAM_NAME,FG3M,FG3A,FG3_PCT,FTM,FTA,FT_PCT,OREB,DREB,REB,AST,STL,BLK,TO,PF,PTS,FG2M,FG2A,FG2_PCT,OUTCOME,DEFICIT_FGM,DEFICIT_FGA,DEFICIT_FG3M,DEFICIT_FG3A,DEFICIT_FTM,DEFICIT_FTA,DEFICIT_OREB,DEFICIT_DREB,DEFICIT_REB,DEFICIT_AST,DEFICIT_STL,DEFICIT_BLK,DEFICIT_TO,DEFICIT_PF,DEFICIT_FG2M,DEFICIT_FG2A
0,Wizards,4,14,0.286,17,23,0.739,10,40,50,29,5,2,17,27,117,44,76,0.578947368421,1,0.539325842697,0.471204188482,0.25,0.325581395349,0.447368421053,0.450980392157,0.416666666667,0.56338028169,0.526315789474,0.527272727273,0.416666666667,0.4,0.653846153846,0.529411764706,0.602739726027,0.513513513514
1,Nuggets,12,29,0.414,21,28,0.75,14,31,45,26,7,3,9,24,115,29,72,0.402777777778,0,0.460674157303,0.528795811518,0.75,0.674418604651,0.552631578947,0.549019607843,0.583333333333,0.43661971831,0.473684210526,0.472727272727,0.583333333333,0.6,0.346153846154,0.470588235294,0.397260273973,0.486486486486
