,TEAM_NAME,FG3M,FG3A,FG3_PCT,FTM,FTA,FT_PCT,OREB,DREB,REB,AST,STL,BLK,TO,PF,PTS,FG2M,FG2A,FG2_PCT,OUTCOME,DEFICIT_FGM,DEFICIT_FGA,DEFICIT_FG3M,DEFICIT_FG3A,DEFICIT_FTM,DEFICIT_FTA,DEFICIT_OREB,DEFICIT_DREB,DEFICIT_REB,DEFICIT_AST,DEFICIT_STL,DEFICIT_BLK,DEFICIT_TO,DEFICIT_PF,DEFICIT_FG2M,DEFICIT_FG2A
0,Pelicans,8,17,0.471,21,25,0.84,11,29,40,27,9,3,9,25,109,32,62,0.5161290322580645,1,0.5063291139240507,0.49375,0.47058823529411764,0.4146341463414634,0.525,0.5,0.4583333333333333,0.5370370370370371,0.5128205128205128,0.574468085106383,0.6428571428571429,0.3333333333333333,0.5,0.5681818181818182,0.5161290322580645,0.5210084033613446
1,Mavericks,9,24,0.375,19,25,0.76,13,25,38,20,5,6,9,19,106,30,57,0.5263157894736842,0,0.4936708860759494,0.50625,0.5294117647058824,0.5853658536585366,0.475,0.5,0.5416666666666666,0.46296296296296297,0.48717948717948717,0.425531914893617,0.35714285714285715,0.6666666666666666,0.5,0.4318181818181818,0.4838709677419355,0.4789915966386555
