,TEAM_NAME,FG3M,FG3A,FG3_PCT,FTM,FTA,FT_PCT,OREB,DREB,REB,AST,STL,BLK,TO,PF,PTS,FG2M,FG2A,FG2_PCT,OUTCOME,DEFICIT_FGM,DEFICIT_FGA,DEFICIT_FG3M,DEFICIT_FG3A,DEFICIT_FTM,DEFICIT_FTA,DEFICIT_OREB,DEFICIT_DREB,DEFICIT_REB,DEFICIT_AST,DEFICIT_STL,DEFICIT_BLK,DEFICIT_TO,DEFICIT_PF,DEFICIT_FG2M,DEFICIT_FG2A
0,Timberwolves,6,16,0.375,20,25,0.8,11,26,37,24,4,2,13,18,100,31,55,0.5636363636363636,0,0.45121951219512196,0.47019867549668876,0.375,0.36363636363636365,0.625,0.5813953488372093,0.5789473684210527,0.5531914893617021,0.5606060606060606,0.4444444444444444,0.3333333333333333,0.2857142857142857,0.5652173913043478,0.47368421052631576,0.4696969696969697,0.514018691588785
1,Hawks,10,28,0.357,12,18,0.667,8,21,29,30,8,5,10,20,112,35,52,0.6730769230769231,1,0.5487804878048781,0.5298013245033113,0.625,0.6363636363636364,0.375,0.4186046511627907,0.42105263157894735,0.44680851063829785,0.4393939393939394,0.5555555555555556,0.6666666666666666,0.7142857142857143,0.43478260869565216,0.5263157894736842,0.5303030303030303,0.48598130841121495
