,TEAM_NAME,FG3M,FG3A,FG3_PCT,FTM,FTA,FT_PCT,OREB,DREB,REB,AST,STL,BLK,TO,PF,PTS,FG2M,FG2A,FG2_PCT,OUTCOME,DEFICIT_FGM,DEFICIT_FGA,DEFICIT_FG3M,DEFICIT_FG3A,DEFICIT_FTM,DEFICIT_FTA,DEFICIT_OREB,DEFICIT_DREB,DEFICIT_REB,DEFICIT_AST,DEFICIT_STL,DEFICIT_BLK,DEFICIT_TO,DEFICIT_PF,DEFICIT_FG2M,DEFICIT_FG2A
0,Spurs,5,22,0.227,26,30,0.867,14,27,41,22,9,6,15,17,101,30,61,0.4918032786885246,1,0.47297297297297297,0.503030303030303,0.38461538461538464,0.5641025641025641,0.7428571428571429,0.6976744186046512,0.5185185185185185,0.48214285714285715,0.4939759036144578,0.43137254901960786,0.42857142857142855,0.5454545454545454,0.46875,0.3953488372093023,0.4918032786885246,0.48412698412698413
1,Bucks,8,17,0.471,9,13,0.692,13,29,42,29,12,5,17,26,95,31,65,0.47692307692307695,0,0.527027027027027,0.49696969696969695,0.6153846153846154,0.4358974358974359,0.2571428571428571,0.3023255813953488,0.48148148148148145,0.5178571428571429,0.5060240963855421,0.5686274509803921,0.5714285714285714,0.45454545454545453,0.53125,0.6046511627906976,0.5081967213114754,0.5158730158730159
