,TEAM_NAME,FG3M,FG3A,FG3_PCT,FTM,FTA,FT_PCT,OREB,DREB,REB,AST,STL,BLK,TO,PF,PTS,FG2M,FG2A,FG2_PCT,OUTCOME,DEFICIT_FGM,DEFICIT_FGA,DEFICIT_FG3M,DEFICIT_FG3A,DEFICIT_FTM,DEFICIT_FTA,DEFICIT_OREB,DEFICIT_DREB,DEFICIT_REB,DEFICIT_AST,DEFICIT_STL,DEFICIT_BLK,DEFICIT_TO,DEFICIT_PF,DEFICIT_FG2M,DEFICIT_FG2A
0,Wizards,4,14,0.286,17,23,0.739,10,40,50,29,5,2,17,27,117,44,76,0.5789473684210527,1,0.5393258426966292,0.4712041884816754,0.25,0.32558139534883723,0.4473684210526316,0.45098039215686275,0.4166666666666667,0.5633802816901409,0.5263157894736842,0.5272727272727272,0.4166666666666667,0.4,0.6538461538461539,0.5294117647058824,0.6027397260273972,0.5135135135135135
1,Nuggets,12,29,0.414,21,28,0.75,14,31,45,26,7,3,9,24,115,29,72,0.4027777777777778,0,0.4606741573033708,0.5287958115183246,0.75,0.6744186046511628,0.5526315789473685,0.5490196078431373,0.5833333333333334,0.43661971830985913,0.47368421052631576,0.4727272727272727,0.5833333333333334,0.6,0.34615384615384615,0.47058823529411764,0.3972602739726027,0.4864864864864865
