,TEAM_NAME,FG3M,FG3A,FG3_PCT,FTM,FTA,FT_PCT,OREB,DREB,REB,AST,STL,BLK,TO,PF,PTS,FG2M,FG2A,FG2_PCT,OUTCOME,DEFICIT_FGM,DEFICIT_FGA,DEFICIT_FG3M,DEFICIT_FG3A,DEFICIT_FTM,DEFICIT_FTA,DEFICIT_OREB,DEFICIT_DREB,DEFICIT_REB,DEFICIT_AST,DEFICIT_STL,DEFICIT_BLK,DEFICIT_TO,DEFICIT_PF,DEFICIT_FG2M,DEFICIT_FG2A
0,Magic,6,17,0.353,17,23,0.739,3,30,33,22,7,5,12,21,99,32,61,0.524590163934,0,0.469135802469,0.484472049689,0.428571428571,0.459459459459,0.586206896552,0.560975609756,0.25,0.441176470588,0.4125,0.448979591837,0.466666666667,0.5,0.461538461538,0.477272727273,0.477611940299,0.491935483871
1,Pacers,8,20,0.4,12,18,0.667,9,38,47,27,8,5,14,23,106,35,63,0.555555555556,1,0.530864197531,0.515527950311,0.571428571429,0.540540540541,0.413793103448,0.439024390244,0.75,0.558823529412,0.5875,0.551020408163,0.533333333333,0.5,0.538461538462,0.522727272727,0.522388059701,0.508064516129
