,TEAM_NAME,FG3M,FG3A,FG3_PCT,FTM,FTA,FT_PCT,OREB,DREB,REB,AST,STL,BLK,TO,PF,PTS,FG2M,FG2A,FG2_PCT,OUTCOME,DEFICIT_FGM,DEFICIT_FGA,DEFICIT_FG3M,DEFICIT_FG3A,DEFICIT_FTM,DEFICIT_FTA,DEFICIT_OREB,DEFICIT_DREB,DEFICIT_REB,DEFICIT_AST,DEFICIT_STL,DEFICIT_BLK,DEFICIT_TO,DEFICIT_PF,DEFICIT_FG2M,DEFICIT_FG2A
0,Wizards,4,16,0.25,24,30,0.8,5,36,41,19,7,2,12,24,96,30,61,0.4918032786885246,0,0.4722222222222222,0.49044585987261147,0.26666666666666666,0.3902439024390244,0.5714285714285714,0.5263157894736842,0.35714285714285715,0.4931506849315068,0.47126436781609193,0.4418604651162791,0.5,0.5,0.46153846153846156,0.5217391304347826,0.5263157894736842,0.5258620689655172
1,Hawks,11,25,0.44,18,27,0.667,9,37,46,24,7,2,14,22,105,27,55,0.4909090909090909,1,0.5277777777777778,0.5095541401273885,0.7333333333333333,0.6097560975609756,0.42857142857142855,0.47368421052631576,0.6428571428571429,0.5068493150684932,0.5287356321839081,0.5581395348837209,0.5,0.5,0.5384615384615384,0.4782608695652174,0.47368421052631576,0.47413793103448276
