,TEAM_NAME,FG3M,FG3A,FG3_PCT,FTM,FTA,FT_PCT,OREB,DREB,REB,AST,STL,BLK,TO,PF,PTS,FG2M,FG2A,FG2_PCT,OUTCOME,DEFICIT_FGM,DEFICIT_FGA,DEFICIT_FG3M,DEFICIT_FG3A,DEFICIT_FTM,DEFICIT_FTA,DEFICIT_OREB,DEFICIT_DREB,DEFICIT_REB,DEFICIT_AST,DEFICIT_STL,DEFICIT_BLK,DEFICIT_TO,DEFICIT_PF,DEFICIT_FG2M,DEFICIT_FG2A
0,Rockets,8,27,0.296,17,23,0.739,11,36,47,18,6,8,6,19,101,30,65,0.461538461538,1,0.550724637681,0.508287292818,0.5,0.519230769231,0.459459459459,0.469387755102,0.379310344828,0.461538461538,0.439252336449,0.529411764706,0.666666666667,0.615384615385,0.333333333333,0.527777777778,0.566037735849,0.503875968992
1,Bulls,8,25,0.32,20,26,0.769,18,42,60,16,3,5,12,17,90,23,64,0.359375,0,0.449275362319,0.491712707182,0.5,0.480769230769,0.540540540541,0.530612244898,0.620689655172,0.538461538462,0.560747663551,0.470588235294,0.333333333333,0.384615384615,0.666666666667,0.472222222222,0.433962264151,0.496124031008
