,TEAM_NAME,FG3M,FG3A,FG3_PCT,FTM,FTA,FT_PCT,OREB,DREB,REB,AST,STL,BLK,TO,PF,PTS,FG2M,FG2A,FG2_PCT,OUTCOME,DEFICIT_FGM,DEFICIT_FGA,DEFICIT_FG3M,DEFICIT_FG3A,DEFICIT_FTM,DEFICIT_FTA,DEFICIT_OREB,DEFICIT_DREB,DEFICIT_REB,DEFICIT_AST,DEFICIT_STL,DEFICIT_BLK,DEFICIT_TO,DEFICIT_PF,DEFICIT_FG2M,DEFICIT_FG2A
0,Rockets,8,27,0.296,17,23,0.739,11,36,47,18,6,8,6,19,101,30,65,0.46153846153846156,1,0.5507246376811594,0.5082872928176796,0.5,0.5192307692307693,0.4594594594594595,0.46938775510204084,0.3793103448275862,0.46153846153846156,0.4392523364485981,0.5294117647058824,0.6666666666666666,0.6153846153846154,0.3333333333333333,0.5277777777777778,0.5660377358490566,0.5038759689922481
1,Bulls,8,25,0.32,20,26,0.769,18,42,60,16,3,5,12,17,90,23,64,0.359375,0,0.4492753623188406,0.49171270718232046,0.5,0.4807692307692308,0.5405405405405406,0.5306122448979592,0.6206896551724138,0.5384615384615384,0.5607476635514018,0.47058823529411764,0.3333333333333333,0.38461538461538464,0.6666666666666666,0.4722222222222222,0.4339622641509434,0.49612403100775193
