,TEAM_NAME,FG3M,FG3A,FG3_PCT,FTM,FTA,FT_PCT,OREB,DREB,REB,AST,STL,BLK,TO,PF,PTS,FG2M,FG2A,FG2_PCT,OUTCOME,DEFICIT_FGM,DEFICIT_FGA,DEFICIT_FG3M,DEFICIT_FG3A,DEFICIT_FTM,DEFICIT_FTA,DEFICIT_OREB,DEFICIT_DREB,DEFICIT_REB,DEFICIT_AST,DEFICIT_STL,DEFICIT_BLK,DEFICIT_TO,DEFICIT_PF,DEFICIT_FG2M,DEFICIT_FG2A
0,Nuggets,4,24,0.167,30,33,0.909,14,34,48,18,9,6,15,19,100,29,56,0.517857142857,0,0.452054794521,0.446927374302,0.25,0.461538461538,0.714285714286,0.66,0.424242424242,0.515151515152,0.484848484848,0.4,0.473684210526,0.666666666667,0.535714285714,0.475,0.508771929825,0.44094488189
1,Celtics,12,28,0.429,12,17,0.706,19,32,51,27,10,3,13,21,104,28,71,0.394366197183,1,0.547945205479,0.553072625698,0.75,0.538461538462,0.285714285714,0.34,0.575757575758,0.484848484848,0.515151515152,0.6,0.526315789474,0.333333333333,0.464285714286,0.525,0.491228070175,0.55905511811
