,TEAM_NAME,FG3M,FG3A,FG3_PCT,FTM,FTA,FT_PCT,OREB,DREB,REB,AST,STL,BLK,TO,PF,PTS,FG2M,FG2A,FG2_PCT,OUTCOME,DEFICIT_FGM,DEFICIT_FGA,DEFICIT_FG3M,DEFICIT_FG3A,DEFICIT_FTM,DEFICIT_FTA,DEFICIT_OREB,DEFICIT_DREB,DEFICIT_REB,DEFICIT_AST,DEFICIT_STL,DEFICIT_BLK,DEFICIT_TO,DEFICIT_PF,DEFICIT_FG2M,DEFICIT_FG2A
0,Thunder,5,15,0.333,7,11,0.636,12,36,48,21,3,11,14,20,102,40,70,0.571428571429,1,0.548780487805,0.467032967033,0.416666666667,0.375,0.411764705882,0.458333333333,0.387096774194,0.553846153846,0.5,0.477272727273,0.3,0.785714285714,0.583333333333,0.588235294118,0.571428571429,0.492957746479
1,Pelicans,7,25,0.28,10,13,0.769,19,29,48,23,7,3,10,14,91,30,72,0.416666666667,0,0.451219512195,0.532967032967,0.583333333333,0.625,0.588235294118,0.541666666667,0.612903225806,0.446153846154,0.5,0.522727272727,0.7,0.214285714286,0.416666666667,0.411764705882,0.428571428571,0.507042253521
