,TEAM_NAME,FG3M,FG3A,FG3_PCT,FTM,FTA,FT_PCT,OREB,DREB,REB,AST,STL,BLK,TO,PF,PTS,FG2M,FG2A,FG2_PCT,OUTCOME,DEFICIT_FGM,DEFICIT_FGA,DEFICIT_FG3M,DEFICIT_FG3A,DEFICIT_FTM,DEFICIT_FTA,DEFICIT_OREB,DEFICIT_DREB,DEFICIT_REB,DEFICIT_AST,DEFICIT_STL,DEFICIT_BLK,DEFICIT_TO,DEFICIT_PF,DEFICIT_FG2M,DEFICIT_FG2A
0,Timberwolves,6,11,0.545,22,27,0.815,3,29,32,27,10,3,14,24,102,31,61,0.5081967213114754,1,0.4868421052631579,0.47368421052631576,0.46153846153846156,0.4074074074074074,0.5789473684210527,0.5294117647058824,0.16666666666666666,0.47540983606557374,0.4050632911392405,0.6,0.47619047619047616,0.5,0.4375,0.5106382978723404,0.49206349206349204,0.488
1,Heat,7,16,0.438,16,24,0.667,15,32,47,18,11,3,18,23,101,32,64,0.5,0,0.5131578947368421,0.5263157894736842,0.5384615384615384,0.5925925925925926,0.42105263157894735,0.47058823529411764,0.8333333333333334,0.5245901639344263,0.5949367088607594,0.4,0.5238095238095238,0.5,0.5625,0.48936170212765956,0.5079365079365079,0.512
