,TEAM_NAME,FG3M,FG3A,FG3_PCT,FTM,FTA,FT_PCT,OREB,DREB,REB,AST,STL,BLK,TO,PF,PTS,FG2M,FG2A,FG2_PCT,OUTCOME,DEFICIT_FGM,DEFICIT_FGA,DEFICIT_FG3M,DEFICIT_FG3A,DEFICIT_FTM,DEFICIT_FTA,DEFICIT_OREB,DEFICIT_DREB,DEFICIT_REB,DEFICIT_AST,DEFICIT_STL,DEFICIT_BLK,DEFICIT_TO,DEFICIT_PF,DEFICIT_FG2M,DEFICIT_FG2A
0,Wizards,4,16,0.25,24,30,0.8,5,36,41,19,7,2,12,24,96,30,61,0.491803278689,0,0.472222222222,0.490445859873,0.266666666667,0.390243902439,0.571428571429,0.526315789474,0.357142857143,0.493150684932,0.471264367816,0.441860465116,0.5,0.5,0.461538461538,0.521739130435,0.526315789474,0.525862068966
1,Hawks,11,25,0.44,18,27,0.667,9,37,46,24,7,2,14,22,105,27,55,0.490909090909,1,0.527777777778,0.509554140127,0.733333333333,0.609756097561,0.428571428571,0.473684210526,0.642857142857,0.506849315068,0.528735632184,0.558139534884,0.5,0.5,0.538461538462,0.478260869565,0.473684210526,0.474137931034
