,TEAM_NAME,FG3M,FG3A,FG3_PCT,FTM,FTA,FT_PCT,OREB,DREB,REB,AST,STL,BLK,TO,PF,PTS,FG2M,FG2A,FG2_PCT,OUTCOME,DEFICIT_FGM,DEFICIT_FGA,DEFICIT_FG3M,DEFICIT_FG3A,DEFICIT_FTM,DEFICIT_FTA,DEFICIT_OREB,DEFICIT_DREB,DEFICIT_REB,DEFICIT_AST,DEFICIT_STL,DEFICIT_BLK,DEFICIT_TO,DEFICIT_PF,DEFICIT_FG2M,DEFICIT_FG2A
0,Timberwolves,6,11,0.545,22,27,0.815,3,29,32,27,10,3,14,24,102,31,61,0.508196721311,1,0.486842105263,0.473684210526,0.461538461538,0.407407407407,0.578947368421,0.529411764706,0.166666666667,0.475409836066,0.405063291139,0.6,0.47619047619,0.5,0.4375,0.510638297872,0.492063492063,0.488
1,Heat,7,16,0.438,16,24,0.667,15,32,47,18,11,3,18,23,101,32,64,0.5,0,0.513157894737,0.526315789474,0.538461538462,0.592592592593,0.421052631579,0.470588235294,0.833333333333,0.524590163934,0.594936708861,0.4,0.52380952381,0.5,0.5625,0.489361702128,0.507936507937,0.512
