,TEAM_NAME,FG3M,FG3A,FG3_PCT,FTM,FTA,FT_PCT,OREB,DREB,REB,AST,STL,BLK,TO,PF,PTS,FG2M,FG2A,FG2_PCT,OUTCOME,DEFICIT_FGM,DEFICIT_FGA,DEFICIT_FG3M,DEFICIT_FG3A,DEFICIT_FTM,DEFICIT_FTA,DEFICIT_OREB,DEFICIT_DREB,DEFICIT_REB,DEFICIT_AST,DEFICIT_STL,DEFICIT_BLK,DEFICIT_TO,DEFICIT_PF,DEFICIT_FG2M,DEFICIT_FG2A
0,Bucks,11,26,0.423,20,22,0.909,5,30,35,25,10,7,11,22,113,30,56,0.5357142857142857,1,0.5125,0.4685714285714286,0.55,0.48148148148148145,0.5263157894736842,0.46808510638297873,0.21739130434782608,0.46153846153846156,0.3977272727272727,0.5319148936170213,0.7692307692307693,0.7777777777777778,0.4074074074074074,0.46808510638297873,0.5,0.4628099173553719
1,Lakers,9,28,0.321,18,25,0.72,18,35,53,22,3,2,16,25,105,30,65,0.46153846153846156,0,0.4875,0.5314285714285715,0.45,0.5185185185185185,0.47368421052631576,0.5319148936170213,0.782608695652174,0.5384615384615384,0.6022727272727273,0.46808510638297873,0.23076923076923078,0.2222222222222222,0.5925925925925926,0.5319148936170213,0.5,0.5371900826446281
