,TEAM_NAME,FG3M,FG3A,FG3_PCT,FTM,FTA,FT_PCT,OREB,DREB,REB,AST,STL,BLK,TO,PF,PTS,FG2M,FG2A,FG2_PCT,OUTCOME,DEFICIT_FGM,DEFICIT_FGA,DEFICIT_FG3M,DEFICIT_FG3A,DEFICIT_FTM,DEFICIT_FTA,DEFICIT_OREB,DEFICIT_DREB,DEFICIT_REB,DEFICIT_AST,DEFICIT_STL,DEFICIT_BLK,DEFICIT_TO,DEFICIT_PF,DEFICIT_FG2M,DEFICIT_FG2A
0,Thunder,5,15,0.333,7,11,0.636,12,36,48,21,3,11,14,20,102,40,70,0.5714285714285714,1,0.5487804878048781,0.46703296703296704,0.4166666666666667,0.375,0.4117647058823529,0.4583333333333333,0.3870967741935484,0.5538461538461539,0.5,0.4772727272727273,0.3,0.7857142857142857,0.5833333333333334,0.5882352941176471,0.5714285714285714,0.49295774647887325
1,Pelicans,7,25,0.28,10,13,0.769,19,29,48,23,7,3,10,14,91,30,72,0.4166666666666667,0,0.45121951219512196,0.532967032967033,0.5833333333333334,0.625,0.5882352941176471,0.5416666666666666,0.6129032258064516,0.4461538461538462,0.5,0.5227272727272727,0.7,0.21428571428571427,0.4166666666666667,0.4117647058823529,0.42857142857142855,0.5070422535211268
