,TEAM_NAME,FG3M,FG3A,FG3_PCT,FTM,FTA,FT_PCT,OREB,DREB,REB,AST,STL,BLK,TO,PF,PTS,FG2M,FG2A,FG2_PCT,OUTCOME,DEFICIT_FGM,DEFICIT_FGA,DEFICIT_FG3M,DEFICIT_FG3A,DEFICIT_FTM,DEFICIT_FTA,DEFICIT_OREB,DEFICIT_DREB,DEFICIT_REB,DEFICIT_AST,DEFICIT_STL,DEFICIT_BLK,DEFICIT_TO,DEFICIT_PF,DEFICIT_FG2M,DEFICIT_FG2A
0,Raptors,10,33,0.303,13,18,0.722,9,29,38,22,3,4,9,16,93,25,46,0.54347826087,0,0.466666666667,0.49375,0.526315789474,0.634615384615,0.393939393939,0.439024390244,0.473684210526,0.5,0.493506493506,0.478260869565,0.3,0.8,0.529411764706,0.484848484848,0.446428571429,0.425925925926
1,Nets,9,19,0.474,20,23,0.87,10,29,39,24,7,1,8,17,109,31,62,0.5,1,0.533333333333,0.50625,0.473684210526,0.365384615385,0.606060606061,0.560975609756,0.526315789474,0.5,0.506493506494,0.521739130435,0.7,0.2,0.470588235294,0.515151515152,0.553571428571,0.574074074074
