,TEAM_NAME,FG3M,FG3A,FG3_PCT,FTM,FTA,FT_PCT,OREB,DREB,REB,AST,STL,BLK,TO,PF,PTS,FG2M,FG2A,FG2_PCT,OUTCOME,DEFICIT_FGM,DEFICIT_FGA,DEFICIT_FG3M,DEFICIT_FG3A,DEFICIT_FTM,DEFICIT_FTA,DEFICIT_OREB,DEFICIT_DREB,DEFICIT_REB,DEFICIT_AST,DEFICIT_STL,DEFICIT_BLK,DEFICIT_TO,DEFICIT_PF,DEFICIT_FG2M,DEFICIT_FG2A
0,76ers,9,24,0.375,12,22,0.545,15,33,48,18,7,2,23,19,83,22,57,0.385964912281,0,0.455882352941,0.50625,0.6,0.631578947368,0.363636363636,0.468085106383,0.625,0.464788732394,0.505263157895,0.428571428571,0.411764705882,0.222222222222,0.560975609756,0.487179487179,0.415094339623,0.467213114754
1,Grizzlies,6,14,0.429,21,25,0.84,9,38,47,24,10,7,18,20,101,31,65,0.476923076923,1,0.544117647059,0.49375,0.4,0.368421052632,0.636363636364,0.531914893617,0.375,0.535211267606,0.494736842105,0.571428571429,0.588235294118,0.777777777778,0.439024390244,0.512820512821,0.584905660377,0.532786885246
