,TEAM_NAME,FG3M,FG3A,FG3_PCT,FTM,FTA,FT_PCT,OREB,DREB,REB,AST,STL,BLK,TO,PF,PTS,FG2M,FG2A,FG2_PCT,OUTCOME,DEFICIT_FGM,DEFICIT_FGA,DEFICIT_FG3M,DEFICIT_FG3A,DEFICIT_FTM,DEFICIT_FTA,DEFICIT_OREB,DEFICIT_DREB,DEFICIT_REB,DEFICIT_AST,DEFICIT_STL,DEFICIT_BLK,DEFICIT_TO,DEFICIT_PF,DEFICIT_FG2M,DEFICIT_FG2A
0,Wizards,5,15,0.333,11,14,0.786,2,39,41,24,8,3,12,19,96,35,67,0.5223880597014925,0,0.5333333333333333,0.48520710059171596,0.2777777777777778,0.32608695652173914,0.3548387096774194,0.4117647058823529,0.2,0.52,0.4823529411764706,0.5217391304347826,0.5,0.75,0.5,0.5757575757575758,0.6140350877192983,0.5447154471544715
1,Trail Blazers,13,31,0.419,20,20,1.0,8,36,44,22,8,1,12,14,103,22,56,0.39285714285714285,1,0.4666666666666667,0.514792899408284,0.7222222222222222,0.6739130434782609,0.6451612903225806,0.5882352941176471,0.8,0.48,0.5176470588235295,0.4782608695652174,0.5,0.25,0.5,0.42424242424242425,0.38596491228070173,0.45528455284552843
