,TEAM_NAME,FG3M,FG3A,FG3_PCT,FTM,FTA,FT_PCT,OREB,DREB,REB,AST,STL,BLK,TO,PF,PTS,FG2M,FG2A,FG2_PCT,OUTCOME,DEFICIT_FGM,DEFICIT_FGA,DEFICIT_FG3M,DEFICIT_FG3A,DEFICIT_FTM,DEFICIT_FTA,DEFICIT_OREB,DEFICIT_DREB,DEFICIT_REB,DEFICIT_AST,DEFICIT_STL,DEFICIT_BLK,DEFICIT_TO,DEFICIT_PF,DEFICIT_FG2M,DEFICIT_FG2A
0,Bucks,11,17,0.647,8,10,0.8,9,36,45,33,6,6,20,21,101,30,64,0.46875,1,0.5694444444444444,0.48502994011976047,0.6470588235294118,0.40476190476190477,0.3076923076923077,0.2857142857142857,0.36,0.5454545454545454,0.4945054945054945,0.7021276595744681,0.35294117647058826,0.75,0.5128205128205128,0.6,0.5454545454545454,0.512
1,Pistons,6,25,0.24,18,25,0.72,16,30,46,14,11,2,19,14,86,25,61,0.4098360655737705,0,0.4305555555555556,0.5149700598802395,0.35294117647058826,0.5952380952380952,0.6923076923076923,0.7142857142857143,0.64,0.45454545454545453,0.5054945054945055,0.2978723404255319,0.6470588235294118,0.25,0.48717948717948717,0.4,0.45454545454545453,0.488
