,TEAM_NAME,FG3M,FG3A,FG3_PCT,FTM,FTA,FT_PCT,OREB,DREB,REB,AST,STL,BLK,TO,PF,PTS,FG2M,FG2A,FG2_PCT,OUTCOME,DEFICIT_FGM,DEFICIT_FGA,DEFICIT_FG3M,DEFICIT_FG3A,DEFICIT_FTM,DEFICIT_FTA,DEFICIT_OREB,DEFICIT_DREB,DEFICIT_REB,DEFICIT_AST,DEFICIT_STL,DEFICIT_BLK,DEFICIT_TO,DEFICIT_PF,DEFICIT_FG2M,DEFICIT_FG2A
0,Cavaliers,8,25,0.32,18,24,0.75,16,28,44,13,6,2,15,16,94,26,58,0.448275862069,0,0.453333333333,0.494047619048,0.380952380952,0.454545454545,0.620689655172,0.615384615385,0.571428571429,0.474576271186,0.505747126437,0.361111111111,0.428571428571,0.4,0.555555555556,0.470588235294,0.481481481481,0.513274336283
1,Bulls,13,30,0.433,11,15,0.733,12,31,43,23,8,3,12,18,106,28,55,0.509090909091,1,0.546666666667,0.505952380952,0.619047619048,0.545454545455,0.379310344828,0.384615384615,0.428571428571,0.525423728814,0.494252873563,0.638888888889,0.571428571429,0.6,0.444444444444,0.529411764706,0.518518518519,0.486725663717
