,TEAM_NAME,FG3M,FG3A,FG3_PCT,FTM,FTA,FT_PCT,OREB,DREB,REB,AST,STL,BLK,TO,PF,PTS,FG2M,FG2A,FG2_PCT,OUTCOME,DEFICIT_FGM,DEFICIT_FGA,DEFICIT_FG3M,DEFICIT_FG3A,DEFICIT_FTM,DEFICIT_FTA,DEFICIT_OREB,DEFICIT_DREB,DEFICIT_REB,DEFICIT_AST,DEFICIT_STL,DEFICIT_BLK,DEFICIT_TO,DEFICIT_PF,DEFICIT_FG2M,DEFICIT_FG2A
0,Thunder,9,30,0.3,19,23,0.826,14,37,51,22,6,3,14,31,112,33,66,0.5,0,0.53164556962,0.545454545455,0.5,0.555555555556,0.322033898305,0.319444444444,0.583333333333,0.528571428571,0.542553191489,0.468085106383,0.428571428571,0.230769230769,0.56,0.596153846154,0.540983606557,0.540983606557
1,Hornets,9,24,0.375,40,49,0.816,10,33,43,25,8,10,11,21,123,28,56,0.5,1,0.46835443038,0.454545454545,0.5,0.444444444444,0.677966101695,0.680555555556,0.416666666667,0.471428571429,0.457446808511,0.531914893617,0.571428571429,0.769230769231,0.44,0.403846153846,0.459016393443,0.459016393443
