,TEAM_NAME,FG3M,FG3A,FG3_PCT,FTM,FTA,FT_PCT,OREB,DREB,REB,AST,STL,BLK,TO,PF,PTS,FG2M,FG2A,FG2_PCT,OUTCOME,DEFICIT_FGM,DEFICIT_FGA,DEFICIT_FG3M,DEFICIT_FG3A,DEFICIT_FTM,DEFICIT_FTA,DEFICIT_OREB,DEFICIT_DREB,DEFICIT_REB,DEFICIT_AST,DEFICIT_STL,DEFICIT_BLK,DEFICIT_TO,DEFICIT_PF,DEFICIT_FG2M,DEFICIT_FG2A
0,76ers,7,24,0.292,18,25,0.72,5,38,43,21,5,10,13,22,97,29,60,0.483333333333,0,0.48,0.47191011236,0.538461538462,0.521739130435,0.486486486486,0.490196078431,0.277777777778,0.487179487179,0.447916666667,0.525,0.416666666667,0.769230769231,0.565217391304,0.488888888889,0.467741935484,0.454545454545
1,Thunder,6,22,0.273,19,26,0.731,13,40,53,19,7,3,10,23,103,33,72,0.458333333333,1,0.52,0.52808988764,0.461538461538,0.478260869565,0.513513513514,0.509803921569,0.722222222222,0.512820512821,0.552083333333,0.475,0.583333333333,0.230769230769,0.434782608696,0.511111111111,0.532258064516,0.545454545455
