,TEAM_NAME,FG3M,FG3A,FG3_PCT,FTM,FTA,FT_PCT,OREB,DREB,REB,AST,STL,BLK,TO,PF,PTS,FG2M,FG2A,FG2_PCT,OUTCOME,DEFICIT_FGM,DEFICIT_FGA,DEFICIT_FG3M,DEFICIT_FG3A,DEFICIT_FTM,DEFICIT_FTA,DEFICIT_OREB,DEFICIT_DREB,DEFICIT_REB,DEFICIT_AST,DEFICIT_STL,DEFICIT_BLK,DEFICIT_TO,DEFICIT_PF,DEFICIT_FG2M,DEFICIT_FG2A
0,Kings,6,21,0.286,19,26,0.731,10,31,41,24,5,5,13,20,113,38,65,0.584615384615,1,0.55,0.527607361963,0.6,0.567567567568,0.513513513514,0.490566037736,0.5,0.5,0.5,0.545454545455,0.454545454545,0.625,0.41935483871,0.408163265306,0.542857142857,0.515873015873
1,Suns,4,16,0.25,18,27,0.667,10,31,41,20,6,3,18,29,94,32,61,0.524590163934,0,0.45,0.472392638037,0.4,0.432432432432,0.486486486486,0.509433962264,0.5,0.5,0.5,0.454545454545,0.545454545455,0.375,0.58064516129,0.591836734694,0.457142857143,0.484126984127
