,TEAM_NAME,FG3M,FG3A,FG3_PCT,FTM,FTA,FT_PCT,OREB,DREB,REB,AST,STL,BLK,TO,PF,PTS,FG2M,FG2A,FG2_PCT,OUTCOME,DEFICIT_FGM,DEFICIT_FGA,DEFICIT_FG3M,DEFICIT_FG3A,DEFICIT_FTM,DEFICIT_FTA,DEFICIT_OREB,DEFICIT_DREB,DEFICIT_REB,DEFICIT_AST,DEFICIT_STL,DEFICIT_BLK,DEFICIT_TO,DEFICIT_PF,DEFICIT_FG2M,DEFICIT_FG2A
0,Raptors,3,18,0.167,24,29,0.828,14,37,51,17,8,0,11,22,109,38,68,0.558823529412,1,0.539473684211,0.505882352941,0.428571428571,0.45,0.585365853659,0.56862745098,0.636363636364,0.536231884058,0.56043956044,0.5,0.5,,0.458333333333,0.478260869565,0.550724637681,0.523076923077
1,Pistons,4,22,0.182,17,22,0.773,8,32,40,17,8,0,13,24,91,31,62,0.5,0,0.460526315789,0.494117647059,0.571428571429,0.55,0.414634146341,0.43137254902,0.363636363636,0.463768115942,0.43956043956,0.5,0.5,,0.541666666667,0.521739130435,0.449275362319,0.476923076923
