,TEAM_NAME,FG3M,FG3A,FG3_PCT,FTM,FTA,FT_PCT,OREB,DREB,REB,AST,STL,BLK,TO,PF,PTS,FG2M,FG2A,FG2_PCT,OUTCOME,DEFICIT_FGM,DEFICIT_FGA,DEFICIT_FG3M,DEFICIT_FG3A,DEFICIT_FTM,DEFICIT_FTA,DEFICIT_OREB,DEFICIT_DREB,DEFICIT_REB,DEFICIT_AST,DEFICIT_STL,DEFICIT_BLK,DEFICIT_TO,DEFICIT_PF,DEFICIT_FG2M,DEFICIT_FG2A
0,Knicks,14,33,0.424,14,16,0.875,11,30,41,23,3,3,19,24,108,26,43,0.604651162791,0,0.493827160494,0.469135802469,0.48275862069,0.478260869565,0.518518518519,0.5,0.5,0.566037735849,0.546666666667,0.46,0.375,0.5,0.655172413793,0.558139534884,0.5,0.462365591398
1,Mavericks,15,36,0.417,13,16,0.813,11,23,34,27,5,3,10,19,110,26,50,0.52,1,0.506172839506,0.530864197531,0.51724137931,0.521739130435,0.481481481481,0.5,0.5,0.433962264151,0.453333333333,0.54,0.625,0.5,0.344827586207,0.441860465116,0.5,0.537634408602
