,TEAM_NAME,FG3M,FG3A,FG3_PCT,FTM,FTA,FT_PCT,OREB,DREB,REB,AST,STL,BLK,TO,PF,PTS,FG2M,FG2A,FG2_PCT,OUTCOME,DEFICIT_FGM,DEFICIT_FGA,DEFICIT_FG3M,DEFICIT_FG3A,DEFICIT_FTM,DEFICIT_FTA,DEFICIT_OREB,DEFICIT_DREB,DEFICIT_REB,DEFICIT_AST,DEFICIT_STL,DEFICIT_BLK,DEFICIT_TO,DEFICIT_PF,DEFICIT_FG2M,DEFICIT_FG2A
0,Trail Blazers,8,29,0.276,26,32,0.813,14,30,44,21,8,8,7,23,112,31,70,0.442857142857,1,0.52,0.521052631579,0.421052631579,0.5,0.541666666667,0.524590163934,0.466666666667,0.41095890411,0.427184466019,0.65625,0.666666666667,0.571428571429,0.28,0.479166666667,0.553571428571,0.530303030303
1,Nuggets,11,29,0.379,22,29,0.759,16,43,59,11,4,6,18,25,105,25,62,0.403225806452,0,0.48,0.478947368421,0.578947368421,0.5,0.458333333333,0.475409836066,0.533333333333,0.58904109589,0.572815533981,0.34375,0.333333333333,0.428571428571,0.72,0.520833333333,0.446428571429,0.469696969697
