,TEAM_NAME,FG3M,FG3A,FG3_PCT,FTM,FTA,FT_PCT,OREB,DREB,REB,AST,STL,BLK,TO,PF,PTS,FG2M,FG2A,FG2_PCT,OUTCOME,DEFICIT_FGM,DEFICIT_FGA,DEFICIT_FG3M,DEFICIT_FG3A,DEFICIT_FTM,DEFICIT_FTA,DEFICIT_OREB,DEFICIT_DREB,DEFICIT_REB,DEFICIT_AST,DEFICIT_STL,DEFICIT_BLK,DEFICIT_TO,DEFICIT_PF,DEFICIT_FG2M,DEFICIT_FG2A
0,Magic,11,24,0.458,16,20,0.8,8,30,38,24,4,7,9,20,119,35,62,0.564516129032,1,0.494623655914,0.483146067416,0.611111111111,0.489795918367,0.5,0.434782608696,0.4,0.5,0.475,0.521739130435,0.5,0.538461538462,0.473684210526,0.512820512821,0.466666666667,0.480620155039
1,Thunder,7,25,0.28,16,26,0.615,12,30,42,22,4,6,10,19,117,40,67,0.597014925373,0,0.505376344086,0.516853932584,0.388888888889,0.510204081633,0.5,0.565217391304,0.6,0.5,0.525,0.478260869565,0.5,0.461538461538,0.526315789474,0.487179487179,0.533333333333,0.519379844961
