,TEAM_NAME,FG3M,FG3A,FG3_PCT,FTM,FTA,FT_PCT,OREB,DREB,REB,AST,STL,BLK,TO,PF,PTS,FG2M,FG2A,FG2_PCT,OUTCOME,DEFICIT_FGM,DEFICIT_FGA,DEFICIT_FG3M,DEFICIT_FG3A,DEFICIT_FTM,DEFICIT_FTA,DEFICIT_OREB,DEFICIT_DREB,DEFICIT_REB,DEFICIT_AST,DEFICIT_STL,DEFICIT_BLK,DEFICIT_TO,DEFICIT_PF,DEFICIT_FG2M,DEFICIT_FG2A
0,Timberwolves,9,22,0.409,12,16,0.75,7,38,45,31,17,1,19,14,107,34,64,0.53125,1,0.581081081081,0.511904761905,0.5625,0.44,0.461538461538,0.5,0.538461538462,0.527777777778,0.529411764706,0.596153846154,0.653846153846,0.333333333333,0.431818181818,0.466666666667,0.586206896552,0.542372881356
1,Hawks,7,28,0.25,14,16,0.875,6,34,40,21,9,2,25,16,83,24,54,0.444444444444,0,0.418918918919,0.488095238095,0.4375,0.56,0.538461538462,0.5,0.461538461538,0.472222222222,0.470588235294,0.403846153846,0.346153846154,0.666666666667,0.568181818182,0.533333333333,0.413793103448,0.457627118644
