,TEAM_NAME,FG3M,FG3A,FG3_PCT,FTM,FTA,FT_PCT,OREB,DREB,REB,AST,STL,BLK,TO,PF,PTS,FG2M,FG2A,FG2_PCT,OUTCOME,DEFICIT_FGM,DEFICIT_FGA,DEFICIT_FG3M,DEFICIT_FG3A,DEFICIT_FTM,DEFICIT_FTA,DEFICIT_OREB,DEFICIT_DREB,DEFICIT_REB,DEFICIT_AST,DEFICIT_STL,DEFICIT_BLK,DEFICIT_TO,DEFICIT_PF,DEFICIT_FG2M,DEFICIT_FG2A
0,Spurs,8,20,0.4,14,20,0.7,13,30,43,30,11,6,21,18,108,35,68,0.514705882353,1,0.530864197531,0.514619883041,0.533333333333,0.512820512821,0.411764705882,0.444444444444,0.590909090909,0.46875,0.5,0.576923076923,0.458333333333,0.5,0.538461538462,0.45,0.530303030303,0.515151515152
1,Nuggets,7,19,0.368,20,25,0.8,9,34,43,22,13,6,18,22,103,31,64,0.484375,0,0.469135802469,0.485380116959,0.466666666667,0.487179487179,0.588235294118,0.555555555556,0.409090909091,0.53125,0.5,0.423076923077,0.541666666667,0.5,0.461538461538,0.55,0.469696969697,0.484848484848
