,TEAM_NAME,FG3M,FG3A,FG3_PCT,FTM,FTA,FT_PCT,OREB,DREB,REB,AST,STL,BLK,TO,PF,PTS,FG2M,FG2A,FG2_PCT,OUTCOME,DEFICIT_FGM,DEFICIT_FGA,DEFICIT_FG3M,DEFICIT_FG3A,DEFICIT_FTM,DEFICIT_FTA,DEFICIT_OREB,DEFICIT_DREB,DEFICIT_REB,DEFICIT_AST,DEFICIT_STL,DEFICIT_BLK,DEFICIT_TO,DEFICIT_PF,DEFICIT_FG2M,DEFICIT_FG2A
0,Kings,6,17,0.353,27,35,0.771,8,24,32,19,7,2,10,18,99,27,52,0.519230769231,0,0.452054794521,0.485915492958,0.285714285714,0.395348837209,0.692307692308,0.729166666667,0.533333333333,0.470588235294,0.484848484848,0.431818181818,0.7,0.333333333333,0.416666666667,0.375,0.519230769231,0.525252525253
1,Knicks,15,26,0.577,12,13,0.923,7,27,34,25,3,4,14,30,107,25,47,0.531914893617,1,0.547945205479,0.514084507042,0.714285714286,0.604651162791,0.307692307692,0.270833333333,0.466666666667,0.529411764706,0.515151515152,0.568181818182,0.3,0.666666666667,0.583333333333,0.625,0.480769230769,0.474747474747
