,TEAM_NAME,FG3M,FG3A,FG3_PCT,FTM,FTA,FT_PCT,OREB,DREB,REB,AST,STL,BLK,TO,PF,PTS,FG2M,FG2A,FG2_PCT,OUTCOME,DEFICIT_FGM,DEFICIT_FGA,DEFICIT_FG3M,DEFICIT_FG3A,DEFICIT_FTM,DEFICIT_FTA,DEFICIT_OREB,DEFICIT_DREB,DEFICIT_REB,DEFICIT_AST,DEFICIT_STL,DEFICIT_BLK,DEFICIT_TO,DEFICIT_PF,DEFICIT_FG2M,DEFICIT_FG2A
0,Jazz,4,18,0.222,22,30,0.733,19,28,47,17,6,3,20,24,88,27,64,0.421875,0,0.43661971830985913,0.5125,0.5,0.6206896551724138,0.5238095238095238,0.4838709677419355,0.6333333333333333,0.5,0.5465116279069767,0.425,0.35294117647058826,0.5,0.5714285714285714,0.47058823529411764,0.42857142857142855,0.48854961832061067
1,Nets,4,11,0.364,20,32,0.625,11,28,39,23,11,3,15,27,104,36,67,0.5373134328358209,1,0.5633802816901409,0.4875,0.5,0.3793103448275862,0.47619047619047616,0.5161290322580645,0.36666666666666664,0.5,0.45348837209302323,0.575,0.6470588235294118,0.5,0.42857142857142855,0.5294117647058824,0.5714285714285714,0.5114503816793893
