,TEAM_NAME,FG3M,FG3A,FG3_PCT,FTM,FTA,FT_PCT,OREB,DREB,REB,AST,STL,BLK,TO,PF,PTS,FG2M,FG2A,FG2_PCT,OUTCOME,DEFICIT_FGM,DEFICIT_FGA,DEFICIT_FG3M,DEFICIT_FG3A,DEFICIT_FTM,DEFICIT_FTA,DEFICIT_OREB,DEFICIT_DREB,DEFICIT_REB,DEFICIT_AST,DEFICIT_STL,DEFICIT_BLK,DEFICIT_TO,DEFICIT_PF,DEFICIT_FG2M,DEFICIT_FG2A
0,Kings,10,31,0.323,20,21,0.952,10,29,39,22,10,4,18,26,100,25,49,0.5102040816326531,0,0.47297297297297297,0.4968944099378882,0.5555555555555556,0.5849056603773585,0.5128205128205128,0.44680851063829785,0.5263157894736842,0.5178571428571429,0.52,0.4583333333333333,0.47619047619047616,0.36363636363636365,0.5625,0.6341463414634146,0.44642857142857145,0.4537037037037037
1,Hawks,8,22,0.364,19,26,0.731,9,27,36,26,11,7,14,15,105,31,59,0.5254237288135594,1,0.527027027027027,0.5031055900621118,0.4444444444444444,0.41509433962264153,0.48717948717948717,0.5531914893617021,0.47368421052631576,0.48214285714285715,0.48,0.5416666666666666,0.5238095238095238,0.6363636363636364,0.4375,0.36585365853658536,0.5535714285714286,0.5462962962962963
