,TEAM_NAME,FG3M,FG3A,FG3_PCT,FTM,FTA,FT_PCT,OREB,DREB,REB,AST,STL,BLK,TO,PF,PTS,FG2M,FG2A,FG2_PCT,OUTCOME,DEFICIT_FGM,DEFICIT_FGA,DEFICIT_FG3M,DEFICIT_FG3A,DEFICIT_FTM,DEFICIT_FTA,DEFICIT_OREB,DEFICIT_DREB,DEFICIT_REB,DEFICIT_AST,DEFICIT_STL,DEFICIT_BLK,DEFICIT_TO,DEFICIT_PF,DEFICIT_FG2M,DEFICIT_FG2A
0,Knicks,8,28,0.286,19,23,0.826,11,22,33,12,11,4,14,27,97,27,54,0.5,0,0.538461538462,0.535947712418,0.5,0.571428571429,0.358490566038,0.353846153846,0.407407407407,0.385964912281,0.392857142857,0.413793103448,0.55,0.444444444444,0.388888888889,0.519230769231,0.551020408163,0.519230769231
1,Bobcats,8,21,0.381,34,42,0.81,16,35,51,17,9,5,22,25,102,22,50,0.44,1,0.461538461538,0.464052287582,0.5,0.428571428571,0.641509433962,0.646153846154,0.592592592593,0.614035087719,0.607142857143,0.586206896552,0.45,0.555555555556,0.611111111111,0.480769230769,0.448979591837,0.480769230769
