,TEAM_NAME,FG3M,FG3A,FG3_PCT,FTM,FTA,FT_PCT,OREB,DREB,REB,AST,STL,BLK,TO,PF,PTS,FG2M,FG2A,FG2_PCT,OUTCOME,DEFICIT_FGM,DEFICIT_FGA,DEFICIT_FG3M,DEFICIT_FG3A,DEFICIT_FTM,DEFICIT_FTA,DEFICIT_OREB,DEFICIT_DREB,DEFICIT_REB,DEFICIT_AST,DEFICIT_STL,DEFICIT_BLK,DEFICIT_TO,DEFICIT_PF,DEFICIT_FG2M,DEFICIT_FG2A
0,Knicks,8,28,0.286,19,23,0.826,11,22,33,12,11,4,14,27,97,27,54,0.5,0,0.5384615384615384,0.5359477124183006,0.5,0.5714285714285714,0.3584905660377358,0.35384615384615387,0.4074074074074074,0.38596491228070173,0.39285714285714285,0.41379310344827586,0.55,0.4444444444444444,0.3888888888888889,0.5192307692307693,0.5510204081632653,0.5192307692307693
1,Bobcats,8,21,0.381,34,42,0.81,16,35,51,17,9,5,22,25,102,22,50,0.44,1,0.46153846153846156,0.46405228758169936,0.5,0.42857142857142855,0.6415094339622641,0.6461538461538462,0.5925925925925926,0.6140350877192983,0.6071428571428571,0.5862068965517241,0.45,0.5555555555555556,0.6111111111111112,0.4807692307692308,0.4489795918367347,0.4807692307692308
