,TEAM_NAME,FG3M,FG3A,FG3_PCT,FTM,FTA,FT_PCT,OREB,DREB,REB,AST,STL,BLK,TO,PF,PTS,FG2M,FG2A,FG2_PCT,OUTCOME,DEFICIT_FGM,DEFICIT_FGA,DEFICIT_FG3M,DEFICIT_FG3A,DEFICIT_FTM,DEFICIT_FTA,DEFICIT_OREB,DEFICIT_DREB,DEFICIT_REB,DEFICIT_AST,DEFICIT_STL,DEFICIT_BLK,DEFICIT_TO,DEFICIT_PF,DEFICIT_FG2M,DEFICIT_FG2A
0,Jazz,4,18,0.222,22,30,0.733,19,28,47,17,6,3,20,24,88,27,64,0.421875,0,0.43661971831,0.5125,0.5,0.620689655172,0.52380952381,0.483870967742,0.633333333333,0.5,0.546511627907,0.425,0.352941176471,0.5,0.571428571429,0.470588235294,0.428571428571,0.488549618321
1,Nets,4,11,0.364,20,32,0.625,11,28,39,23,11,3,15,27,104,36,67,0.537313432836,1,0.56338028169,0.4875,0.5,0.379310344828,0.47619047619,0.516129032258,0.366666666667,0.5,0.453488372093,0.575,0.647058823529,0.5,0.428571428571,0.529411764706,0.571428571429,0.511450381679
