,TEAM_NAME,FG3M,FG3A,FG3_PCT,FTM,FTA,FT_PCT,OREB,DREB,REB,AST,STL,BLK,TO,PF,PTS,FG2M,FG2A,FG2_PCT,OUTCOME,DEFICIT_FGM,DEFICIT_FGA,DEFICIT_FG3M,DEFICIT_FG3A,DEFICIT_FTM,DEFICIT_FTA,DEFICIT_OREB,DEFICIT_DREB,DEFICIT_REB,DEFICIT_AST,DEFICIT_STL,DEFICIT_BLK,DEFICIT_TO,DEFICIT_PF,DEFICIT_FG2M,DEFICIT_FG2A
0,Raptors,6,21,0.286,27,33,0.818,13,27,40,15,4,1,15,21,95,25,51,0.490196078431,0,0.430555555556,0.464516129032,0.375,0.477272727273,0.692307692308,0.702127659574,0.565217391304,0.490909090909,0.512820512821,0.326086956522,0.363636363636,0.2,0.576923076923,0.4375,0.446428571429,0.459459459459
1,Heat,10,23,0.435,12,14,0.857,10,28,38,31,7,4,11,27,104,31,60,0.516666666667,1,0.569444444444,0.535483870968,0.625,0.522727272727,0.307692307692,0.297872340426,0.434782608696,0.509090909091,0.487179487179,0.673913043478,0.636363636364,0.8,0.423076923077,0.5625,0.553571428571,0.540540540541
