,TEAM_NAME,FG3M,FG3A,FG3_PCT,FTM,FTA,FT_PCT,OREB,DREB,REB,AST,STL,BLK,TO,PF,PTS,FG2M,FG2A,FG2_PCT,OUTCOME,DEFICIT_FGM,DEFICIT_FGA,DEFICIT_FG3M,DEFICIT_FG3A,DEFICIT_FTM,DEFICIT_FTA,DEFICIT_OREB,DEFICIT_DREB,DEFICIT_REB,DEFICIT_AST,DEFICIT_STL,DEFICIT_BLK,DEFICIT_TO,DEFICIT_PF,DEFICIT_FG2M,DEFICIT_FG2A
0,Rockets,12,26,0.462,10,18,0.556,15,30,45,20,12,5,18,22,100,27,58,0.465517241379,1,0.513157894737,0.509090909091,0.6,0.472727272727,0.416666666667,0.473684210526,0.576923076923,0.491803278689,0.51724137931,0.46511627907,0.6,0.5,0.514285714286,0.564102564103,0.482142857143,0.527272727273
1,Mavericks,8,29,0.276,14,20,0.7,11,31,42,23,8,5,17,17,96,29,52,0.557692307692,0,0.486842105263,0.490909090909,0.4,0.527272727273,0.583333333333,0.526315789474,0.423076923077,0.508196721311,0.48275862069,0.53488372093,0.4,0.5,0.485714285714,0.435897435897,0.517857142857,0.472727272727
