,TEAM_NAME,FG3M,FG3A,FG3_PCT,FTM,FTA,FT_PCT,OREB,DREB,REB,AST,STL,BLK,TO,PF,PTS,FG2M,FG2A,FG2_PCT,OUTCOME,DEFICIT_FGM,DEFICIT_FGA,DEFICIT_FG3M,DEFICIT_FG3A,DEFICIT_FTM,DEFICIT_FTA,DEFICIT_OREB,DEFICIT_DREB,DEFICIT_REB,DEFICIT_AST,DEFICIT_STL,DEFICIT_BLK,DEFICIT_TO,DEFICIT_PF,DEFICIT_FG2M,DEFICIT_FG2A
0,Bucks,4,18,0.222,13,14,0.929,9,42,51,21,6,6,14,33,95,35,69,0.507246376812,0,0.534246575342,0.514792899408,0.363636363636,0.439024390244,0.325,0.264150943396,0.529411764706,0.525,0.525773195876,0.538461538462,0.428571428571,0.6,0.608695652174,0.75,0.564516129032,0.5390625
1,Pistons,7,23,0.304,27,39,0.692,8,38,46,18,8,4,9,11,102,27,59,0.457627118644,1,0.465753424658,0.485207100592,0.636363636364,0.560975609756,0.675,0.735849056604,0.470588235294,0.475,0.474226804124,0.461538461538,0.571428571429,0.4,0.391304347826,0.25,0.435483870968,0.4609375
