,TEAM_NAME,FG3M,FG3A,FG3_PCT,FTM,FTA,FT_PCT,OREB,DREB,REB,AST,STL,BLK,TO,PF,PTS,FG2M,FG2A,FG2_PCT,OUTCOME,DEFICIT_FGM,DEFICIT_FGA,DEFICIT_FG3M,DEFICIT_FG3A,DEFICIT_FTM,DEFICIT_FTA,DEFICIT_OREB,DEFICIT_DREB,DEFICIT_REB,DEFICIT_AST,DEFICIT_STL,DEFICIT_BLK,DEFICIT_TO,DEFICIT_PF,DEFICIT_FG2M,DEFICIT_FG2A
0,Wizards,10,26,0.385,19,25,0.76,15,26,41,19,9,2,21,21,109,30,56,0.535714285714,1,0.481927710843,0.493975903614,0.5,0.530612244898,0.655172413793,0.609756097561,0.555555555556,0.530612244898,0.539473684211,0.475,0.529411764706,0.333333333333,0.512195121951,0.477272727273,0.47619047619,0.478632478632
1,Suns,10,23,0.435,10,16,0.625,12,23,35,21,8,4,20,23,106,33,61,0.540983606557,0,0.518072289157,0.506024096386,0.5,0.469387755102,0.344827586207,0.390243902439,0.444444444444,0.469387755102,0.460526315789,0.525,0.470588235294,0.666666666667,0.487804878049,0.522727272727,0.52380952381,0.521367521368
