,TEAM_NAME,FG3M,FG3A,FG3_PCT,FTM,FTA,FT_PCT,OREB,DREB,REB,AST,STL,BLK,TO,PF,PTS,FG2M,FG2A,FG2_PCT,OUTCOME,DEFICIT_FGM,DEFICIT_FGA,DEFICIT_FG3M,DEFICIT_FG3A,DEFICIT_FTM,DEFICIT_FTA,DEFICIT_OREB,DEFICIT_DREB,DEFICIT_REB,DEFICIT_AST,DEFICIT_STL,DEFICIT_BLK,DEFICIT_TO,DEFICIT_PF,DEFICIT_FG2M,DEFICIT_FG2A
0,Pelicans,9,25,0.36,21,31,0.677,11,35,46,25,10,2,15,25,114,33,60,0.55,1,0.518518518519,0.488505747126,0.473684210526,0.431034482759,0.512195121951,0.563636363636,0.478260869565,0.530303030303,0.516853932584,0.581395348837,0.555555555556,0.666666666667,0.51724137931,0.490196078431,0.532258064516,0.51724137931
1,Cavaliers,10,33,0.303,20,24,0.833,12,31,43,18,8,1,14,26,108,29,56,0.517857142857,0,0.481481481481,0.511494252874,0.526315789474,0.568965517241,0.487804878049,0.436363636364,0.521739130435,0.469696969697,0.483146067416,0.418604651163,0.444444444444,0.333333333333,0.48275862069,0.509803921569,0.467741935484,0.48275862069
