,TEAM_NAME,FG3M,FG3A,FG3_PCT,FTM,FTA,FT_PCT,OREB,DREB,REB,AST,STL,BLK,TO,PF,PTS,FG2M,FG2A,FG2_PCT,OUTCOME,DEFICIT_FGM,DEFICIT_FGA,DEFICIT_FG3M,DEFICIT_FG3A,DEFICIT_FTM,DEFICIT_FTA,DEFICIT_OREB,DEFICIT_DREB,DEFICIT_REB,DEFICIT_AST,DEFICIT_STL,DEFICIT_BLK,DEFICIT_TO,DEFICIT_PF,DEFICIT_FG2M,DEFICIT_FG2A
0,Pelicans,5,14,0.357,24,33,0.727,18,30,48,21,11,13,24,25,111,36,76,0.473684210526,1,0.506172839506,0.514285714286,0.416666666667,0.378378378378,0.545454545455,0.559322033898,0.6,0.47619047619,0.516129032258,0.428571428571,0.5,0.684210526316,0.470588235294,0.454545454545,0.521739130435,0.550724637681
1,Nuggets,7,23,0.304,20,26,0.769,12,33,45,28,11,6,27,30,107,33,62,0.532258064516,0,0.493827160494,0.485714285714,0.583333333333,0.621621621622,0.454545454545,0.440677966102,0.4,0.52380952381,0.483870967742,0.571428571429,0.5,0.315789473684,0.529411764706,0.545454545455,0.478260869565,0.449275362319
