,TEAM_NAME,FG3M,FG3A,FG3_PCT,FTM,FTA,FT_PCT,OREB,DREB,REB,AST,STL,BLK,TO,PF,PTS,FG2M,FG2A,FG2_PCT,OUTCOME,DEFICIT_FGM,DEFICIT_FGA,DEFICIT_FG3M,DEFICIT_FG3A,DEFICIT_FTM,DEFICIT_FTA,DEFICIT_OREB,DEFICIT_DREB,DEFICIT_REB,DEFICIT_AST,DEFICIT_STL,DEFICIT_BLK,DEFICIT_TO,DEFICIT_PF,DEFICIT_FG2M,DEFICIT_FG2A
0,Kings,5,23,0.217,12,21,0.571,20,33,53,11,3,4,24,18,89,31,58,0.534482758621,0,0.467532467532,0.512658227848,0.294117647059,0.479166666667,0.545454545455,0.567567567568,0.952380952381,0.559322033898,0.6625,0.305555555556,0.176470588235,0.8,0.705882352941,0.428571428571,0.516666666667,0.527272727273
1,Nets,12,25,0.48,10,16,0.625,1,26,27,25,14,1,10,24,104,29,52,0.557692307692,1,0.532467532468,0.487341772152,0.705882352941,0.520833333333,0.454545454545,0.432432432432,0.047619047619,0.440677966102,0.3375,0.694444444444,0.823529411765,0.2,0.294117647059,0.571428571429,0.483333333333,0.472727272727
