,TEAM_NAME,FG3M,FG3A,FG3_PCT,FTM,FTA,FT_PCT,OREB,DREB,REB,AST,STL,BLK,TO,PF,PTS,FG2M,FG2A,FG2_PCT,OUTCOME,DEFICIT_FGM,DEFICIT_FGA,DEFICIT_FG3M,DEFICIT_FG3A,DEFICIT_FTM,DEFICIT_FTA,DEFICIT_OREB,DEFICIT_DREB,DEFICIT_REB,DEFICIT_AST,DEFICIT_STL,DEFICIT_BLK,DEFICIT_TO,DEFICIT_PF,DEFICIT_FG2M,DEFICIT_FG2A
0,Celtics,4,16,0.25,24,31,0.774,7,40,47,18,3,7,17,14,94,29,56,0.517857142857,1,0.478260869565,0.436363636364,0.444444444444,0.444444444444,0.705882352941,0.720930232558,0.368421052632,0.606060606061,0.552941176471,0.439024390244,0.272727272727,0.7,0.68,0.35,0.483333333333,0.434108527132
1,Hawks,5,20,0.25,10,12,0.833,12,26,38,23,8,3,8,26,87,31,73,0.424657534247,0,0.521739130435,0.563636363636,0.555555555556,0.555555555556,0.294117647059,0.279069767442,0.631578947368,0.393939393939,0.447058823529,0.560975609756,0.727272727273,0.3,0.32,0.65,0.516666666667,0.565891472868
