,TEAM_NAME,FG3M,FG3A,FG3_PCT,FTM,FTA,FT_PCT,OREB,DREB,REB,AST,STL,BLK,TO,PF,PTS,FG2M,FG2A,FG2_PCT,OUTCOME,DEFICIT_FGM,DEFICIT_FGA,DEFICIT_FG3M,DEFICIT_FG3A,DEFICIT_FTM,DEFICIT_FTA,DEFICIT_OREB,DEFICIT_DREB,DEFICIT_REB,DEFICIT_AST,DEFICIT_STL,DEFICIT_BLK,DEFICIT_TO,DEFICIT_PF,DEFICIT_FG2M,DEFICIT_FG2A
0,76ers,4,25,0.16,24,32,0.75,23,31,54,11,15,6,14,27,98,31,77,0.402597402597,0,0.5,0.573033707865,0.444444444444,0.581395348837,0.436363636364,0.457142857143,0.741935483871,0.424657534247,0.519230769231,0.354838709677,0.75,0.352941176471,0.424242424242,0.5625,0.508196721311,0.57037037037
1,Pacers,5,18,0.278,31,38,0.816,8,42,50,20,5,11,19,21,106,30,58,0.51724137931,1,0.5,0.426966292135,0.555555555556,0.418604651163,0.563636363636,0.542857142857,0.258064516129,0.575342465753,0.480769230769,0.645161290323,0.25,0.647058823529,0.575757575758,0.4375,0.491803278689,0.42962962963
