,TEAM_NAME,FG3M,FG3A,FG3_PCT,FTM,FTA,FT_PCT,OREB,DREB,REB,AST,STL,BLK,TO,PF,PTS,FG2M,FG2A,FG2_PCT,OUTCOME,DEFICIT_FGM,DEFICIT_FGA,DEFICIT_FG3M,DEFICIT_FG3A,DEFICIT_FTM,DEFICIT_FTA,DEFICIT_OREB,DEFICIT_DREB,DEFICIT_REB,DEFICIT_AST,DEFICIT_STL,DEFICIT_BLK,DEFICIT_TO,DEFICIT_PF,DEFICIT_FG2M,DEFICIT_FG2A
0,Thunder,3,17,0.176,19,27,0.704,13,44,57,13,3,12,11,23,86,29,73,0.3972602739726027,0,0.49230769230769234,0.4918032786885246,0.3,0.40476190476190477,0.5135135135135135,0.5294117647058824,0.5,0.5301204819277109,0.5229357798165137,0.3333333333333333,0.3,0.6,0.55,0.5609756097560976,0.5272727272727272,0.5177304964539007
1,Warriors,7,25,0.28,18,24,0.75,13,39,52,26,7,8,9,18,91,26,68,0.38235294117647056,1,0.5076923076923077,0.5081967213114754,0.7,0.5952380952380952,0.4864864864864865,0.47058823529411764,0.5,0.46987951807228917,0.47706422018348627,0.6666666666666666,0.7,0.4,0.45,0.43902439024390244,0.4727272727272727,0.48226950354609927
