,TEAM_NAME,FG3M,FG3A,FG3_PCT,FTM,FTA,FT_PCT,OREB,DREB,REB,AST,STL,BLK,TO,PF,PTS,FG2M,FG2A,FG2_PCT,OUTCOME,DEFICIT_FGM,DEFICIT_FGA,DEFICIT_FG3M,DEFICIT_FG3A,DEFICIT_FTM,DEFICIT_FTA,DEFICIT_OREB,DEFICIT_DREB,DEFICIT_REB,DEFICIT_AST,DEFICIT_STL,DEFICIT_BLK,DEFICIT_TO,DEFICIT_PF,DEFICIT_FG2M,DEFICIT_FG2A
0,Spurs,16,24,0.667,18,23,0.783,6,31,37,30,9,5,15,17,126,30,56,0.535714285714,1,0.541176470588,0.490797546012,0.8,0.648648648649,0.5625,0.53488372093,0.375,0.534482758621,0.5,0.612244897959,0.5,0.714285714286,0.46875,0.447368421053,0.461538461538,0.444444444444
1,Cavaliers,4,13,0.308,14,20,0.7,10,27,37,19,9,2,17,21,96,35,70,0.5,0,0.458823529412,0.509202453988,0.2,0.351351351351,0.4375,0.46511627907,0.625,0.465517241379,0.5,0.387755102041,0.5,0.285714285714,0.53125,0.552631578947,0.538461538462,0.555555555556
