,TEAM_NAME,FG3M,FG3A,FG3_PCT,FTM,FTA,FT_PCT,OREB,DREB,REB,AST,STL,BLK,TO,PF,PTS,FG2M,FG2A,FG2_PCT,OUTCOME,DEFICIT_FGM,DEFICIT_FGA,DEFICIT_FG3M,DEFICIT_FG3A,DEFICIT_FTM,DEFICIT_FTA,DEFICIT_OREB,DEFICIT_DREB,DEFICIT_REB,DEFICIT_AST,DEFICIT_STL,DEFICIT_BLK,DEFICIT_TO,DEFICIT_PF,DEFICIT_FG2M,DEFICIT_FG2A
0,Magic,10,23,0.435,21,29,0.724,10,31,41,19,8,3,16,23,99,24,50,0.48,0,0.478873239437,0.483443708609,0.625,0.479166666667,0.5,0.527272727273,0.714285714286,0.516666666667,0.554054054054,0.5,0.571428571429,0.5,0.571428571429,0.547619047619,0.436363636364,0.485436893204
1,Heat,6,25,0.24,21,26,0.808,4,29,33,19,6,3,12,19,101,31,53,0.584905660377,1,0.521126760563,0.516556291391,0.375,0.520833333333,0.5,0.472727272727,0.285714285714,0.483333333333,0.445945945946,0.5,0.428571428571,0.5,0.428571428571,0.452380952381,0.563636363636,0.514563106796
