,TEAM_NAME,FG3M,FG3A,FG3_PCT,FTM,FTA,FT_PCT,OREB,DREB,REB,AST,STL,BLK,TO,PF,PTS,FG2M,FG2A,FG2_PCT,OUTCOME,DEFICIT_FGM,DEFICIT_FGA,DEFICIT_FG3M,DEFICIT_FG3A,DEFICIT_FTM,DEFICIT_FTA,DEFICIT_OREB,DEFICIT_DREB,DEFICIT_REB,DEFICIT_AST,DEFICIT_STL,DEFICIT_BLK,DEFICIT_TO,DEFICIT_PF,DEFICIT_FG2M,DEFICIT_FG2A
0,Suns,6,21,0.286,14,23,0.609,9,40,49,22,10,7,19,23,98,33,55,0.6,1,0.513157894737,0.441860465116,0.545454545455,0.525,0.518518518519,0.511111111111,0.375,0.615384615385,0.550561797753,0.511627906977,0.526315789474,0.875,0.612903225806,0.511111111111,0.507692307692,0.416666666667
1,Mavericks,5,19,0.263,13,22,0.591,15,25,40,21,9,1,12,22,92,32,77,0.415584415584,0,0.486842105263,0.558139534884,0.454545454545,0.475,0.481481481481,0.488888888889,0.625,0.384615384615,0.449438202247,0.488372093023,0.473684210526,0.125,0.387096774194,0.488888888889,0.492307692308,0.583333333333
