,TEAM_NAME,FG3M,FG3A,FG3_PCT,FTM,FTA,FT_PCT,OREB,DREB,REB,AST,STL,BLK,TO,PF,PTS,FG2M,FG2A,FG2_PCT,OUTCOME,DEFICIT_FGM,DEFICIT_FGA,DEFICIT_FG3M,DEFICIT_FG3A,DEFICIT_FTM,DEFICIT_FTA,DEFICIT_OREB,DEFICIT_DREB,DEFICIT_REB,DEFICIT_AST,DEFICIT_STL,DEFICIT_BLK,DEFICIT_TO,DEFICIT_PF,DEFICIT_FG2M,DEFICIT_FG2A
0,Timberwolves,4,11,0.364,12,16,0.75,3,29,32,24,5,1,13,17,98,37,63,0.587301587302,0,0.476744186047,0.453987730061,0.4,0.379310344828,0.48,0.5,0.1875,0.5,0.432432432432,0.533333333333,0.384615384615,0.25,0.65,0.515151515152,0.486842105263,0.470149253731
1,Hornets,6,18,0.333,13,16,0.813,13,29,42,21,8,3,7,16,109,39,71,0.549295774648,1,0.523255813953,0.546012269939,0.6,0.620689655172,0.52,0.5,0.8125,0.5,0.567567567568,0.466666666667,0.615384615385,0.75,0.35,0.484848484848,0.513157894737,0.529850746269
