,TEAM_NAME,FG3M,FG3A,FG3_PCT,FTM,FTA,FT_PCT,OREB,DREB,REB,AST,STL,BLK,TO,PF,PTS,FG2M,FG2A,FG2_PCT,OUTCOME,DEFICIT_FGM,DEFICIT_FGA,DEFICIT_FG3M,DEFICIT_FG3A,DEFICIT_FTM,DEFICIT_FTA,DEFICIT_OREB,DEFICIT_DREB,DEFICIT_REB,DEFICIT_AST,DEFICIT_STL,DEFICIT_BLK,DEFICIT_TO,DEFICIT_PF,DEFICIT_FG2M,DEFICIT_FG2A
0,Bucks,3,12,0.25,11,14,0.786,6,33,39,23,10,5,23,14,90,35,58,0.603448275862,0,0.475,0.454545454545,0.1875,0.279069767442,0.5,0.466666666667,0.4,0.55,0.52,0.511111111111,0.416666666667,0.833333333333,0.638888888889,0.538461538462,0.546875,0.522522522523
1,Cavaliers,13,31,0.419,11,16,0.688,9,27,36,22,14,1,13,12,108,29,53,0.547169811321,1,0.525,0.545454545455,0.8125,0.720930232558,0.5,0.533333333333,0.6,0.45,0.48,0.488888888889,0.583333333333,0.166666666667,0.361111111111,0.461538461538,0.453125,0.477477477477
