,TEAM_NAME,FG3M,FG3A,FG3_PCT,FTM,FTA,FT_PCT,OREB,DREB,REB,AST,STL,BLK,TO,PF,PTS,FG2M,FG2A,FG2_PCT,OUTCOME,DEFICIT_FGM,DEFICIT_FGA,DEFICIT_FG3M,DEFICIT_FG3A,DEFICIT_FTM,DEFICIT_FTA,DEFICIT_OREB,DEFICIT_DREB,DEFICIT_REB,DEFICIT_AST,DEFICIT_STL,DEFICIT_BLK,DEFICIT_TO,DEFICIT_PF,DEFICIT_FG2M,DEFICIT_FG2A
0,Magic,4,17,0.235,14,17,0.824,11,29,40,26,7,4,18,26,100,37,68,0.544117647059,0,0.493975903614,0.485714285714,0.25,0.377777777778,0.378378378378,0.36170212766,0.379310344828,0.483333333333,0.449438202247,0.464285714286,0.388888888889,0.4,0.58064516129,0.577777777778,0.55223880597,0.523076923077
1,Nuggets,12,28,0.429,23,30,0.767,18,31,49,30,11,6,13,19,119,30,62,0.483870967742,1,0.506024096386,0.514285714286,0.75,0.622222222222,0.621621621622,0.63829787234,0.620689655172,0.516666666667,0.550561797753,0.535714285714,0.611111111111,0.6,0.41935483871,0.422222222222,0.44776119403,0.476923076923
