,TEAM_NAME,FG3M,FG3A,FG3_PCT,FTM,FTA,FT_PCT,OREB,DREB,REB,AST,STL,BLK,TO,PF,PTS,FG2M,FG2A,FG2_PCT,OUTCOME,DEFICIT_FGM,DEFICIT_FGA,DEFICIT_FG3M,DEFICIT_FG3A,DEFICIT_FTM,DEFICIT_FTA,DEFICIT_OREB,DEFICIT_DREB,DEFICIT_REB,DEFICIT_AST,DEFICIT_STL,DEFICIT_BLK,DEFICIT_TO,DEFICIT_PF,DEFICIT_FG2M,DEFICIT_FG2A
0,Spurs,7,17,0.412,15,17,0.882,10,33,43,30,8,4,16,14,114,39,65,0.6,1,0.547619047619,0.506172839506,0.368421052632,0.414634146341,0.681818181818,0.708333333333,0.625,0.589285714286,0.597222222222,0.545454545455,0.380952380952,0.666666666667,0.470588235294,0.48275862069,0.6,0.537190082645
1,Hawks,12,24,0.5,7,7,1.0,6,23,29,25,13,2,18,15,95,26,56,0.464285714286,0,0.452380952381,0.493827160494,0.631578947368,0.585365853659,0.318181818182,0.291666666667,0.375,0.410714285714,0.402777777778,0.454545454545,0.619047619048,0.333333333333,0.529411764706,0.51724137931,0.4,0.462809917355
