,TEAM_NAME,FG3M,FG3A,FG3_PCT,FTM,FTA,FT_PCT,OREB,DREB,REB,AST,STL,BLK,TO,PF,PTS,FG2M,FG2A,FG2_PCT,OUTCOME,DEFICIT_FGM,DEFICIT_FGA,DEFICIT_FG3M,DEFICIT_FG3A,DEFICIT_FTM,DEFICIT_FTA,DEFICIT_OREB,DEFICIT_DREB,DEFICIT_REB,DEFICIT_AST,DEFICIT_STL,DEFICIT_BLK,DEFICIT_TO,DEFICIT_PF,DEFICIT_FG2M,DEFICIT_FG2A
0,Wizards,6,11,0.545,16,23,0.696,6,35,41,16,4,3,21,21,88,27,52,0.519230769231,1,0.492537313433,0.434482758621,0.6,0.333333333333,0.571428571429,0.489361702128,0.3,0.614035087719,0.532467532468,0.432432432432,0.307692307692,0.375,0.7,0.525,0.473684210526,0.464285714286
1,Jazz,4,22,0.182,12,24,0.5,14,22,36,21,9,5,9,19,84,30,60,0.5,0,0.507462686567,0.565517241379,0.4,0.666666666667,0.428571428571,0.510638297872,0.7,0.385964912281,0.467532467532,0.567567567568,0.692307692308,0.625,0.3,0.475,0.526315789474,0.535714285714
