,TEAM_NAME,FG3M,FG3A,FG3_PCT,FTM,FTA,FT_PCT,OREB,DREB,REB,AST,STL,BLK,TO,PF,PTS,FG2M,FG2A,FG2_PCT,OUTCOME,DEFICIT_FGM,DEFICIT_FGA,DEFICIT_FG3M,DEFICIT_FG3A,DEFICIT_FTM,DEFICIT_FTA,DEFICIT_OREB,DEFICIT_DREB,DEFICIT_REB,DEFICIT_AST,DEFICIT_STL,DEFICIT_BLK,DEFICIT_TO,DEFICIT_PF,DEFICIT_FG2M,DEFICIT_FG2A
0,Raptors,12,29,0.414,23,27,0.852,8,31,39,25,6,3,12,15,105,23,50,0.46,1,0.454545454545,0.475903614458,0.666666666667,0.630434782609,0.69696969697,0.642857142857,0.4,0.484375,0.464285714286,0.54347826087,0.461538461538,0.428571428571,0.4,0.428571428571,0.389830508475,0.416666666667
1,Timberwolves,6,17,0.353,10,15,0.667,12,33,45,21,7,4,18,20,100,36,70,0.514285714286,0,0.545454545455,0.524096385542,0.333333333333,0.369565217391,0.30303030303,0.357142857143,0.6,0.515625,0.535714285714,0.45652173913,0.538461538462,0.571428571429,0.6,0.571428571429,0.610169491525,0.583333333333
