,TEAM_NAME,FG3M,FG3A,FG3_PCT,FTM,FTA,FT_PCT,OREB,DREB,REB,AST,STL,BLK,TO,PF,PTS,FG2M,FG2A,FG2_PCT,OUTCOME,DEFICIT_FGM,DEFICIT_FGA,DEFICIT_FG3M,DEFICIT_FG3A,DEFICIT_FTM,DEFICIT_FTA,DEFICIT_OREB,DEFICIT_DREB,DEFICIT_REB,DEFICIT_AST,DEFICIT_STL,DEFICIT_BLK,DEFICIT_TO,DEFICIT_PF,DEFICIT_FG2M,DEFICIT_FG2A
0,76ers,10,30,0.333,18,26,0.692,13,25,38,20,13,0,17,28,92,22,64,0.34375,0,0.426666666667,0.552941176471,0.588235294118,0.6,0.36,0.376811594203,0.590909090909,0.342465753425,0.4,0.392156862745,0.52,0.0,0.435897435897,0.56,0.379310344828,0.533333333333
1,Thunder,7,20,0.35,32,43,0.744,9,48,57,31,12,10,22,22,125,36,56,0.642857142857,1,0.573333333333,0.447058823529,0.411764705882,0.4,0.64,0.623188405797,0.409090909091,0.657534246575,0.6,0.607843137255,0.48,1.0,0.564102564103,0.44,0.620689655172,0.466666666667
