,TEAM_NAME,FG3M,FG3A,FG3_PCT,FTM,FTA,FT_PCT,OREB,DREB,REB,AST,STL,BLK,TO,PF,PTS,FG2M,FG2A,FG2_PCT,OUTCOME,DEFICIT_FGM,DEFICIT_FGA,DEFICIT_FG3M,DEFICIT_FG3A,DEFICIT_FTM,DEFICIT_FTA,DEFICIT_OREB,DEFICIT_DREB,DEFICIT_REB,DEFICIT_AST,DEFICIT_STL,DEFICIT_BLK,DEFICIT_TO,DEFICIT_PF,DEFICIT_FG2M,DEFICIT_FG2A
0,Heat,7,27,0.259,20,29,0.69,10,23,33,19,11,7,8,19,103,31,53,0.584905660377,0,0.487179487179,0.506329113924,0.466666666667,0.54,0.526315789474,0.517857142857,0.454545454545,0.40350877193,0.417721518987,0.441860465116,0.733333333333,0.7,0.307692307692,0.463414634146,0.492063492063,0.490740740741
1,Rockets,8,23,0.348,18,27,0.667,12,34,46,24,4,3,18,22,106,32,55,0.581818181818,1,0.512820512821,0.493670886076,0.533333333333,0.46,0.473684210526,0.482142857143,0.545454545455,0.59649122807,0.582278481013,0.558139534884,0.266666666667,0.3,0.692307692308,0.536585365854,0.507936507937,0.509259259259
