,TEAM_NAME,FG3M,FG3A,FG3_PCT,FTM,FTA,FT_PCT,OREB,DREB,REB,AST,STL,BLK,TO,PF,PTS,FG2M,FG2A,FG2_PCT,OUTCOME,DEFICIT_FGM,DEFICIT_FGA,DEFICIT_FG3M,DEFICIT_FG3A,DEFICIT_FTM,DEFICIT_FTA,DEFICIT_OREB,DEFICIT_DREB,DEFICIT_REB,DEFICIT_AST,DEFICIT_STL,DEFICIT_BLK,DEFICIT_TO,DEFICIT_PF,DEFICIT_FG2M,DEFICIT_FG2A
0,Trail Blazers,11,31,0.355,18,25,0.72,10,39,49,25,6,7,15,23,107,28,54,0.518518518519,1,0.506493506494,0.497076023392,0.6875,0.688888888889,0.5625,0.510204081633,0.454545454545,0.557142857143,0.532608695652,0.520833333333,0.461538461538,0.636363636364,0.535714285714,0.560975609756,0.459016393443,0.428571428571
1,Bucks,5,14,0.357,14,24,0.583,12,31,43,23,7,4,13,18,95,33,72,0.458333333333,0,0.493506493506,0.502923976608,0.3125,0.311111111111,0.4375,0.489795918367,0.545454545455,0.442857142857,0.467391304348,0.479166666667,0.538461538462,0.363636363636,0.464285714286,0.439024390244,0.540983606557,0.571428571429
