,TEAM_NAME,FG3M,FG3A,FG3_PCT,FTM,FTA,FT_PCT,OREB,DREB,REB,AST,STL,BLK,TO,PF,PTS,FG2M,FG2A,FG2_PCT,OUTCOME,DEFICIT_FGM,DEFICIT_FGA,DEFICIT_FG3M,DEFICIT_FG3A,DEFICIT_FTM,DEFICIT_FTA,DEFICIT_OREB,DEFICIT_DREB,DEFICIT_REB,DEFICIT_AST,DEFICIT_STL,DEFICIT_BLK,DEFICIT_TO,DEFICIT_PF,DEFICIT_FG2M,DEFICIT_FG2A
0,Knicks,8,21,0.381,8,11,0.727,13,31,44,26,2,6,15,29,96,32,63,0.507936507937,0,0.547945205479,0.509090909091,0.470588235294,0.488372093023,0.222222222222,0.234042553191,0.52,0.516666666667,0.517647058824,0.590909090909,0.166666666667,0.545454545455,0.652173913043,0.630434782609,0.571428571429,0.516393442623
1,Hawks,9,22,0.409,28,36,0.778,12,29,41,18,10,5,8,17,103,24,59,0.406779661017,1,0.452054794521,0.490909090909,0.529411764706,0.511627906977,0.777777777778,0.765957446809,0.48,0.483333333333,0.482352941176,0.409090909091,0.833333333333,0.454545454545,0.347826086957,0.369565217391,0.428571428571,0.483606557377
