,TEAM_NAME,FG3M,FG3A,FG3_PCT,FTM,FTA,FT_PCT,OREB,DREB,REB,AST,STL,BLK,TO,PF,PTS,FG2M,FG2A,FG2_PCT,OUTCOME,DEFICIT_FGM,DEFICIT_FGA,DEFICIT_FG3M,DEFICIT_FG3A,DEFICIT_FTM,DEFICIT_FTA,DEFICIT_OREB,DEFICIT_DREB,DEFICIT_REB,DEFICIT_AST,DEFICIT_STL,DEFICIT_BLK,DEFICIT_TO,DEFICIT_PF,DEFICIT_FG2M,DEFICIT_FG2A
0,Bucks,5,18,0.278,8,11,0.727,16,27,43,24,7,4,16,24,93,35,70,0.5,1,0.5797101449275363,0.5176470588235295,0.625,0.5625,0.20512820512820512,0.24444444444444444,0.5161290322580645,0.5192307692307693,0.5180722891566265,0.6153846153846154,0.4375,0.6666666666666666,0.5517241379310345,0.5714285714285714,0.5737704918032787,0.5072463768115942
1,Grizzlies,3,14,0.214,31,34,0.912,15,25,40,15,9,2,13,18,92,26,68,0.38235294117647056,0,0.42028985507246375,0.4823529411764706,0.375,0.4375,0.7948717948717948,0.7555555555555555,0.4838709677419355,0.4807692307692308,0.4819277108433735,0.38461538461538464,0.5625,0.3333333333333333,0.4482758620689655,0.42857142857142855,0.4262295081967213,0.4927536231884058
