,TEAM_NAME,FG3M,FG3A,FG3_PCT,FTM,FTA,FT_PCT,OREB,DREB,REB,AST,STL,BLK,TO,PF,PTS,FG2M,FG2A,FG2_PCT,OUTCOME,DEFICIT_FGM,DEFICIT_FGA,DEFICIT_FG3M,DEFICIT_FG3A,DEFICIT_FTM,DEFICIT_FTA,DEFICIT_OREB,DEFICIT_DREB,DEFICIT_REB,DEFICIT_AST,DEFICIT_STL,DEFICIT_BLK,DEFICIT_TO,DEFICIT_PF,DEFICIT_FG2M,DEFICIT_FG2A
0,Bucks,5,18,0.278,8,11,0.727,16,27,43,24,7,4,16,24,93,35,70,0.5,1,0.579710144928,0.517647058824,0.625,0.5625,0.205128205128,0.244444444444,0.516129032258,0.519230769231,0.518072289157,0.615384615385,0.4375,0.666666666667,0.551724137931,0.571428571429,0.573770491803,0.507246376812
1,Grizzlies,3,14,0.214,31,34,0.912,15,25,40,15,9,2,13,18,92,26,68,0.382352941176,0,0.420289855072,0.482352941176,0.375,0.4375,0.794871794872,0.755555555556,0.483870967742,0.480769230769,0.481927710843,0.384615384615,0.5625,0.333333333333,0.448275862069,0.428571428571,0.426229508197,0.492753623188
