,TEAM_NAME,FG3M,FG3A,FG3_PCT,FTM,FTA,FT_PCT,OREB,DREB,REB,AST,STL,BLK,TO,PF,PTS,FG2M,FG2A,FG2_PCT,OUTCOME,DEFICIT_FGM,DEFICIT_FGA,DEFICIT_FG3M,DEFICIT_FG3A,DEFICIT_FTM,DEFICIT_FTA,DEFICIT_OREB,DEFICIT_DREB,DEFICIT_REB,DEFICIT_AST,DEFICIT_STL,DEFICIT_BLK,DEFICIT_TO,DEFICIT_PF,DEFICIT_FG2M,DEFICIT_FG2A
0,Knicks,6,16,0.375,17,23,0.739,4,22,26,13,10,3,14,18,73,19,57,0.333333333333,0,0.390625,0.503448275862,0.3,0.390243902439,0.435897435897,0.46,0.363636363636,0.360655737705,0.361111111111,0.371428571429,0.526315789474,0.5,0.466666666667,0.486486486486,0.431818181818,0.548076923077
1,Celtics,14,25,0.56,22,27,0.815,7,39,46,22,9,3,16,19,114,25,47,0.531914893617,1,0.609375,0.496551724138,0.7,0.609756097561,0.564102564103,0.54,0.636363636364,0.639344262295,0.638888888889,0.628571428571,0.473684210526,0.5,0.533333333333,0.513513513514,0.568181818182,0.451923076923
