,TEAM_NAME,FG3M,FG3A,FG3_PCT,FTM,FTA,FT_PCT,OREB,DREB,REB,AST,STL,BLK,TO,PF,PTS,FG2M,FG2A,FG2_PCT,OUTCOME,DEFICIT_FGM,DEFICIT_FGA,DEFICIT_FG3M,DEFICIT_FG3A,DEFICIT_FTM,DEFICIT_FTA,DEFICIT_OREB,DEFICIT_DREB,DEFICIT_REB,DEFICIT_AST,DEFICIT_STL,DEFICIT_BLK,DEFICIT_TO,DEFICIT_PF,DEFICIT_FG2M,DEFICIT_FG2A
0,Thunder,5,13,0.385,19,20,0.95,10,36,46,27,6,8,18,24,118,42,64,0.65625,1,0.58024691358,0.475308641975,0.416666666667,0.382352941176,0.5,0.487804878049,0.526315789474,0.642857142857,0.613333333333,0.675,0.4,0.666666666667,0.58064516129,0.571428571429,0.608695652174,0.5
1,Pacers,7,21,0.333,19,21,0.905,9,20,29,13,9,4,13,18,94,27,64,0.421875,0,0.41975308642,0.524691358025,0.583333333333,0.617647058824,0.5,0.512195121951,0.473684210526,0.357142857143,0.386666666667,0.325,0.6,0.333333333333,0.41935483871,0.428571428571,0.391304347826,0.5
