,TEAM_NAME,FG3M,FG3A,FG3_PCT,FTM,FTA,FT_PCT,OREB,DREB,REB,AST,STL,BLK,TO,PF,PTS,FG2M,FG2A,FG2_PCT,OUTCOME,DEFICIT_FGM,DEFICIT_FGA,DEFICIT_FG3M,DEFICIT_FG3A,DEFICIT_FTM,DEFICIT_FTA,DEFICIT_OREB,DEFICIT_DREB,DEFICIT_REB,DEFICIT_AST,DEFICIT_STL,DEFICIT_BLK,DEFICIT_TO,DEFICIT_PF,DEFICIT_FG2M,DEFICIT_FG2A
0,Knicks,7,17,0.412,21,26,0.808,9,25,34,13,8,2,11,25,86,22,67,0.328358208955,0,0.432835820896,0.521739130435,0.636363636364,0.435897435897,0.488372093023,0.490566037736,0.45,0.367647058824,0.386363636364,0.361111111111,0.533333333333,0.333333333333,0.392857142857,0.510204081633,0.392857142857,0.549180327869
1,Pacers,4,22,0.182,22,27,0.815,11,43,54,23,7,4,17,24,102,34,55,0.618181818182,1,0.567164179104,0.478260869565,0.363636363636,0.564102564103,0.511627906977,0.509433962264,0.55,0.632352941176,0.613636363636,0.638888888889,0.466666666667,0.666666666667,0.607142857143,0.489795918367,0.607142857143,0.450819672131
