,TEAM_NAME,FG3M,FG3A,FG3_PCT,FTM,FTA,FT_PCT,OREB,DREB,REB,AST,STL,BLK,TO,PF,PTS,FG2M,FG2A,FG2_PCT,OUTCOME,DEFICIT_FGM,DEFICIT_FGA,DEFICIT_FG3M,DEFICIT_FG3A,DEFICIT_FTM,DEFICIT_FTA,DEFICIT_OREB,DEFICIT_DREB,DEFICIT_REB,DEFICIT_AST,DEFICIT_STL,DEFICIT_BLK,DEFICIT_TO,DEFICIT_PF,DEFICIT_FG2M,DEFICIT_FG2A
0,Spurs,7,21,0.333,7,9,0.778,13,34,47,21,11,7,9,13,110,41,74,0.554054054054,1,0.551724137931,0.530726256983,0.411764705882,0.45652173913,0.411764705882,0.36,0.619047619048,0.523076923077,0.546511627907,0.45652173913,0.611111111111,0.7,0.409090909091,0.52,0.585714285714,0.556390977444
1,Rockets,10,25,0.4,10,16,0.625,8,31,39,25,7,3,13,12,98,29,59,0.491525423729,0,0.448275862069,0.469273743017,0.588235294118,0.54347826087,0.588235294118,0.64,0.380952380952,0.476923076923,0.453488372093,0.54347826087,0.388888888889,0.3,0.590909090909,0.48,0.414285714286,0.443609022556
