,TEAM_NAME,FG3M,FG3A,FG3_PCT,FTM,FTA,FT_PCT,OREB,DREB,REB,AST,STL,BLK,TO,PF,PTS,FG2M,FG2A,FG2_PCT,OUTCOME,DEFICIT_FGM,DEFICIT_FGA,DEFICIT_FG3M,DEFICIT_FG3A,DEFICIT_FTM,DEFICIT_FTA,DEFICIT_OREB,DEFICIT_DREB,DEFICIT_REB,DEFICIT_AST,DEFICIT_STL,DEFICIT_BLK,DEFICIT_TO,DEFICIT_PF,DEFICIT_FG2M,DEFICIT_FG2A
0,Nets,7,26,0.269,22,25,0.88,14,33,47,27,7,4,12,20,111,34,61,0.55737704918,0,0.488095238095,0.50289017341,0.388888888889,0.481481481481,0.564102564103,0.5,0.583333333333,0.52380952381,0.540229885057,0.435483870968,0.388888888889,0.5,0.521739130435,0.526315789474,0.515151515152,0.512605042017
1,Hawks,11,28,0.393,17,25,0.68,10,30,40,35,11,4,11,18,114,32,58,0.551724137931,1,0.511904761905,0.49710982659,0.611111111111,0.518518518519,0.435897435897,0.5,0.416666666667,0.47619047619,0.459770114943,0.564516129032,0.611111111111,0.5,0.478260869565,0.473684210526,0.484848484848,0.487394957983
