,TEAM_NAME,FG3M,FG3A,FG3_PCT,FTM,FTA,FT_PCT,OREB,DREB,REB,AST,STL,BLK,TO,PF,PTS,FG2M,FG2A,FG2_PCT,OUTCOME,DEFICIT_FGM,DEFICIT_FGA,DEFICIT_FG3M,DEFICIT_FG3A,DEFICIT_FTM,DEFICIT_FTA,DEFICIT_OREB,DEFICIT_DREB,DEFICIT_REB,DEFICIT_AST,DEFICIT_STL,DEFICIT_BLK,DEFICIT_TO,DEFICIT_PF,DEFICIT_FG2M,DEFICIT_FG2A
0,Pelicans,6,21,0.286,12,18,0.667,12,27,39,13,8,3,12,15,74,22,59,0.372881355932,0,0.383561643836,0.47619047619,0.428571428571,0.552631578947,0.5,0.5625,0.461538461538,0.415384615385,0.428571428571,0.325,0.533333333333,0.5,0.6,0.483870967742,0.372881355932,0.453846153846
1,Grizzlies,8,17,0.471,12,14,0.857,14,38,52,27,7,3,8,16,110,37,71,0.521126760563,1,0.616438356164,0.52380952381,0.571428571429,0.447368421053,0.5,0.4375,0.538461538462,0.584615384615,0.571428571429,0.675,0.466666666667,0.5,0.4,0.516129032258,0.627118644068,0.546153846154
