,TEAM_NAME,FG3M,FG3A,FG3_PCT,FTM,FTA,FT_PCT,OREB,DREB,REB,AST,STL,BLK,TO,PF,PTS,FG2M,FG2A,FG2_PCT,OUTCOME,DEFICIT_FGM,DEFICIT_FGA,DEFICIT_FG3M,DEFICIT_FG3A,DEFICIT_FTM,DEFICIT_FTA,DEFICIT_OREB,DEFICIT_DREB,DEFICIT_REB,DEFICIT_AST,DEFICIT_STL,DEFICIT_BLK,DEFICIT_TO,DEFICIT_PF,DEFICIT_FG2M,DEFICIT_FG2A
0,Magic,8,23,0.348,21,24,0.875,13,31,44,21,8,3,15,19,105,30,59,0.508474576271,1,0.527777777778,0.509316770186,0.4,0.469387755102,0.477272727273,0.436363636364,0.52,0.516666666667,0.517647058824,0.45652173913,0.470588235294,0.428571428571,0.5,0.542857142857,0.576923076923,0.526785714286
1,Bulls,12,26,0.462,23,31,0.742,12,29,41,25,9,4,15,16,103,22,53,0.415094339623,0,0.472222222222,0.490683229814,0.6,0.530612244898,0.522727272727,0.563636363636,0.48,0.483333333333,0.482352941176,0.54347826087,0.529411764706,0.571428571429,0.5,0.457142857143,0.423076923077,0.473214285714
