,TEAM_NAME,FG3M,FG3A,FG3_PCT,FTM,FTA,FT_PCT,OREB,DREB,REB,AST,STL,BLK,TO,PF,PTS,FG2M,FG2A,FG2_PCT,OUTCOME,DEFICIT_FGM,DEFICIT_FGA,DEFICIT_FG3M,DEFICIT_FG3A,DEFICIT_FTM,DEFICIT_FTA,DEFICIT_OREB,DEFICIT_DREB,DEFICIT_REB,DEFICIT_AST,DEFICIT_STL,DEFICIT_BLK,DEFICIT_TO,DEFICIT_PF,DEFICIT_FG2M,DEFICIT_FG2A
0,Pacers,12,29,0.414,16,22,0.727,3,33,36,23,5,3,19,23,98,23,43,0.53488372093,0,0.460526315789,0.444444444444,0.5,0.439393939394,0.571428571429,0.458333333333,0.166666666667,0.5,0.428571428571,0.46,0.357142857143,0.428571428571,0.612903225806,0.53488372093,0.442307692308,0.447916666667
1,Mavericks,12,37,0.324,12,26,0.462,15,33,48,27,9,4,12,20,106,29,53,0.547169811321,1,0.539473684211,0.555555555556,0.5,0.560606060606,0.428571428571,0.541666666667,0.833333333333,0.5,0.571428571429,0.54,0.642857142857,0.571428571429,0.387096774194,0.46511627907,0.557692307692,0.552083333333
