,TEAM_NAME,FG3M,FG3A,FG3_PCT,FTM,FTA,FT_PCT,OREB,DREB,REB,AST,STL,BLK,TO,PF,PTS,FG2M,FG2A,FG2_PCT,OUTCOME,DEFICIT_FGM,DEFICIT_FGA,DEFICIT_FG3M,DEFICIT_FG3A,DEFICIT_FTM,DEFICIT_FTA,DEFICIT_OREB,DEFICIT_DREB,DEFICIT_REB,DEFICIT_AST,DEFICIT_STL,DEFICIT_BLK,DEFICIT_TO,DEFICIT_PF,DEFICIT_FG2M,DEFICIT_FG2A
0,Wizards,2,10,0.2,31,44,0.705,11,35,46,21,9,5,21,21,91,27,58,0.46551724137931033,1,0.4393939393939394,0.4594594594594595,0.25,0.3125,0.775,0.6666666666666666,0.6111111111111112,0.546875,0.5609756097560976,0.45652173913043476,0.47368421052631576,0.4166666666666667,0.5384615384615384,0.42857142857142855,0.46551724137931033,0.5
1,Pistons,6,22,0.273,9,22,0.409,7,29,36,25,10,7,18,28,89,31,58,0.5344827586206896,0,0.5606060606060606,0.5405405405405406,0.75,0.6875,0.225,0.3333333333333333,0.3888888888888889,0.453125,0.43902439024390244,0.5434782608695652,0.5263157894736842,0.5833333333333334,0.46153846153846156,0.5714285714285714,0.5344827586206896,0.5
