,TEAM_NAME,FG3M,FG3A,FG3_PCT,FTM,FTA,FT_PCT,OREB,DREB,REB,AST,STL,BLK,TO,PF,PTS,FG2M,FG2A,FG2_PCT,OUTCOME,DEFICIT_FGM,DEFICIT_FGA,DEFICIT_FG3M,DEFICIT_FG3A,DEFICIT_FTM,DEFICIT_FTA,DEFICIT_OREB,DEFICIT_DREB,DEFICIT_REB,DEFICIT_AST,DEFICIT_STL,DEFICIT_BLK,DEFICIT_TO,DEFICIT_PF,DEFICIT_FG2M,DEFICIT_FG2A
0,Wizards,2,10,0.2,31,44,0.705,11,35,46,21,9,5,21,21,91,27,58,0.465517241379,1,0.439393939394,0.459459459459,0.25,0.3125,0.775,0.666666666667,0.611111111111,0.546875,0.560975609756,0.45652173913,0.473684210526,0.416666666667,0.538461538462,0.428571428571,0.465517241379,0.5
1,Pistons,6,22,0.273,9,22,0.409,7,29,36,25,10,7,18,28,89,31,58,0.534482758621,0,0.560606060606,0.540540540541,0.75,0.6875,0.225,0.333333333333,0.388888888889,0.453125,0.439024390244,0.54347826087,0.526315789474,0.583333333333,0.461538461538,0.571428571429,0.534482758621,0.5
