,TEAM_NAME,FG3M,FG3A,FG3_PCT,FTM,FTA,FT_PCT,OREB,DREB,REB,AST,STL,BLK,TO,PF,PTS,FG2M,FG2A,FG2_PCT,OUTCOME,DEFICIT_FGM,DEFICIT_FGA,DEFICIT_FG3M,DEFICIT_FG3A,DEFICIT_FTM,DEFICIT_FTA,DEFICIT_OREB,DEFICIT_DREB,DEFICIT_REB,DEFICIT_AST,DEFICIT_STL,DEFICIT_BLK,DEFICIT_TO,DEFICIT_PF,DEFICIT_FG2M,DEFICIT_FG2A
0,Pacers,12,29,0.414,16,22,0.727,3,33,36,23,5,3,19,23,98,23,43,0.5348837209302325,0,0.4605263157894737,0.4444444444444444,0.5,0.4393939393939394,0.5714285714285714,0.4583333333333333,0.16666666666666666,0.5,0.42857142857142855,0.46,0.35714285714285715,0.42857142857142855,0.6129032258064516,0.5348837209302325,0.4423076923076923,0.4479166666666667
1,Mavericks,12,37,0.324,12,26,0.462,15,33,48,27,9,4,12,20,106,29,53,0.5471698113207547,1,0.5394736842105263,0.5555555555555556,0.5,0.5606060606060606,0.42857142857142855,0.5416666666666666,0.8333333333333334,0.5,0.5714285714285714,0.54,0.6428571428571429,0.5714285714285714,0.3870967741935484,0.46511627906976744,0.5576923076923077,0.5520833333333334
