,TEAM_NAME,FG3M,FG3A,FG3_PCT,FTM,FTA,FT_PCT,OREB,DREB,REB,AST,STL,BLK,TO,PF,PTS,FG2M,FG2A,FG2_PCT,OUTCOME,DEFICIT_FGM,DEFICIT_FGA,DEFICIT_FG3M,DEFICIT_FG3A,DEFICIT_FTM,DEFICIT_FTA,DEFICIT_OREB,DEFICIT_DREB,DEFICIT_REB,DEFICIT_AST,DEFICIT_STL,DEFICIT_BLK,DEFICIT_TO,DEFICIT_PF,DEFICIT_FG2M,DEFICIT_FG2A
0,Kings,5,13,0.385,22,36,0.611,7,36,43,17,8,4,11,22,95,29,67,0.432835820896,0,0.485714285714,0.496894409938,0.416666666667,0.393939393939,0.55,0.545454545455,0.5,0.493150684932,0.494252873563,0.447368421053,0.571428571429,0.4,0.407407407407,0.468085106383,0.5,0.5234375
1,Nets,7,20,0.35,18,30,0.6,7,37,44,21,6,6,16,25,97,29,61,0.475409836066,1,0.514285714286,0.503105590062,0.583333333333,0.606060606061,0.45,0.454545454545,0.5,0.506849315068,0.505747126437,0.552631578947,0.428571428571,0.6,0.592592592593,0.531914893617,0.5,0.4765625
