,TEAM_NAME,FG3M,FG3A,FG3_PCT,FTM,FTA,FT_PCT,OREB,DREB,REB,AST,STL,BLK,TO,PF,PTS,FG2M,FG2A,FG2_PCT,OUTCOME,DEFICIT_FGM,DEFICIT_FGA,DEFICIT_FG3M,DEFICIT_FG3A,DEFICIT_FTM,DEFICIT_FTA,DEFICIT_OREB,DEFICIT_DREB,DEFICIT_REB,DEFICIT_AST,DEFICIT_STL,DEFICIT_BLK,DEFICIT_TO,DEFICIT_PF,DEFICIT_FG2M,DEFICIT_FG2A
0,Heat,9,22,0.409,16,21,0.762,11,37,48,24,11,5,12,16,109,33,64,0.515625,1,0.5675675675675675,0.5212121212121212,0.47368421052631576,0.3793103448275862,0.5161290322580645,0.5384615384615384,0.7857142857142857,0.5441176470588235,0.5853658536585366,0.5454545454545454,0.55,0.625,0.41379310344827586,0.41025641025641024,0.6,0.5981308411214953
1,Rockets,10,36,0.278,15,18,0.833,3,31,34,20,9,3,17,23,89,22,43,0.5116279069767442,0,0.43243243243243246,0.47878787878787876,0.5263157894736842,0.6206896551724138,0.4838709677419355,0.46153846153846156,0.21428571428571427,0.45588235294117646,0.4146341463414634,0.45454545454545453,0.45,0.375,0.5862068965517241,0.5897435897435898,0.4,0.40186915887850466
