,TEAM_NAME,FG3M,FG3A,FG3_PCT,FTM,FTA,FT_PCT,OREB,DREB,REB,AST,STL,BLK,TO,PF,PTS,FG2M,FG2A,FG2_PCT,OUTCOME,DEFICIT_FGM,DEFICIT_FGA,DEFICIT_FG3M,DEFICIT_FG3A,DEFICIT_FTM,DEFICIT_FTA,DEFICIT_OREB,DEFICIT_DREB,DEFICIT_REB,DEFICIT_AST,DEFICIT_STL,DEFICIT_BLK,DEFICIT_TO,DEFICIT_PF,DEFICIT_FG2M,DEFICIT_FG2A
0,Spurs,5,19,0.263,18,25,0.72,10,41,51,22,10,6,18,16,95,31,64,0.484375,1,0.5070422535211268,0.4585635359116022,0.45454545454545453,0.3958333333333333,0.6206896551724138,0.6410256410256411,0.38461538461538464,0.5857142857142857,0.53125,0.5116279069767442,0.5,0.5454545454545454,0.5294117647058824,0.41025641025641024,0.5166666666666667,0.48120300751879697
1,Celtics,6,29,0.207,11,14,0.786,16,29,45,21,10,5,16,23,87,29,69,0.42028985507246375,0,0.49295774647887325,0.5414364640883977,0.5454545454545454,0.6041666666666666,0.3793103448275862,0.358974358974359,0.6153846153846154,0.4142857142857143,0.46875,0.4883720930232558,0.5,0.45454545454545453,0.47058823529411764,0.5897435897435898,0.48333333333333334,0.518796992481203
