,TEAM_NAME,FG3M,FG3A,FG3_PCT,FTM,FTA,FT_PCT,OREB,DREB,REB,AST,STL,BLK,TO,PF,PTS,FG2M,FG2A,FG2_PCT,OUTCOME,DEFICIT_FGM,DEFICIT_FGA,DEFICIT_FG3M,DEFICIT_FG3A,DEFICIT_FTM,DEFICIT_FTA,DEFICIT_OREB,DEFICIT_DREB,DEFICIT_REB,DEFICIT_AST,DEFICIT_STL,DEFICIT_BLK,DEFICIT_TO,DEFICIT_PF,DEFICIT_FG2M,DEFICIT_FG2A
0,Spurs,5,19,0.263,18,25,0.72,10,41,51,22,10,6,18,16,95,31,64,0.484375,1,0.507042253521,0.458563535912,0.454545454545,0.395833333333,0.620689655172,0.641025641026,0.384615384615,0.585714285714,0.53125,0.511627906977,0.5,0.545454545455,0.529411764706,0.410256410256,0.516666666667,0.481203007519
1,Celtics,6,29,0.207,11,14,0.786,16,29,45,21,10,5,16,23,87,29,69,0.420289855072,0,0.492957746479,0.541436464088,0.545454545455,0.604166666667,0.379310344828,0.358974358974,0.615384615385,0.414285714286,0.46875,0.488372093023,0.5,0.454545454545,0.470588235294,0.589743589744,0.483333333333,0.518796992481
