,TEAM_NAME,FG3M,FG3A,FG3_PCT,FTM,FTA,FT_PCT,OREB,DREB,REB,AST,STL,BLK,TO,PF,PTS,FG2M,FG2A,FG2_PCT,OUTCOME,DEFICIT_FGM,DEFICIT_FGA,DEFICIT_FG3M,DEFICIT_FG3A,DEFICIT_FTM,DEFICIT_FTA,DEFICIT_OREB,DEFICIT_DREB,DEFICIT_REB,DEFICIT_AST,DEFICIT_STL,DEFICIT_BLK,DEFICIT_TO,DEFICIT_PF,DEFICIT_FG2M,DEFICIT_FG2A
0,Suns,7,25,0.28,21,27,0.778,12,34,46,19,7,6,19,16,102,30,56,0.535714285714,1,0.5,0.479289940828,0.7,0.555555555556,0.525,0.551020408163,0.48,0.523076923077,0.511111111111,0.463414634146,0.4375,0.545454545455,0.527777777778,0.432432432432,0.46875,0.451612903226
1,Bucks,3,20,0.15,19,22,0.864,13,31,44,22,9,5,17,21,96,34,68,0.5,0,0.5,0.520710059172,0.3,0.444444444444,0.475,0.448979591837,0.52,0.476923076923,0.488888888889,0.536585365854,0.5625,0.454545454545,0.472222222222,0.567567567568,0.53125,0.548387096774
