,TEAM_NAME,FG3M,FG3A,FG3_PCT,FTM,FTA,FT_PCT,OREB,DREB,REB,AST,STL,BLK,TO,PF,PTS,FG2M,FG2A,FG2_PCT,OUTCOME,DEFICIT_FGM,DEFICIT_FGA,DEFICIT_FG3M,DEFICIT_FG3A,DEFICIT_FTM,DEFICIT_FTA,DEFICIT_OREB,DEFICIT_DREB,DEFICIT_REB,DEFICIT_AST,DEFICIT_STL,DEFICIT_BLK,DEFICIT_TO,DEFICIT_PF,DEFICIT_FG2M,DEFICIT_FG2A
0,Spurs,9,21,0.429,23,34,0.676,13,28,41,24,6,6,17,21,104,27,58,0.46551724137931033,0,0.4675324675324675,0.4759036144578313,0.75,0.525,0.5348837209302325,0.5483870967741935,0.4642857142857143,0.4827586206896552,0.47674418604651164,0.5581395348837209,0.375,0.6666666666666666,0.5483870967741935,0.42857142857142855,0.4153846153846154,0.4603174603174603
1,Pistons,3,19,0.158,20,28,0.714,15,30,45,19,10,3,14,28,105,38,68,0.5588235294117647,1,0.5324675324675324,0.5240963855421686,0.25,0.475,0.46511627906976744,0.45161290322580644,0.5357142857142857,0.5172413793103449,0.5232558139534884,0.4418604651162791,0.625,0.3333333333333333,0.45161290322580644,0.5714285714285714,0.5846153846153846,0.5396825396825397
