,TEAM_NAME,FG3M,FG3A,FG3_PCT,FTM,FTA,FT_PCT,OREB,DREB,REB,AST,STL,BLK,TO,PF,PTS,FG2M,FG2A,FG2_PCT,OUTCOME,DEFICIT_FGM,DEFICIT_FGA,DEFICIT_FG3M,DEFICIT_FG3A,DEFICIT_FTM,DEFICIT_FTA,DEFICIT_OREB,DEFICIT_DREB,DEFICIT_REB,DEFICIT_AST,DEFICIT_STL,DEFICIT_BLK,DEFICIT_TO,DEFICIT_PF,DEFICIT_FG2M,DEFICIT_FG2A
0,Nuggets,12,31,0.387,17,22,0.773,11,39,50,24,11,4,18,18,119,33,54,0.611111111111,1,0.569620253165,0.512048192771,0.5,0.484375,0.472222222222,0.488888888889,0.55,0.609375,0.595238095238,0.558139534884,0.5,0.666666666667,0.5,0.439024390244,0.6,0.529411764706
1,Celtics,12,33,0.364,19,23,0.826,9,25,34,19,11,2,18,23,99,22,48,0.458333333333,0,0.430379746835,0.487951807229,0.5,0.515625,0.527777777778,0.511111111111,0.45,0.390625,0.404761904762,0.441860465116,0.5,0.333333333333,0.5,0.560975609756,0.4,0.470588235294
