,TEAM_NAME,FG3M,FG3A,FG3_PCT,FTM,FTA,FT_PCT,OREB,DREB,REB,AST,STL,BLK,TO,PF,PTS,FG2M,FG2A,FG2_PCT,OUTCOME,DEFICIT_FGM,DEFICIT_FGA,DEFICIT_FG3M,DEFICIT_FG3A,DEFICIT_FTM,DEFICIT_FTA,DEFICIT_OREB,DEFICIT_DREB,DEFICIT_REB,DEFICIT_AST,DEFICIT_STL,DEFICIT_BLK,DEFICIT_TO,DEFICIT_PF,DEFICIT_FG2M,DEFICIT_FG2A
0,76ers,6,23,0.261,20,25,0.8,15,37,52,20,8,6,19,19,96,29,59,0.491525423729,1,0.5,0.493975903614,0.461538461538,0.5,0.645161290323,0.555555555556,0.535714285714,0.55223880597,0.547368421053,0.487804878049,0.421052631579,0.5,0.575757575758,0.463414634146,0.508771929825,0.491666666667
1,Magic,7,23,0.304,11,20,0.55,13,30,43,21,11,6,14,22,88,28,61,0.459016393443,0,0.5,0.506024096386,0.538461538462,0.5,0.354838709677,0.444444444444,0.464285714286,0.44776119403,0.452631578947,0.512195121951,0.578947368421,0.5,0.424242424242,0.536585365854,0.491228070175,0.508333333333
