,TEAM_NAME,FG3M,FG3A,FG3_PCT,FTM,FTA,FT_PCT,OREB,DREB,REB,AST,STL,BLK,TO,PF,PTS,FG2M,FG2A,FG2_PCT,OUTCOME,DEFICIT_FGM,DEFICIT_FGA,DEFICIT_FG3M,DEFICIT_FG3A,DEFICIT_FTM,DEFICIT_FTA,DEFICIT_OREB,DEFICIT_DREB,DEFICIT_REB,DEFICIT_AST,DEFICIT_STL,DEFICIT_BLK,DEFICIT_TO,DEFICIT_PF,DEFICIT_FG2M,DEFICIT_FG2A
0,Heat,6,21,0.286,20,26,0.769,6,32,38,18,9,3,8,14,100,31,57,0.543859649122807,1,0.5285714285714286,0.484472049689441,0.5,0.4772727272727273,0.625,0.6341463414634146,0.3,0.5333333333333333,0.475,0.45,0.6,0.42857142857142855,0.34782608695652173,0.4375,0.5344827586206896,0.48717948717948717
1,Celtics,6,23,0.261,12,15,0.8,14,28,42,22,6,4,15,18,84,27,60,0.45,0,0.4714285714285714,0.515527950310559,0.5,0.5227272727272727,0.375,0.36585365853658536,0.7,0.4666666666666667,0.525,0.55,0.4,0.5714285714285714,0.6521739130434783,0.5625,0.46551724137931033,0.5128205128205128
