,TEAM_NAME,FG3M,FG3A,FG3_PCT,FTM,FTA,FT_PCT,OREB,DREB,REB,AST,STL,BLK,TO,PF,PTS,FG2M,FG2A,FG2_PCT,OUTCOME,DEFICIT_FGM,DEFICIT_FGA,DEFICIT_FG3M,DEFICIT_FG3A,DEFICIT_FTM,DEFICIT_FTA,DEFICIT_OREB,DEFICIT_DREB,DEFICIT_REB,DEFICIT_AST,DEFICIT_STL,DEFICIT_BLK,DEFICIT_TO,DEFICIT_PF,DEFICIT_FG2M,DEFICIT_FG2A
0,Kings,7,23,0.304,25,36,0.694,10,34,44,15,8,7,14,25,108,31,56,0.5535714285714286,1,0.5352112676056338,0.4759036144578313,0.4117647058823529,0.46938775510204084,0.5,0.5454545454545454,0.35714285714285715,0.5396825396825397,0.4835164835164835,0.5172413793103449,0.5,0.7777777777777778,0.4666666666666667,0.46296296296296297,0.5740740740740741,0.47863247863247865
1,Lakers,10,26,0.385,25,30,0.833,18,29,47,14,8,2,16,29,101,23,61,0.3770491803278688,0,0.4647887323943662,0.5240963855421686,0.5882352941176471,0.5306122448979592,0.5,0.45454545454545453,0.6428571428571429,0.4603174603174603,0.5164835164835165,0.4827586206896552,0.5,0.2222222222222222,0.5333333333333333,0.5370370370370371,0.42592592592592593,0.5213675213675214
