,TEAM_NAME,FG3M,FG3A,FG3_PCT,FTM,FTA,FT_PCT,OREB,DREB,REB,AST,STL,BLK,TO,PF,PTS,FG2M,FG2A,FG2_PCT,OUTCOME,DEFICIT_FGM,DEFICIT_FGA,DEFICIT_FG3M,DEFICIT_FG3A,DEFICIT_FTM,DEFICIT_FTA,DEFICIT_OREB,DEFICIT_DREB,DEFICIT_REB,DEFICIT_AST,DEFICIT_STL,DEFICIT_BLK,DEFICIT_TO,DEFICIT_PF,DEFICIT_FG2M,DEFICIT_FG2A
0,Pistons,9,27,0.333,16,26,0.615,18,32,50,26,10,6,13,22,105,31,64,0.484375,0,0.5,0.5449101796407185,0.5294117647058824,0.574468085106383,0.42105263157894735,0.4727272727272727,0.8571428571428571,0.48484848484848486,0.5747126436781609,0.4727272727272727,0.5263157894736842,0.6,0.4642857142857143,0.55,0.49206349206349204,0.5333333333333333
1,Nets,8,20,0.4,22,29,0.759,3,34,37,29,9,4,15,18,110,32,56,0.5714285714285714,1,0.5,0.4550898203592814,0.47058823529411764,0.425531914893617,0.5789473684210527,0.5272727272727272,0.14285714285714285,0.5151515151515151,0.42528735632183906,0.5272727272727272,0.47368421052631576,0.4,0.5357142857142857,0.45,0.5079365079365079,0.4666666666666667
