,TEAM_NAME,FG3M,FG3A,FG3_PCT,FTM,FTA,FT_PCT,OREB,DREB,REB,AST,STL,BLK,TO,PF,PTS,FG2M,FG2A,FG2_PCT,OUTCOME,DEFICIT_FGM,DEFICIT_FGA,DEFICIT_FG3M,DEFICIT_FG3A,DEFICIT_FTM,DEFICIT_FTA,DEFICIT_OREB,DEFICIT_DREB,DEFICIT_REB,DEFICIT_AST,DEFICIT_STL,DEFICIT_BLK,DEFICIT_TO,DEFICIT_PF,DEFICIT_FG2M,DEFICIT_FG2A
0,Timberwolves,5,11,0.455,19,24,0.792,9,34,43,23,8,1,16,19,96,31,66,0.4696969696969697,0,0.46153846153846156,0.4782608695652174,0.45454545454545453,0.36666666666666664,0.6551724137931034,0.631578947368421,0.5294117647058824,0.5483870967741935,0.5443037974683544,0.4791666666666667,0.47058823529411764,0.14285714285714285,0.5517241379310345,0.5277777777777778,0.4626865671641791,0.5038167938931297
1,Pacers,6,19,0.316,10,14,0.714,8,28,36,25,9,6,13,17,100,36,65,0.5538461538461539,1,0.5384615384615384,0.5217391304347826,0.5454545454545454,0.6333333333333333,0.3448275862068966,0.3684210526315789,0.47058823529411764,0.45161290322580644,0.45569620253164556,0.5208333333333334,0.5294117647058824,0.8571428571428571,0.4482758620689655,0.4722222222222222,0.5373134328358209,0.4961832061068702
