,TEAM_NAME,FG3M,FG3A,FG3_PCT,FTM,FTA,FT_PCT,OREB,DREB,REB,AST,STL,BLK,TO,PF,PTS,FG2M,FG2A,FG2_PCT,OUTCOME,DEFICIT_FGM,DEFICIT_FGA,DEFICIT_FG3M,DEFICIT_FG3A,DEFICIT_FTM,DEFICIT_FTA,DEFICIT_OREB,DEFICIT_DREB,DEFICIT_REB,DEFICIT_AST,DEFICIT_STL,DEFICIT_BLK,DEFICIT_TO,DEFICIT_PF,DEFICIT_FG2M,DEFICIT_FG2A
0,Grizzlies,1,16,0.063,12,15,0.8,12,26,38,25,8,3,9,16,91,38,70,0.5428571428571428,0,0.4588235294117647,0.5308641975308642,0.125,0.5333333333333333,0.6666666666666666,0.6,0.75,0.4727272727272727,0.5352112676056338,0.423728813559322,0.8,0.42857142857142855,0.391304347826087,0.45714285714285713,0.4935064935064935,0.5303030303030303
1,Cavaliers,7,14,0.5,6,10,0.6,4,29,33,34,2,4,14,19,105,39,62,0.6290322580645161,1,0.5411764705882353,0.4691358024691358,0.875,0.4666666666666667,0.3333333333333333,0.4,0.25,0.5272727272727272,0.4647887323943662,0.576271186440678,0.2,0.5714285714285714,0.6086956521739131,0.5428571428571428,0.5064935064935064,0.4696969696969697
