,TEAM_NAME,FG3M,FG3A,FG3_PCT,FTM,FTA,FT_PCT,OREB,DREB,REB,AST,STL,BLK,TO,PF,PTS,FG2M,FG2A,FG2_PCT,OUTCOME,DEFICIT_FGM,DEFICIT_FGA,DEFICIT_FG3M,DEFICIT_FG3A,DEFICIT_FTM,DEFICIT_FTA,DEFICIT_OREB,DEFICIT_DREB,DEFICIT_REB,DEFICIT_AST,DEFICIT_STL,DEFICIT_BLK,DEFICIT_TO,DEFICIT_PF,DEFICIT_FG2M,DEFICIT_FG2A
0,Wizards,3,14,0.214,21,29,0.724,15,27,42,11,11,4,11,23,92,31,69,0.449275362319,0,0.459459459459,0.515527950311,0.333333333333,0.451612903226,0.538461538462,0.537037037037,0.555555555556,0.45,0.48275862069,0.458333333333,0.785714285714,0.333333333333,0.392857142857,0.489361702128,0.476923076923,0.530769230769
1,Suns,6,17,0.353,18,25,0.72,12,33,45,13,3,8,17,24,104,34,61,0.55737704918,1,0.540540540541,0.484472049689,0.666666666667,0.548387096774,0.461538461538,0.462962962963,0.444444444444,0.55,0.51724137931,0.541666666667,0.214285714286,0.666666666667,0.607142857143,0.510638297872,0.523076923077,0.469230769231
