,TEAM_NAME,FG3M,FG3A,FG3_PCT,FTM,FTA,FT_PCT,OREB,DREB,REB,AST,STL,BLK,TO,PF,PTS,FG2M,FG2A,FG2_PCT,OUTCOME,DEFICIT_FGM,DEFICIT_FGA,DEFICIT_FG3M,DEFICIT_FG3A,DEFICIT_FTM,DEFICIT_FTA,DEFICIT_OREB,DEFICIT_DREB,DEFICIT_REB,DEFICIT_AST,DEFICIT_STL,DEFICIT_BLK,DEFICIT_TO,DEFICIT_PF,DEFICIT_FG2M,DEFICIT_FG2A
0,Raptors,14,33,0.424,20,27,0.741,16,27,43,24,7,4,10,24,118,28,53,0.5283018867924528,1,0.5121951219512195,0.5119047619047619,0.7368421052631579,0.7021276595744681,0.46511627906976744,0.5094339622641509,0.6666666666666666,0.5294117647058824,0.5733333333333334,0.47058823529411764,0.5384615384615384,0.4444444444444444,0.47619047619047616,0.5217391304347826,0.4444444444444444,0.4380165289256198
1,Knicks,5,14,0.357,23,26,0.885,8,24,32,27,6,5,11,22,108,35,68,0.5147058823529411,0,0.4878048780487805,0.4880952380952381,0.2631578947368421,0.2978723404255319,0.5348837209302325,0.49056603773584906,0.3333333333333333,0.47058823529411764,0.4266666666666667,0.5294117647058824,0.46153846153846156,0.5555555555555556,0.5238095238095238,0.4782608695652174,0.5555555555555556,0.5619834710743802
