,TEAM_NAME,FG3M,FG3A,FG3_PCT,FTM,FTA,FT_PCT,OREB,DREB,REB,AST,STL,BLK,TO,PF,PTS,FG2M,FG2A,FG2_PCT,OUTCOME,DEFICIT_FGM,DEFICIT_FGA,DEFICIT_FG3M,DEFICIT_FG3A,DEFICIT_FTM,DEFICIT_FTA,DEFICIT_OREB,DEFICIT_DREB,DEFICIT_REB,DEFICIT_AST,DEFICIT_STL,DEFICIT_BLK,DEFICIT_TO,DEFICIT_PF,DEFICIT_FG2M,DEFICIT_FG2A
0,Thunder,10,22,0.455,13,16,0.813,4,45,49,28,6,5,10,24,117,37,60,0.616666666667,1,0.602564102564,0.491017964072,0.588235294118,0.44,0.433333333333,0.340425531915,0.266666666667,0.625,0.563218390805,0.777777777778,0.6,0.555555555556,0.526315789474,0.631578947368,0.606557377049,0.512820512821
1,Rockets,7,28,0.25,17,31,0.548,11,27,38,8,4,4,9,14,86,24,57,0.421052631579,0,0.397435897436,0.508982035928,0.411764705882,0.56,0.566666666667,0.659574468085,0.733333333333,0.375,0.436781609195,0.222222222222,0.4,0.444444444444,0.473684210526,0.368421052632,0.393442622951,0.487179487179
