,TEAM_NAME,FG3M,FG3A,FG3_PCT,FTM,FTA,FT_PCT,OREB,DREB,REB,AST,STL,BLK,TO,PF,PTS,FG2M,FG2A,FG2_PCT,OUTCOME,DEFICIT_FGM,DEFICIT_FGA,DEFICIT_FG3M,DEFICIT_FG3A,DEFICIT_FTM,DEFICIT_FTA,DEFICIT_OREB,DEFICIT_DREB,DEFICIT_REB,DEFICIT_AST,DEFICIT_STL,DEFICIT_BLK,DEFICIT_TO,DEFICIT_PF,DEFICIT_FG2M,DEFICIT_FG2A
0,Spurs,8,24,0.333,16,19,0.842,10,34,44,29,5,4,4,17,112,36,70,0.514285714286,1,0.517647058824,0.508108108108,0.533333333333,0.631578947368,0.516129032258,0.487179487179,0.384615384615,0.492753623188,0.463157894737,0.591836734694,0.625,0.4,0.363636363636,0.485714285714,0.514285714286,0.47619047619
1,Kings,7,14,0.5,15,20,0.75,16,35,51,20,3,6,7,18,104,34,77,0.441558441558,0,0.482352941176,0.491891891892,0.466666666667,0.368421052632,0.483870967742,0.512820512821,0.615384615385,0.507246376812,0.536842105263,0.408163265306,0.375,0.6,0.636363636364,0.514285714286,0.485714285714,0.52380952381
