,TEAM_NAME,FG3M,FG3A,FG3_PCT,FTM,FTA,FT_PCT,OREB,DREB,REB,AST,STL,BLK,TO,PF,PTS,FG2M,FG2A,FG2_PCT,OUTCOME,DEFICIT_FGM,DEFICIT_FGA,DEFICIT_FG3M,DEFICIT_FG3A,DEFICIT_FTM,DEFICIT_FTA,DEFICIT_OREB,DEFICIT_DREB,DEFICIT_REB,DEFICIT_AST,DEFICIT_STL,DEFICIT_BLK,DEFICIT_TO,DEFICIT_PF,DEFICIT_FG2M,DEFICIT_FG2A
0,Rockets,11,31,0.355,14,21,0.667,9,38,47,16,5,4,17,21,93,23,50,0.46,1,0.515151515152,0.48502994012,0.5,0.5,0.451612903226,0.512195121951,0.409090909091,0.558823529412,0.522222222222,0.484848484848,0.384615384615,0.571428571429,0.653846153846,0.552631578947,0.522727272727,0.47619047619
1,Mavericks,11,31,0.355,17,20,0.85,13,30,43,17,8,3,9,17,92,21,55,0.381818181818,0,0.484848484848,0.51497005988,0.5,0.5,0.548387096774,0.487804878049,0.590909090909,0.441176470588,0.477777777778,0.515151515152,0.615384615385,0.428571428571,0.346153846154,0.447368421053,0.477272727273,0.52380952381
