,TEAM_NAME,FG3M,FG3A,FG3_PCT,FTM,FTA,FT_PCT,OREB,DREB,REB,AST,STL,BLK,TO,PF,PTS,FG2M,FG2A,FG2_PCT,OUTCOME,DEFICIT_FGM,DEFICIT_FGA,DEFICIT_FG3M,DEFICIT_FG3A,DEFICIT_FTM,DEFICIT_FTA,DEFICIT_OREB,DEFICIT_DREB,DEFICIT_REB,DEFICIT_AST,DEFICIT_STL,DEFICIT_BLK,DEFICIT_TO,DEFICIT_PF,DEFICIT_FG2M,DEFICIT_FG2A
0,Spurs,10,18,0.556,22,26,0.846,14,30,44,20,4,5,15,26,106,27,64,0.421875,1,0.5,0.506172839506,0.588235294118,0.473684210526,0.55,0.5,0.7,0.5,0.55,0.512820512821,0.363636363636,0.454545454545,0.555555555556,0.52,0.473684210526,0.516129032258
1,Heat,7,20,0.35,18,26,0.692,6,30,36,19,7,6,12,24,99,30,60,0.5,0,0.5,0.493827160494,0.411764705882,0.526315789474,0.45,0.5,0.3,0.5,0.45,0.487179487179,0.636363636364,0.545454545455,0.444444444444,0.48,0.526315789474,0.483870967742
