,TEAM_NAME,FG3M,FG3A,FG3_PCT,FTM,FTA,FT_PCT,OREB,DREB,REB,AST,STL,BLK,TO,PF,PTS,FG2M,FG2A,FG2_PCT,OUTCOME,DEFICIT_FGM,DEFICIT_FGA,DEFICIT_FG3M,DEFICIT_FG3A,DEFICIT_FTM,DEFICIT_FTA,DEFICIT_OREB,DEFICIT_DREB,DEFICIT_REB,DEFICIT_AST,DEFICIT_STL,DEFICIT_BLK,DEFICIT_TO,DEFICIT_PF,DEFICIT_FG2M,DEFICIT_FG2A
0,Wizards,5,25,0.2,22,25,0.88,8,32,40,19,8,4,14,23,103,33,61,0.540983606557,0,0.493506493506,0.494252873563,0.25,0.446428571429,0.536585365854,0.490196078431,0.421052631579,0.470588235294,0.459770114943,0.441860465116,0.470588235294,0.666666666667,0.5,0.469387755102,0.578947368421,0.516949152542
1,Grizzlies,15,31,0.484,19,26,0.731,11,36,47,24,9,2,14,26,112,24,57,0.421052631579,1,0.506493506494,0.505747126437,0.75,0.553571428571,0.463414634146,0.509803921569,0.578947368421,0.529411764706,0.540229885057,0.558139534884,0.529411764706,0.333333333333,0.5,0.530612244898,0.421052631579,0.483050847458
