,TEAM_NAME,FG3M,FG3A,FG3_PCT,FTM,FTA,FT_PCT,OREB,DREB,REB,AST,STL,BLK,TO,PF,PTS,FG2M,FG2A,FG2_PCT,OUTCOME,DEFICIT_FGM,DEFICIT_FGA,DEFICIT_FG3M,DEFICIT_FG3A,DEFICIT_FTM,DEFICIT_FTA,DEFICIT_OREB,DEFICIT_DREB,DEFICIT_REB,DEFICIT_AST,DEFICIT_STL,DEFICIT_BLK,DEFICIT_TO,DEFICIT_PF,DEFICIT_FG2M,DEFICIT_FG2A
0,Warriors,12,37,0.324,11,14,0.786,11,40,51,29,19,7,12,19,117,35,67,0.522388059701,1,0.552941176471,0.547368421053,0.48,0.513888888889,0.478260869565,0.466666666667,0.611111111111,0.506329113924,0.525773195876,0.56862745098,0.76,0.538461538462,0.315789473684,0.558823529412,0.583333333333,0.567796610169
1,Nets,13,35,0.371,12,16,0.75,7,39,46,22,6,6,26,15,101,25,51,0.490196078431,0,0.447058823529,0.452631578947,0.52,0.486111111111,0.521739130435,0.533333333333,0.388888888889,0.493670886076,0.474226804124,0.43137254902,0.24,0.461538461538,0.684210526316,0.441176470588,0.416666666667,0.432203389831
