,TEAM_NAME,FG3M,FG3A,FG3_PCT,FTM,FTA,FT_PCT,OREB,DREB,REB,AST,STL,BLK,TO,PF,PTS,FG2M,FG2A,FG2_PCT,OUTCOME,DEFICIT_FGM,DEFICIT_FGA,DEFICIT_FG3M,DEFICIT_FG3A,DEFICIT_FTM,DEFICIT_FTA,DEFICIT_OREB,DEFICIT_DREB,DEFICIT_REB,DEFICIT_AST,DEFICIT_STL,DEFICIT_BLK,DEFICIT_TO,DEFICIT_PF,DEFICIT_FG2M,DEFICIT_FG2A
0,Trail Blazers,11,27,0.407,13,17,0.765,11,37,48,27,6,3,16,12,108,31,61,0.508196721311,1,0.518518518519,0.497175141243,0.647058823529,0.54,0.52,0.485714285714,0.52380952381,0.536231884058,0.533333333333,0.613636363636,0.4,0.6,0.571428571429,0.363636363636,0.484375,0.48031496063
1,Cavaliers,6,23,0.261,12,18,0.667,10,32,42,17,9,2,12,21,96,33,66,0.5,0,0.481481481481,0.502824858757,0.352941176471,0.46,0.48,0.514285714286,0.47619047619,0.463768115942,0.466666666667,0.386363636364,0.6,0.4,0.428571428571,0.636363636364,0.515625,0.51968503937
