,TEAM_NAME,FG3M,FG3A,FG3_PCT,FTM,FTA,FT_PCT,OREB,DREB,REB,AST,STL,BLK,TO,PF,PTS,FG2M,FG2A,FG2_PCT,OUTCOME,DEFICIT_FGM,DEFICIT_FGA,DEFICIT_FG3M,DEFICIT_FG3A,DEFICIT_FTM,DEFICIT_FTA,DEFICIT_OREB,DEFICIT_DREB,DEFICIT_REB,DEFICIT_AST,DEFICIT_STL,DEFICIT_BLK,DEFICIT_TO,DEFICIT_PF,DEFICIT_FG2M,DEFICIT_FG2A
0,Wizards,10,22,0.455,22,26,0.846,7,34,41,30,7,7,12,19,114,31,53,0.584905660377,1,0.525641025641,0.471698113208,0.588235294118,0.468085106383,0.578947368421,0.604651162791,0.4375,0.566666666667,0.539473684211,0.576923076923,0.538461538462,0.875,0.5,0.5,0.508196721311,0.473214285714
1,Heat,7,25,0.28,16,17,0.941,9,26,35,22,6,1,12,19,97,30,59,0.508474576271,0,0.474358974359,0.528301886792,0.411764705882,0.531914893617,0.421052631579,0.395348837209,0.5625,0.433333333333,0.460526315789,0.423076923077,0.461538461538,0.125,0.5,0.5,0.491803278689,0.526785714286
