,TEAM_NAME,FG3M,FG3A,FG3_PCT,FTM,FTA,FT_PCT,OREB,DREB,REB,AST,STL,BLK,TO,PF,PTS,FG2M,FG2A,FG2_PCT,OUTCOME,DEFICIT_FGM,DEFICIT_FGA,DEFICIT_FG3M,DEFICIT_FG3A,DEFICIT_FTM,DEFICIT_FTA,DEFICIT_OREB,DEFICIT_DREB,DEFICIT_REB,DEFICIT_AST,DEFICIT_STL,DEFICIT_BLK,DEFICIT_TO,DEFICIT_PF,DEFICIT_FG2M,DEFICIT_FG2A
0,Suns,6,24,0.25,19,27,0.704,11,33,44,23,9,6,18,16,107,35,56,0.625,1,0.506172839506,0.484848484848,0.333333333333,0.489795918367,0.612903225806,0.627906976744,0.6875,0.55,0.578947368421,0.450980392157,0.45,0.857142857143,0.529411764706,0.380952380952,0.555555555556,0.48275862069
1,Magic,12,25,0.48,12,16,0.75,5,27,32,28,11,1,16,26,104,28,60,0.466666666667,0,0.493827160494,0.515151515152,0.666666666667,0.510204081633,0.387096774194,0.372093023256,0.3125,0.45,0.421052631579,0.549019607843,0.55,0.142857142857,0.470588235294,0.619047619048,0.444444444444,0.51724137931
