,TEAM_NAME,FG3M,FG3A,FG3_PCT,FTM,FTA,FT_PCT,OREB,DREB,REB,AST,STL,BLK,TO,PF,PTS,FG2M,FG2A,FG2_PCT,OUTCOME,DEFICIT_FGM,DEFICIT_FGA,DEFICIT_FG3M,DEFICIT_FG3A,DEFICIT_FTM,DEFICIT_FTA,DEFICIT_OREB,DEFICIT_DREB,DEFICIT_REB,DEFICIT_AST,DEFICIT_STL,DEFICIT_BLK,DEFICIT_TO,DEFICIT_PF,DEFICIT_FG2M,DEFICIT_FG2A
0,Heat,6,21,0.286,17,24,0.708,7,36,43,17,3,8,17,14,81,23,54,0.425925925926,0,0.420289855072,0.480769230769,0.352941176471,0.4375,0.68,0.585365853659,0.7,0.493150684932,0.518072289157,0.386363636364,0.25,0.615384615385,0.62962962963,0.4,0.442307692308,0.5
1,Hornets,11,27,0.407,8,17,0.471,3,37,40,27,9,5,10,21,99,29,54,0.537037037037,1,0.579710144928,0.519230769231,0.647058823529,0.5625,0.32,0.414634146341,0.3,0.506849315068,0.481927710843,0.613636363636,0.75,0.384615384615,0.37037037037,0.6,0.557692307692,0.5
