,TEAM_NAME,FG3M,FG3A,FG3_PCT,FTM,FTA,FT_PCT,OREB,DREB,REB,AST,STL,BLK,TO,PF,PTS,FG2M,FG2A,FG2_PCT,OUTCOME,DEFICIT_FGM,DEFICIT_FGA,DEFICIT_FG3M,DEFICIT_FG3A,DEFICIT_FTM,DEFICIT_FTA,DEFICIT_OREB,DEFICIT_DREB,DEFICIT_REB,DEFICIT_AST,DEFICIT_STL,DEFICIT_BLK,DEFICIT_TO,DEFICIT_PF,DEFICIT_FG2M,DEFICIT_FG2A
0,Jazz,9,21,0.429,19,23,0.826,9,42,51,26,6,2,14,26,106,30,59,0.508474576271,1,0.557142857143,0.506329113924,0.529411764706,0.5,0.558823529412,0.46,0.5625,0.591549295775,0.586206896552,0.565217391304,0.375,0.4,0.583333333333,0.52,0.566037735849,0.508620689655
1,Knicks,8,21,0.381,15,27,0.556,7,29,36,20,10,3,10,24,85,23,57,0.40350877193,0,0.442857142857,0.493670886076,0.470588235294,0.5,0.441176470588,0.54,0.4375,0.408450704225,0.413793103448,0.434782608696,0.625,0.6,0.416666666667,0.48,0.433962264151,0.491379310345
