,TEAM_NAME,FG3M,FG3A,FG3_PCT,FTM,FTA,FT_PCT,OREB,DREB,REB,AST,STL,BLK,TO,PF,PTS,FG2M,FG2A,FG2_PCT,OUTCOME,DEFICIT_FGM,DEFICIT_FGA,DEFICIT_FG3M,DEFICIT_FG3A,DEFICIT_FTM,DEFICIT_FTA,DEFICIT_OREB,DEFICIT_DREB,DEFICIT_REB,DEFICIT_AST,DEFICIT_STL,DEFICIT_BLK,DEFICIT_TO,DEFICIT_PF,DEFICIT_FG2M,DEFICIT_FG2A
0,Timberwolves,7,17,0.412,17,22,0.773,13,38,51,22,9,4,11,21,98,30,73,0.410958904109589,1,0.5068493150684932,0.5232558139534884,0.4666666666666667,0.4473684210526316,0.6071428571428571,0.5641025641025641,0.65,0.5205479452054794,0.5483870967741935,0.5641025641025641,0.6,0.4444444444444444,0.3793103448275862,0.4883720930232558,0.5172413793103449,0.5447761194029851
1,Nets,8,21,0.381,11,17,0.647,7,35,42,17,6,5,18,22,91,28,61,0.45901639344262296,0,0.4931506849315068,0.47674418604651164,0.5333333333333333,0.5526315789473685,0.39285714285714285,0.4358974358974359,0.35,0.4794520547945205,0.45161290322580644,0.4358974358974359,0.4,0.5555555555555556,0.6206896551724138,0.5116279069767442,0.4827586206896552,0.4552238805970149
