,TEAM_NAME,FG3M,FG3A,FG3_PCT,FTM,FTA,FT_PCT,OREB,DREB,REB,AST,STL,BLK,TO,PF,PTS,FG2M,FG2A,FG2_PCT,OUTCOME,DEFICIT_FGM,DEFICIT_FGA,DEFICIT_FG3M,DEFICIT_FG3A,DEFICIT_FTM,DEFICIT_FTA,DEFICIT_OREB,DEFICIT_DREB,DEFICIT_REB,DEFICIT_AST,DEFICIT_STL,DEFICIT_BLK,DEFICIT_TO,DEFICIT_PF,DEFICIT_FG2M,DEFICIT_FG2A
0,Timberwolves,7,17,0.412,17,22,0.773,13,38,51,22,9,4,11,21,98,30,73,0.41095890411,1,0.506849315068,0.523255813953,0.466666666667,0.447368421053,0.607142857143,0.564102564103,0.65,0.520547945205,0.548387096774,0.564102564103,0.6,0.444444444444,0.379310344828,0.488372093023,0.51724137931,0.544776119403
1,Nets,8,21,0.381,11,17,0.647,7,35,42,17,6,5,18,22,91,28,61,0.459016393443,0,0.493150684932,0.476744186047,0.533333333333,0.552631578947,0.392857142857,0.435897435897,0.35,0.479452054795,0.451612903226,0.435897435897,0.4,0.555555555556,0.620689655172,0.511627906977,0.48275862069,0.455223880597
