,TEAM_NAME,FG3M,FG3A,FG3_PCT,FTM,FTA,FT_PCT,OREB,DREB,REB,AST,STL,BLK,TO,PF,PTS,FG2M,FG2A,FG2_PCT,OUTCOME,DEFICIT_FGM,DEFICIT_FGA,DEFICIT_FG3M,DEFICIT_FG3A,DEFICIT_FTM,DEFICIT_FTA,DEFICIT_OREB,DEFICIT_DREB,DEFICIT_REB,DEFICIT_AST,DEFICIT_STL,DEFICIT_BLK,DEFICIT_TO,DEFICIT_PF,DEFICIT_FG2M,DEFICIT_FG2A
0,Spurs,5,17,0.294,27,38,0.711,11,39,50,25,7,9,19,15,94,26,52,0.5,1,0.449275362319,0.428571428571,0.384615384615,0.404761904762,0.771428571429,0.775510204082,0.52380952381,0.590909090909,0.574712643678,0.490196078431,0.333333333333,0.642857142857,0.59375,0.375,0.464285714286,0.436974789916
1,Hawks,8,25,0.32,8,11,0.727,10,27,37,26,14,5,13,25,92,30,67,0.44776119403,0,0.550724637681,0.571428571429,0.615384615385,0.595238095238,0.228571428571,0.224489795918,0.47619047619,0.409090909091,0.425287356322,0.509803921569,0.666666666667,0.357142857143,0.40625,0.625,0.535714285714,0.563025210084
