,TEAM_NAME,FG3M,FG3A,FG3_PCT,FTM,FTA,FT_PCT,OREB,DREB,REB,AST,STL,BLK,TO,PF,PTS,FG2M,FG2A,FG2_PCT,OUTCOME,DEFICIT_FGM,DEFICIT_FGA,DEFICIT_FG3M,DEFICIT_FG3A,DEFICIT_FTM,DEFICIT_FTA,DEFICIT_OREB,DEFICIT_DREB,DEFICIT_REB,DEFICIT_AST,DEFICIT_STL,DEFICIT_BLK,DEFICIT_TO,DEFICIT_PF,DEFICIT_FG2M,DEFICIT_FG2A
0,76ers,8,25,0.32,15,23,0.652,6,32,38,22,12,12,20,18,89,25,52,0.4807692307692308,0,0.4583333333333333,0.4666666666666667,0.7272727272727273,0.5555555555555556,0.6,0.6571428571428571,0.3,0.463768115942029,0.42696629213483145,0.6111111111111112,0.5217391304347826,0.8,0.45454545454545453,0.47368421052631576,0.4098360655737705,0.43333333333333335
1,Magic,3,20,0.15,10,12,0.833,14,37,51,14,11,3,24,20,91,36,68,0.5294117647058824,1,0.5416666666666666,0.5333333333333333,0.2727272727272727,0.4444444444444444,0.4,0.34285714285714286,0.7,0.5362318840579711,0.5730337078651685,0.3888888888888889,0.4782608695652174,0.2,0.5454545454545454,0.5263157894736842,0.5901639344262295,0.5666666666666667
