,TEAM_NAME,FG3M,FG3A,FG3_PCT,FTM,FTA,FT_PCT,OREB,DREB,REB,AST,STL,BLK,TO,PF,PTS,FG2M,FG2A,FG2_PCT,OUTCOME,DEFICIT_FGM,DEFICIT_FGA,DEFICIT_FG3M,DEFICIT_FG3A,DEFICIT_FTM,DEFICIT_FTA,DEFICIT_OREB,DEFICIT_DREB,DEFICIT_REB,DEFICIT_AST,DEFICIT_STL,DEFICIT_BLK,DEFICIT_TO,DEFICIT_PF,DEFICIT_FG2M,DEFICIT_FG2A
0,Heat,4,22,0.182,25,31,0.806,6,30,36,19,6,4,8,25,89,26,55,0.472727272727,0,0.461538461538,0.48427672956,0.444444444444,0.55,0.54347826087,0.516666666667,0.315789473684,0.454545454545,0.423529411765,0.452380952381,0.6,0.307692307692,0.4,0.510204081633,0.464285714286,0.46218487395
1,Hornets,5,18,0.278,21,29,0.724,13,36,49,23,4,9,12,24,96,30,64,0.46875,1,0.538461538462,0.51572327044,0.555555555556,0.45,0.45652173913,0.483333333333,0.684210526316,0.545454545455,0.576470588235,0.547619047619,0.4,0.692307692308,0.6,0.489795918367,0.535714285714,0.53781512605
