,TEAM_NAME,FG3M,FG3A,FG3_PCT,FTM,FTA,FT_PCT,OREB,DREB,REB,AST,STL,BLK,TO,PF,PTS,FG2M,FG2A,FG2_PCT,OUTCOME,DEFICIT_FGM,DEFICIT_FGA,DEFICIT_FG3M,DEFICIT_FG3A,DEFICIT_FTM,DEFICIT_FTA,DEFICIT_OREB,DEFICIT_DREB,DEFICIT_REB,DEFICIT_AST,DEFICIT_STL,DEFICIT_BLK,DEFICIT_TO,DEFICIT_PF,DEFICIT_FG2M,DEFICIT_FG2A
0,Jazz,7,21,0.333,17,22,0.773,13,28,41,26,3,8,12,26,102,32,56,0.5714285714285714,1,0.5652173913043478,0.5167785234899329,0.5384615384615384,0.5675675675675675,0.3333333333333333,0.3548387096774194,0.65,0.5490196078431373,0.5774647887323944,0.8125,0.2727272727272727,0.6666666666666666,0.5,0.5416666666666666,0.5714285714285714,0.5
1,Cavaliers,6,16,0.375,34,40,0.85,7,23,30,6,8,4,12,22,100,24,56,0.42857142857142855,0,0.43478260869565216,0.48322147651006714,0.46153846153846156,0.43243243243243246,0.6666666666666666,0.6451612903225806,0.35,0.45098039215686275,0.4225352112676056,0.1875,0.7272727272727273,0.3333333333333333,0.5,0.4583333333333333,0.42857142857142855,0.5
