,TEAM_NAME,FG3M,FG3A,FG3_PCT,FTM,FTA,FT_PCT,OREB,DREB,REB,AST,STL,BLK,TO,PF,PTS,FG2M,FG2A,FG2_PCT,OUTCOME,DEFICIT_FGM,DEFICIT_FGA,DEFICIT_FG3M,DEFICIT_FG3A,DEFICIT_FTM,DEFICIT_FTA,DEFICIT_OREB,DEFICIT_DREB,DEFICIT_REB,DEFICIT_AST,DEFICIT_STL,DEFICIT_BLK,DEFICIT_TO,DEFICIT_PF,DEFICIT_FG2M,DEFICIT_FG2A
0,Knicks,9,20,0.45,8,10,0.8,11,32,43,25,3,9,9,23,95,30,70,0.428571428571,0,0.549295774648,0.508474576271,0.45,0.46511627907,0.258064516129,0.232558139535,0.366666666667,0.470588235294,0.438775510204,0.595238095238,0.375,0.692307692308,0.529411764706,0.589743589744,0.588235294118,0.522388059701
1,Pistons,11,23,0.478,23,33,0.697,19,36,55,17,5,4,8,16,98,21,64,0.328125,1,0.450704225352,0.491525423729,0.55,0.53488372093,0.741935483871,0.767441860465,0.633333333333,0.529411764706,0.561224489796,0.404761904762,0.625,0.307692307692,0.470588235294,0.410256410256,0.411764705882,0.477611940299
