,TEAM_NAME,FG3M,FG3A,FG3_PCT,FTM,FTA,FT_PCT,OREB,DREB,REB,AST,STL,BLK,TO,PF,PTS,FG2M,FG2A,FG2_PCT,OUTCOME,DEFICIT_FGM,DEFICIT_FGA,DEFICIT_FG3M,DEFICIT_FG3A,DEFICIT_FTM,DEFICIT_FTA,DEFICIT_OREB,DEFICIT_DREB,DEFICIT_REB,DEFICIT_AST,DEFICIT_STL,DEFICIT_BLK,DEFICIT_TO,DEFICIT_PF,DEFICIT_FG2M,DEFICIT_FG2A
0,Clippers,7,19,0.368,21,27,0.778,5,25,30,26,12,2,14,14,104,31,63,0.49206349206349204,0,0.4691358024691358,0.5256410256410257,0.3181818181818182,0.4318181818181818,0.5121951219512195,0.574468085106383,0.5555555555555556,0.4166666666666667,0.43478260869565216,0.4727272727272727,0.631578947368421,0.4,0.3783783783783784,0.3888888888888889,0.5254237288135594,0.5625
1,Warriors,15,25,0.6,20,20,1.0,4,35,39,29,7,3,23,22,121,28,49,0.5714285714285714,1,0.5308641975308642,0.47435897435897434,0.6818181818181818,0.5681818181818182,0.4878048780487805,0.425531914893617,0.4444444444444444,0.5833333333333334,0.5652173913043478,0.5272727272727272,0.3684210526315789,0.6,0.6216216216216216,0.6111111111111112,0.4745762711864407,0.4375
