,TEAM_NAME,FG3M,FG3A,FG3_PCT,FTM,FTA,FT_PCT,OREB,DREB,REB,AST,STL,BLK,TO,PF,PTS,FG2M,FG2A,FG2_PCT,OUTCOME,DEFICIT_FGM,DEFICIT_FGA,DEFICIT_FG3M,DEFICIT_FG3A,DEFICIT_FTM,DEFICIT_FTA,DEFICIT_OREB,DEFICIT_DREB,DEFICIT_REB,DEFICIT_AST,DEFICIT_STL,DEFICIT_BLK,DEFICIT_TO,DEFICIT_PF,DEFICIT_FG2M,DEFICIT_FG2A
0,76ers,8,25,0.32,15,23,0.652,6,32,38,22,12,12,20,18,89,25,52,0.480769230769,0,0.458333333333,0.466666666667,0.727272727273,0.555555555556,0.6,0.657142857143,0.3,0.463768115942,0.426966292135,0.611111111111,0.521739130435,0.8,0.454545454545,0.473684210526,0.409836065574,0.433333333333
1,Magic,3,20,0.15,10,12,0.833,14,37,51,14,11,3,24,20,91,36,68,0.529411764706,1,0.541666666667,0.533333333333,0.272727272727,0.444444444444,0.4,0.342857142857,0.7,0.536231884058,0.573033707865,0.388888888889,0.478260869565,0.2,0.545454545455,0.526315789474,0.590163934426,0.566666666667
