,TEAM_NAME,FG3M,FG3A,FG3_PCT,FTM,FTA,FT_PCT,OREB,DREB,REB,AST,STL,BLK,TO,PF,PTS,FG2M,FG2A,FG2_PCT,OUTCOME,DEFICIT_FGM,DEFICIT_FGA,DEFICIT_FG3M,DEFICIT_FG3A,DEFICIT_FTM,DEFICIT_FTA,DEFICIT_OREB,DEFICIT_DREB,DEFICIT_REB,DEFICIT_AST,DEFICIT_STL,DEFICIT_BLK,DEFICIT_TO,DEFICIT_PF,DEFICIT_FG2M,DEFICIT_FG2A
0,Heat,4,22,0.182,25,31,0.806,6,30,36,19,6,4,8,25,89,26,55,0.4727272727272727,0,0.46153846153846156,0.48427672955974843,0.4444444444444444,0.55,0.5434782608695652,0.5166666666666667,0.3157894736842105,0.45454545454545453,0.4235294117647059,0.4523809523809524,0.6,0.3076923076923077,0.4,0.5102040816326531,0.4642857142857143,0.46218487394957986
1,Hornets,5,18,0.278,21,29,0.724,13,36,49,23,4,9,12,24,96,30,64,0.46875,1,0.5384615384615384,0.5157232704402516,0.5555555555555556,0.45,0.45652173913043476,0.48333333333333334,0.6842105263157895,0.5454545454545454,0.5764705882352941,0.5476190476190477,0.4,0.6923076923076923,0.6,0.4897959183673469,0.5357142857142857,0.5378151260504201
