,TEAM_NAME,FG3M,FG3A,FG3_PCT,FTM,FTA,FT_PCT,OREB,DREB,REB,AST,STL,BLK,TO,PF,PTS,FG2M,FG2A,FG2_PCT,OUTCOME,DEFICIT_FGM,DEFICIT_FGA,DEFICIT_FG3M,DEFICIT_FG3A,DEFICIT_FTM,DEFICIT_FTA,DEFICIT_OREB,DEFICIT_DREB,DEFICIT_REB,DEFICIT_AST,DEFICIT_STL,DEFICIT_BLK,DEFICIT_TO,DEFICIT_PF,DEFICIT_FG2M,DEFICIT_FG2A
0,Wizards,7,17,0.412,21,23,0.913,7,36,43,24,7,7,12,22,96,27,74,0.364864864865,1,0.492753623188,0.502762430939,0.466666666667,0.386363636364,0.567567567568,0.53488372093,0.333333333333,0.455696202532,0.43,0.521739130435,0.7,0.4375,0.4,0.448979591837,0.5,0.540145985401
1,Pacers,8,27,0.296,16,20,0.8,14,43,57,22,3,9,18,27,94,27,63,0.428571428571,0,0.507246376812,0.497237569061,0.533333333333,0.613636363636,0.432432432432,0.46511627907,0.666666666667,0.544303797468,0.57,0.478260869565,0.3,0.5625,0.6,0.551020408163,0.5,0.459854014599
