,TEAM_NAME,FG3M,FG3A,FG3_PCT,FTM,FTA,FT_PCT,OREB,DREB,REB,AST,STL,BLK,TO,PF,PTS,FG2M,FG2A,FG2_PCT,OUTCOME,DEFICIT_FGM,DEFICIT_FGA,DEFICIT_FG3M,DEFICIT_FG3A,DEFICIT_FTM,DEFICIT_FTA,DEFICIT_OREB,DEFICIT_DREB,DEFICIT_REB,DEFICIT_AST,DEFICIT_STL,DEFICIT_BLK,DEFICIT_TO,DEFICIT_PF,DEFICIT_FG2M,DEFICIT_FG2A
0,76ers,9,32,0.281,15,19,0.789,13,27,40,15,9,2,15,17,86,22,51,0.43137254902,0,0.418918918919,0.497005988024,0.6,0.561403508772,0.454545454545,0.487179487179,0.481481481481,0.44262295082,0.454545454545,0.454545454545,0.5625,0.2,0.535714285714,0.472222222222,0.372881355932,0.463636363636
1,Timberwolves,6,25,0.24,18,20,0.9,14,34,48,18,7,8,13,19,110,37,59,0.627118644068,1,0.581081081081,0.502994011976,0.4,0.438596491228,0.545454545455,0.512820512821,0.518518518519,0.55737704918,0.545454545455,0.545454545455,0.4375,0.8,0.464285714286,0.527777777778,0.627118644068,0.536363636364
