,TEAM_NAME,FG3M,FG3A,FG3_PCT,FTM,FTA,FT_PCT,OREB,DREB,REB,AST,STL,BLK,TO,PF,PTS,FG2M,FG2A,FG2_PCT,OUTCOME,DEFICIT_FGM,DEFICIT_FGA,DEFICIT_FG3M,DEFICIT_FG3A,DEFICIT_FTM,DEFICIT_FTA,DEFICIT_OREB,DEFICIT_DREB,DEFICIT_REB,DEFICIT_AST,DEFICIT_STL,DEFICIT_BLK,DEFICIT_TO,DEFICIT_PF,DEFICIT_FG2M,DEFICIT_FG2A
0,Bucks,7,23,0.304,10,13,0.769,12,36,48,20,4,8,13,20,73,21,62,0.338709677419,0,0.417910447761,0.467032967033,0.5,0.433962264151,0.47619047619,0.382352941176,0.413793103448,0.461538461538,0.448598130841,0.512820512821,0.444444444444,0.5,0.65,0.526315789474,0.396226415094,0.480620155039
1,Heat,7,30,0.233,11,21,0.524,17,42,59,19,5,8,7,18,96,32,67,0.477611940299,1,0.582089552239,0.532967032967,0.5,0.566037735849,0.52380952381,0.617647058824,0.586206896552,0.538461538462,0.551401869159,0.487179487179,0.555555555556,0.5,0.35,0.473684210526,0.603773584906,0.519379844961
