,TEAM_NAME,FG3M,FG3A,FG3_PCT,FTM,FTA,FT_PCT,OREB,DREB,REB,AST,STL,BLK,TO,PF,PTS,FG2M,FG2A,FG2_PCT,OUTCOME,DEFICIT_FGM,DEFICIT_FGA,DEFICIT_FG3M,DEFICIT_FG3A,DEFICIT_FTM,DEFICIT_FTA,DEFICIT_OREB,DEFICIT_DREB,DEFICIT_REB,DEFICIT_AST,DEFICIT_STL,DEFICIT_BLK,DEFICIT_TO,DEFICIT_PF,DEFICIT_FG2M,DEFICIT_FG2A
0,Kings,8,24,0.333,17,23,0.739,12,38,50,26,8,3,6,23,107,33,70,0.471428571429,1,0.569444444444,0.534090909091,0.727272727273,0.648648648649,0.447368421053,0.46,0.545454545455,0.475,0.490196078431,0.65,0.8,0.3,0.285714285714,0.5,0.540983606557,0.503597122302
1,Nets,3,13,0.231,21,27,0.778,10,42,52,14,2,7,15,23,86,28,69,0.405797101449,0,0.430555555556,0.465909090909,0.272727272727,0.351351351351,0.552631578947,0.54,0.454545454545,0.525,0.509803921569,0.35,0.2,0.7,0.714285714286,0.5,0.459016393443,0.496402877698
