,TEAM_NAME,FG3M,FG3A,FG3_PCT,FTM,FTA,FT_PCT,OREB,DREB,REB,AST,STL,BLK,TO,PF,PTS,FG2M,FG2A,FG2_PCT,OUTCOME,DEFICIT_FGM,DEFICIT_FGA,DEFICIT_FG3M,DEFICIT_FG3A,DEFICIT_FTM,DEFICIT_FTA,DEFICIT_OREB,DEFICIT_DREB,DEFICIT_REB,DEFICIT_AST,DEFICIT_STL,DEFICIT_BLK,DEFICIT_TO,DEFICIT_PF,DEFICIT_FG2M,DEFICIT_FG2A
0,Trail Blazers,6,15,0.4,14,23,0.609,14,37,51,15,5,3,16,13,90,29,69,0.420289855072,1,0.486111111111,0.494117647059,0.545454545455,0.5,0.583333333333,0.638888888889,0.583333333333,0.544117647059,0.554347826087,0.483870967742,0.3125,0.75,0.533333333333,0.382352941176,0.475409836066,0.492857142857
1,Suns,5,15,0.333,10,13,0.769,10,31,41,16,11,1,14,21,89,32,71,0.450704225352,0,0.513888888889,0.505882352941,0.454545454545,0.5,0.416666666667,0.361111111111,0.416666666667,0.455882352941,0.445652173913,0.516129032258,0.6875,0.25,0.466666666667,0.617647058824,0.524590163934,0.507142857143
