,TEAM_NAME,FG3M,FG3A,FG3_PCT,FTM,FTA,FT_PCT,OREB,DREB,REB,AST,STL,BLK,TO,PF,PTS,FG2M,FG2A,FG2_PCT,OUTCOME,DEFICIT_FGM,DEFICIT_FGA,DEFICIT_FG3M,DEFICIT_FG3A,DEFICIT_FTM,DEFICIT_FTA,DEFICIT_OREB,DEFICIT_DREB,DEFICIT_REB,DEFICIT_AST,DEFICIT_STL,DEFICIT_BLK,DEFICIT_TO,DEFICIT_PF,DEFICIT_FG2M,DEFICIT_FG2A
0,76ers,11,25,0.44,26,34,0.765,15,35,50,29,12,8,13,23,123,32,78,0.410256410256,1,0.5,0.517587939698,0.423076923077,0.378787878788,0.619047619048,0.576271186441,0.535714285714,0.486111111111,0.5,0.460317460317,0.6,0.347826086957,0.40625,0.46,0.533333333333,0.586466165414
1,Rockets,15,41,0.366,16,25,0.64,13,37,50,34,8,15,19,27,117,28,55,0.509090909091,0,0.5,0.482412060302,0.576923076923,0.621212121212,0.380952380952,0.423728813559,0.464285714286,0.513888888889,0.5,0.539682539683,0.4,0.652173913043,0.59375,0.54,0.466666666667,0.413533834586
