,TEAM_NAME,FG3M,FG3A,FG3_PCT,FTM,FTA,FT_PCT,OREB,DREB,REB,AST,STL,BLK,TO,PF,PTS,FG2M,FG2A,FG2_PCT,OUTCOME,DEFICIT_FGM,DEFICIT_FGA,DEFICIT_FG3M,DEFICIT_FG3A,DEFICIT_FTM,DEFICIT_FTA,DEFICIT_OREB,DEFICIT_DREB,DEFICIT_REB,DEFICIT_AST,DEFICIT_STL,DEFICIT_BLK,DEFICIT_TO,DEFICIT_PF,DEFICIT_FG2M,DEFICIT_FG2A
0,Wizards,5,15,0.333,8,11,0.727,12,32,44,15,11,3,9,11,79,28,76,0.368421052632,0,0.458333333333,0.541666666667,0.384615384615,0.405405405405,0.571428571429,0.578947368421,0.705882352941,0.432432432432,0.483516483516,0.348837209302,0.647058823529,0.428571428571,0.346153846154,0.44,0.474576271186,0.580152671756
1,Spurs,8,22,0.364,6,8,0.75,5,42,47,28,6,4,17,14,92,31,55,0.563636363636,1,0.541666666667,0.458333333333,0.615384615385,0.594594594595,0.428571428571,0.421052631579,0.294117647059,0.567567567568,0.516483516484,0.651162790698,0.352941176471,0.571428571429,0.653846153846,0.56,0.525423728814,0.419847328244
