,TEAM_NAME,FG3M,FG3A,FG3_PCT,FTM,FTA,FT_PCT,OREB,DREB,REB,AST,STL,BLK,TO,PF,PTS,FG2M,FG2A,FG2_PCT,OUTCOME,DEFICIT_FGM,DEFICIT_FGA,DEFICIT_FG3M,DEFICIT_FG3A,DEFICIT_FTM,DEFICIT_FTA,DEFICIT_OREB,DEFICIT_DREB,DEFICIT_REB,DEFICIT_AST,DEFICIT_STL,DEFICIT_BLK,DEFICIT_TO,DEFICIT_PF,DEFICIT_FG2M,DEFICIT_FG2A
0,Jazz,9,22,0.409,28,39,0.718,14,30,44,23,9,7,21,19,111,28,50,0.56,1,0.46835443037974683,0.4585987261146497,0.6428571428571429,0.6470588235294118,0.6363636363636364,0.6610169491525424,0.56,0.5660377358490566,0.5641025641025641,0.5476190476190477,0.4090909090909091,0.7,0.6176470588235294,0.3877551020408163,0.4307692307692308,0.4065040650406504
1,Pelicans,5,12,0.417,16,20,0.8,11,23,34,19,13,3,13,30,105,37,73,0.5068493150684932,0,0.5316455696202531,0.5414012738853503,0.35714285714285715,0.35294117647058826,0.36363636363636365,0.3389830508474576,0.44,0.4339622641509434,0.4358974358974359,0.4523809523809524,0.5909090909090909,0.3,0.38235294117647056,0.6122448979591837,0.5692307692307692,0.5934959349593496
