,TEAM_NAME,FG3M,FG3A,FG3_PCT,FTM,FTA,FT_PCT,OREB,DREB,REB,AST,STL,BLK,TO,PF,PTS,FG2M,FG2A,FG2_PCT,OUTCOME,DEFICIT_FGM,DEFICIT_FGA,DEFICIT_FG3M,DEFICIT_FG3A,DEFICIT_FTM,DEFICIT_FTA,DEFICIT_OREB,DEFICIT_DREB,DEFICIT_REB,DEFICIT_AST,DEFICIT_STL,DEFICIT_BLK,DEFICIT_TO,DEFICIT_PF,DEFICIT_FG2M,DEFICIT_FG2A
0,Knicks,12,34,0.353,9,13,0.692,8,29,37,24,11,3,3,19,95,25,54,0.46296296296296297,1,0.5138888888888888,0.5333333333333333,0.7058823529411765,0.5862068965517241,0.36,0.38235294117647056,0.5,0.4264705882352941,0.44047619047619047,0.5217391304347826,0.9166666666666666,0.3333333333333333,0.16666666666666666,0.5588235294117647,0.45454545454545453,0.5046728971962616
1,Hawks,5,24,0.208,16,21,0.762,8,39,47,22,1,6,15,15,91,30,53,0.5660377358490566,0,0.4861111111111111,0.4666666666666667,0.29411764705882354,0.41379310344827586,0.64,0.6176470588235294,0.5,0.5735294117647058,0.5595238095238095,0.4782608695652174,0.08333333333333333,0.6666666666666666,0.8333333333333334,0.4411764705882353,0.5454545454545454,0.4953271028037383
