,TEAM_NAME,FG3M,FG3A,FG3_PCT,FTM,FTA,FT_PCT,OREB,DREB,REB,AST,STL,BLK,TO,PF,PTS,FG2M,FG2A,FG2_PCT,OUTCOME,DEFICIT_FGM,DEFICIT_FGA,DEFICIT_FG3M,DEFICIT_FG3A,DEFICIT_FTM,DEFICIT_FTA,DEFICIT_OREB,DEFICIT_DREB,DEFICIT_REB,DEFICIT_AST,DEFICIT_STL,DEFICIT_BLK,DEFICIT_TO,DEFICIT_PF,DEFICIT_FG2M,DEFICIT_FG2A
0,Magic,9,26,0.346,15,21,0.714,13,32,45,20,7,8,15,17,94,26,56,0.464285714286,1,0.514705882353,0.525641025641,0.642857142857,0.666666666667,0.428571428571,0.488372093023,0.65,0.5,0.535714285714,0.555555555556,0.4375,0.533333333333,0.454545454545,0.472222222222,0.481481481481,0.478632478632
1,Bucks,5,13,0.385,20,22,0.909,7,32,39,16,9,7,18,19,91,28,61,0.459016393443,0,0.485294117647,0.474358974359,0.357142857143,0.333333333333,0.571428571429,0.511627906977,0.35,0.5,0.464285714286,0.444444444444,0.5625,0.466666666667,0.545454545455,0.527777777778,0.518518518519,0.521367521368
