,TEAM_NAME,FG3M,FG3A,FG3_PCT,FTM,FTA,FT_PCT,OREB,DREB,REB,AST,STL,BLK,TO,PF,PTS,FG2M,FG2A,FG2_PCT,OUTCOME,DEFICIT_FGM,DEFICIT_FGA,DEFICIT_FG3M,DEFICIT_FG3A,DEFICIT_FTM,DEFICIT_FTA,DEFICIT_OREB,DEFICIT_DREB,DEFICIT_REB,DEFICIT_AST,DEFICIT_STL,DEFICIT_BLK,DEFICIT_TO,DEFICIT_PF,DEFICIT_FG2M,DEFICIT_FG2A
0,Wizards,5,15,0.333,8,11,0.727,12,32,44,15,11,3,9,11,79,28,76,0.3684210526315789,0,0.4583333333333333,0.5416666666666666,0.38461538461538464,0.40540540540540543,0.5714285714285714,0.5789473684210527,0.7058823529411765,0.43243243243243246,0.4835164835164835,0.3488372093023256,0.6470588235294118,0.42857142857142855,0.34615384615384615,0.44,0.4745762711864407,0.5801526717557252
1,Spurs,8,22,0.364,6,8,0.75,5,42,47,28,6,4,17,14,92,31,55,0.5636363636363636,1,0.5416666666666666,0.4583333333333333,0.6153846153846154,0.5945945945945946,0.42857142857142855,0.42105263157894735,0.29411764705882354,0.5675675675675675,0.5164835164835165,0.6511627906976745,0.35294117647058826,0.5714285714285714,0.6538461538461539,0.56,0.5254237288135594,0.4198473282442748
