,TEAM_NAME,FG3M,FG3A,FG3_PCT,FTM,FTA,FT_PCT,OREB,DREB,REB,AST,STL,BLK,TO,PF,PTS,FG2M,FG2A,FG2_PCT,OUTCOME,DEFICIT_FGM,DEFICIT_FGA,DEFICIT_FG3M,DEFICIT_FG3A,DEFICIT_FTM,DEFICIT_FTA,DEFICIT_OREB,DEFICIT_DREB,DEFICIT_REB,DEFICIT_AST,DEFICIT_STL,DEFICIT_BLK,DEFICIT_TO,DEFICIT_PF,DEFICIT_FG2M,DEFICIT_FG2A
0,Magic,9,26,0.346,15,21,0.714,13,32,45,20,7,8,15,17,94,26,56,0.4642857142857143,1,0.5147058823529411,0.5256410256410257,0.6428571428571429,0.6666666666666666,0.42857142857142855,0.4883720930232558,0.65,0.5,0.5357142857142857,0.5555555555555556,0.4375,0.5333333333333333,0.45454545454545453,0.4722222222222222,0.48148148148148145,0.47863247863247865
1,Bucks,5,13,0.385,20,22,0.909,7,32,39,16,9,7,18,19,91,28,61,0.45901639344262296,0,0.4852941176470588,0.47435897435897434,0.35714285714285715,0.3333333333333333,0.5714285714285714,0.5116279069767442,0.35,0.5,0.4642857142857143,0.4444444444444444,0.5625,0.4666666666666667,0.5454545454545454,0.5277777777777778,0.5185185185185185,0.5213675213675214
