,TEAM_NAME,FG3M,FG3A,FG3_PCT,FTM,FTA,FT_PCT,OREB,DREB,REB,AST,STL,BLK,TO,PF,PTS,FG2M,FG2A,FG2_PCT,OUTCOME,DEFICIT_FGM,DEFICIT_FGA,DEFICIT_FG3M,DEFICIT_FG3A,DEFICIT_FTM,DEFICIT_FTA,DEFICIT_OREB,DEFICIT_DREB,DEFICIT_REB,DEFICIT_AST,DEFICIT_STL,DEFICIT_BLK,DEFICIT_TO,DEFICIT_PF,DEFICIT_FG2M,DEFICIT_FG2A
0,Raptors,8,15,0.533,33,39,0.846,9,28,37,14,12,6,13,21,103,23,52,0.4423076923076923,1,0.4696969696969697,0.44966442953020136,0.5714285714285714,0.4166666666666667,0.75,0.6964285714285714,0.45,0.49122807017543857,0.4805194805194805,0.3684210526315789,0.6666666666666666,0.5454545454545454,0.43333333333333335,0.4666666666666667,0.4423076923076923,0.46017699115044247
1,Grizzlies,6,21,0.286,11,17,0.647,11,29,40,24,6,5,17,24,87,29,61,0.47540983606557374,0,0.5303030303030303,0.5503355704697986,0.42857142857142855,0.5833333333333334,0.25,0.30357142857142855,0.55,0.5087719298245614,0.5194805194805194,0.631578947368421,0.3333333333333333,0.45454545454545453,0.5666666666666667,0.5333333333333333,0.5576923076923077,0.5398230088495575
