,TEAM_NAME,FG3M,FG3A,FG3_PCT,FTM,FTA,FT_PCT,OREB,DREB,REB,AST,STL,BLK,TO,PF,PTS,FG2M,FG2A,FG2_PCT,OUTCOME,DEFICIT_FGM,DEFICIT_FGA,DEFICIT_FG3M,DEFICIT_FG3A,DEFICIT_FTM,DEFICIT_FTA,DEFICIT_OREB,DEFICIT_DREB,DEFICIT_REB,DEFICIT_AST,DEFICIT_STL,DEFICIT_BLK,DEFICIT_TO,DEFICIT_PF,DEFICIT_FG2M,DEFICIT_FG2A
0,Suns,7,31,0.226,18,21,0.857,12,32,44,19,7,3,20,24,99,30,54,0.555555555556,0,0.513888888889,0.502958579882,0.466666666667,0.516666666667,0.428571428571,0.4375,0.413793103448,0.5,0.47311827957,0.575757575758,0.5,0.5,0.512820512821,0.510638297872,0.526315789474,0.495412844037
1,Celtics,8,29,0.276,24,27,0.889,17,32,49,14,7,3,19,23,102,27,55,0.490909090909,1,0.486111111111,0.497041420118,0.533333333333,0.483333333333,0.571428571429,0.5625,0.586206896552,0.5,0.52688172043,0.424242424242,0.5,0.5,0.487179487179,0.489361702128,0.473684210526,0.504587155963
