,TEAM_NAME,FG3M,FG3A,FG3_PCT,FTM,FTA,FT_PCT,OREB,DREB,REB,AST,STL,BLK,TO,PF,PTS,FG2M,FG2A,FG2_PCT,OUTCOME,DEFICIT_FGM,DEFICIT_FGA,DEFICIT_FG3M,DEFICIT_FG3A,DEFICIT_FTM,DEFICIT_FTA,DEFICIT_OREB,DEFICIT_DREB,DEFICIT_REB,DEFICIT_AST,DEFICIT_STL,DEFICIT_BLK,DEFICIT_TO,DEFICIT_PF,DEFICIT_FG2M,DEFICIT_FG2A
0,Knicks,8,23,0.348,19,28,0.679,10,31,41,20,5,0,8,23,93,25,56,0.446428571429,0,0.471428571429,0.487654320988,0.363636363636,0.40350877193,0.5,0.528301886792,0.4,0.449275362319,0.436170212766,0.487804878049,0.454545454545,0.0,0.470588235294,0.5,0.520833333333,0.533333333333
1,Cavaliers,14,34,0.412,19,25,0.76,15,38,53,21,6,5,9,23,107,23,49,0.469387755102,1,0.528571428571,0.512345679012,0.636363636364,0.59649122807,0.5,0.471698113208,0.6,0.550724637681,0.563829787234,0.512195121951,0.545454545455,1.0,0.529411764706,0.5,0.479166666667,0.466666666667
