,TEAM_NAME,FG3M,FG3A,FG3_PCT,FTM,FTA,FT_PCT,OREB,DREB,REB,AST,STL,BLK,TO,PF,PTS,FG2M,FG2A,FG2_PCT,OUTCOME,DEFICIT_FGM,DEFICIT_FGA,DEFICIT_FG3M,DEFICIT_FG3A,DEFICIT_FTM,DEFICIT_FTA,DEFICIT_OREB,DEFICIT_DREB,DEFICIT_REB,DEFICIT_AST,DEFICIT_STL,DEFICIT_BLK,DEFICIT_TO,DEFICIT_PF,DEFICIT_FG2M,DEFICIT_FG2A
0,Magic,7,19,0.368,8,12,0.667,12,38,50,32,5,7,13,21,111,41,70,0.585714285714,1,0.571428571429,0.502824858757,0.538461538462,0.441860465116,0.421052631579,0.413793103448,0.521739130435,0.567164179104,0.555555555556,0.615384615385,0.714285714286,0.7,0.5,0.567567567568,0.577464788732,0.522388059701
1,Bulls,6,24,0.25,11,17,0.647,11,29,40,20,2,3,13,16,89,30,64,0.46875,0,0.428571428571,0.497175141243,0.461538461538,0.558139534884,0.578947368421,0.586206896552,0.478260869565,0.432835820896,0.444444444444,0.384615384615,0.285714285714,0.3,0.5,0.432432432432,0.422535211268,0.477611940299
