,TEAM_NAME,FG3M,FG3A,FG3_PCT,FTM,FTA,FT_PCT,OREB,DREB,REB,AST,STL,BLK,TO,PF,PTS,FG2M,FG2A,FG2_PCT,OUTCOME,DEFICIT_FGM,DEFICIT_FGA,DEFICIT_FG3M,DEFICIT_FG3A,DEFICIT_FTM,DEFICIT_FTA,DEFICIT_OREB,DEFICIT_DREB,DEFICIT_REB,DEFICIT_AST,DEFICIT_STL,DEFICIT_BLK,DEFICIT_TO,DEFICIT_PF,DEFICIT_FG2M,DEFICIT_FG2A
0,Pistons,7,29,0.241,20,28,0.714,14,39,53,25,2,4,11,14,95,27,59,0.457627118644,0,0.441558441558,0.48087431694,0.35,0.460317460317,0.606060606061,0.666666666667,0.736842105263,0.534246575342,0.576086956522,0.423728813559,0.25,0.363636363636,0.733333333333,0.4,0.473684210526,0.491666666667
1,Hawks,13,34,0.382,13,14,0.929,5,34,39,34,6,7,4,21,112,30,61,0.491803278689,1,0.558441558442,0.51912568306,0.65,0.539682539683,0.393939393939,0.333333333333,0.263157894737,0.465753424658,0.423913043478,0.576271186441,0.75,0.636363636364,0.266666666667,0.6,0.526315789474,0.508333333333
