,TEAM_NAME,FG3M,FG3A,FG3_PCT,FTM,FTA,FT_PCT,OREB,DREB,REB,AST,STL,BLK,TO,PF,PTS,FG2M,FG2A,FG2_PCT,OUTCOME,DEFICIT_FGM,DEFICIT_FGA,DEFICIT_FG3M,DEFICIT_FG3A,DEFICIT_FTM,DEFICIT_FTA,DEFICIT_OREB,DEFICIT_DREB,DEFICIT_REB,DEFICIT_AST,DEFICIT_STL,DEFICIT_BLK,DEFICIT_TO,DEFICIT_PF,DEFICIT_FG2M,DEFICIT_FG2A
0,Raptors,12,29,0.414,25,28,0.893,7,41,48,24,6,7,13,18,115,27,44,0.613636363636,1,0.513157894737,0.462025316456,0.75,0.659090909091,0.657894736842,0.583333333333,0.4375,0.602941176471,0.571428571429,0.521739130435,0.5,0.875,0.65,0.5,0.45,0.385964912281
1,Pelicans,4,15,0.267,13,20,0.65,9,27,36,22,6,1,7,18,91,33,70,0.471428571429,0,0.486842105263,0.537974683544,0.25,0.340909090909,0.342105263158,0.416666666667,0.5625,0.397058823529,0.428571428571,0.478260869565,0.5,0.125,0.35,0.5,0.55,0.614035087719
