,TEAM_NAME,FG3M,FG3A,FG3_PCT,FTM,FTA,FT_PCT,OREB,DREB,REB,AST,STL,BLK,TO,PF,PTS,FG2M,FG2A,FG2_PCT,OUTCOME,DEFICIT_FGM,DEFICIT_FGA,DEFICIT_FG3M,DEFICIT_FG3A,DEFICIT_FTM,DEFICIT_FTA,DEFICIT_OREB,DEFICIT_DREB,DEFICIT_REB,DEFICIT_AST,DEFICIT_STL,DEFICIT_BLK,DEFICIT_TO,DEFICIT_PF,DEFICIT_FG2M,DEFICIT_FG2A
0,Nuggets,6,22,0.273,23,33,0.697,15,31,46,14,6,6,24,22,89,24,59,0.406779661017,0,0.434782608696,0.496932515337,0.375,0.415094339623,0.489361702128,0.532258064516,0.652173913043,0.469696969697,0.516853932584,0.4,0.333333333333,0.545454545455,0.615384615385,0.468085106383,0.452830188679,0.536363636364
1,Nets,10,31,0.323,24,29,0.828,8,35,43,21,12,5,15,25,112,29,51,0.56862745098,1,0.565217391304,0.503067484663,0.625,0.584905660377,0.510638297872,0.467741935484,0.347826086957,0.530303030303,0.483146067416,0.6,0.666666666667,0.454545454545,0.384615384615,0.531914893617,0.547169811321,0.463636363636
