,TEAM_NAME,FG3M,FG3A,FG3_PCT,FTM,FTA,FT_PCT,OREB,DREB,REB,AST,STL,BLK,TO,PF,PTS,FG2M,FG2A,FG2_PCT,OUTCOME,DEFICIT_FGM,DEFICIT_FGA,DEFICIT_FG3M,DEFICIT_FG3A,DEFICIT_FTM,DEFICIT_FTA,DEFICIT_OREB,DEFICIT_DREB,DEFICIT_REB,DEFICIT_AST,DEFICIT_STL,DEFICIT_BLK,DEFICIT_TO,DEFICIT_PF,DEFICIT_FG2M,DEFICIT_FG2A
0,Timberwolves,8,29,0.276,15,26,0.577,19,32,51,22,6,0,7,20,97,29,69,0.420289855072,0,0.493333333333,0.532608695652,0.533333333333,0.58,0.454545454545,0.530612244898,0.575757575758,0.470588235294,0.50495049505,0.536585365854,0.666666666667,0.0,0.368421052632,0.444444444444,0.483333333333,0.514925373134
1,Celtics,7,21,0.333,18,23,0.783,14,36,50,19,3,3,12,25,101,31,65,0.476923076923,1,0.506666666667,0.467391304348,0.466666666667,0.42,0.545454545455,0.469387755102,0.424242424242,0.529411764706,0.49504950495,0.463414634146,0.333333333333,1.0,0.631578947368,0.555555555556,0.516666666667,0.485074626866
