,TEAM_NAME,FG3M,FG3A,FG3_PCT,FTM,FTA,FT_PCT,OREB,DREB,REB,AST,STL,BLK,TO,PF,PTS,FG2M,FG2A,FG2_PCT,OUTCOME,DEFICIT_FGM,DEFICIT_FGA,DEFICIT_FG3M,DEFICIT_FG3A,DEFICIT_FTM,DEFICIT_FTA,DEFICIT_OREB,DEFICIT_DREB,DEFICIT_REB,DEFICIT_AST,DEFICIT_STL,DEFICIT_BLK,DEFICIT_TO,DEFICIT_PF,DEFICIT_FG2M,DEFICIT_FG2A
0,76ers,8,30,0.267,12,20,0.6,8,31,39,21,14,0,19,24,94,29,60,0.483333333333,0,0.440476190476,0.535714285714,0.275862068966,0.461538461538,0.444444444444,0.434782608696,0.666666666667,0.449275362319,0.481481481481,0.375,0.583333333333,0.0,0.487179487179,0.545454545455,0.527272727273,0.582524271845
1,Nets,21,35,0.6,15,26,0.577,4,38,42,35,10,2,20,20,130,26,43,0.604651162791,1,0.559523809524,0.464285714286,0.724137931034,0.538461538462,0.555555555556,0.565217391304,0.333333333333,0.550724637681,0.518518518519,0.625,0.416666666667,1.0,0.512820512821,0.454545454545,0.472727272727,0.417475728155
