,TEAM_NAME,FG3M,FG3A,FG3_PCT,FTM,FTA,FT_PCT,OREB,DREB,REB,AST,STL,BLK,TO,PF,PTS,FG2M,FG2A,FG2_PCT,OUTCOME,DEFICIT_FGM,DEFICIT_FGA,DEFICIT_FG3M,DEFICIT_FG3A,DEFICIT_FTM,DEFICIT_FTA,DEFICIT_OREB,DEFICIT_DREB,DEFICIT_REB,DEFICIT_AST,DEFICIT_STL,DEFICIT_BLK,DEFICIT_TO,DEFICIT_PF,DEFICIT_FG2M,DEFICIT_FG2A
0,Magic,11,27,0.407,16,24,0.667,5,26,31,27,7,5,5,18,113,32,61,0.524590163934,0,0.477777777778,0.514619883041,0.578947368421,0.586956521739,0.457142857143,0.489795918367,0.357142857143,0.426229508197,0.413333333333,0.519230769231,0.777777777778,0.555555555556,0.294117647059,0.473684210526,0.450704225352,0.488
1,Nuggets,8,19,0.421,19,25,0.76,9,35,44,25,2,4,12,20,121,39,64,0.609375,1,0.522222222222,0.485380116959,0.421052631579,0.413043478261,0.542857142857,0.510204081633,0.642857142857,0.573770491803,0.586666666667,0.480769230769,0.222222222222,0.444444444444,0.705882352941,0.526315789474,0.549295774648,0.512
