,TEAM_NAME,FG3M,FG3A,FG3_PCT,FTM,FTA,FT_PCT,OREB,DREB,REB,AST,STL,BLK,TO,PF,PTS,FG2M,FG2A,FG2_PCT,OUTCOME,DEFICIT_FGM,DEFICIT_FGA,DEFICIT_FG3M,DEFICIT_FG3A,DEFICIT_FTM,DEFICIT_FTA,DEFICIT_OREB,DEFICIT_DREB,DEFICIT_REB,DEFICIT_AST,DEFICIT_STL,DEFICIT_BLK,DEFICIT_TO,DEFICIT_PF,DEFICIT_FG2M,DEFICIT_FG2A
0,Wizards,8,21,0.381,22,28,0.786,12,28,40,29,10,3,9,17,110,32,67,0.477611940299,1,0.5,0.526946107784,0.380952380952,0.45652173913,0.647058823529,0.651162790698,0.631578947368,0.459016393443,0.5,0.56862745098,0.909090909091,0.5,0.310344827586,0.447368421053,0.542372881356,0.553719008264
1,Bucks,13,25,0.52,12,15,0.8,7,33,40,22,1,3,20,21,105,27,54,0.5,0,0.5,0.473053892216,0.619047619048,0.54347826087,0.352941176471,0.348837209302,0.368421052632,0.540983606557,0.5,0.43137254902,0.0909090909091,0.5,0.689655172414,0.552631578947,0.457627118644,0.446280991736
