,TEAM_NAME,FG3M,FG3A,FG3_PCT,FTM,FTA,FT_PCT,OREB,DREB,REB,AST,STL,BLK,TO,PF,PTS,FG2M,FG2A,FG2_PCT,OUTCOME,DEFICIT_FGM,DEFICIT_FGA,DEFICIT_FG3M,DEFICIT_FG3A,DEFICIT_FTM,DEFICIT_FTA,DEFICIT_OREB,DEFICIT_DREB,DEFICIT_REB,DEFICIT_AST,DEFICIT_STL,DEFICIT_BLK,DEFICIT_TO,DEFICIT_PF,DEFICIT_FG2M,DEFICIT_FG2A
0,Timberwolves,2,15,0.133,11,15,0.733,16,27,43,22,6,1,10,11,75,29,74,0.391891891892,0,0.442857142857,0.539393939394,0.153846153846,0.357142857143,0.55,0.51724137931,0.727272727273,0.428571428571,0.505882352941,0.458333333333,0.5,0.25,0.5,0.458333333333,0.508771929825,0.60162601626
1,Mavericks,11,27,0.407,9,14,0.643,6,36,42,26,6,3,10,13,98,28,49,0.571428571429,1,0.557142857143,0.460606060606,0.846153846154,0.642857142857,0.45,0.48275862069,0.272727272727,0.571428571429,0.494117647059,0.541666666667,0.5,0.75,0.5,0.541666666667,0.491228070175,0.39837398374
