,TEAM_NAME,FG3M,FG3A,FG3_PCT,FTM,FTA,FT_PCT,OREB,DREB,REB,AST,STL,BLK,TO,PF,PTS,FG2M,FG2A,FG2_PCT,OUTCOME,DEFICIT_FGM,DEFICIT_FGA,DEFICIT_FG3M,DEFICIT_FG3A,DEFICIT_FTM,DEFICIT_FTA,DEFICIT_OREB,DEFICIT_DREB,DEFICIT_REB,DEFICIT_AST,DEFICIT_STL,DEFICIT_BLK,DEFICIT_TO,DEFICIT_PF,DEFICIT_FG2M,DEFICIT_FG2A
0,Raptors,5,28,0.179,27,32,0.844,21,29,50,14,6,6,14,25,86,22,57,0.385964912281,0,0.44262295082,0.534591194969,0.833333333333,0.8,0.54,0.524590163934,0.7,0.446153846154,0.526315789474,0.48275862069,0.5,0.428571428571,0.518518518519,0.510204081633,0.4,0.459677419355
1,Grizzlies,1,7,0.143,23,29,0.793,9,36,45,15,6,8,13,24,92,33,67,0.492537313433,1,0.55737704918,0.465408805031,0.166666666667,0.2,0.46,0.475409836066,0.3,0.553846153846,0.473684210526,0.51724137931,0.5,0.571428571429,0.481481481481,0.489795918367,0.6,0.540322580645
