,TEAM_NAME,FG3M,FG3A,FG3_PCT,FTM,FTA,FT_PCT,OREB,DREB,REB,AST,STL,BLK,TO,PF,PTS,FG2M,FG2A,FG2_PCT,OUTCOME,DEFICIT_FGM,DEFICIT_FGA,DEFICIT_FG3M,DEFICIT_FG3A,DEFICIT_FTM,DEFICIT_FTA,DEFICIT_OREB,DEFICIT_DREB,DEFICIT_REB,DEFICIT_AST,DEFICIT_STL,DEFICIT_BLK,DEFICIT_TO,DEFICIT_PF,DEFICIT_FG2M,DEFICIT_FG2A
0,Heat,5,18,0.278,13,15,0.867,10,31,41,14,7,8,7,22,76,24,66,0.363636363636,0,0.517857142857,0.512195121951,0.555555555556,0.486486486486,0.393939393939,0.333333333333,0.333333333333,0.462686567164,0.422680412371,0.424242424242,0.7,0.5,0.333333333333,0.578947368421,0.510638297872,0.51968503937
1,Hornets,4,19,0.211,20,30,0.667,20,36,56,19,3,8,14,16,78,23,61,0.377049180328,1,0.482142857143,0.487804878049,0.444444444444,0.513513513514,0.606060606061,0.666666666667,0.666666666667,0.537313432836,0.577319587629,0.575757575758,0.3,0.5,0.666666666667,0.421052631579,0.489361702128,0.48031496063
