,TEAM_NAME,FG3M,FG3A,FG3_PCT,FTM,FTA,FT_PCT,OREB,DREB,REB,AST,STL,BLK,TO,PF,PTS,FG2M,FG2A,FG2_PCT,OUTCOME,DEFICIT_FGM,DEFICIT_FGA,DEFICIT_FG3M,DEFICIT_FG3A,DEFICIT_FTM,DEFICIT_FTA,DEFICIT_OREB,DEFICIT_DREB,DEFICIT_REB,DEFICIT_AST,DEFICIT_STL,DEFICIT_BLK,DEFICIT_TO,DEFICIT_PF,DEFICIT_FG2M,DEFICIT_FG2A
0,76ers,8,23,0.348,25,32,0.781,15,28,43,20,7,13,14,19,91,21,56,0.375,0,0.439393939394,0.464705882353,0.533333333333,0.53488372093,0.595238095238,0.615384615385,0.454545454545,0.451612903226,0.452631578947,0.434782608696,0.538461538462,0.684210526316,0.56,0.463414634146,0.411764705882,0.44094488189
1,Knicks,7,20,0.35,17,20,0.85,18,34,52,26,6,6,11,22,98,30,71,0.422535211268,1,0.560606060606,0.535294117647,0.466666666667,0.46511627907,0.404761904762,0.384615384615,0.545454545455,0.548387096774,0.547368421053,0.565217391304,0.461538461538,0.315789473684,0.44,0.536585365854,0.588235294118,0.55905511811
