,TEAM_NAME,FG3M,FG3A,FG3_PCT,FTM,FTA,FT_PCT,OREB,DREB,REB,AST,STL,BLK,TO,PF,PTS,FG2M,FG2A,FG2_PCT,OUTCOME,DEFICIT_FGM,DEFICIT_FGA,DEFICIT_FG3M,DEFICIT_FG3A,DEFICIT_FTM,DEFICIT_FTA,DEFICIT_OREB,DEFICIT_DREB,DEFICIT_REB,DEFICIT_AST,DEFICIT_STL,DEFICIT_BLK,DEFICIT_TO,DEFICIT_PF,DEFICIT_FG2M,DEFICIT_FG2A
0,Trail Blazers,13,32,0.406,22,28,0.786,10,34,44,21,8,4,14,18,113,26,55,0.4727272727272727,0,0.45348837209302323,0.4860335195530726,0.5909090909090909,0.5423728813559322,0.5945945945945946,0.5384615384615384,0.47619047619047616,0.4657534246575342,0.46808510638297873,0.4666666666666667,0.42105263157894735,0.8,0.5185185185185185,0.46153846153846156,0.40625,0.4583333333333333
1,Suns,9,27,0.333,15,24,0.625,11,39,50,24,11,1,13,21,118,38,65,0.5846153846153846,1,0.5465116279069767,0.5139664804469274,0.4090909090909091,0.4576271186440678,0.40540540540540543,0.46153846153846156,0.5238095238095238,0.5342465753424658,0.5319148936170213,0.5333333333333333,0.5789473684210527,0.2,0.48148148148148145,0.5384615384615384,0.59375,0.5416666666666666
