,TEAM_NAME,FG3M,FG3A,FG3_PCT,FTM,FTA,FT_PCT,OREB,DREB,REB,AST,STL,BLK,TO,PF,PTS,FG2M,FG2A,FG2_PCT,OUTCOME,DEFICIT_FGM,DEFICIT_FGA,DEFICIT_FG3M,DEFICIT_FG3A,DEFICIT_FTM,DEFICIT_FTA,DEFICIT_OREB,DEFICIT_DREB,DEFICIT_REB,DEFICIT_AST,DEFICIT_STL,DEFICIT_BLK,DEFICIT_TO,DEFICIT_PF,DEFICIT_FG2M,DEFICIT_FG2A
0,Trail Blazers,13,32,0.406,22,28,0.786,10,34,44,21,8,4,14,18,113,26,55,0.472727272727,0,0.453488372093,0.486033519553,0.590909090909,0.542372881356,0.594594594595,0.538461538462,0.47619047619,0.465753424658,0.468085106383,0.466666666667,0.421052631579,0.8,0.518518518519,0.461538461538,0.40625,0.458333333333
1,Suns,9,27,0.333,15,24,0.625,11,39,50,24,11,1,13,21,118,38,65,0.584615384615,1,0.546511627907,0.513966480447,0.409090909091,0.457627118644,0.405405405405,0.461538461538,0.52380952381,0.534246575342,0.531914893617,0.533333333333,0.578947368421,0.2,0.481481481481,0.538461538462,0.59375,0.541666666667
