,TEAM_NAME,FG3M,FG3A,FG3_PCT,FTM,FTA,FT_PCT,OREB,DREB,REB,AST,STL,BLK,TO,PF,PTS,FG2M,FG2A,FG2_PCT,OUTCOME,DEFICIT_FGM,DEFICIT_FGA,DEFICIT_FG3M,DEFICIT_FG3A,DEFICIT_FTM,DEFICIT_FTA,DEFICIT_OREB,DEFICIT_DREB,DEFICIT_REB,DEFICIT_AST,DEFICIT_STL,DEFICIT_BLK,DEFICIT_TO,DEFICIT_PF,DEFICIT_FG2M,DEFICIT_FG2A
0,Pacers,5,25,0.2,24,26,0.923,10,32,42,22,7,2,18,21,91,26,53,0.49056603773584906,0,0.44285714285714284,0.5,0.2777777777777778,0.46296296296296297,0.5581395348837209,0.5,0.5263157894736842,0.48484848484848486,0.49411764705882355,0.4230769230769231,0.3684210526315789,0.4,0.5294117647058824,0.4772727272727273,0.5,0.5196078431372549
1,Hawks,13,29,0.448,19,26,0.731,9,34,43,30,12,3,16,23,110,26,49,0.5306122448979592,1,0.5571428571428572,0.5,0.7222222222222222,0.5370370370370371,0.4418604651162791,0.5,0.47368421052631576,0.5151515151515151,0.5058823529411764,0.5769230769230769,0.631578947368421,0.6,0.47058823529411764,0.5227272727272727,0.5,0.4803921568627451
