,TEAM_NAME,FG3M,FG3A,FG3_PCT,FTM,FTA,FT_PCT,OREB,DREB,REB,AST,STL,BLK,TO,PF,PTS,FG2M,FG2A,FG2_PCT,OUTCOME,DEFICIT_FGM,DEFICIT_FGA,DEFICIT_FG3M,DEFICIT_FG3A,DEFICIT_FTM,DEFICIT_FTA,DEFICIT_OREB,DEFICIT_DREB,DEFICIT_REB,DEFICIT_AST,DEFICIT_STL,DEFICIT_BLK,DEFICIT_TO,DEFICIT_PF,DEFICIT_FG2M,DEFICIT_FG2A
0,Magic,6,15,0.4,16,16,1.0,13,29,42,29,9,5,14,21,118,42,82,0.5121951219512195,0,0.4948453608247423,0.5078534031413613,0.375,0.38461538461538464,0.4444444444444444,0.4,0.5416666666666666,0.4603174603174603,0.4827586206896552,0.453125,0.47368421052631576,0.5,0.4827586206896552,0.5526315789473685,0.5185185185185185,0.5394736842105263
1,Pistons,10,24,0.417,20,24,0.833,11,34,45,35,10,5,15,17,128,39,70,0.5571428571428572,1,0.5051546391752577,0.49214659685863876,0.625,0.6153846153846154,0.5555555555555556,0.6,0.4583333333333333,0.5396825396825397,0.5172413793103449,0.546875,0.5263157894736842,0.5,0.5172413793103449,0.4473684210526316,0.48148148148148145,0.4605263157894737
