,TEAM_NAME,FG3M,FG3A,FG3_PCT,FTM,FTA,FT_PCT,OREB,DREB,REB,AST,STL,BLK,TO,PF,PTS,FG2M,FG2A,FG2_PCT,OUTCOME,DEFICIT_FGM,DEFICIT_FGA,DEFICIT_FG3M,DEFICIT_FG3A,DEFICIT_FTM,DEFICIT_FTA,DEFICIT_OREB,DEFICIT_DREB,DEFICIT_REB,DEFICIT_AST,DEFICIT_STL,DEFICIT_BLK,DEFICIT_TO,DEFICIT_PF,DEFICIT_FG2M,DEFICIT_FG2A
0,Heat,5,18,0.278,13,15,0.867,10,31,41,14,7,8,7,22,76,24,66,0.36363636363636365,0,0.5178571428571429,0.5121951219512195,0.5555555555555556,0.4864864864864865,0.3939393939393939,0.3333333333333333,0.3333333333333333,0.4626865671641791,0.422680412371134,0.42424242424242425,0.7,0.5,0.3333333333333333,0.5789473684210527,0.5106382978723404,0.5196850393700787
1,Hornets,4,19,0.211,20,30,0.667,20,36,56,19,3,8,14,16,78,23,61,0.3770491803278688,1,0.48214285714285715,0.4878048780487805,0.4444444444444444,0.5135135135135135,0.6060606060606061,0.6666666666666666,0.6666666666666666,0.5373134328358209,0.5773195876288659,0.5757575757575758,0.3,0.5,0.6666666666666666,0.42105263157894735,0.48936170212765956,0.48031496062992124
