,TEAM_NAME,FG3M,FG3A,FG3_PCT,FTM,FTA,FT_PCT,OREB,DREB,REB,AST,STL,BLK,TO,PF,PTS,FG2M,FG2A,FG2_PCT,OUTCOME,DEFICIT_FGM,DEFICIT_FGA,DEFICIT_FG3M,DEFICIT_FG3A,DEFICIT_FTM,DEFICIT_FTA,DEFICIT_OREB,DEFICIT_DREB,DEFICIT_REB,DEFICIT_AST,DEFICIT_STL,DEFICIT_BLK,DEFICIT_TO,DEFICIT_PF,DEFICIT_FG2M,DEFICIT_FG2A
0,76ers,8,23,0.348,25,32,0.781,15,28,43,20,7,13,14,19,91,21,56,0.375,0,0.4393939393939394,0.4647058823529412,0.5333333333333333,0.5348837209302325,0.5952380952380952,0.6153846153846154,0.45454545454545453,0.45161290322580644,0.45263157894736844,0.43478260869565216,0.5384615384615384,0.6842105263157895,0.56,0.4634146341463415,0.4117647058823529,0.4409448818897638
1,Knicks,7,20,0.35,17,20,0.85,18,34,52,26,6,6,11,22,98,30,71,0.4225352112676056,1,0.5606060606060606,0.5352941176470588,0.4666666666666667,0.46511627906976744,0.40476190476190477,0.38461538461538464,0.5454545454545454,0.5483870967741935,0.5473684210526316,0.5652173913043478,0.46153846153846156,0.3157894736842105,0.44,0.5365853658536586,0.5882352941176471,0.5590551181102362
