,TEAM_NAME,FG3M,FG3A,FG3_PCT,FTM,FTA,FT_PCT,OREB,DREB,REB,AST,STL,BLK,TO,PF,PTS,FG2M,FG2A,FG2_PCT,OUTCOME,DEFICIT_FGM,DEFICIT_FGA,DEFICIT_FG3M,DEFICIT_FG3A,DEFICIT_FTM,DEFICIT_FTA,DEFICIT_OREB,DEFICIT_DREB,DEFICIT_REB,DEFICIT_AST,DEFICIT_STL,DEFICIT_BLK,DEFICIT_TO,DEFICIT_PF,DEFICIT_FG2M,DEFICIT_FG2A
0,Trail Blazers,9,31,0.29,13,18,0.722,11,33,44,19,11,3,16,15,88,24,58,0.41379310344827586,0,0.4714285714285714,0.52046783625731,0.5294117647058824,0.5961538461538461,0.5,0.5625,0.55,0.44594594594594594,0.46808510638297873,0.4634146341463415,0.4782608695652174,0.2727272727272727,0.48484848484848486,0.4411764705882353,0.4528301886792453,0.48739495798319327
1,Bucks,8,21,0.381,13,14,0.929,9,41,50,22,12,8,17,19,95,29,61,0.47540983606557374,1,0.5285714285714286,0.47953216374269003,0.47058823529411764,0.40384615384615385,0.5,0.4375,0.45,0.5540540540540541,0.5319148936170213,0.5365853658536586,0.5217391304347826,0.7272727272727273,0.5151515151515151,0.5588235294117647,0.5471698113207547,0.5126050420168067
