,TEAM_NAME,FG3M,FG3A,FG3_PCT,FTM,FTA,FT_PCT,OREB,DREB,REB,AST,STL,BLK,TO,PF,PTS,FG2M,FG2A,FG2_PCT,OUTCOME,DEFICIT_FGM,DEFICIT_FGA,DEFICIT_FG3M,DEFICIT_FG3A,DEFICIT_FTM,DEFICIT_FTA,DEFICIT_OREB,DEFICIT_DREB,DEFICIT_REB,DEFICIT_AST,DEFICIT_STL,DEFICIT_BLK,DEFICIT_TO,DEFICIT_PF,DEFICIT_FG2M,DEFICIT_FG2A
0,Nuggets,5,24,0.208,15,20,0.75,8,36,44,21,2,8,12,19,86,28,68,0.411764705882,0,0.428571428571,0.497297297297,1.0,0.685714285714,0.483870967742,0.444444444444,0.444444444444,0.433734939759,0.435643564356,0.396226415094,0.166666666667,0.421052631579,0.545454545455,0.513513513514,0.388888888889,0.453333333333
1,Hornets,0,11,0.0,16,25,0.64,10,47,57,32,10,11,10,18,104,44,82,0.536585365854,1,0.571428571429,0.502702702703,0.0,0.314285714286,0.516129032258,0.555555555556,0.555555555556,0.566265060241,0.564356435644,0.603773584906,0.833333333333,0.578947368421,0.454545454545,0.486486486486,0.611111111111,0.546666666667
