,TEAM_NAME,FG3M,FG3A,FG3_PCT,FTM,FTA,FT_PCT,OREB,DREB,REB,AST,STL,BLK,TO,PF,PTS,FG2M,FG2A,FG2_PCT,OUTCOME,DEFICIT_FGM,DEFICIT_FGA,DEFICIT_FG3M,DEFICIT_FG3A,DEFICIT_FTM,DEFICIT_FTA,DEFICIT_OREB,DEFICIT_DREB,DEFICIT_REB,DEFICIT_AST,DEFICIT_STL,DEFICIT_BLK,DEFICIT_TO,DEFICIT_PF,DEFICIT_FG2M,DEFICIT_FG2A
0,Thunder,6,20,0.3,14,18,0.778,12,35,47,15,5,4,17,19,74,21,58,0.3620689655172414,0,0.4426229508196721,0.46153846153846156,0.6666666666666666,0.6451612903225806,0.5,0.5142857142857142,0.375,0.5072463768115942,0.46534653465346537,0.40540540540540543,0.3125,0.4444444444444444,0.6071428571428571,0.5135135135135135,0.40384615384615385,0.42028985507246375
1,Grizzlies,3,11,0.273,14,17,0.824,20,34,54,22,11,5,11,18,85,31,80,0.3875,1,0.5573770491803278,0.5384615384615384,0.3333333333333333,0.3548387096774194,0.5,0.4857142857142857,0.625,0.4927536231884058,0.5346534653465347,0.5945945945945946,0.6875,0.5555555555555556,0.39285714285714285,0.4864864864864865,0.5961538461538461,0.5797101449275363
