,TEAM_NAME,FG3M,FG3A,FG3_PCT,FTM,FTA,FT_PCT,OREB,DREB,REB,AST,STL,BLK,TO,PF,PTS,FG2M,FG2A,FG2_PCT,OUTCOME,DEFICIT_FGM,DEFICIT_FGA,DEFICIT_FG3M,DEFICIT_FG3A,DEFICIT_FTM,DEFICIT_FTA,DEFICIT_OREB,DEFICIT_DREB,DEFICIT_REB,DEFICIT_AST,DEFICIT_STL,DEFICIT_BLK,DEFICIT_TO,DEFICIT_PF,DEFICIT_FG2M,DEFICIT_FG2A
0,Wizards,10,24,0.417,32,41,0.78,12,28,40,26,8,6,22,24,116,27,55,0.490909090909,0,0.456790123457,0.473053892216,0.47619047619,0.48,0.603773584906,0.577464788732,0.666666666667,0.5,0.540540540541,0.5,0.533333333333,0.428571428571,0.628571428571,0.452830188679,0.45,0.470085470085
1,Raptors,11,26,0.423,21,30,0.7,6,28,34,26,7,8,13,29,120,33,62,0.532258064516,1,0.543209876543,0.526946107784,0.52380952381,0.52,0.396226415094,0.422535211268,0.333333333333,0.5,0.459459459459,0.5,0.466666666667,0.571428571429,0.371428571429,0.547169811321,0.55,0.529914529915
