,TEAM_NAME,FG3M,FG3A,FG3_PCT,FTM,FTA,FT_PCT,OREB,DREB,REB,AST,STL,BLK,TO,PF,PTS,FG2M,FG2A,FG2_PCT,OUTCOME,DEFICIT_FGM,DEFICIT_FGA,DEFICIT_FG3M,DEFICIT_FG3A,DEFICIT_FTM,DEFICIT_FTA,DEFICIT_OREB,DEFICIT_DREB,DEFICIT_REB,DEFICIT_AST,DEFICIT_STL,DEFICIT_BLK,DEFICIT_TO,DEFICIT_PF,DEFICIT_FG2M,DEFICIT_FG2A
0,Kings,5,15,0.333,26,29,0.897,9,37,46,16,8,1,12,27,99,29,65,0.4461538461538462,1,0.5074626865671642,0.5,0.5,0.375,0.5306122448979592,0.5370370370370371,0.5,0.5441176470588235,0.5348837209302325,0.42105263157894735,0.5,0.16666666666666666,0.46153846153846156,0.5510204081632653,0.5087719298245614,0.5416666666666666
1,Pacers,5,25,0.2,23,25,0.92,9,31,40,22,8,5,14,22,94,28,55,0.509090909090909,0,0.4925373134328358,0.5,0.5,0.625,0.46938775510204084,0.46296296296296297,0.5,0.45588235294117646,0.46511627906976744,0.5789473684210527,0.5,0.8333333333333334,0.5384615384615384,0.4489795918367347,0.49122807017543857,0.4583333333333333
