,TEAM_NAME,FG3M,FG3A,FG3_PCT,FTM,FTA,FT_PCT,OREB,DREB,REB,AST,STL,BLK,TO,PF,PTS,FG2M,FG2A,FG2_PCT,OUTCOME,DEFICIT_FGM,DEFICIT_FGA,DEFICIT_FG3M,DEFICIT_FG3A,DEFICIT_FTM,DEFICIT_FTA,DEFICIT_OREB,DEFICIT_DREB,DEFICIT_REB,DEFICIT_AST,DEFICIT_STL,DEFICIT_BLK,DEFICIT_TO,DEFICIT_PF,DEFICIT_FG2M,DEFICIT_FG2A
0,Nuggets,5,24,0.208,15,20,0.75,8,36,44,21,2,8,12,19,86,28,68,0.4117647058823529,0,0.42857142857142855,0.4972972972972973,1.0,0.6857142857142857,0.4838709677419355,0.4444444444444444,0.4444444444444444,0.43373493975903615,0.43564356435643564,0.39622641509433965,0.16666666666666666,0.42105263157894735,0.5454545454545454,0.5135135135135135,0.3888888888888889,0.4533333333333333
1,Hornets,0,11,0.0,16,25,0.64,10,47,57,32,10,11,10,18,104,44,82,0.5365853658536586,1,0.5714285714285714,0.5027027027027027,0.0,0.3142857142857143,0.5161290322580645,0.5555555555555556,0.5555555555555556,0.5662650602409639,0.5643564356435643,0.6037735849056604,0.8333333333333334,0.5789473684210527,0.45454545454545453,0.4864864864864865,0.6111111111111112,0.5466666666666666
