,TEAM_NAME,FG3M,FG3A,FG3_PCT,FTM,FTA,FT_PCT,OREB,DREB,REB,AST,STL,BLK,TO,PF,PTS,FG2M,FG2A,FG2_PCT,OUTCOME,DEFICIT_FGM,DEFICIT_FGA,DEFICIT_FG3M,DEFICIT_FG3A,DEFICIT_FTM,DEFICIT_FTA,DEFICIT_OREB,DEFICIT_DREB,DEFICIT_REB,DEFICIT_AST,DEFICIT_STL,DEFICIT_BLK,DEFICIT_TO,DEFICIT_PF,DEFICIT_FG2M,DEFICIT_FG2A
0,Thunder,6,20,0.3,14,18,0.778,12,35,47,15,5,4,17,19,74,21,58,0.362068965517,0,0.44262295082,0.461538461538,0.666666666667,0.645161290323,0.5,0.514285714286,0.375,0.507246376812,0.465346534653,0.405405405405,0.3125,0.444444444444,0.607142857143,0.513513513514,0.403846153846,0.420289855072
1,Grizzlies,3,11,0.273,14,17,0.824,20,34,54,22,11,5,11,18,85,31,80,0.3875,1,0.55737704918,0.538461538462,0.333333333333,0.354838709677,0.5,0.485714285714,0.625,0.492753623188,0.534653465347,0.594594594595,0.6875,0.555555555556,0.392857142857,0.486486486486,0.596153846154,0.579710144928
