,TEAM_NAME,FG3M,FG3A,FG3_PCT,FTM,FTA,FT_PCT,OREB,DREB,REB,AST,STL,BLK,TO,PF,PTS,FG2M,FG2A,FG2_PCT,OUTCOME,DEFICIT_FGM,DEFICIT_FGA,DEFICIT_FG3M,DEFICIT_FG3A,DEFICIT_FTM,DEFICIT_FTA,DEFICIT_OREB,DEFICIT_DREB,DEFICIT_REB,DEFICIT_AST,DEFICIT_STL,DEFICIT_BLK,DEFICIT_TO,DEFICIT_PF,DEFICIT_FG2M,DEFICIT_FG2A
0,Thunder,5,19,0.263,17,25,0.68,14,32,46,21,3,4,17,21,106,37,63,0.587301587302,1,0.538461538462,0.5,0.416666666667,0.463414634146,0.53125,0.54347826087,0.608695652174,0.581818181818,0.589743589744,0.6,0.230769230769,0.5,0.586206896552,0.477272727273,0.560606060606,0.512195121951
1,Heat,7,22,0.318,15,21,0.714,9,23,32,14,10,4,12,23,94,29,60,0.483333333333,0,0.461538461538,0.5,0.583333333333,0.536585365854,0.46875,0.45652173913,0.391304347826,0.418181818182,0.410256410256,0.4,0.769230769231,0.5,0.413793103448,0.522727272727,0.439393939394,0.487804878049
