,TEAM_NAME,FG3M,FG3A,FG3_PCT,FTM,FTA,FT_PCT,OREB,DREB,REB,AST,STL,BLK,TO,PF,PTS,FG2M,FG2A,FG2_PCT,OUTCOME,DEFICIT_FGM,DEFICIT_FGA,DEFICIT_FG3M,DEFICIT_FG3A,DEFICIT_FTM,DEFICIT_FTA,DEFICIT_OREB,DEFICIT_DREB,DEFICIT_REB,DEFICIT_AST,DEFICIT_STL,DEFICIT_BLK,DEFICIT_TO,DEFICIT_PF,DEFICIT_FG2M,DEFICIT_FG2A
0,Spurs,9,13,0.692,11,14,0.786,7,39,46,31,6,10,20,19,104,33,61,0.540983606557,1,0.56,0.443113772455,0.642857142857,0.433333333333,0.423076923077,0.4375,0.304347826087,0.619047619048,0.53488372093,0.645833333333,0.272727272727,0.625,0.666666666667,0.59375,0.540983606557,0.445255474453
1,Timberwolves,5,17,0.294,15,18,0.833,16,24,40,17,16,6,10,13,86,28,76,0.368421052632,0,0.44,0.556886227545,0.357142857143,0.566666666667,0.576923076923,0.5625,0.695652173913,0.380952380952,0.46511627907,0.354166666667,0.727272727273,0.375,0.333333333333,0.40625,0.459016393443,0.554744525547
