,TEAM_NAME,FG3M,FG3A,FG3_PCT,FTM,FTA,FT_PCT,OREB,DREB,REB,AST,STL,BLK,TO,PF,PTS,FG2M,FG2A,FG2_PCT,OUTCOME,DEFICIT_FGM,DEFICIT_FGA,DEFICIT_FG3M,DEFICIT_FG3A,DEFICIT_FTM,DEFICIT_FTA,DEFICIT_OREB,DEFICIT_DREB,DEFICIT_REB,DEFICIT_AST,DEFICIT_STL,DEFICIT_BLK,DEFICIT_TO,DEFICIT_PF,DEFICIT_FG2M,DEFICIT_FG2A
0,Suns,11,24,0.458,20,26,0.769,10,47,57,19,4,1,20,13,105,26,60,0.43333333333333335,1,0.5211267605633803,0.46153846153846156,0.6470588235294118,0.4067796610169492,0.7407407407407407,0.7647058823529411,0.5263157894736842,0.5875,0.5757575757575758,0.59375,0.3333333333333333,0.14285714285714285,0.6666666666666666,0.3939393939393939,0.48148148148148145,0.4878048780487805
1,Nuggets,6,35,0.171,7,8,0.875,9,33,42,13,8,6,10,20,81,28,63,0.4444444444444444,0,0.4788732394366197,0.5384615384615384,0.35294117647058826,0.5932203389830508,0.25925925925925924,0.23529411764705882,0.47368421052631576,0.4125,0.42424242424242425,0.40625,0.6666666666666666,0.8571428571428571,0.3333333333333333,0.6060606060606061,0.5185185185185185,0.5121951219512195
