,TEAM_NAME,FG3M,FG3A,FG3_PCT,FTM,FTA,FT_PCT,OREB,DREB,REB,AST,STL,BLK,TO,PF,PTS,FG2M,FG2A,FG2_PCT,OUTCOME,DEFICIT_FGM,DEFICIT_FGA,DEFICIT_FG3M,DEFICIT_FG3A,DEFICIT_FTM,DEFICIT_FTA,DEFICIT_OREB,DEFICIT_DREB,DEFICIT_REB,DEFICIT_AST,DEFICIT_STL,DEFICIT_BLK,DEFICIT_TO,DEFICIT_PF,DEFICIT_FG2M,DEFICIT_FG2A
0,Warriors,12,34,0.353,9,10,0.9,11,39,50,31,9,10,14,19,107,31,63,0.49206349206349204,1,0.5119047619047619,0.49743589743589745,0.8571428571428571,0.6538461538461539,0.375,0.38461538461538464,0.5,0.5,0.5,0.5849056603773585,0.42857142857142855,0.7142857142857143,0.5384615384615384,0.59375,0.44285714285714284,0.4405594405594406
1,Nets,2,18,0.111,15,16,0.938,11,39,50,22,12,4,12,13,99,39,80,0.4875,0,0.4880952380952381,0.5025641025641026,0.14285714285714285,0.34615384615384615,0.625,0.6153846153846154,0.5,0.5,0.5,0.41509433962264153,0.5714285714285714,0.2857142857142857,0.46153846153846156,0.40625,0.5571428571428572,0.5594405594405595
