,TEAM_NAME,FG3M,FG3A,FG3_PCT,FTM,FTA,FT_PCT,OREB,DREB,REB,AST,STL,BLK,TO,PF,PTS,FG2M,FG2A,FG2_PCT,OUTCOME,DEFICIT_FGM,DEFICIT_FGA,DEFICIT_FG3M,DEFICIT_FG3A,DEFICIT_FTM,DEFICIT_FTA,DEFICIT_OREB,DEFICIT_DREB,DEFICIT_REB,DEFICIT_AST,DEFICIT_STL,DEFICIT_BLK,DEFICIT_TO,DEFICIT_PF,DEFICIT_FG2M,DEFICIT_FG2A
0,Suns,11,24,0.458,20,26,0.769,10,47,57,19,4,1,20,13,105,26,60,0.433333333333,1,0.521126760563,0.461538461538,0.647058823529,0.406779661017,0.740740740741,0.764705882353,0.526315789474,0.5875,0.575757575758,0.59375,0.333333333333,0.142857142857,0.666666666667,0.393939393939,0.481481481481,0.487804878049
1,Nuggets,6,35,0.171,7,8,0.875,9,33,42,13,8,6,10,20,81,28,63,0.444444444444,0,0.478873239437,0.538461538462,0.352941176471,0.593220338983,0.259259259259,0.235294117647,0.473684210526,0.4125,0.424242424242,0.40625,0.666666666667,0.857142857143,0.333333333333,0.606060606061,0.518518518519,0.512195121951
