,TEAM_NAME,FG3M,FG3A,FG3_PCT,FTM,FTA,FT_PCT,OREB,DREB,REB,AST,STL,BLK,TO,PF,PTS,FG2M,FG2A,FG2_PCT,OUTCOME,DEFICIT_FGM,DEFICIT_FGA,DEFICIT_FG3M,DEFICIT_FG3A,DEFICIT_FTM,DEFICIT_FTA,DEFICIT_OREB,DEFICIT_DREB,DEFICIT_REB,DEFICIT_AST,DEFICIT_STL,DEFICIT_BLK,DEFICIT_TO,DEFICIT_PF,DEFICIT_FG2M,DEFICIT_FG2A
0,Wizards,12,29,0.414,18,26,0.692,7,42,49,29,6,6,11,23,108,27,54,0.5,1,0.5064935064935064,0.48823529411764705,0.75,0.6170212765957447,0.4864864864864865,0.52,0.5384615384615384,0.5185185185185185,0.5212765957446809,0.6041666666666666,0.46153846153846156,0.75,0.4782608695652174,0.5111111111111111,0.4426229508196721,0.43902439024390244
1,Magic,4,18,0.222,19,24,0.792,6,39,45,19,7,2,12,22,99,34,69,0.4927536231884058,0,0.4935064935064935,0.5117647058823529,0.25,0.3829787234042553,0.5135135135135135,0.48,0.46153846153846156,0.48148148148148145,0.4787234042553192,0.3958333333333333,0.5384615384615384,0.25,0.5217391304347826,0.4888888888888889,0.5573770491803278,0.5609756097560976
