,TEAM_NAME,FG3M,FG3A,FG3_PCT,FTM,FTA,FT_PCT,OREB,DREB,REB,AST,STL,BLK,TO,PF,PTS,FG2M,FG2A,FG2_PCT,OUTCOME,DEFICIT_FGM,DEFICIT_FGA,DEFICIT_FG3M,DEFICIT_FG3A,DEFICIT_FTM,DEFICIT_FTA,DEFICIT_OREB,DEFICIT_DREB,DEFICIT_REB,DEFICIT_AST,DEFICIT_STL,DEFICIT_BLK,DEFICIT_TO,DEFICIT_PF,DEFICIT_FG2M,DEFICIT_FG2A
0,Warriors,15,29,0.517,9,13,0.692,11,35,46,35,15,8,21,25,118,32,60,0.5333333333333333,1,0.5595238095238095,0.5085714285714286,0.7894736842105263,0.6590909090909091,0.25,0.2708333333333333,0.4583333333333333,0.5555555555555556,0.5287356321839081,0.603448275862069,0.625,0.7272727272727273,0.525,0.625,0.49230769230769234,0.4580152671755725
1,Nuggets,4,15,0.267,27,35,0.771,13,28,41,23,9,3,19,15,105,33,71,0.4647887323943662,0,0.44047619047619047,0.49142857142857144,0.21052631578947367,0.3409090909090909,0.75,0.7291666666666666,0.5416666666666666,0.4444444444444444,0.47126436781609193,0.39655172413793105,0.375,0.2727272727272727,0.475,0.375,0.5076923076923077,0.5419847328244275
