,TEAM_NAME,FG3M,FG3A,FG3_PCT,FTM,FTA,FT_PCT,OREB,DREB,REB,AST,STL,BLK,TO,PF,PTS,FG2M,FG2A,FG2_PCT,OUTCOME,DEFICIT_FGM,DEFICIT_FGA,DEFICIT_FG3M,DEFICIT_FG3A,DEFICIT_FTM,DEFICIT_FTA,DEFICIT_OREB,DEFICIT_DREB,DEFICIT_REB,DEFICIT_AST,DEFICIT_STL,DEFICIT_BLK,DEFICIT_TO,DEFICIT_PF,DEFICIT_FG2M,DEFICIT_FG2A
0,Celtics,14,37,0.378,17,21,0.81,10,25,35,19,9,2,17,28,101,21,45,0.4666666666666667,0,0.4666666666666667,0.5093167701863354,0.7368421052631579,0.7115384615384616,0.3953488372093023,0.3888888888888889,0.4166666666666667,0.4166666666666667,0.4166666666666667,0.5135135135135135,0.45,0.3333333333333333,0.5483870967741935,0.5833333333333334,0.375,0.41284403669724773
1,Nets,5,15,0.333,26,33,0.788,14,35,49,18,11,4,14,20,111,35,64,0.546875,1,0.5333333333333333,0.4906832298136646,0.2631578947368421,0.28846153846153844,0.6046511627906976,0.6111111111111112,0.5833333333333334,0.5833333333333334,0.5833333333333334,0.4864864864864865,0.55,0.6666666666666666,0.45161290322580644,0.4166666666666667,0.625,0.5871559633027523
