,TEAM_NAME,FG3M,FG3A,FG3_PCT,FTM,FTA,FT_PCT,OREB,DREB,REB,AST,STL,BLK,TO,PF,PTS,FG2M,FG2A,FG2_PCT,OUTCOME,DEFICIT_FGM,DEFICIT_FGA,DEFICIT_FG3M,DEFICIT_FG3A,DEFICIT_FTM,DEFICIT_FTA,DEFICIT_OREB,DEFICIT_DREB,DEFICIT_REB,DEFICIT_AST,DEFICIT_STL,DEFICIT_BLK,DEFICIT_TO,DEFICIT_PF,DEFICIT_FG2M,DEFICIT_FG2A
0,Warriors,15,29,0.517,9,13,0.692,11,35,46,35,15,8,21,25,118,32,60,0.533333333333,1,0.559523809524,0.508571428571,0.789473684211,0.659090909091,0.25,0.270833333333,0.458333333333,0.555555555556,0.528735632184,0.603448275862,0.625,0.727272727273,0.525,0.625,0.492307692308,0.458015267176
1,Nuggets,4,15,0.267,27,35,0.771,13,28,41,23,9,3,19,15,105,33,71,0.464788732394,0,0.440476190476,0.491428571429,0.210526315789,0.340909090909,0.75,0.729166666667,0.541666666667,0.444444444444,0.471264367816,0.396551724138,0.375,0.272727272727,0.475,0.375,0.507692307692,0.541984732824
