,TEAM_NAME,FG3M,FG3A,FG3_PCT,FTM,FTA,FT_PCT,OREB,DREB,REB,AST,STL,BLK,TO,PF,PTS,FG2M,FG2A,FG2_PCT,OUTCOME,DEFICIT_FGM,DEFICIT_FGA,DEFICIT_FG3M,DEFICIT_FG3A,DEFICIT_FTM,DEFICIT_FTA,DEFICIT_OREB,DEFICIT_DREB,DEFICIT_REB,DEFICIT_AST,DEFICIT_STL,DEFICIT_BLK,DEFICIT_TO,DEFICIT_PF,DEFICIT_FG2M,DEFICIT_FG2A
0,Thunder,9,22,0.409,14,18,0.778,14,27,41,25,8,6,16,23,117,38,68,0.5588235294117647,1,0.5164835164835165,0.5202312138728323,0.47368421052631576,0.5365853658536586,0.4666666666666667,0.391304347826087,0.6086956521739131,0.5,0.5324675324675324,0.49019607843137253,0.5,0.6,0.48484848484848486,0.575,0.5277777777777778,0.5151515151515151
1,Mavericks,10,19,0.526,16,28,0.571,9,27,36,26,8,4,17,17,114,34,64,0.53125,0,0.4835164835164835,0.4797687861271676,0.5263157894736842,0.4634146341463415,0.5333333333333333,0.6086956521739131,0.391304347826087,0.5,0.4675324675324675,0.5098039215686274,0.5,0.4,0.5151515151515151,0.425,0.4722222222222222,0.48484848484848486
