,TEAM_NAME,FG3M,FG3A,FG3_PCT,FTM,FTA,FT_PCT,OREB,DREB,REB,AST,STL,BLK,TO,PF,PTS,FG2M,FG2A,FG2_PCT,OUTCOME,DEFICIT_FGM,DEFICIT_FGA,DEFICIT_FG3M,DEFICIT_FG3A,DEFICIT_FTM,DEFICIT_FTA,DEFICIT_OREB,DEFICIT_DREB,DEFICIT_REB,DEFICIT_AST,DEFICIT_STL,DEFICIT_BLK,DEFICIT_TO,DEFICIT_PF,DEFICIT_FG2M,DEFICIT_FG2A
0,Jazz,10,23,0.435,20,28,0.714,13,29,42,25,9,4,19,24,104,27,57,0.473684210526,1,0.506849315068,0.512820512821,0.666666666667,0.511111111111,0.571428571429,0.583333333333,0.722222222222,0.508771929825,0.56,0.531914893617,0.409090909091,0.444444444444,0.513513513514,0.533333333333,0.465517241379,0.513513513514
1,76ers,5,22,0.227,15,20,0.75,5,28,33,22,13,5,18,21,92,31,54,0.574074074074,0,0.493150684932,0.487179487179,0.333333333333,0.488888888889,0.428571428571,0.416666666667,0.277777777778,0.491228070175,0.44,0.468085106383,0.590909090909,0.555555555556,0.486486486486,0.466666666667,0.534482758621,0.486486486486
