,TEAM_NAME,FG3M,FG3A,FG3_PCT,FTM,FTA,FT_PCT,OREB,DREB,REB,AST,STL,BLK,TO,PF,PTS,FG2M,FG2A,FG2_PCT,OUTCOME,DEFICIT_FGM,DEFICIT_FGA,DEFICIT_FG3M,DEFICIT_FG3A,DEFICIT_FTM,DEFICIT_FTA,DEFICIT_OREB,DEFICIT_DREB,DEFICIT_REB,DEFICIT_AST,DEFICIT_STL,DEFICIT_BLK,DEFICIT_TO,DEFICIT_PF,DEFICIT_FG2M,DEFICIT_FG2A
0,Pistons,6,21,0.286,13,20,0.65,10,38,48,26,7,3,6,19,109,39,71,0.549295774648,1,0.569620253165,0.525714285714,0.428571428571,0.428571428571,0.40625,0.487804878049,0.588235294118,0.558823529412,0.564705882353,0.553191489362,0.7,0.375,0.375,0.487179487179,0.6,0.563492063492
1,Bulls,8,28,0.286,19,21,0.905,7,30,37,21,3,5,10,20,95,26,55,0.472727272727,0,0.430379746835,0.474285714286,0.571428571429,0.571428571429,0.59375,0.512195121951,0.411764705882,0.441176470588,0.435294117647,0.446808510638,0.3,0.625,0.625,0.512820512821,0.4,0.436507936508
