,TEAM_NAME,FG3M,FG3A,FG3_PCT,FTM,FTA,FT_PCT,OREB,DREB,REB,AST,STL,BLK,TO,PF,PTS,FG2M,FG2A,FG2_PCT,OUTCOME,DEFICIT_FGM,DEFICIT_FGA,DEFICIT_FG3M,DEFICIT_FG3A,DEFICIT_FTM,DEFICIT_FTA,DEFICIT_OREB,DEFICIT_DREB,DEFICIT_REB,DEFICIT_AST,DEFICIT_STL,DEFICIT_BLK,DEFICIT_TO,DEFICIT_PF,DEFICIT_FG2M,DEFICIT_FG2A
0,Suns,7,31,0.226,13,18,0.722,14,26,40,21,11,3,10,22,88,27,68,0.397058823529,0,0.465753424658,0.553072625698,0.636363636364,0.632653061224,0.302325581395,0.346153846154,0.5,0.346666666667,0.388349514563,0.512195121951,0.611111111111,0.375,0.357142857143,0.536585365854,0.435483870968,0.523076923077
1,Thunder,4,18,0.222,30,34,0.882,14,49,63,20,7,5,18,19,112,35,62,0.564516129032,1,0.534246575342,0.446927374302,0.363636363636,0.367346938776,0.697674418605,0.653846153846,0.5,0.653333333333,0.611650485437,0.487804878049,0.388888888889,0.625,0.642857142857,0.463414634146,0.564516129032,0.476923076923
