,TEAM_NAME,FG3M,FG3A,FG3_PCT,FTM,FTA,FT_PCT,OREB,DREB,REB,AST,STL,BLK,TO,PF,PTS,FG2M,FG2A,FG2_PCT,OUTCOME,DEFICIT_FGM,DEFICIT_FGA,DEFICIT_FG3M,DEFICIT_FG3A,DEFICIT_FTM,DEFICIT_FTA,DEFICIT_OREB,DEFICIT_DREB,DEFICIT_REB,DEFICIT_AST,DEFICIT_STL,DEFICIT_BLK,DEFICIT_TO,DEFICIT_PF,DEFICIT_FG2M,DEFICIT_FG2A
0,Wizards,4,13,0.308,7,12,0.583,10,31,41,20,11,9,15,21,93,37,71,0.5211267605633803,1,0.5774647887323944,0.5185185185185185,0.4444444444444444,0.43333333333333335,0.2692307692307692,0.3,0.45454545454545453,0.484375,0.47674418604651164,0.6060606060606061,0.5789473684210527,0.5625,0.46875,0.5384615384615384,0.5967741935483871,0.5378787878787878
1,Jazz,5,17,0.294,19,28,0.679,12,33,45,13,8,7,17,18,84,25,61,0.4098360655737705,0,0.4225352112676056,0.48148148148148145,0.5555555555555556,0.5666666666666667,0.7307692307692307,0.7,0.5454545454545454,0.515625,0.5232558139534884,0.3939393939393939,0.42105263157894735,0.4375,0.53125,0.46153846153846156,0.4032258064516129,0.4621212121212121
