,TEAM_NAME,FG3M,FG3A,FG3_PCT,FTM,FTA,FT_PCT,OREB,DREB,REB,AST,STL,BLK,TO,PF,PTS,FG2M,FG2A,FG2_PCT,OUTCOME,DEFICIT_FGM,DEFICIT_FGA,DEFICIT_FG3M,DEFICIT_FG3A,DEFICIT_FTM,DEFICIT_FTA,DEFICIT_OREB,DEFICIT_DREB,DEFICIT_REB,DEFICIT_AST,DEFICIT_STL,DEFICIT_BLK,DEFICIT_TO,DEFICIT_PF,DEFICIT_FG2M,DEFICIT_FG2A
0,Raptors,9,24,0.375,14,18,0.778,9,33,42,24,14,2,23,25,95,27,54,0.5,1,0.553846153846,0.5,0.5,0.452830188679,0.378378378378,0.391304347826,0.428571428571,0.515625,0.494117647059,0.615384615385,0.56,0.333333333333,0.511111111111,0.531914893617,0.574468085106,0.52427184466
1,Knicks,9,29,0.31,23,28,0.821,12,31,43,15,11,4,22,22,90,20,49,0.408163265306,0,0.446153846154,0.5,0.5,0.547169811321,0.621621621622,0.608695652174,0.571428571429,0.484375,0.505882352941,0.384615384615,0.44,0.666666666667,0.488888888889,0.468085106383,0.425531914894,0.47572815534
