,TEAM_NAME,FG3M,FG3A,FG3_PCT,FTM,FTA,FT_PCT,OREB,DREB,REB,AST,STL,BLK,TO,PF,PTS,FG2M,FG2A,FG2_PCT,OUTCOME,DEFICIT_FGM,DEFICIT_FGA,DEFICIT_FG3M,DEFICIT_FG3A,DEFICIT_FTM,DEFICIT_FTA,DEFICIT_OREB,DEFICIT_DREB,DEFICIT_REB,DEFICIT_AST,DEFICIT_STL,DEFICIT_BLK,DEFICIT_TO,DEFICIT_PF,DEFICIT_FG2M,DEFICIT_FG2A
0,76ers,9,20,0.45,12,16,0.75,7,35,42,28,5,8,15,20,101,31,61,0.508196721311,0,0.487804878049,0.465517241379,0.6,0.444444444444,0.48,0.484848484848,0.368421052632,0.564516129032,0.518518518519,0.491228070175,0.416666666667,0.571428571429,0.6,0.571428571429,0.462686567164,0.472868217054
1,Magic,6,25,0.24,13,17,0.765,12,27,39,29,7,6,10,15,103,36,68,0.529411764706,1,0.512195121951,0.534482758621,0.4,0.555555555556,0.52,0.515151515152,0.631578947368,0.435483870968,0.481481481481,0.508771929825,0.583333333333,0.428571428571,0.4,0.428571428571,0.537313432836,0.527131782946
