,TEAM_NAME,FG3M,FG3A,FG3_PCT,FTM,FTA,FT_PCT,OREB,DREB,REB,AST,STL,BLK,TO,PF,PTS,FG2M,FG2A,FG2_PCT,OUTCOME,DEFICIT_FGM,DEFICIT_FGA,DEFICIT_FG3M,DEFICIT_FG3A,DEFICIT_FTM,DEFICIT_FTA,DEFICIT_OREB,DEFICIT_DREB,DEFICIT_REB,DEFICIT_AST,DEFICIT_STL,DEFICIT_BLK,DEFICIT_TO,DEFICIT_PF,DEFICIT_FG2M,DEFICIT_FG2A
0,Pelicans,9,26,0.346,32,41,0.78,9,33,42,23,13,5,13,17,113,27,56,0.482142857143,0,0.45,0.473988439306,0.473684210526,0.448275862069,0.627450980392,0.661290322581,0.45,0.464788732394,0.461538461538,0.433962264151,0.590909090909,0.5,0.464285714286,0.404761904762,0.44262295082,0.486956521739
1,Bucks,10,32,0.313,19,21,0.905,11,38,49,30,9,5,15,25,117,34,59,0.576271186441,1,0.55,0.526011560694,0.526315789474,0.551724137931,0.372549019608,0.338709677419,0.55,0.535211267606,0.538461538462,0.566037735849,0.409090909091,0.5,0.535714285714,0.595238095238,0.55737704918,0.513043478261
