,TEAM_NAME,FG3M,FG3A,FG3_PCT,FTM,FTA,FT_PCT,OREB,DREB,REB,AST,STL,BLK,TO,PF,PTS,FG2M,FG2A,FG2_PCT,OUTCOME,DEFICIT_FGM,DEFICIT_FGA,DEFICIT_FG3M,DEFICIT_FG3A,DEFICIT_FTM,DEFICIT_FTA,DEFICIT_OREB,DEFICIT_DREB,DEFICIT_REB,DEFICIT_AST,DEFICIT_STL,DEFICIT_BLK,DEFICIT_TO,DEFICIT_PF,DEFICIT_FG2M,DEFICIT_FG2A
0,Timberwolves,12,20,0.6,18,23,0.783,10,40,50,29,10,5,21,22,116,31,58,0.534482758621,1,0.614285714286,0.509803921569,0.75,0.454545454545,0.45,0.442307692308,0.555555555556,0.625,0.609756097561,0.74358974359,0.37037037037,0.555555555556,0.512195121951,0.5,0.574074074074,0.532110091743
1,Grizzlies,4,24,0.167,22,29,0.759,8,24,32,10,17,4,20,22,80,23,51,0.450980392157,0,0.385714285714,0.490196078431,0.25,0.545454545455,0.55,0.557692307692,0.444444444444,0.375,0.390243902439,0.25641025641,0.62962962963,0.444444444444,0.487804878049,0.5,0.425925925926,0.467889908257
