,TEAM_NAME,FG3M,FG3A,FG3_PCT,FTM,FTA,FT_PCT,OREB,DREB,REB,AST,STL,BLK,TO,PF,PTS,FG2M,FG2A,FG2_PCT,OUTCOME,DEFICIT_FGM,DEFICIT_FGA,DEFICIT_FG3M,DEFICIT_FG3A,DEFICIT_FTM,DEFICIT_FTA,DEFICIT_OREB,DEFICIT_DREB,DEFICIT_REB,DEFICIT_AST,DEFICIT_STL,DEFICIT_BLK,DEFICIT_TO,DEFICIT_PF,DEFICIT_FG2M,DEFICIT_FG2A
0,Kings,5,23,0.217,23,27,0.852,9,44,53,12,4,4,15,23,96,29,66,0.439393939394,0,0.478873239437,0.508571428571,0.277777777778,0.442307692308,0.522727272727,0.482142857143,0.6,0.530120481928,0.540816326531,0.333333333333,0.285714285714,0.307692307692,0.5,0.522727272727,0.547169811321,0.536585365854
1,Heat,13,29,0.448,21,29,0.724,6,39,45,24,10,9,15,21,108,24,57,0.421052631579,1,0.521126760563,0.491428571429,0.722222222222,0.557692307692,0.477272727273,0.517857142857,0.4,0.469879518072,0.459183673469,0.666666666667,0.714285714286,0.692307692308,0.5,0.477272727273,0.452830188679,0.463414634146
