,TEAM_NAME,FG3M,FG3A,FG3_PCT,FTM,FTA,FT_PCT,OREB,DREB,REB,AST,STL,BLK,TO,PF,PTS,FG2M,FG2A,FG2_PCT,OUTCOME,DEFICIT_FGM,DEFICIT_FGA,DEFICIT_FG3M,DEFICIT_FG3A,DEFICIT_FTM,DEFICIT_FTA,DEFICIT_OREB,DEFICIT_DREB,DEFICIT_REB,DEFICIT_AST,DEFICIT_STL,DEFICIT_BLK,DEFICIT_TO,DEFICIT_PF,DEFICIT_FG2M,DEFICIT_FG2A
0,Rockets,17,44,0.386,17,25,0.68,11,21,32,30,5,2,7,25,120,26,46,0.565217391304,0,0.5,0.520231213873,0.515151515152,0.578947368421,0.395348837209,0.446428571429,0.478260869565,0.381818181818,0.410256410256,0.576923076923,0.555555555556,0.5,0.388888888889,0.54347826087,0.490566037736,0.474226804124
1,Cavaliers,16,32,0.5,26,31,0.839,12,34,46,22,4,2,11,21,128,27,51,0.529411764706,1,0.5,0.479768786127,0.484848484848,0.421052631579,0.604651162791,0.553571428571,0.521739130435,0.618181818182,0.589743589744,0.423076923077,0.444444444444,0.5,0.611111111111,0.45652173913,0.509433962264,0.525773195876
