,TEAM_NAME,FG3M,FG3A,FG3_PCT,FTM,FTA,FT_PCT,OREB,DREB,REB,AST,STL,BLK,TO,PF,PTS,FG2M,FG2A,FG2_PCT,OUTCOME,DEFICIT_FGM,DEFICIT_FGA,DEFICIT_FG3M,DEFICIT_FG3A,DEFICIT_FTM,DEFICIT_FTA,DEFICIT_OREB,DEFICIT_DREB,DEFICIT_REB,DEFICIT_AST,DEFICIT_STL,DEFICIT_BLK,DEFICIT_TO,DEFICIT_PF,DEFICIT_FG2M,DEFICIT_FG2A
0,Timberwolves,12,28,0.429,18,23,0.783,14,26,40,28,6,3,14,16,106,26,59,0.440677966102,0,0.436781609195,0.505813953488,0.428571428571,0.424242424242,0.545454545455,0.547619047619,0.608695652174,0.426229508197,0.47619047619,0.4375,0.352941176471,0.3,0.48275862069,0.444444444444,0.440677966102,0.556603773585
1,Rockets,16,38,0.421,15,19,0.789,9,35,44,36,11,7,15,20,129,33,47,0.702127659574,1,0.563218390805,0.494186046512,0.571428571429,0.575757575758,0.454545454545,0.452380952381,0.391304347826,0.573770491803,0.52380952381,0.5625,0.647058823529,0.7,0.51724137931,0.555555555556,0.559322033898,0.443396226415
