,TEAM_NAME,FG3M,FG3A,FG3_PCT,FTM,FTA,FT_PCT,OREB,DREB,REB,AST,STL,BLK,TO,PF,PTS,FG2M,FG2A,FG2_PCT,OUTCOME,DEFICIT_FGM,DEFICIT_FGA,DEFICIT_FG3M,DEFICIT_FG3A,DEFICIT_FTM,DEFICIT_FTA,DEFICIT_OREB,DEFICIT_DREB,DEFICIT_REB,DEFICIT_AST,DEFICIT_STL,DEFICIT_BLK,DEFICIT_TO,DEFICIT_PF,DEFICIT_FG2M,DEFICIT_FG2A
0,Pelicans,9,24,0.375,18,28,0.643,12,31,43,17,14,3,15,27,87,21,58,0.3620689655172414,0,0.4918032786885246,0.5256410256410257,0.5294117647058824,0.5581395348837209,0.43902439024390244,0.5,0.46153846153846156,0.4626865671641791,0.46236559139784944,0.4146341463414634,0.7,0.375,0.39473684210526316,0.5094339622641509,0.4772727272727273,0.5132743362831859
1,Hawks,8,19,0.421,23,28,0.821,14,36,50,24,6,5,23,26,93,23,55,0.41818181818181815,1,0.5081967213114754,0.47435897435897434,0.47058823529411764,0.4418604651162791,0.5609756097560976,0.5,0.5384615384615384,0.5373134328358209,0.5376344086021505,0.5853658536585366,0.3,0.625,0.6052631578947368,0.49056603773584906,0.5227272727272727,0.48672566371681414
