,TEAM_NAME,FG3M,FG3A,FG3_PCT,FTM,FTA,FT_PCT,OREB,DREB,REB,AST,STL,BLK,TO,PF,PTS,FG2M,FG2A,FG2_PCT,OUTCOME,DEFICIT_FGM,DEFICIT_FGA,DEFICIT_FG3M,DEFICIT_FG3A,DEFICIT_FTM,DEFICIT_FTA,DEFICIT_OREB,DEFICIT_DREB,DEFICIT_REB,DEFICIT_AST,DEFICIT_STL,DEFICIT_BLK,DEFICIT_TO,DEFICIT_PF,DEFICIT_FG2M,DEFICIT_FG2A
0,Pelicans,9,24,0.375,18,28,0.643,12,31,43,17,14,3,15,27,87,21,58,0.362068965517,0,0.491803278689,0.525641025641,0.529411764706,0.558139534884,0.439024390244,0.5,0.461538461538,0.462686567164,0.462365591398,0.414634146341,0.7,0.375,0.394736842105,0.509433962264,0.477272727273,0.513274336283
1,Hawks,8,19,0.421,23,28,0.821,14,36,50,24,6,5,23,26,93,23,55,0.418181818182,1,0.508196721311,0.474358974359,0.470588235294,0.441860465116,0.560975609756,0.5,0.538461538462,0.537313432836,0.537634408602,0.585365853659,0.3,0.625,0.605263157895,0.490566037736,0.522727272727,0.486725663717
