,TEAM_NAME,FG3M,FG3A,FG3_PCT,FTM,FTA,FT_PCT,OREB,DREB,REB,AST,STL,BLK,TO,PF,PTS,FG2M,FG2A,FG2_PCT,OUTCOME,DEFICIT_FGM,DEFICIT_FGA,DEFICIT_FG3M,DEFICIT_FG3A,DEFICIT_FTM,DEFICIT_FTA,DEFICIT_OREB,DEFICIT_DREB,DEFICIT_REB,DEFICIT_AST,DEFICIT_STL,DEFICIT_BLK,DEFICIT_TO,DEFICIT_PF,DEFICIT_FG2M,DEFICIT_FG2A
0,76ers,5,14,0.357,11,26,0.423,12,39,51,14,7,7,27,31,78,26,63,0.4126984126984127,0,0.5081967213114754,0.4666666666666667,0.3125,0.2978723404255319,0.2894736842105263,0.4126984126984127,0.42857142857142855,0.52,0.49514563106796117,0.45161290322580644,0.3684210526315789,0.875,0.6,0.5344827586206896,0.5777777777777777,0.5338983050847458
1,Celtics,11,33,0.333,27,37,0.73,16,36,52,17,12,1,18,27,98,19,55,0.34545454545454546,1,0.4918032786885246,0.5333333333333333,0.6875,0.7021276595744681,0.7105263157894737,0.5873015873015873,0.5714285714285714,0.48,0.5048543689320388,0.5483870967741935,0.631578947368421,0.125,0.4,0.46551724137931033,0.4222222222222222,0.4661016949152542
