,TEAM_NAME,FG3M,FG3A,FG3_PCT,FTM,FTA,FT_PCT,OREB,DREB,REB,AST,STL,BLK,TO,PF,PTS,FG2M,FG2A,FG2_PCT,OUTCOME,DEFICIT_FGM,DEFICIT_FGA,DEFICIT_FG3M,DEFICIT_FG3A,DEFICIT_FTM,DEFICIT_FTA,DEFICIT_OREB,DEFICIT_DREB,DEFICIT_REB,DEFICIT_AST,DEFICIT_STL,DEFICIT_BLK,DEFICIT_TO,DEFICIT_PF,DEFICIT_FG2M,DEFICIT_FG2A
0,Jazz,11,19,0.579,12,20,0.6,10,35,45,20,10,11,10,22,109,32,66,0.484848484848,1,0.581081081081,0.524691358025,0.611111111111,0.475,0.444444444444,0.47619047619,0.526315789474,0.514705882353,0.51724137931,0.555555555556,0.666666666667,0.846153846154,0.357142857143,0.536585365854,0.571428571429,0.540983606557
1,76ers,7,21,0.333,15,22,0.682,9,33,42,16,5,2,18,19,84,24,56,0.428571428571,0,0.418918918919,0.475308641975,0.388888888889,0.525,0.555555555556,0.52380952381,0.473684210526,0.485294117647,0.48275862069,0.444444444444,0.333333333333,0.153846153846,0.642857142857,0.463414634146,0.428571428571,0.459016393443
