,TEAM_NAME,FG3M,FG3A,FG3_PCT,FTM,FTA,FT_PCT,OREB,DREB,REB,AST,STL,BLK,TO,PF,PTS,FG2M,FG2A,FG2_PCT,OUTCOME,DEFICIT_FGM,DEFICIT_FGA,DEFICIT_FG3M,DEFICIT_FG3A,DEFICIT_FTM,DEFICIT_FTA,DEFICIT_OREB,DEFICIT_DREB,DEFICIT_REB,DEFICIT_AST,DEFICIT_STL,DEFICIT_BLK,DEFICIT_TO,DEFICIT_PF,DEFICIT_FG2M,DEFICIT_FG2A
0,Pelicans,8,21,0.381,14,15,0.933,9,36,45,22,5,6,18,15,98,30,59,0.508474576271,0,0.513513513514,0.503144654088,0.444444444444,0.477272727273,0.388888888889,0.375,0.5625,0.545454545455,0.548780487805,0.536585365854,0.384615384615,0.857142857143,0.620689655172,0.46875,0.535714285714,0.513043478261
1,Celtics,10,23,0.435,22,25,0.88,7,30,37,19,8,1,11,17,104,26,56,0.464285714286,1,0.486486486486,0.496855345912,0.555555555556,0.522727272727,0.611111111111,0.625,0.4375,0.454545454545,0.451219512195,0.463414634146,0.615384615385,0.142857142857,0.379310344828,0.53125,0.464285714286,0.486956521739
