,TEAM_NAME,FG3M,FG3A,FG3_PCT,FTM,FTA,FT_PCT,OREB,DREB,REB,AST,STL,BLK,TO,PF,PTS,FG2M,FG2A,FG2_PCT,OUTCOME,DEFICIT_FGM,DEFICIT_FGA,DEFICIT_FG3M,DEFICIT_FG3A,DEFICIT_FTM,DEFICIT_FTA,DEFICIT_OREB,DEFICIT_DREB,DEFICIT_REB,DEFICIT_AST,DEFICIT_STL,DEFICIT_BLK,DEFICIT_TO,DEFICIT_PF,DEFICIT_FG2M,DEFICIT_FG2A
0,Kings,10,27,0.37,28,38,0.737,19,24,43,18,6,6,14,16,114,28,58,0.48275862069,0,0.441860465116,0.5,0.434782608696,0.529411764706,0.736842105263,0.76,0.703703703704,0.452830188679,0.5375,0.382978723404,0.375,0.545454545455,0.583333333333,0.4,0.444444444444,0.487394957983
1,Magic,13,24,0.542,10,12,0.833,8,29,37,29,10,5,10,24,119,35,61,0.573770491803,1,0.558139534884,0.5,0.565217391304,0.470588235294,0.263157894737,0.24,0.296296296296,0.547169811321,0.4625,0.617021276596,0.625,0.454545454545,0.416666666667,0.6,0.555555555556,0.512605042017
