,TEAM_NAME,FG3M,FG3A,FG3_PCT,FTM,FTA,FT_PCT,OREB,DREB,REB,AST,STL,BLK,TO,PF,PTS,FG2M,FG2A,FG2_PCT,OUTCOME,DEFICIT_FGM,DEFICIT_FGA,DEFICIT_FG3M,DEFICIT_FG3A,DEFICIT_FTM,DEFICIT_FTA,DEFICIT_OREB,DEFICIT_DREB,DEFICIT_REB,DEFICIT_AST,DEFICIT_STL,DEFICIT_BLK,DEFICIT_TO,DEFICIT_PF,DEFICIT_FG2M,DEFICIT_FG2A
0,Suns,3,26,0.115,27,35,0.771,12,39,51,19,13,2,15,24,108,36,65,0.553846153846,1,0.534246575342,0.484042553191,0.272727272727,0.541666666667,0.529411764706,0.546875,0.4,0.5,0.472222222222,0.475,0.722222222222,0.666666666667,0.428571428571,0.452830188679,0.58064516129,0.464285714286
1,Nets,8,22,0.364,24,29,0.828,18,39,57,21,5,1,20,29,100,26,75,0.346666666667,0,0.465753424658,0.515957446809,0.727272727273,0.458333333333,0.470588235294,0.453125,0.6,0.5,0.527777777778,0.525,0.277777777778,0.333333333333,0.571428571429,0.547169811321,0.41935483871,0.535714285714
