,TEAM_NAME,FG3M,FG3A,FG3_PCT,FTM,FTA,FT_PCT,OREB,DREB,REB,AST,STL,BLK,TO,PF,PTS,FG2M,FG2A,FG2_PCT,OUTCOME,DEFICIT_FGM,DEFICIT_FGA,DEFICIT_FG3M,DEFICIT_FG3A,DEFICIT_FTM,DEFICIT_FTA,DEFICIT_OREB,DEFICIT_DREB,DEFICIT_REB,DEFICIT_AST,DEFICIT_STL,DEFICIT_BLK,DEFICIT_TO,DEFICIT_PF,DEFICIT_FG2M,DEFICIT_FG2A
0,Warriors,11,23,0.478,17,19,0.895,9,42,51,28,5,11,22,21,104,27,58,0.465517241379,1,0.542857142857,0.482142857143,0.647058823529,0.53488372093,0.472222222222,0.422222222222,0.75,0.575342465753,0.6,0.622222222222,0.25,0.916666666667,0.666666666667,0.512195121951,0.509433962264,0.464
1,Mavericks,6,20,0.3,19,26,0.731,3,31,34,17,15,1,11,20,89,26,67,0.388059701493,0,0.457142857143,0.517857142857,0.352941176471,0.46511627907,0.527777777778,0.577777777778,0.25,0.424657534247,0.4,0.377777777778,0.75,0.0833333333333,0.333333333333,0.487804878049,0.490566037736,0.536
