,TEAM_NAME,FG3M,FG3A,FG3_PCT,FTM,FTA,FT_PCT,OREB,DREB,REB,AST,STL,BLK,TO,PF,PTS,FG2M,FG2A,FG2_PCT,OUTCOME,DEFICIT_FGM,DEFICIT_FGA,DEFICIT_FG3M,DEFICIT_FG3A,DEFICIT_FTM,DEFICIT_FTA,DEFICIT_OREB,DEFICIT_DREB,DEFICIT_REB,DEFICIT_AST,DEFICIT_STL,DEFICIT_BLK,DEFICIT_TO,DEFICIT_PF,DEFICIT_FG2M,DEFICIT_FG2A
0,Bulls,7,26,0.269,17,20,0.85,13,44,57,26,4,14,17,30,104,33,68,0.485294117647,0,0.547945205479,0.487046632124,0.466666666667,0.472727272727,0.333333333333,0.327868852459,0.41935483871,0.55,0.513513513514,0.52,0.285714285714,0.736842105263,0.653846153846,0.6,0.568965517241,0.492753623188
1,Hornets,8,29,0.276,34,41,0.829,18,36,54,24,10,5,9,20,108,25,70,0.357142857143,1,0.452054794521,0.512953367876,0.533333333333,0.527272727273,0.666666666667,0.672131147541,0.58064516129,0.45,0.486486486486,0.48,0.714285714286,0.263157894737,0.346153846154,0.4,0.431034482759,0.507246376812
