,TEAM_NAME,FG3M,FG3A,FG3_PCT,FTM,FTA,FT_PCT,OREB,DREB,REB,AST,STL,BLK,TO,PF,PTS,FG2M,FG2A,FG2_PCT,OUTCOME,DEFICIT_FGM,DEFICIT_FGA,DEFICIT_FG3M,DEFICIT_FG3A,DEFICIT_FTM,DEFICIT_FTA,DEFICIT_OREB,DEFICIT_DREB,DEFICIT_REB,DEFICIT_AST,DEFICIT_STL,DEFICIT_BLK,DEFICIT_TO,DEFICIT_PF,DEFICIT_FG2M,DEFICIT_FG2A
0,Celtics,12,33,0.364,24,29,0.828,13,42,55,25,13,4,24,23,120,30,53,0.566037735849,1,0.538461538462,0.49710982659,0.521739130435,0.507692307692,0.6,0.547169811321,0.619047619048,0.617647058824,0.61797752809,0.5,0.464285714286,0.5,0.558139534884,0.489361702128,0.545454545455,0.490740740741
1,Nets,11,32,0.344,16,24,0.667,8,26,34,25,15,4,19,24,99,25,55,0.454545454545,0,0.461538461538,0.50289017341,0.478260869565,0.492307692308,0.4,0.452830188679,0.380952380952,0.382352941176,0.38202247191,0.5,0.535714285714,0.5,0.441860465116,0.510638297872,0.454545454545,0.509259259259
