,TEAM_NAME,FG3M,FG3A,FG3_PCT,FTM,FTA,FT_PCT,OREB,DREB,REB,AST,STL,BLK,TO,PF,PTS,FG2M,FG2A,FG2_PCT,OUTCOME,DEFICIT_FGM,DEFICIT_FGA,DEFICIT_FG3M,DEFICIT_FG3A,DEFICIT_FTM,DEFICIT_FTA,DEFICIT_OREB,DEFICIT_DREB,DEFICIT_REB,DEFICIT_AST,DEFICIT_STL,DEFICIT_BLK,DEFICIT_TO,DEFICIT_PF,DEFICIT_FG2M,DEFICIT_FG2A
0,Suns,5,19,0.263,17,26,0.654,9,38,47,25,6,3,11,16,106,37,71,0.521126760563,0,0.494117647059,0.491803278689,0.333333333333,0.422222222222,0.607142857143,0.604651162791,0.375,0.520547945205,0.484536082474,0.462962962963,0.5,0.375,0.458333333333,0.444444444444,0.528571428571,0.514492753623
1,Warriors,10,26,0.385,11,17,0.647,15,35,50,29,6,5,13,20,107,33,67,0.492537313433,1,0.505882352941,0.508196721311,0.666666666667,0.577777777778,0.392857142857,0.395348837209,0.625,0.479452054795,0.515463917526,0.537037037037,0.5,0.625,0.541666666667,0.555555555556,0.471428571429,0.485507246377
