,TEAM_NAME,FG3M,FG3A,FG3_PCT,FTM,FTA,FT_PCT,OREB,DREB,REB,AST,STL,BLK,TO,PF,PTS,FG2M,FG2A,FG2_PCT,OUTCOME,DEFICIT_FGM,DEFICIT_FGA,DEFICIT_FG3M,DEFICIT_FG3A,DEFICIT_FTM,DEFICIT_FTA,DEFICIT_OREB,DEFICIT_DREB,DEFICIT_REB,DEFICIT_AST,DEFICIT_STL,DEFICIT_BLK,DEFICIT_TO,DEFICIT_PF,DEFICIT_FG2M,DEFICIT_FG2A
0,Jazz,5,19,0.263,19,29,0.655,12,33,45,21,6,5,17,18,88,27,56,0.482142857143,0,0.463768115942,0.480769230769,0.555555555556,0.513513513514,0.542857142857,0.604166666667,0.571428571429,0.5,0.51724137931,0.6,0.428571428571,0.5,0.607142857143,0.45,0.45,0.470588235294
1,Grizzlies,4,18,0.222,16,19,0.842,9,33,42,14,8,5,11,22,94,33,63,0.52380952381,1,0.536231884058,0.519230769231,0.444444444444,0.486486486486,0.457142857143,0.395833333333,0.428571428571,0.5,0.48275862069,0.4,0.571428571429,0.5,0.392857142857,0.55,0.55,0.529411764706
