,TEAM_NAME,FG3M,FG3A,FG3_PCT,FTM,FTA,FT_PCT,OREB,DREB,REB,AST,STL,BLK,TO,PF,PTS,FG2M,FG2A,FG2_PCT,OUTCOME,DEFICIT_FGM,DEFICIT_FGA,DEFICIT_FG3M,DEFICIT_FG3A,DEFICIT_FTM,DEFICIT_FTA,DEFICIT_OREB,DEFICIT_DREB,DEFICIT_REB,DEFICIT_AST,DEFICIT_STL,DEFICIT_BLK,DEFICIT_TO,DEFICIT_PF,DEFICIT_FG2M,DEFICIT_FG2A
0,Suns,5,14,0.357,27,39,0.692,8,49,57,18,8,5,18,16,102,30,64,0.46875,1,0.5,0.435754189944,0.416666666667,0.341463414634,0.794117647059,0.735849056604,0.347826086957,0.583333333333,0.532710280374,0.473684210526,0.4,0.625,0.5625,0.340425531915,0.51724137931,0.463768115942
1,Magic,7,27,0.259,7,14,0.5,15,35,50,20,12,3,14,31,84,28,74,0.378378378378,0,0.5,0.564245810056,0.583333333333,0.658536585366,0.205882352941,0.264150943396,0.652173913043,0.416666666667,0.467289719626,0.526315789474,0.6,0.375,0.4375,0.659574468085,0.48275862069,0.536231884058
