,TEAM_NAME,FG3M,FG3A,FG3_PCT,FTM,FTA,FT_PCT,OREB,DREB,REB,AST,STL,BLK,TO,PF,PTS,FG2M,FG2A,FG2_PCT,OUTCOME,DEFICIT_FGM,DEFICIT_FGA,DEFICIT_FG3M,DEFICIT_FG3A,DEFICIT_FTM,DEFICIT_FTA,DEFICIT_OREB,DEFICIT_DREB,DEFICIT_REB,DEFICIT_AST,DEFICIT_STL,DEFICIT_BLK,DEFICIT_TO,DEFICIT_PF,DEFICIT_FG2M,DEFICIT_FG2A
0,Jazz,10,26,0.385,13,20,0.65,7,29,36,24,10,5,16,16,101,29,51,0.56862745098,1,0.5,0.472392638037,0.555555555556,0.553191489362,0.541666666667,0.606060606061,0.318181818182,0.517857142857,0.461538461538,0.6,0.454545454545,0.714285714286,0.516129032258,0.484848484848,0.483333333333,0.439655172414
1,Spurs,8,21,0.381,11,13,0.846,15,27,42,16,12,2,15,17,97,31,65,0.476923076923,0,0.5,0.527607361963,0.444444444444,0.446808510638,0.458333333333,0.393939393939,0.681818181818,0.482142857143,0.538461538462,0.4,0.545454545455,0.285714285714,0.483870967742,0.515151515152,0.516666666667,0.560344827586
