,TEAM_NAME,FG3M,FG3A,FG3_PCT,FTM,FTA,FT_PCT,OREB,DREB,REB,AST,STL,BLK,TO,PF,PTS,FG2M,FG2A,FG2_PCT,OUTCOME,DEFICIT_FGM,DEFICIT_FGA,DEFICIT_FG3M,DEFICIT_FG3A,DEFICIT_FTM,DEFICIT_FTA,DEFICIT_OREB,DEFICIT_DREB,DEFICIT_REB,DEFICIT_AST,DEFICIT_STL,DEFICIT_BLK,DEFICIT_TO,DEFICIT_PF,DEFICIT_FG2M,DEFICIT_FG2A
0,Trail Blazers,13,30,0.433,5,13,0.385,14,39,53,22,4,2,23,18,100,28,55,0.509090909091,0,0.506172839506,0.485714285714,0.619047619048,0.555555555556,0.25,0.382352941176,0.56,0.557142857143,0.557894736842,0.52380952381,0.235294117647,0.4,0.676470588235,0.514285714286,0.466666666667,0.454545454545
1,Pelicans,8,24,0.333,15,21,0.714,11,31,42,20,13,3,11,17,103,32,66,0.484848484848,1,0.493827160494,0.514285714286,0.380952380952,0.444444444444,0.75,0.617647058824,0.44,0.442857142857,0.442105263158,0.47619047619,0.764705882353,0.6,0.323529411765,0.485714285714,0.533333333333,0.545454545455
