,TEAM_NAME,FG3M,FG3A,FG3_PCT,FTM,FTA,FT_PCT,OREB,DREB,REB,AST,STL,BLK,TO,PF,PTS,FG2M,FG2A,FG2_PCT,OUTCOME,DEFICIT_FGM,DEFICIT_FGA,DEFICIT_FG3M,DEFICIT_FG3A,DEFICIT_FTM,DEFICIT_FTA,DEFICIT_OREB,DEFICIT_DREB,DEFICIT_REB,DEFICIT_AST,DEFICIT_STL,DEFICIT_BLK,DEFICIT_TO,DEFICIT_PF,DEFICIT_FG2M,DEFICIT_FG2A
0,Magic,13,25,0.52,16,17,0.941,6,45,51,27,7,6,11,22,113,29,62,0.467741935484,1,0.506024096386,0.450777202073,0.541666666667,0.409836065574,0.5,0.377777777778,0.260869565217,0.555555555556,0.490384615385,0.574468085106,0.538461538462,0.666666666667,0.578947368421,0.594594594595,0.491525423729,0.469696969697
1,Pistons,11,36,0.306,16,28,0.571,17,36,53,20,6,3,8,15,109,30,70,0.428571428571,0,0.493975903614,0.549222797927,0.458333333333,0.590163934426,0.5,0.622222222222,0.739130434783,0.444444444444,0.509615384615,0.425531914894,0.461538461538,0.333333333333,0.421052631579,0.405405405405,0.508474576271,0.530303030303
