,TEAM_NAME,FG3M,FG3A,FG3_PCT,FTM,FTA,FT_PCT,OREB,DREB,REB,AST,STL,BLK,TO,PF,PTS,FG2M,FG2A,FG2_PCT,OUTCOME,DEFICIT_FGM,DEFICIT_FGA,DEFICIT_FG3M,DEFICIT_FG3A,DEFICIT_FTM,DEFICIT_FTA,DEFICIT_OREB,DEFICIT_DREB,DEFICIT_REB,DEFICIT_AST,DEFICIT_STL,DEFICIT_BLK,DEFICIT_TO,DEFICIT_PF,DEFICIT_FG2M,DEFICIT_FG2A
0,Thunder,8,25,0.32,11,17,0.647,14,37,51,20,10,8,12,24,105,35,76,0.460526315789,0,0.524390243902,0.543010752688,0.533333333333,0.5,0.297297297297,0.34693877551,0.736842105263,0.493333333333,0.542553191489,0.47619047619,0.625,0.5,0.444444444444,0.585365853659,0.522388059701,0.558823529412
1,Nuggets,7,25,0.28,26,32,0.813,5,38,43,22,6,8,15,17,111,32,60,0.533333333333,1,0.475609756098,0.456989247312,0.466666666667,0.5,0.702702702703,0.65306122449,0.263157894737,0.506666666667,0.457446808511,0.52380952381,0.375,0.5,0.555555555556,0.414634146341,0.477611940299,0.441176470588
