,TEAM_NAME,FG3M,FG3A,FG3_PCT,FTM,FTA,FT_PCT,OREB,DREB,REB,AST,STL,BLK,TO,PF,PTS,FG2M,FG2A,FG2_PCT,OUTCOME,DEFICIT_FGM,DEFICIT_FGA,DEFICIT_FG3M,DEFICIT_FG3A,DEFICIT_FTM,DEFICIT_FTA,DEFICIT_OREB,DEFICIT_DREB,DEFICIT_REB,DEFICIT_AST,DEFICIT_STL,DEFICIT_BLK,DEFICIT_TO,DEFICIT_PF,DEFICIT_FG2M,DEFICIT_FG2A
0,Timberwolves,11,23,0.478,11,15,0.733,10,39,49,37,7,3,15,15,118,37,68,0.544117647059,0,0.516129032258,0.484042553191,0.366666666667,0.291139240506,0.44,0.405405405405,0.384615384615,0.557142857143,0.510416666667,0.5,0.388888888889,0.3,0.6,0.51724137931,0.587301587302,0.623853211009
1,Rockets,19,56,0.339,14,22,0.636,16,31,47,37,11,7,10,14,123,26,41,0.634146341463,1,0.483870967742,0.515957446809,0.633333333333,0.708860759494,0.56,0.594594594595,0.615384615385,0.442857142857,0.489583333333,0.5,0.611111111111,0.7,0.4,0.48275862069,0.412698412698,0.376146788991
