,TEAM_NAME,FG3M,FG3A,FG3_PCT,FTM,FTA,FT_PCT,OREB,DREB,REB,AST,STL,BLK,TO,PF,PTS,FG2M,FG2A,FG2_PCT,OUTCOME,DEFICIT_FGM,DEFICIT_FGA,DEFICIT_FG3M,DEFICIT_FG3A,DEFICIT_FTM,DEFICIT_FTA,DEFICIT_OREB,DEFICIT_DREB,DEFICIT_REB,DEFICIT_AST,DEFICIT_STL,DEFICIT_BLK,DEFICIT_TO,DEFICIT_PF,DEFICIT_FG2M,DEFICIT_FG2A
0,Wizards,5,15,0.333,20,25,0.8,10,33,43,29,4,4,15,24,105,35,63,0.5555555555555556,1,0.5405405405405406,0.4968152866242038,0.2777777777777778,0.35714285714285715,0.5263157894736842,0.5102040816326531,0.5555555555555556,0.5689655172413793,0.5657894736842105,0.6170212765957447,0.2857142857142857,0.4444444444444444,0.5555555555555556,0.5333333333333333,0.625,0.5478260869565217
1,Bulls,13,27,0.481,18,24,0.75,8,25,33,18,10,5,12,21,99,21,52,0.40384615384615385,0,0.4594594594594595,0.5031847133757962,0.7222222222222222,0.6428571428571429,0.47368421052631576,0.4897959183673469,0.4444444444444444,0.43103448275862066,0.4342105263157895,0.3829787234042553,0.7142857142857143,0.5555555555555556,0.4444444444444444,0.4666666666666667,0.375,0.45217391304347826
