,TEAM_NAME,FG3M,FG3A,FG3_PCT,FTM,FTA,FT_PCT,OREB,DREB,REB,AST,STL,BLK,TO,PF,PTS,FG2M,FG2A,FG2_PCT,OUTCOME,DEFICIT_FGM,DEFICIT_FGA,DEFICIT_FG3M,DEFICIT_FG3A,DEFICIT_FTM,DEFICIT_FTA,DEFICIT_OREB,DEFICIT_DREB,DEFICIT_REB,DEFICIT_AST,DEFICIT_STL,DEFICIT_BLK,DEFICIT_TO,DEFICIT_PF,DEFICIT_FG2M,DEFICIT_FG2A
0,Pelicans,8,21,0.381,19,23,0.826,11,36,47,23,4,7,12,18,105,31,59,0.525423728814,1,0.534246575342,0.522875816993,0.5,0.488372093023,0.513513513514,0.5,0.785714285714,0.571428571429,0.61038961039,0.5,0.333333333333,0.411764705882,0.631578947368,0.529411764706,0.543859649123,0.536363636364
1,Pistons,8,22,0.364,18,23,0.783,3,27,30,23,8,10,7,16,94,26,51,0.509803921569,0,0.465753424658,0.477124183007,0.5,0.511627906977,0.486486486486,0.5,0.214285714286,0.428571428571,0.38961038961,0.5,0.666666666667,0.588235294118,0.368421052632,0.470588235294,0.456140350877,0.463636363636
