,TEAM_NAME,FG3M,FG3A,FG3_PCT,FTM,FTA,FT_PCT,OREB,DREB,REB,AST,STL,BLK,TO,PF,PTS,FG2M,FG2A,FG2_PCT,OUTCOME,DEFICIT_FGM,DEFICIT_FGA,DEFICIT_FG3M,DEFICIT_FG3A,DEFICIT_FTM,DEFICIT_FTA,DEFICIT_OREB,DEFICIT_DREB,DEFICIT_REB,DEFICIT_AST,DEFICIT_STL,DEFICIT_BLK,DEFICIT_TO,DEFICIT_PF,DEFICIT_FG2M,DEFICIT_FG2A
0,Pelicans,8,21,0.381,19,23,0.826,11,36,47,23,4,7,12,18,105,31,59,0.5254237288135594,1,0.5342465753424658,0.5228758169934641,0.5,0.4883720930232558,0.5135135135135135,0.5,0.7857142857142857,0.5714285714285714,0.6103896103896104,0.5,0.3333333333333333,0.4117647058823529,0.631578947368421,0.5294117647058824,0.543859649122807,0.5363636363636364
1,Pistons,8,22,0.364,18,23,0.783,3,27,30,23,8,10,7,16,94,26,51,0.5098039215686274,0,0.4657534246575342,0.477124183006536,0.5,0.5116279069767442,0.4864864864864865,0.5,0.21428571428571427,0.42857142857142855,0.38961038961038963,0.5,0.6666666666666666,0.5882352941176471,0.3684210526315789,0.47058823529411764,0.45614035087719296,0.4636363636363636
