,TEAM_NAME,FG3M,FG3A,FG3_PCT,FTM,FTA,FT_PCT,OREB,DREB,REB,AST,STL,BLK,TO,PF,PTS,FG2M,FG2A,FG2_PCT,OUTCOME,DEFICIT_FGM,DEFICIT_FGA,DEFICIT_FG3M,DEFICIT_FG3A,DEFICIT_FTM,DEFICIT_FTA,DEFICIT_OREB,DEFICIT_DREB,DEFICIT_REB,DEFICIT_AST,DEFICIT_STL,DEFICIT_BLK,DEFICIT_TO,DEFICIT_PF,DEFICIT_FG2M,DEFICIT_FG2A
0,Wizards,7,23,0.304,16,17,0.941,17,38,55,24,7,8,11,19,103,33,71,0.464788732394,1,0.533333333333,0.534090909091,0.466666666667,0.479166666667,0.5,0.447368421053,0.708333333333,0.527777777778,0.572916666667,0.533333333333,0.411764705882,0.615384615385,0.5,0.5,0.55,0.5546875
1,76ers,8,25,0.32,16,21,0.762,7,34,41,21,10,5,11,19,94,27,57,0.473684210526,0,0.466666666667,0.465909090909,0.533333333333,0.520833333333,0.5,0.552631578947,0.291666666667,0.472222222222,0.427083333333,0.466666666667,0.588235294118,0.384615384615,0.5,0.5,0.45,0.4453125
