,TEAM_NAME,FG3M,FG3A,FG3_PCT,FTM,FTA,FT_PCT,OREB,DREB,REB,AST,STL,BLK,TO,PF,PTS,FG2M,FG2A,FG2_PCT,OUTCOME,DEFICIT_FGM,DEFICIT_FGA,DEFICIT_FG3M,DEFICIT_FG3A,DEFICIT_FTM,DEFICIT_FTA,DEFICIT_OREB,DEFICIT_DREB,DEFICIT_REB,DEFICIT_AST,DEFICIT_STL,DEFICIT_BLK,DEFICIT_TO,DEFICIT_PF,DEFICIT_FG2M,DEFICIT_FG2A
0,Bulls,5,20,0.25,19,22,0.864,17,32,49,19,3,2,20,20,88,27,68,0.397058823529,0,0.463768115942,0.497175141243,0.416666666667,0.37037037037,0.463414634146,0.478260869565,0.566666666667,0.477611940299,0.505154639175,0.404255319149,0.176470588235,0.153846153846,0.645161290323,0.487804878049,0.473684210526,0.552845528455
1,Hawks,7,34,0.206,22,24,0.917,13,35,48,28,14,11,11,21,103,30,55,0.545454545455,1,0.536231884058,0.502824858757,0.583333333333,0.62962962963,0.536585365854,0.521739130435,0.433333333333,0.522388059701,0.494845360825,0.595744680851,0.823529411765,0.846153846154,0.354838709677,0.512195121951,0.526315789474,0.447154471545
