,TEAM_NAME,FG3M,FG3A,FG3_PCT,FTM,FTA,FT_PCT,OREB,DREB,REB,AST,STL,BLK,TO,PF,PTS,FG2M,FG2A,FG2_PCT,OUTCOME,DEFICIT_FGM,DEFICIT_FGA,DEFICIT_FG3M,DEFICIT_FG3A,DEFICIT_FTM,DEFICIT_FTA,DEFICIT_OREB,DEFICIT_DREB,DEFICIT_REB,DEFICIT_AST,DEFICIT_STL,DEFICIT_BLK,DEFICIT_TO,DEFICIT_PF,DEFICIT_FG2M,DEFICIT_FG2A
0,Raptors,6,17,0.353,19,26,0.731,5,29,34,18,6,0,11,23,99,31,56,0.553571428571,1,0.513888888889,0.496598639456,0.333333333333,0.414634146341,0.558823529412,0.553191489362,0.333333333333,0.5,0.465753424658,0.461538461538,0.6,,0.44,0.469387755102,0.574074074074,0.528301886792
1,Cavaliers,12,24,0.5,15,21,0.714,10,29,39,21,4,0,14,26,97,23,50,0.46,0,0.486111111111,0.503401360544,0.666666666667,0.585365853659,0.441176470588,0.446808510638,0.666666666667,0.5,0.534246575342,0.538461538462,0.4,,0.56,0.530612244898,0.425925925926,0.471698113208
