,TEAM_NAME,FG3M,FG3A,FG3_PCT,FTM,FTA,FT_PCT,OREB,DREB,REB,AST,STL,BLK,TO,PF,PTS,FG2M,FG2A,FG2_PCT,OUTCOME,DEFICIT_FGM,DEFICIT_FGA,DEFICIT_FG3M,DEFICIT_FG3A,DEFICIT_FTM,DEFICIT_FTA,DEFICIT_OREB,DEFICIT_DREB,DEFICIT_REB,DEFICIT_AST,DEFICIT_STL,DEFICIT_BLK,DEFICIT_TO,DEFICIT_PF,DEFICIT_FG2M,DEFICIT_FG2A
0,Jazz,6,34,0.176,25,34,0.735,10,28,38,12,8,3,13,26,101,29,49,0.591836734694,0,0.507246376812,0.528662420382,0.545454545455,0.755555555556,0.454545454545,0.447368421053,0.416666666667,0.411764705882,0.413043478261,0.387096774194,0.4,0.6,0.464285714286,0.472727272727,0.5,0.4375
1,Kings,5,11,0.455,30,42,0.714,14,40,54,19,12,2,15,29,103,29,63,0.460317460317,1,0.492753623188,0.471337579618,0.454545454545,0.244444444444,0.545454545455,0.552631578947,0.583333333333,0.588235294118,0.586956521739,0.612903225806,0.6,0.4,0.535714285714,0.527272727273,0.5,0.5625
