,TEAM_NAME,FG3M,FG3A,FG3_PCT,FTM,FTA,FT_PCT,OREB,DREB,REB,AST,STL,BLK,TO,PF,PTS,FG2M,FG2A,FG2_PCT,OUTCOME,DEFICIT_FGM,DEFICIT_FGA,DEFICIT_FG3M,DEFICIT_FG3A,DEFICIT_FTM,DEFICIT_FTA,DEFICIT_OREB,DEFICIT_DREB,DEFICIT_REB,DEFICIT_AST,DEFICIT_STL,DEFICIT_BLK,DEFICIT_TO,DEFICIT_PF,DEFICIT_FG2M,DEFICIT_FG2A
0,Grizzlies,9,16,0.563,20,25,0.8,5,24,29,21,13,3,15,19,103,28,60,0.466666666667,1,0.5,0.513513513514,0.375,0.333333333333,0.625,0.595238095238,0.384615384615,0.470588235294,0.453125,0.538461538462,0.8125,0.6,0.428571428571,0.475,0.56,0.6
1,Pistons,15,32,0.469,12,17,0.706,8,27,35,18,3,2,20,21,101,22,40,0.55,0,0.5,0.486486486486,0.625,0.666666666667,0.375,0.404761904762,0.615384615385,0.529411764706,0.546875,0.461538461538,0.1875,0.4,0.571428571429,0.525,0.44,0.4
