,TEAM_NAME,FG3M,FG3A,FG3_PCT,FTM,FTA,FT_PCT,OREB,DREB,REB,AST,STL,BLK,TO,PF,PTS,FG2M,FG2A,FG2_PCT,OUTCOME,DEFICIT_FGM,DEFICIT_FGA,DEFICIT_FG3M,DEFICIT_FG3A,DEFICIT_FTM,DEFICIT_FTA,DEFICIT_OREB,DEFICIT_DREB,DEFICIT_REB,DEFICIT_AST,DEFICIT_STL,DEFICIT_BLK,DEFICIT_TO,DEFICIT_PF,DEFICIT_FG2M,DEFICIT_FG2A
0,Raptors,8,24,0.333,24,31,0.774,11,36,47,20,11,11,10,16,106,29,66,0.439393939394,1,0.456790123457,0.48128342246,0.470588235294,0.510638297872,0.8,0.794871794872,0.647058823529,0.473684210526,0.505376344086,0.416666666667,0.733333333333,0.55,0.4,0.421052631579,0.453125,0.471428571429
1,Magic,9,23,0.391,6,8,0.75,6,40,46,28,4,9,15,22,103,35,74,0.472972972973,0,0.543209876543,0.51871657754,0.529411764706,0.489361702128,0.2,0.205128205128,0.352941176471,0.526315789474,0.494623655914,0.583333333333,0.266666666667,0.45,0.6,0.578947368421,0.546875,0.528571428571
