,TEAM_NAME,FG3M,FG3A,FG3_PCT,FTM,FTA,FT_PCT,OREB,DREB,REB,AST,STL,BLK,TO,PF,PTS,FG2M,FG2A,FG2_PCT,OUTCOME,DEFICIT_FGM,DEFICIT_FGA,DEFICIT_FG3M,DEFICIT_FG3A,DEFICIT_FTM,DEFICIT_FTA,DEFICIT_OREB,DEFICIT_DREB,DEFICIT_REB,DEFICIT_AST,DEFICIT_STL,DEFICIT_BLK,DEFICIT_TO,DEFICIT_PF,DEFICIT_FG2M,DEFICIT_FG2A
0,Suns,11,32,0.344,16,21,0.762,14,22,36,24,8,2,14,29,109,30,59,0.508474576271,0,0.455555555556,0.538461538462,0.44,0.603773584906,0.380952380952,0.381818181818,0.7,0.407407407407,0.486486486486,0.393442622951,0.470588235294,0.285714285714,0.451612903226,0.604166666667,0.461538461538,0.508620689655
1,Warriors,14,21,0.667,26,34,0.765,6,32,38,37,9,5,17,19,138,35,57,0.614035087719,1,0.544444444444,0.461538461538,0.56,0.396226415094,0.619047619048,0.618181818182,0.3,0.592592592593,0.513513513514,0.606557377049,0.529411764706,0.714285714286,0.548387096774,0.395833333333,0.538461538462,0.491379310345
