,TEAM_NAME,FG3M,FG3A,FG3_PCT,FTM,FTA,FT_PCT,OREB,DREB,REB,AST,STL,BLK,TO,PF,PTS,FG2M,FG2A,FG2_PCT,OUTCOME,DEFICIT_FGM,DEFICIT_FGA,DEFICIT_FG3M,DEFICIT_FG3A,DEFICIT_FTM,DEFICIT_FTA,DEFICIT_OREB,DEFICIT_DREB,DEFICIT_REB,DEFICIT_AST,DEFICIT_STL,DEFICIT_BLK,DEFICIT_TO,DEFICIT_PF,DEFICIT_FG2M,DEFICIT_FG2A
0,Timberwolves,10,27,0.37,19,22,0.864,14,37,51,32,10,10,10,19,125,38,79,0.481012658228,1,0.521739130435,0.512077294686,0.416666666667,0.428571428571,0.513513513514,0.458333333333,0.518518518519,0.5,0.50495049505,0.516129032258,0.625,0.555555555556,0.416666666667,0.542857142857,0.558823529412,0.548611111111
1,Hornets,14,36,0.389,18,26,0.692,13,37,50,30,6,8,14,16,120,30,65,0.461538461538,0,0.478260869565,0.487922705314,0.583333333333,0.571428571429,0.486486486486,0.541666666667,0.481481481481,0.5,0.49504950495,0.483870967742,0.375,0.444444444444,0.583333333333,0.457142857143,0.441176470588,0.451388888889
