,TEAM_NAME,FG3M,FG3A,FG3_PCT,FTM,FTA,FT_PCT,OREB,DREB,REB,AST,STL,BLK,TO,PF,PTS,FG2M,FG2A,FG2_PCT,OUTCOME,DEFICIT_FGM,DEFICIT_FGA,DEFICIT_FG3M,DEFICIT_FG3A,DEFICIT_FTM,DEFICIT_FTA,DEFICIT_OREB,DEFICIT_DREB,DEFICIT_REB,DEFICIT_AST,DEFICIT_STL,DEFICIT_BLK,DEFICIT_TO,DEFICIT_PF,DEFICIT_FG2M,DEFICIT_FG2A
0,Mavericks,13,31,0.419,14,18,0.778,13,29,42,31,11,2,10,19,107,27,56,0.482142857143,1,0.555555555556,0.550632911392,0.8125,0.704545454545,0.48275862069,0.461538461538,0.541666666667,0.475409836066,0.494117647059,0.775,0.733333333333,0.285714285714,0.333333333333,0.463414634146,0.482142857143,0.491228070175
1,Bulls,3,13,0.231,15,21,0.714,11,32,43,9,4,5,20,22,82,29,58,0.5,0,0.444444444444,0.449367088608,0.1875,0.295454545455,0.51724137931,0.538461538462,0.458333333333,0.524590163934,0.505882352941,0.225,0.266666666667,0.714285714286,0.666666666667,0.536585365854,0.517857142857,0.508771929825
