,TEAM_NAME,FG3M,FG3A,FG3_PCT,FTM,FTA,FT_PCT,OREB,DREB,REB,AST,STL,BLK,TO,PF,PTS,FG2M,FG2A,FG2_PCT,OUTCOME,DEFICIT_FGM,DEFICIT_FGA,DEFICIT_FG3M,DEFICIT_FG3A,DEFICIT_FTM,DEFICIT_FTA,DEFICIT_OREB,DEFICIT_DREB,DEFICIT_REB,DEFICIT_AST,DEFICIT_STL,DEFICIT_BLK,DEFICIT_TO,DEFICIT_PF,DEFICIT_FG2M,DEFICIT_FG2A
0,Jazz,9,25,0.36,26,28,0.929,7,33,40,20,8,3,9,13,105,26,53,0.490566037736,1,0.486111111111,0.484472049689,0.409090909091,0.510204081633,0.702702702703,0.666666666667,0.5,0.52380952381,0.519480519481,0.512820512821,0.533333333333,0.375,0.391304347826,0.382352941176,0.52,0.473214285714
1,Nuggets,13,24,0.542,11,14,0.786,7,30,37,19,7,5,14,21,98,24,59,0.406779661017,0,0.513888888889,0.515527950311,0.590909090909,0.489795918367,0.297297297297,0.333333333333,0.5,0.47619047619,0.480519480519,0.487179487179,0.466666666667,0.625,0.608695652174,0.617647058824,0.48,0.526785714286
