,TEAM_NAME,FG3M,FG3A,FG3_PCT,FTM,FTA,FT_PCT,OREB,DREB,REB,AST,STL,BLK,TO,PF,PTS,FG2M,FG2A,FG2_PCT,OUTCOME,DEFICIT_FGM,DEFICIT_FGA,DEFICIT_FG3M,DEFICIT_FG3A,DEFICIT_FTM,DEFICIT_FTA,DEFICIT_OREB,DEFICIT_DREB,DEFICIT_REB,DEFICIT_AST,DEFICIT_STL,DEFICIT_BLK,DEFICIT_TO,DEFICIT_PF,DEFICIT_FG2M,DEFICIT_FG2A
0,Raptors,13,24,0.542,9,11,0.818,12,36,48,28,14,7,12,17,128,40,68,0.588235294118,1,0.602272727273,0.511111111111,0.65,0.461538461538,0.5625,0.44,0.48,0.590163934426,0.558139534884,0.571428571429,0.666666666667,0.583333333333,0.4,0.566666666667,0.588235294118,0.53125
1,Hawks,7,28,0.25,7,14,0.5,13,25,38,21,7,5,18,13,84,28,60,0.466666666667,0,0.397727272727,0.488888888889,0.35,0.538461538462,0.4375,0.56,0.52,0.409836065574,0.441860465116,0.428571428571,0.333333333333,0.416666666667,0.6,0.433333333333,0.411764705882,0.46875
