,TEAM_NAME,FG3M,FG3A,FG3_PCT,FTM,FTA,FT_PCT,OREB,DREB,REB,AST,STL,BLK,TO,PF,PTS,FG2M,FG2A,FG2_PCT,OUTCOME,DEFICIT_FGM,DEFICIT_FGA,DEFICIT_FG3M,DEFICIT_FG3A,DEFICIT_FTM,DEFICIT_FTA,DEFICIT_OREB,DEFICIT_DREB,DEFICIT_REB,DEFICIT_AST,DEFICIT_STL,DEFICIT_BLK,DEFICIT_TO,DEFICIT_PF,DEFICIT_FG2M,DEFICIT_FG2A
0,Wizards,5,20,0.25,12,15,0.8,8,31,39,25,5,7,19,16,89,31,56,0.553571428571,0,0.461538461538,0.460606060606,0.238095238095,0.392156862745,0.375,0.384615384615,0.380952380952,0.516666666667,0.481481481481,0.423728813559,0.263157894737,0.7,0.703703703704,0.516129032258,0.543859649123,0.491228070175
1,Hawks,16,31,0.516,20,24,0.833,13,29,42,34,14,3,8,15,120,26,58,0.448275862069,1,0.538461538462,0.539393939394,0.761904761905,0.607843137255,0.625,0.615384615385,0.619047619048,0.483333333333,0.518518518519,0.576271186441,0.736842105263,0.3,0.296296296296,0.483870967742,0.456140350877,0.508771929825
