,TEAM_NAME,FG3M,FG3A,FG3_PCT,FTM,FTA,FT_PCT,OREB,DREB,REB,AST,STL,BLK,TO,PF,PTS,FG2M,FG2A,FG2_PCT,OUTCOME,DEFICIT_FGM,DEFICIT_FGA,DEFICIT_FG3M,DEFICIT_FG3A,DEFICIT_FTM,DEFICIT_FTA,DEFICIT_OREB,DEFICIT_DREB,DEFICIT_REB,DEFICIT_AST,DEFICIT_STL,DEFICIT_BLK,DEFICIT_TO,DEFICIT_PF,DEFICIT_FG2M,DEFICIT_FG2A
0,Wizards,7,16,0.438,7,10,0.7,13,32,45,25,4,3,10,20,102,37,70,0.528571428571,1,0.55,0.518072289157,0.636363636364,0.421052631579,0.318181818182,0.344827586207,0.684210526316,0.516129032258,0.555555555556,0.595238095238,0.444444444444,0.428571428571,0.588235294118,0.571428571429,0.536231884058,0.546875
1,Knicks,4,22,0.182,15,19,0.789,6,30,36,17,5,4,7,15,91,32,58,0.551724137931,0,0.45,0.481927710843,0.363636363636,0.578947368421,0.681818181818,0.655172413793,0.315789473684,0.483870967742,0.444444444444,0.404761904762,0.555555555556,0.571428571429,0.411764705882,0.428571428571,0.463768115942,0.453125
