,TEAM_NAME,FG3M,FG3A,FG3_PCT,FTM,FTA,FT_PCT,OREB,DREB,REB,AST,STL,BLK,TO,PF,PTS,FG2M,FG2A,FG2_PCT,OUTCOME,DEFICIT_FGM,DEFICIT_FGA,DEFICIT_FG3M,DEFICIT_FG3A,DEFICIT_FTM,DEFICIT_FTA,DEFICIT_OREB,DEFICIT_DREB,DEFICIT_REB,DEFICIT_AST,DEFICIT_STL,DEFICIT_BLK,DEFICIT_TO,DEFICIT_PF,DEFICIT_FG2M,DEFICIT_FG2A
0,Kings,7,18,0.389,11,17,0.647,11,28,39,17,8,1,14,23,94,31,62,0.5,0,0.5,0.487804878049,0.411764705882,0.375,0.407407407407,0.425,0.458333333333,0.474576271186,0.469879518072,0.414634146341,0.615384615385,0.2,0.5,0.621621621622,0.525423728814,0.534482758621
1,Magic,10,30,0.333,16,23,0.696,13,31,44,24,5,4,14,14,102,28,54,0.518518518519,1,0.5,0.512195121951,0.588235294118,0.625,0.592592592593,0.575,0.541666666667,0.525423728814,0.530120481928,0.585365853659,0.384615384615,0.8,0.5,0.378378378378,0.474576271186,0.465517241379
