,TEAM_NAME,FG3M,FG3A,FG3_PCT,FTM,FTA,FT_PCT,OREB,DREB,REB,AST,STL,BLK,TO,PF,PTS,FG2M,FG2A,FG2_PCT,OUTCOME,DEFICIT_FGM,DEFICIT_FGA,DEFICIT_FG3M,DEFICIT_FG3A,DEFICIT_FTM,DEFICIT_FTA,DEFICIT_OREB,DEFICIT_DREB,DEFICIT_REB,DEFICIT_AST,DEFICIT_STL,DEFICIT_BLK,DEFICIT_TO,DEFICIT_PF,DEFICIT_FG2M,DEFICIT_FG2A
0,Nuggets,5,24,0.208,8,11,0.727,12,40,52,18,8,6,18,19,87,32,65,0.492307692308,0,0.493333333333,0.508571428571,0.555555555556,0.521739130435,0.380952380952,0.333333333333,0.571428571429,0.533333333333,0.541666666667,0.514285714286,0.4,0.666666666667,0.6,0.542857142857,0.484848484848,0.503875968992
1,Cavaliers,4,22,0.182,13,22,0.591,9,35,44,17,12,3,12,16,93,34,64,0.53125,1,0.506666666667,0.491428571429,0.444444444444,0.478260869565,0.619047619048,0.666666666667,0.428571428571,0.466666666667,0.458333333333,0.485714285714,0.6,0.333333333333,0.4,0.457142857143,0.515151515152,0.496124031008
