,TEAM_NAME,FG3M,FG3A,FG3_PCT,FTM,FTA,FT_PCT,OREB,DREB,REB,AST,STL,BLK,TO,PF,PTS,FG2M,FG2A,FG2_PCT,OUTCOME,DEFICIT_FGM,DEFICIT_FGA,DEFICIT_FG3M,DEFICIT_FG3A,DEFICIT_FTM,DEFICIT_FTA,DEFICIT_OREB,DEFICIT_DREB,DEFICIT_REB,DEFICIT_AST,DEFICIT_STL,DEFICIT_BLK,DEFICIT_TO,DEFICIT_PF,DEFICIT_FG2M,DEFICIT_FG2A
0,Knicks,8,16,0.5,14,17,0.824,6,30,36,23,5,8,10,18,108,35,63,0.555555555556,1,0.5375,0.470238095238,0.444444444444,0.372093023256,0.538461538462,0.5,0.285714285714,0.555555555556,0.48,0.522727272727,0.454545454545,0.666666666667,0.5,0.5625,0.564516129032,0.504
1,Pistons,10,27,0.37,12,17,0.706,15,24,39,21,6,4,10,14,96,27,62,0.435483870968,0,0.4625,0.529761904762,0.555555555556,0.627906976744,0.461538461538,0.5,0.714285714286,0.444444444444,0.52,0.477272727273,0.545454545455,0.333333333333,0.5,0.4375,0.435483870968,0.496
