,TEAM_NAME,FG3M,FG3A,FG3_PCT,FTM,FTA,FT_PCT,OREB,DREB,REB,AST,STL,BLK,TO,PF,PTS,FG2M,FG2A,FG2_PCT,OUTCOME,DEFICIT_FGM,DEFICIT_FGA,DEFICIT_FG3M,DEFICIT_FG3A,DEFICIT_FTM,DEFICIT_FTA,DEFICIT_OREB,DEFICIT_DREB,DEFICIT_REB,DEFICIT_AST,DEFICIT_STL,DEFICIT_BLK,DEFICIT_TO,DEFICIT_PF,DEFICIT_FG2M,DEFICIT_FG2A
0,Rockets,11,20,0.55,26,39,0.667,7,39,46,23,6,4,19,21,115,28,52,0.538461538462,0,0.475609756098,0.421052631579,0.44,0.327868852459,0.553191489362,0.609375,0.291666666667,0.582089552239,0.505494505495,0.46,0.375,0.363636363636,0.612903225806,0.466666666667,0.491228070175,0.472727272727
1,Hawks,14,41,0.341,21,25,0.84,17,28,45,27,10,7,12,24,121,29,58,0.5,1,0.524390243902,0.578947368421,0.56,0.672131147541,0.446808510638,0.390625,0.708333333333,0.417910447761,0.494505494505,0.54,0.625,0.636363636364,0.387096774194,0.533333333333,0.508771929825,0.527272727273
