,TEAM_NAME,FG3M,FG3A,FG3_PCT,FTM,FTA,FT_PCT,OREB,DREB,REB,AST,STL,BLK,TO,PF,PTS,FG2M,FG2A,FG2_PCT,OUTCOME,DEFICIT_FGM,DEFICIT_FGA,DEFICIT_FG3M,DEFICIT_FG3A,DEFICIT_FTM,DEFICIT_FTA,DEFICIT_OREB,DEFICIT_DREB,DEFICIT_REB,DEFICIT_AST,DEFICIT_STL,DEFICIT_BLK,DEFICIT_TO,DEFICIT_PF,DEFICIT_FG2M,DEFICIT_FG2A
0,Timberwolves,10,27,0.37,21,27,0.778,6,28,34,27,13,5,11,20,103,26,54,0.481481481481,0,0.461538461538,0.5,0.5,0.6,0.583333333333,0.613636363636,0.5,0.424242424242,0.435897435897,0.5625,0.65,0.555555555556,0.379310344828,0.47619047619,0.448275862069,0.461538461538
1,Pacers,10,18,0.556,15,17,0.882,6,38,44,21,7,4,18,22,109,32,63,0.507936507937,1,0.538461538462,0.5,0.5,0.4,0.416666666667,0.386363636364,0.5,0.575757575758,0.564102564103,0.4375,0.35,0.444444444444,0.620689655172,0.52380952381,0.551724137931,0.538461538462
