,TEAM_NAME,FG3M,FG3A,FG3_PCT,FTM,FTA,FT_PCT,OREB,DREB,REB,AST,STL,BLK,TO,PF,PTS,FG2M,FG2A,FG2_PCT,OUTCOME,DEFICIT_FGM,DEFICIT_FGA,DEFICIT_FG3M,DEFICIT_FG3A,DEFICIT_FTM,DEFICIT_FTA,DEFICIT_OREB,DEFICIT_DREB,DEFICIT_REB,DEFICIT_AST,DEFICIT_STL,DEFICIT_BLK,DEFICIT_TO,DEFICIT_PF,DEFICIT_FG2M,DEFICIT_FG2A
0,Jazz,7,14,0.5,17,30,0.567,12,40,52,15,9,6,21,25,92,27,63,0.42857142857142855,1,0.5483870967741935,0.4873417721518987,0.7,0.42424242424242425,0.5483870967741935,0.6,0.5217391304347826,0.5405405405405406,0.5360824742268041,0.5357142857142857,0.45,0.6666666666666666,0.5,0.4807692307692308,0.5192307692307693,0.504
1,Trail Blazers,3,19,0.158,14,20,0.7,11,34,45,13,11,3,21,27,73,25,62,0.4032258064516129,0,0.45161290322580644,0.5126582278481012,0.3,0.5757575757575758,0.45161290322580644,0.4,0.4782608695652174,0.4594594594594595,0.4639175257731959,0.4642857142857143,0.55,0.3333333333333333,0.5,0.5192307692307693,0.4807692307692308,0.496
