,TEAM_NAME,FG3M,FG3A,FG3_PCT,FTM,FTA,FT_PCT,OREB,DREB,REB,AST,STL,BLK,TO,PF,PTS,FG2M,FG2A,FG2_PCT,OUTCOME,DEFICIT_FGM,DEFICIT_FGA,DEFICIT_FG3M,DEFICIT_FG3A,DEFICIT_FTM,DEFICIT_FTA,DEFICIT_OREB,DEFICIT_DREB,DEFICIT_REB,DEFICIT_AST,DEFICIT_STL,DEFICIT_BLK,DEFICIT_TO,DEFICIT_PF,DEFICIT_FG2M,DEFICIT_FG2A
0,Raptors,10,24,0.417,12,24,0.5,10,22,32,24,11,5,14,36,106,32,62,0.516129032258,0,0.53164556962,0.562091503268,0.714285714286,0.685714285714,0.255319148936,0.324324324324,0.454545454545,0.423076923077,0.432432432432,0.545454545455,0.55,0.384615384615,0.411764705882,0.666666666667,0.492307692308,0.525423728814
1,Kings,4,11,0.364,35,50,0.7,12,30,42,20,9,8,20,18,113,33,56,0.589285714286,1,0.46835443038,0.437908496732,0.285714285714,0.314285714286,0.744680851064,0.675675675676,0.545454545455,0.576923076923,0.567567567568,0.454545454545,0.45,0.615384615385,0.588235294118,0.333333333333,0.507692307692,0.474576271186
