,TEAM_NAME,FG3M,FG3A,FG3_PCT,FTM,FTA,FT_PCT,OREB,DREB,REB,AST,STL,BLK,TO,PF,PTS,FG2M,FG2A,FG2_PCT,OUTCOME,DEFICIT_FGM,DEFICIT_FGA,DEFICIT_FG3M,DEFICIT_FG3A,DEFICIT_FTM,DEFICIT_FTA,DEFICIT_OREB,DEFICIT_DREB,DEFICIT_REB,DEFICIT_AST,DEFICIT_STL,DEFICIT_BLK,DEFICIT_TO,DEFICIT_PF,DEFICIT_FG2M,DEFICIT_FG2A
0,Clippers,6,23,0.261,22,31,0.71,9,28,37,22,13,3,23,37,94,27,58,0.46551724137931033,0,0.4852941176470588,0.5294117647058824,0.5,0.5476190476190477,0.3793103448275862,0.3974358974358974,0.5,0.4444444444444444,0.4567901234567901,0.46808510638297873,0.52,0.375,0.5,0.5606060606060606,0.48214285714285715,0.5225225225225225
1,Warriors,6,19,0.316,36,47,0.766,9,35,44,25,12,5,23,29,112,29,53,0.5471698113207547,1,0.5147058823529411,0.47058823529411764,0.5,0.4523809523809524,0.6206896551724138,0.6025641025641025,0.5,0.5555555555555556,0.5432098765432098,0.5319148936170213,0.48,0.625,0.5,0.4393939393939394,0.5178571428571429,0.4774774774774775
