,TEAM_NAME,FG3M,FG3A,FG3_PCT,FTM,FTA,FT_PCT,OREB,DREB,REB,AST,STL,BLK,TO,PF,PTS,FG2M,FG2A,FG2_PCT,OUTCOME,DEFICIT_FGM,DEFICIT_FGA,DEFICIT_FG3M,DEFICIT_FG3A,DEFICIT_FTM,DEFICIT_FTA,DEFICIT_OREB,DEFICIT_DREB,DEFICIT_REB,DEFICIT_AST,DEFICIT_STL,DEFICIT_BLK,DEFICIT_TO,DEFICIT_PF,DEFICIT_FG2M,DEFICIT_FG2A
0,Timberwolves,4,13,0.308,16,24,0.667,15,35,50,20,8,7,11,20,90,31,81,0.382716049383,0,0.460526315789,0.525139664804,0.5,0.448275862069,0.484848484848,0.545454545455,0.681818181818,0.472972972973,0.520833333333,0.512820512821,0.615384615385,0.4375,0.458333333333,0.487804878049,0.455882352941,0.54
1,Pacers,4,16,0.25,17,20,0.85,7,39,46,19,5,9,13,21,103,37,69,0.536231884058,1,0.539473684211,0.474860335196,0.5,0.551724137931,0.515151515152,0.454545454545,0.318181818182,0.527027027027,0.479166666667,0.487179487179,0.384615384615,0.5625,0.541666666667,0.512195121951,0.544117647059,0.46
