,TEAM_NAME,FG3M,FG3A,FG3_PCT,FTM,FTA,FT_PCT,OREB,DREB,REB,AST,STL,BLK,TO,PF,PTS,FG2M,FG2A,FG2_PCT,OUTCOME,DEFICIT_FGM,DEFICIT_FGA,DEFICIT_FG3M,DEFICIT_FG3A,DEFICIT_FTM,DEFICIT_FTA,DEFICIT_OREB,DEFICIT_DREB,DEFICIT_REB,DEFICIT_AST,DEFICIT_STL,DEFICIT_BLK,DEFICIT_TO,DEFICIT_PF,DEFICIT_FG2M,DEFICIT_FG2A
0,Rockets,10,26,0.385,29,45,0.644,14,26,40,19,14,1,23,45,111,26,52,0.5,1,0.5806451612903226,0.5492957746478874,0.5263157894736842,0.48148148148148145,0.3815789473684211,0.41284403669724773,0.4827586206896552,0.5098039215686274,0.5,0.5757575757575758,0.7,0.1,0.5,0.5555555555555556,0.6046511627906976,0.5909090909090909
1,Mavericks,9,28,0.321,47,64,0.734,15,25,40,14,6,9,23,36,108,17,36,0.4722222222222222,0,0.41935483870967744,0.4507042253521127,0.47368421052631576,0.5185185185185185,0.618421052631579,0.5871559633027523,0.5172413793103449,0.49019607843137253,0.5,0.42424242424242425,0.3,0.9,0.5,0.4444444444444444,0.3953488372093023,0.4090909090909091
