,TEAM_NAME,FG3M,FG3A,FG3_PCT,FTM,FTA,FT_PCT,OREB,DREB,REB,AST,STL,BLK,TO,PF,PTS,FG2M,FG2A,FG2_PCT,OUTCOME,DEFICIT_FGM,DEFICIT_FGA,DEFICIT_FG3M,DEFICIT_FG3A,DEFICIT_FTM,DEFICIT_FTA,DEFICIT_OREB,DEFICIT_DREB,DEFICIT_REB,DEFICIT_AST,DEFICIT_STL,DEFICIT_BLK,DEFICIT_TO,DEFICIT_PF,DEFICIT_FG2M,DEFICIT_FG2A
0,Wizards,12,22,0.545,29,41,0.707,6,36,42,25,8,3,12,19,115,25,48,0.5208333333333334,1,0.5441176470588235,0.49295774647887325,0.5454545454545454,0.5116279069767442,0.6744186046511628,0.6307692307692307,0.5,0.5625,0.5526315789473685,0.5319148936170213,0.6153846153846154,0.5,0.3870967741935484,0.41304347826086957,0.5434782608695652,0.48484848484848486
1,Bucks,10,21,0.476,14,24,0.583,6,28,34,22,5,3,19,27,86,21,51,0.4117647058823529,0,0.45588235294117646,0.5070422535211268,0.45454545454545453,0.4883720930232558,0.32558139534883723,0.36923076923076925,0.5,0.4375,0.4473684210526316,0.46808510638297873,0.38461538461538464,0.5,0.6129032258064516,0.5869565217391305,0.45652173913043476,0.5151515151515151
