,TEAM_NAME,FG3M,FG3A,FG3_PCT,FTM,FTA,FT_PCT,OREB,DREB,REB,AST,STL,BLK,TO,PF,PTS,FG2M,FG2A,FG2_PCT,OUTCOME,DEFICIT_FGM,DEFICIT_FGA,DEFICIT_FG3M,DEFICIT_FG3A,DEFICIT_FTM,DEFICIT_FTA,DEFICIT_OREB,DEFICIT_DREB,DEFICIT_REB,DEFICIT_AST,DEFICIT_STL,DEFICIT_BLK,DEFICIT_TO,DEFICIT_PF,DEFICIT_FG2M,DEFICIT_FG2A
0,Wizards,12,22,0.545,29,41,0.707,6,36,42,25,8,3,12,19,115,25,48,0.520833333333,1,0.544117647059,0.492957746479,0.545454545455,0.511627906977,0.674418604651,0.630769230769,0.5,0.5625,0.552631578947,0.531914893617,0.615384615385,0.5,0.387096774194,0.413043478261,0.54347826087,0.484848484848
1,Bucks,10,21,0.476,14,24,0.583,6,28,34,22,5,3,19,27,86,21,51,0.411764705882,0,0.455882352941,0.507042253521,0.454545454545,0.488372093023,0.325581395349,0.369230769231,0.5,0.4375,0.447368421053,0.468085106383,0.384615384615,0.5,0.612903225806,0.586956521739,0.45652173913,0.515151515152
