,TEAM_NAME,FG3M,FG3A,FG3_PCT,FTM,FTA,FT_PCT,OREB,DREB,REB,AST,STL,BLK,TO,PF,PTS,FG2M,FG2A,FG2_PCT,OUTCOME,DEFICIT_FGM,DEFICIT_FGA,DEFICIT_FG3M,DEFICIT_FG3A,DEFICIT_FTM,DEFICIT_FTA,DEFICIT_OREB,DEFICIT_DREB,DEFICIT_REB,DEFICIT_AST,DEFICIT_STL,DEFICIT_BLK,DEFICIT_TO,DEFICIT_PF,DEFICIT_FG2M,DEFICIT_FG2A
0,Nets,9,20,0.45,7,13,0.538,9,35,44,22,14,3,11,14,90,28,64,0.4375,1,0.528571428571,0.525,0.428571428571,0.408163265306,0.411764705882,0.481481481481,0.529411764706,0.492957746479,0.5,0.5,0.666666666667,0.3,0.354838709677,0.451612903226,0.571428571429,0.576576576577
1,Hawks,12,29,0.414,10,14,0.714,8,36,44,22,7,7,20,17,88,21,47,0.446808510638,0,0.471428571429,0.475,0.571428571429,0.591836734694,0.588235294118,0.518518518519,0.470588235294,0.507042253521,0.5,0.5,0.333333333333,0.7,0.645161290323,0.548387096774,0.428571428571,0.423423423423
