,TEAM_NAME,FG3M,FG3A,FG3_PCT,FTM,FTA,FT_PCT,OREB,DREB,REB,AST,STL,BLK,TO,PF,PTS,FG2M,FG2A,FG2_PCT,OUTCOME,DEFICIT_FGM,DEFICIT_FGA,DEFICIT_FG3M,DEFICIT_FG3A,DEFICIT_FTM,DEFICIT_FTA,DEFICIT_OREB,DEFICIT_DREB,DEFICIT_REB,DEFICIT_AST,DEFICIT_STL,DEFICIT_BLK,DEFICIT_TO,DEFICIT_PF,DEFICIT_FG2M,DEFICIT_FG2A
0,Pistons,7,21,0.333,25,31,0.806,11,37,48,20,11,1,13,15,104,29,63,0.460317460317,1,0.486486486486,0.512195121951,0.388888888889,0.388888888889,0.675675675676,0.607843137255,0.785714285714,0.5,0.545454545455,0.487804878049,0.578947368421,0.333333333333,0.481481481481,0.375,0.517857142857,0.572727272727
1,Cavaliers,11,33,0.333,12,20,0.6,3,37,40,21,8,2,14,25,99,27,47,0.574468085106,0,0.513513513514,0.487804878049,0.611111111111,0.611111111111,0.324324324324,0.392156862745,0.214285714286,0.5,0.454545454545,0.512195121951,0.421052631579,0.666666666667,0.518518518519,0.625,0.482142857143,0.427272727273
