,TEAM_NAME,FG3M,FG3A,FG3_PCT,FTM,FTA,FT_PCT,OREB,DREB,REB,AST,STL,BLK,TO,PF,PTS,FG2M,FG2A,FG2_PCT,OUTCOME,DEFICIT_FGM,DEFICIT_FGA,DEFICIT_FG3M,DEFICIT_FG3A,DEFICIT_FTM,DEFICIT_FTA,DEFICIT_OREB,DEFICIT_DREB,DEFICIT_REB,DEFICIT_AST,DEFICIT_STL,DEFICIT_BLK,DEFICIT_TO,DEFICIT_PF,DEFICIT_FG2M,DEFICIT_FG2A
0,Timberwolves,4,21,0.19,27,35,0.771,15,39,54,14,12,5,8,26,103,32,76,0.42105263157894735,1,0.5,0.5511363636363636,0.4444444444444444,0.4666666666666667,0.6585365853658537,0.5384615384615384,0.6,0.4875,0.5142857142857142,0.4117647058823529,0.8,0.29411764705882354,0.26666666666666666,0.5,0.5079365079365079,0.5801526717557252
1,Heat,5,24,0.208,14,30,0.467,10,41,51,20,3,12,22,26,91,31,55,0.5636363636363636,0,0.5,0.44886363636363635,0.5555555555555556,0.5333333333333333,0.34146341463414637,0.46153846153846156,0.4,0.5125,0.4857142857142857,0.5882352941176471,0.2,0.7058823529411765,0.7333333333333333,0.5,0.49206349206349204,0.4198473282442748
