,TEAM_NAME,FG3M,FG3A,FG3_PCT,FTM,FTA,FT_PCT,OREB,DREB,REB,AST,STL,BLK,TO,PF,PTS,FG2M,FG2A,FG2_PCT,OUTCOME,DEFICIT_FGM,DEFICIT_FGA,DEFICIT_FG3M,DEFICIT_FG3A,DEFICIT_FTM,DEFICIT_FTA,DEFICIT_OREB,DEFICIT_DREB,DEFICIT_REB,DEFICIT_AST,DEFICIT_STL,DEFICIT_BLK,DEFICIT_TO,DEFICIT_PF,DEFICIT_FG2M,DEFICIT_FG2A
0,Raptors,6,18,0.333,30,39,0.769,12,28,40,18,11,2,18,25,110,31,61,0.508196721311,0,0.4625,0.496855345912,0.352941176471,0.382978723404,0.625,0.590909090909,0.571428571429,0.528301886792,0.540540540541,0.367346938776,0.52380952381,0.25,0.473684210526,0.462962962963,0.492063492063,0.544642857143
1,Warriors,11,29,0.379,18,27,0.667,9,25,34,31,10,6,20,29,115,32,51,0.627450980392,1,0.5375,0.503144654088,0.647058823529,0.617021276596,0.375,0.409090909091,0.428571428571,0.471698113208,0.459459459459,0.632653061224,0.47619047619,0.75,0.526315789474,0.537037037037,0.507936507937,0.455357142857
